v -0.5 -0.5 9.9075813293457
v -0.4875 -0.5 9.99488544464111
v -0.475 -0.5 10.0595550537109
v -0.4625 -0.5 10.1074438095093
v -0.45 -0.5 10.14306640625
v -0.4375 -0.5 10.1693181991577
v -0.425 -0.5 10.1878309249878
v -0.4125 -0.5 10.1995553970337
v -0.4 -0.5 10.2052907943726
v -0.3875 -0.5 10.2059726715088
v -0.375 -0.5 10.2020168304443
v -0.3625 -0.5 10.1916780471802
v -0.35 -0.5 10.170464515686
v -0.3375 -0.5 10.1324796676636
v -0.325 -0.5 10.0712862014771
v -0.3125 -0.5 9.97458171844482
v -0.3 -0.5 9.819167137146
v -0.2875 -0.5 9.6042423248291
v -0.275 -0.5 9.30118274688721
v -0.2625 -0.5 8.84666919708252
v -0.25 -0.5 8.1832218170166
v -0.2375 -0.5 7.37405347824097
v -0.225 -0.5 6.62497568130493
v -0.2125 -0.5 6.00268411636353
v -0.2 -0.5 5.5076904296875
v -0.1875 -0.5 5.18354177474976
v -0.175 -0.5 4.9995436668396
v -0.1625 -0.5 4.94710874557495
v -0.15 -0.5 4.97615385055542
v -0.1375 -0.5 5.03303909301758
v -0.125 -0.5 5.22740173339844
v -0.1125 -0.5 5.4599814414978
v -0.0999999999999996 -0.5 5.63571262359619
v -0.0874999999999996 -0.5 5.74967575073242
v -0.0749999999999996 -0.5 5.81692123413086
v -0.0624999999999996 -0.5 5.8892765045166
v -0.0499999999999996 -0.5 6.01940107345581
v -0.0374999999999996 -0.5 6.32956981658936
v -0.0249999999999996 -0.5 6.73754119873047
v -0.0124999999999996 -0.5 7.17925596237183
v 4.44089209850063e-16 -0.5 7.62346506118774
v 0.0125000000000004 -0.5 7.88597249984741
v 0.0250000000000005 -0.5 7.85495615005493
v 0.0375000000000005 -0.5 7.63575124740601
v 0.0500000000000005 -0.5 7.44472122192383
v 0.0625000000000004 -0.5 7.36605072021484
v 0.0750000000000005 -0.5 7.33672428131104
v 0.0875000000000006 -0.5 7.30872821807861
v 0.100000000000001 -0.5 7.27152585983276
v 0.1125 -0.5 7.23595952987671
v 0.125000000000001 -0.5 7.23325729370117
v 0.137500000000001 -0.5 7.28317975997925
v 0.150000000000001 -0.5 7.71921253204346
v 0.162500000000001 -0.5 8.56522560119629
v 0.175000000000001 -0.5 9.15500068664551
v 0.187500000000001 -0.5 9.43034553527832
v 0.200000000000001 -0.5 9.54120349884033
v 0.212500000000001 -0.5 9.57229804992676
v 0.225000000000001 -0.5 9.59069919586182
v 0.237500000000001 -0.5 9.63197040557861
v 0.250000000000001 -0.5 9.6962718963623
v 0.262500000000001 -0.5 9.76558876037598
v 0.275000000000001 -0.5 9.82292366027832
v 0.287500000000001 -0.5 9.85923004150391
v 0.300000000000001 -0.5 9.87131404876709
v 0.312500000000001 -0.5 9.85893535614014
v 0.325000000000001 -0.5 9.82506942749023
v 0.337500000000001 -0.5 9.77796840667725
v 0.350000000000001 -0.5 9.73007106781006
v 0.362500000000001 -0.5 9.69202136993408
v 0.375000000000001 -0.5 9.66787624359131
v 0.387500000000001 -0.5 9.65561771392822
v 0.400000000000001 -0.5 9.6500244140625
v 0.412500000000001 -0.5 9.64496994018555
v 0.425000000000001 -0.5 9.63521862030029
v 0.437500000000001 -0.5 9.61834716796875
v 0.450000000000001 -0.5 9.59752082824707
v 0.462500000000001 -0.5 9.58519268035889
v 0.475000000000001 -0.5 9.59459495544434
v 0.487500000000001 -0.5 9.61840724945068
v 0.500000000000001 -0.5 9.64039134979248
v -0.5 -0.4875 9.99046516418457
v -0.4875 -0.4875 10.0564765930176
v -0.475 -0.4875 10.1059789657593
v -0.4625 -0.4875 10.1434926986694
v -0.45 -0.4875 10.1720428466797
v -0.4375 -0.4875 10.1933507919312
v -0.425 -0.4875 10.2083301544189
v -0.4125 -0.4875 10.2175769805908
v -0.4 -0.4875 10.2217512130737
v -0.3875 -0.4875 10.2216234207153
v -0.375 -0.4875 10.2172956466675
v -0.3625 -0.4875 10.2068395614624
v -0.35 -0.4875 10.1858749389648
v -0.3375 -0.4875 10.148567199707
v -0.325 -0.4875 10.089560508728
v -0.3125 -0.4875 10.0001955032349
v -0.3 -0.4875 9.85289669036865
v -0.2875 -0.4875 9.62209987640381
v -0.275 -0.4875 9.32302379608154
v -0.2625 -0.4875 8.84289264678955
v -0.25 -0.4875 8.10463237762451
v -0.2375 -0.4875 7.15965747833252
v -0.225 -0.4875 6.38898420333862
v -0.2125 -0.4875 5.76758050918579
v -0.2 -0.4875 5.32787799835205
v -0.1875 -0.4875 5.04169034957886
v -0.175 -0.4875 4.89010715484619
v -0.1625 -0.4875 4.82903528213501
v -0.15 -0.4875 4.81255102157593
v -0.1375 -0.4875 4.83767366409302
v -0.125 -0.4875 5.0206036567688
v -0.1125 -0.4875 5.25865745544434
v -0.0999999999999996 -0.4875 5.43359518051147
v -0.0874999999999996 -0.4875 5.54057264328003
v -0.0749999999999996 -0.4875 5.58798551559448
v -0.0624999999999996 -0.4875 5.59194087982178
v -0.0499999999999996 -0.4875 5.69477605819702
v -0.0374999999999996 -0.4875 6.00896787643433
v -0.0249999999999996 -0.4875 6.43768405914307
v -0.0124999999999996 -0.4875 6.87732076644897
v 4.44089209850063e-16 -0.4875 7.29585742950439
v 0.0125000000000004 -0.4875 7.53768157958984
v 0.0250000000000005 -0.4875 7.40739822387695
v 0.0375000000000005 -0.4875 6.97605752944946
v 0.0500000000000005 -0.4875 6.60960388183594
v 0.0625000000000004 -0.4875 6.43548583984375
v 0.0750000000000005 -0.4875 6.3747878074646
v 0.0875000000000006 -0.4875 6.38596343994141
v 0.100000000000001 -0.4875 6.43456029891968
v 0.1125 -0.4875 6.50493001937866
v 0.125000000000001 -0.4875 6.63840961456299
v 0.137500000000001 -0.4875 6.88545560836792
v 0.150000000000001 -0.4875 7.37195158004761
v 0.162500000000001 -0.4875 8.30478668212891
v 0.175000000000001 -0.4875 9.01930904388428
v 0.187500000000001 -0.4875 9.34387588500977
v 0.200000000000001 -0.4875 9.45059871673584
v 0.212500000000001 -0.4875 9.47409343719482
v 0.225000000000001 -0.4875 9.50135517120361
v 0.237500000000001 -0.4875 9.56688690185547
v 0.250000000000001 -0.4875 9.65871334075928
v 0.262500000000001 -0.4875 9.7496976852417
v 0.275000000000001 -0.4875 9.82090282440186
v 0.287500000000001 -0.4875 9.86520671844482
v 0.300000000000001 -0.4875 9.88182258605957
v 0.312500000000001 -0.4875 9.87231636047363
v 0.325000000000001 -0.4875 9.84086513519287
v 0.337500000000001 -0.4875 9.79646587371826
v 0.350000000000001 -0.4875 9.7519998550415
v 0.362500000000001 -0.4875 9.71835994720459
v 0.375000000000001 -0.4875 9.69962978363037
v 0.387500000000001 -0.4875 9.69351100921631
v 0.400000000000001 -0.4875 9.69421577453613
v 0.412500000000001 -0.4875 9.69491100311279
v 0.425000000000001 -0.4875 9.68973064422607
v 0.437500000000001 -0.4875 9.67583751678467
v 0.450000000000001 -0.4875 9.65648078918457
v 0.462500000000001 -0.4875 9.6443977355957
v 0.475000000000001 -0.4875 9.65078639984131
v 0.487500000000001 -0.4875 9.66761684417725
v 0.500000000000001 -0.4875 9.68022727966309
v -0.5 -0.475 10.0505237579346
v -0.4875 -0.475 10.1012001037598
v -0.475 -0.475 10.1401586532593
v -0.4625 -0.475 10.170557975769
v -0.45 -0.475 10.1942481994629
v -0.4375 -0.475 10.21213722229
v -0.425 -0.475 10.2246522903442
v -0.4125 -0.475 10.2321548461914
v -0.4 -0.475 10.2351903915405
v -0.3875 -0.475 10.2343673706055
v -0.375 -0.475 10.2295770645142
v -0.3625 -0.475 10.2188901901245
v -0.35 -0.475 10.1981449127197
v -0.3375 -0.475 10.1615133285522
v -0.325 -0.475 10.1038293838501
v -0.3125 -0.475 10.0200262069702
v -0.3 -0.475 9.88280010223389
v -0.2875 -0.475 9.64357662200928
v -0.275 -0.475 9.34029102325439
v -0.2625 -0.475 8.83048534393311
v -0.25 -0.475 8.02955055236816
v -0.2375 -0.475 6.98441648483276
v -0.225 -0.475 6.18272542953491
v -0.2125 -0.475 5.5823450088501
v -0.2 -0.475 5.19136095046997
v -0.1875 -0.475 4.95354080200195
v -0.175 -0.475 4.81859636306763
v -0.1625 -0.475 4.76449155807495
v -0.15 -0.475 4.76336145401001
v -0.1375 -0.475 4.75356674194336
v -0.125 -0.475 4.87275075912476
v -0.1125 -0.475 5.07770395278931
v -0.0999999999999996 -0.475 5.22894668579102
v -0.0874999999999996 -0.475 5.31811285018921
v -0.0749999999999996 -0.475 5.35243606567383
v -0.0624999999999996 -0.475 5.33845853805542
v -0.0499999999999996 -0.475 5.38477420806885
v -0.0374999999999996 -0.475 5.69088172912598
v -0.0249999999999996 -0.475 6.110276222229
v -0.0124999999999996 -0.475 6.5230975151062
v 4.44089209850063e-16 -0.475 6.92689657211304
v 0.0125000000000004 -0.475 7.11592102050781
v 0.0250000000000005 -0.475 6.87645721435547
v 0.0375000000000005 -0.475 6.21455764770508
v 0.0500000000000005 -0.475 5.68741321563721
v 0.0625000000000004 -0.475 5.46748733520508
v 0.0750000000000005 -0.475 5.40086317062378
v 0.0875000000000006 -0.475 5.45409345626831
v 0.100000000000001 -0.475 5.60787343978882
v 0.1125 -0.475 5.79930067062378
v 0.125000000000001 -0.475 6.0263032913208
v 0.137500000000001 -0.475 6.41354322433472
v 0.150000000000001 -0.475 7.09501361846924
v 0.162500000000001 -0.475 8.05114459991455
v 0.175000000000001 -0.475 8.88301563262939
v 0.187500000000001 -0.475 9.25307369232178
v 0.200000000000001 -0.475 9.35130596160889
v 0.212500000000001 -0.475 9.36851978302002
v 0.225000000000001 -0.475 9.41190338134766
v 0.237500000000001 -0.475 9.50829601287842
v 0.250000000000001 -0.475 9.62980365753174
v 0.262500000000001 -0.475 9.74126148223877
v 0.275000000000001 -0.475 9.82430934906006
v 0.287500000000001 -0.475 9.87514019012451
v 0.300000000000001 -0.475 9.89567375183105
v 0.312500000000001 -0.475 9.88912487030029
v 0.325000000000001 -0.475 9.86056518554688
v 0.337500000000001 -0.475 9.81935882568359
v 0.350000000000001 -0.475 9.77848339080811
v 0.362500000000001 -0.475 9.74891090393066
v 0.375000000000001 -0.475 9.73468685150146
v 0.387500000000001 -0.475 9.73321437835693
v 0.400000000000001 -0.475 9.73818874359131
v 0.412500000000001 -0.475 9.74229049682617
v 0.425000000000001 -0.475 9.73937892913818
v 0.437500000000001 -0.475 9.72667407989502
v 0.450000000000001 -0.475 9.70797920227051
v 0.462500000000001 -0.475 9.69594573974609
v 0.475000000000001 -0.475 9.6986722946167
v 0.487500000000001 -0.475 9.70778369903564
v 0.500000000000001 -0.475 9.71036815643311
v -0.5 -0.4625 10.094349861145
v -0.4875 -0.4625 10.1342821121216
v -0.475 -0.4625 10.1659259796143
v -0.4625 -0.4625 10.1913824081421
v -0.45 -0.4625 10.2116794586182
v -0.4375 -0.4625 10.2271614074707
v -0.425 -0.4625 10.2379331588745
v -0.4125 -0.4625 10.2441883087158
v -0.4 -0.4625 10.2463617324829
v -0.3875 -0.4625 10.2449140548706
v -0.375 -0.4625 10.2396030426025
v -0.3625 -0.4625 10.2285947799683
v -0.35 -0.4625 10.2080125808716
v -0.3375 -0.4625 10.1721458435059
v -0.325 -0.4625 10.1155414581299
v -0.3125 -0.4625 10.0358858108521
v -0.3 -0.4625 9.90837001800537
v -0.2875 -0.4625 9.67045116424561
v -0.275 -0.4625 9.35422515869141
v -0.2625 -0.4625 8.81295680999756
v -0.25 -0.4625 7.94381713867188
v -0.2375 -0.4625 6.82473134994507
v -0.225 -0.4625 5.98996496200562
v -0.2125 -0.4625 5.41954040527344
v -0.2 -0.4625 5.07730865478516
v -0.1875 -0.4625 4.88038969039917
v -0.175 -0.4625 4.75254535675049
v -0.1625 -0.4625 4.71389865875244
v -0.15 -0.4625 4.7580099105835
v -0.1375 -0.4625 4.75482416152954
v -0.125 -0.4625 4.77885961532593
v -0.1125 -0.4625 4.88151407241821
v -0.0999999999999996 -0.4625 4.97540521621704
v -0.0874999999999996 -0.4625 5.04013872146606
v -0.0749999999999996 -0.4625 5.07034826278687
v -0.0624999999999996 -0.4625 5.05382490158081
v -0.0499999999999996 -0.4625 5.1004786491394
v -0.0374999999999996 -0.4625 5.32131958007812
v -0.0249999999999996 -0.4625 5.63009309768677
v -0.0124999999999996 -0.4625 5.96024084091187
v 4.44089209850063e-16 -0.4625 6.35898351669312
v 0.0125000000000004 -0.4625 6.60788822174072
v 0.0250000000000005 -0.4625 6.27446222305298
v 0.0375000000000005 -0.4625 5.49419641494751
v 0.0500000000000005 -0.4625 5.02412271499634
v 0.0625000000000004 -0.4625 4.80078268051147
v 0.0750000000000005 -0.4625 4.70462274551392
v 0.0875000000000006 -0.4625 4.74833679199219
v 0.100000000000001 -0.4625 4.9367413520813
v 0.1125 -0.4625 5.21451044082642
v 0.125000000000001 -0.4625 5.53657531738281
v 0.137500000000001 -0.4625 6.00958204269409
v 0.150000000000001 -0.4625 6.82286834716797
v 0.162500000000001 -0.4625 7.80718374252319
v 0.175000000000001 -0.4625 8.74443817138672
v 0.187500000000001 -0.4625 9.15059280395508
v 0.200000000000001 -0.4625 9.23869609832764
v 0.212500000000001 -0.4625 9.25490760803223
v 0.225000000000001 -0.4625 9.32339859008789
v 0.237500000000001 -0.4625 9.45693111419678
v 0.250000000000001 -0.4625 9.60910511016846
v 0.262500000000001 -0.4625 9.73895454406738
v 0.275000000000001 -0.4625 9.83148860931396
v 0.287500000000001 -0.4625 9.88736152648926
v 0.300000000000001 -0.4625 9.91128063201904
v 0.312500000000001 -0.4625 9.90787982940674
v 0.325000000000001 -0.4625 9.8828239440918
v 0.337500000000001 -0.4625 9.84550476074219
v 0.350000000000001 -0.4625 9.80864429473877
v 0.362500000000001 -0.4625 9.78302574157715
v 0.375000000000001 -0.4625 9.77254772186279
v 0.387500000000001 -0.4625 9.77432823181152
v 0.400000000000001 -0.4625 9.78170204162598
v 0.412500000000001 -0.4625 9.78716945648193
v 0.425000000000001 -0.4625 9.78468322753906
v 0.437500000000001 -0.4625 9.7718448638916
v 0.450000000000001 -0.4625 9.75312328338623
v 0.462500000000001 -0.4625 9.74038696289062
v 0.475000000000001 -0.4625 9.73851680755615
v 0.487500000000001 -0.4625 9.73925495147705
v 0.500000000000001 -0.4625 9.73113441467285
v -0.5 -0.45 10.1269092559814
v -0.4875 -0.45 10.1593008041382
v -0.475 -0.45 10.1857976913452
v -0.4625 -0.45 10.2077512741089
v -0.45 -0.45 10.2256269454956
v -0.4375 -0.45 10.23939037323
v -0.425 -0.45 10.2489156723022
v -0.4125 -0.45 10.2542705535889
v -0.4 -0.45 10.2557878494263
v -0.3875 -0.45 10.2537822723389
v -0.375 -0.45 10.2479343414307
v -0.3625 -0.45 10.2365560531616
v -0.35 -0.45 10.2160940170288
v -0.3375 -0.45 10.1810598373413
v -0.325 -0.45 10.1255874633789
v -0.3125 -0.45 10.0489511489868
v -0.3 -0.45 9.93021297454834
v -0.2875 -0.45 9.6985502243042
v -0.275 -0.45 9.3654203414917
v -0.2625 -0.45 8.79442882537842
v -0.25 -0.45 7.85593891143799
v -0.2375 -0.45 6.67394495010376
v -0.225 -0.45 5.81151342391968
v -0.2125 -0.45 5.26939582824707
v -0.2 -0.45 4.97512149810791
v -0.1875 -0.45 4.80716133117676
v -0.175 -0.45 4.69067859649658
v -0.1625 -0.45 4.6719536781311
v -0.15 -0.45 4.76969385147095
v -0.1375 -0.45 4.79896783828735
v -0.125 -0.45 4.76734447479248
v -0.1125 -0.45 4.7536096572876
v -0.0999999999999996 -0.45 4.75902795791626
v -0.0874999999999996 -0.45 4.77167129516602
v -0.0749999999999996 -0.45 4.78598880767822
v -0.0624999999999996 -0.45 4.78398942947388
v -0.0499999999999996 -0.45 4.81096124649048
v -0.0374999999999996 -0.45 4.96626663208008
v -0.0249999999999996 -0.45 5.16416311264038
v -0.0124999999999996 -0.45 5.40574979782104
v 4.44089209850063e-16 -0.45 5.73987340927124
v 0.0125000000000004 -0.45 5.99219131469727
v 0.0250000000000005 -0.45 5.66982650756836
v 0.0375000000000005 -0.45 4.9933295249939
v 0.0500000000000005 -0.45 4.62038373947144
v 0.0625000000000004 -0.45 4.44640636444092
v 0.0750000000000005 -0.45 4.35318899154663
v 0.0875000000000006 -0.45 4.35606145858765
v 0.100000000000001 -0.45 4.50487899780273
v 0.1125 -0.45 4.78169250488281
v 0.125000000000001 -0.45 5.14569473266602
v 0.137500000000001 -0.45 5.68031787872314
v 0.150000000000001 -0.45 6.61489248275757
v 0.162500000000001 -0.45 7.62200689315796
v 0.175000000000001 -0.45 8.59340953826904
v 0.187500000000001 -0.45 9.02989101409912
v 0.200000000000001 -0.45 9.10733222961426
v 0.212500000000001 -0.45 9.12967681884766
v 0.225000000000001 -0.45 9.23249244689941
v 0.237500000000001 -0.45 9.40903377532959
v 0.250000000000001 -0.45 9.59262275695801
v 0.262500000000001 -0.45 9.7391881942749
v 0.275000000000001 -0.45 9.83952617645264
v 0.287500000000001 -0.45 9.89949321746826
v 0.300000000000001 -0.45 9.92660808563232
v 0.312500000000001 -0.45 9.92674160003662
v 0.325000000000001 -0.45 9.9059476852417
v 0.337500000000001 -0.45 9.87337875366211
v 0.350000000000001 -0.45 9.84115600585938
v 0.362500000000001 -0.45 9.8195629119873
v 0.375000000000001 -0.45 9.81222438812256
v 0.387500000000001 -0.45 9.81604194641113
v 0.400000000000001 -0.45 9.82425785064697
v 0.412500000000001 -0.45 9.8295373916626
v 0.425000000000001 -0.45 9.82622814178467
v 0.437500000000001 -0.45 9.81248474121094
v 0.450000000000001 -0.45 9.79326438903809
v 0.462500000000001 -0.45 9.77894115447998
v 0.475000000000001 -0.45 9.7716064453125
v 0.487500000000001 -0.45 9.76337146759033
v 0.500000000000001 -0.45 9.74367904663086
v -0.5 -0.4375 10.1516227722168
v -0.4875 -0.4375 10.1786499023438
v -0.475 -0.4375 10.2014465332031
v -0.4625 -0.4375 10.2208547592163
v -0.45 -0.4375 10.2369623184204
v -0.4375 -0.4375 10.2494764328003
v -0.425 -0.4375 10.2581052780151
v -0.4125 -0.4375 10.2628183364868
v -0.4 -0.4375 10.2638416290283
v -0.3875 -0.4375 10.2613582611084
v -0.375 -0.4375 10.2550001144409
v -0.3625 -0.4375 10.2432432174683
v -0.35 -0.4375 10.2228689193726
v -0.3375 -0.4375 10.1886854171753
v -0.325 -0.4375 10.1344242095947
v -0.3125 -0.4375 10.0598573684692
v -0.3 -0.4375 9.9485912322998
v -0.2875 -0.4375 9.72443675994873
v -0.275 -0.4375 9.37345409393311
v -0.2625 -0.4375 8.77634620666504
v -0.25 -0.4375 7.77057266235352
v -0.2375 -0.4375 6.53446197509766
v -0.225 -0.4375 5.64565801620483
v -0.2125 -0.4375 5.12684726715088
v -0.2 -0.4375 4.87611246109009
v -0.1875 -0.4375 4.73349809646606
v -0.175 -0.4375 4.63382196426392
v -0.1625 -0.4375 4.63258361816406
v -0.15 -0.4375 4.77706241607666
v -0.1375 -0.4375 4.83357095718384
v -0.125 -0.4375 4.77229833602905
v -0.1125 -0.4375 4.70404195785522
v -0.0999999999999996 -0.4375 4.66360855102539
v -0.0874999999999996 -0.4375 4.64486694335938
v -0.0749999999999996 -0.4375 4.63862705230713
v -0.0624999999999996 -0.4375 4.64170837402344
v -0.0499999999999996 -0.4375 4.6738076210022
v -0.0374999999999996 -0.4375 4.78339862823486
v -0.0249999999999996 -0.4375 4.96141576766968
v -0.0124999999999996 -0.4375 5.16860961914062
v 4.44089209850063e-16 -0.4375 5.41143894195557
v 0.0125000000000004 -0.4375 5.54482650756836
v 0.0250000000000005 -0.4375 5.20724439620972
v 0.0375000000000005 -0.4375 4.67710828781128
v 0.0500000000000005 -0.4375 4.40705585479736
v 0.0625000000000004 -0.4375 4.26360654830933
v 0.0750000000000005 -0.4375 4.17805337905884
v 0.0875000000000006 -0.4375 4.16950368881226
v 0.100000000000001 -0.4375 4.2708888053894
v 0.1125 -0.4375 4.51065015792847
v 0.125000000000001 -0.4375 4.85899066925049
v 0.137500000000001 -0.4375 5.40325307846069
v 0.150000000000001 -0.4375 6.38891935348511
v 0.162500000000001 -0.4375 7.52656412124634
v 0.175000000000001 -0.4375 8.44954967498779
v 0.187500000000001 -0.4375 8.8901252746582
v 0.200000000000001 -0.4375 8.95424938201904
v 0.212500000000001 -0.4375 8.98806285858154
v 0.225000000000001 -0.4375 9.13246250152588
v 0.237500000000001 -0.4375 9.35699081420898
v 0.250000000000001 -0.4375 9.57344341278076
v 0.262500000000001 -0.4375 9.73672008514404
v 0.275000000000001 -0.4375 9.84469509124756
v 0.287500000000001 -0.4375 9.90882301330566
v 0.300000000000001 -0.4375 9.93950653076172
v 0.312500000000001 -0.4375 9.94383811950684
v 0.325000000000001 -0.4375 9.92819976806641
v 0.337500000000001 -0.4375 9.90133666992188
v 0.350000000000001 -0.4375 9.87448787689209
v 0.362500000000001 -0.4375 9.85712337493896
v 0.375000000000001 -0.4375 9.85247230529785
v 0.387500000000001 -0.4375 9.85737800598145
v 0.400000000000001 -0.4375 9.86530590057373
v 0.412500000000001 -0.4375 9.86940288543701
v 0.425000000000001 -0.4375 9.86460590362549
v 0.437500000000001 -0.4375 9.8496265411377
v 0.450000000000001 -0.4375 9.82955360412598
v 0.462500000000001 -0.4375 9.81279754638672
v 0.475000000000001 -0.4375 9.79934597015381
v 0.487500000000001 -0.4375 9.78171443939209
v 0.500000000000001 -0.4375 9.74960803985596
v -0.5 -0.425 10.1708192825317
v -0.4875 -0.425 10.1939506530762
v -0.475 -0.425 10.2140083312988
v -0.4625 -0.425 10.2315053939819
v -0.45 -0.425 10.246280670166
v -0.4375 -0.425 10.2578687667847
v -0.425 -0.425 10.2658586502075
v -0.4125 -0.425 10.2701292037964
v -0.4 -0.425 10.2707967758179
v -0.3875 -0.425 10.2679290771484
v -0.375 -0.425 10.2611265182495
v -0.3625 -0.425 10.2490139007568
v -0.35 -0.425 10.2286996841431
v -0.3375 -0.425 10.1953077316284
v -0.325 -0.425 10.1422395706177
v -0.3125 -0.425 10.0688943862915
v -0.3 -0.425 9.96345615386963
v -0.2875 -0.425 9.74620819091797
v -0.275 -0.425 9.37749767303467
v -0.2625 -0.425 8.75963592529297
v -0.25 -0.425 7.68873977661133
v -0.2375 -0.425 6.40618753433228
v -0.225 -0.425 5.49024152755737
v -0.2125 -0.425 4.99205732345581
v -0.2 -0.425 4.77684497833252
v -0.1875 -0.425 4.65972375869751
v -0.175 -0.425 4.5770525932312
v -0.1625 -0.425 4.58306932449341
v -0.15 -0.425 4.75440216064453
v -0.1375 -0.425 4.82389163970947
v -0.125 -0.425 4.73873996734619
v -0.1125 -0.425 4.6430344581604
v -0.0999999999999996 -0.425 4.58208179473877
v -0.0874999999999996 -0.425 4.55728483200073
v -0.0749999999999996 -0.425 4.55999708175659
v -0.0624999999999996 -0.425 4.58488941192627
v -0.0499999999999996 -0.425 4.65594577789307
v -0.0374999999999996 -0.425 4.80441284179688
v -0.0249999999999996 -0.425 4.95832014083862
v -0.0124999999999996 -0.425 5.09770584106445
v 4.44089209850063e-16 -0.425 5.24759769439697
v 0.0125000000000004 -0.425 5.29069137573242
v 0.0250000000000005 -0.425 4.91783285140991
v 0.0375000000000005 -0.425 4.5016884803772
v 0.0500000000000005 -0.425 4.28331899642944
v 0.0625000000000004 -0.425 4.15747690200806
v 0.0750000000000005 -0.425 4.07821416854858
v 0.0875000000000006 -0.425 4.06626510620117
v 0.100000000000001 -0.425 4.14180517196655
v 0.1125 -0.425 4.34526014328003
v 0.125000000000001 -0.425 4.6739182472229
v 0.137500000000001 -0.425 5.20480680465698
v 0.150000000000001 -0.425 6.16570329666138
v 0.162500000000001 -0.425 7.44984817504883
v 0.175000000000001 -0.425 8.33339309692383
v 0.187500000000001 -0.425 8.77507877349854
v 0.200000000000001 -0.425 8.79005146026611
v 0.212500000000001 -0.425 8.82976818084717
v 0.225000000000001 -0.425 9.01770782470703
v 0.237500000000001 -0.425 9.29233837127686
v 0.250000000000001 -0.425 9.54394435882568
v 0.262500000000001 -0.425 9.72606658935547
v 0.275000000000001 -0.425 9.843337059021
v 0.287500000000001 -0.425 9.91285610198975
v 0.300000000000001 -0.425 9.94812202453613
v 0.312500000000001 -0.425 9.95762062072754
v 0.325000000000001 -0.425 9.94812297821045
v 0.337500000000001 -0.425 9.92792797088623
v 0.350000000000001 -0.425 9.90718364715576
v 0.362500000000001 -0.425 9.89431381225586
v 0.375000000000001 -0.425 9.89207363128662
v 0.387500000000001 -0.425 9.89743804931641
v 0.400000000000001 -0.425 9.90440273284912
v 0.412500000000001 -0.425 9.90681934356689
v 0.425000000000001 -0.425 9.90029716491699
v 0.437500000000001 -0.425 9.88397598266602
v 0.450000000000001 -0.425 9.86265754699707
v 0.462500000000001 -0.425 9.84265232086182
v 0.475000000000001 -0.425 9.82257652282715
v 0.487500000000001 -0.425 9.79534435272217
v 0.500000000000001 -0.425 9.75034523010254
v -0.5 -0.4125 10.1860761642456
v -0.4875 -0.4125 10.2063055038452
v -0.475 -0.4125 10.2242679595947
v -0.4625 -0.4125 10.2402715682983
v -0.45 -0.4125 10.2540082931519
v -0.4375 -0.4125 10.2648992538452
v -0.425 -0.4125 10.2724380493164
v -0.4125 -0.4125 10.276421546936
v -0.4 -0.4125 10.2768621444702
v -0.3875 -0.4125 10.2737150192261
v -0.375 -0.4125 10.2665481567383
v -0.3625 -0.4125 10.2541217803955
v -0.35 -0.4125 10.2338333129883
v -0.3375 -0.4125 10.2010984420776
v -0.325 -0.4125 10.1490468978882
v -0.3125 -0.4125 10.0761747360229
v -0.3 -0.4125 9.97470569610596
v -0.2875 -0.4125 9.76277160644531
v -0.275 -0.4125 9.37715625762939
v -0.2625 -0.4125 8.74450588226318
v -0.25 -0.4125 7.60868310928345
v -0.2375 -0.4125 6.28595209121704
v -0.225 -0.4125 5.34442663192749
v -0.2125 -0.4125 4.86689329147339
v -0.2 -0.4125 4.67783880233765
v -0.1875 -0.4125 4.58458375930786
v -0.175 -0.4125 4.51473665237427
v -0.1625 -0.4125 4.51568460464478
v -0.15 -0.4125 4.68583965301514
v -0.1375 -0.4125 4.76091051101685
v -0.125 -0.4125 4.6639552116394
v -0.1125 -0.4125 4.55905532836914
v -0.0999999999999996 -0.4125 4.49226093292236
v -0.0874999999999996 -0.4125 4.4711766242981
v -0.0749999999999996 -0.4125 4.49202871322632
v -0.0624999999999996 -0.4125 4.55049848556519
v -0.0499999999999996 -0.4125 4.66813039779663
v -0.0374999999999996 -0.4125 4.87502431869507
v -0.0249999999999996 -0.4125 5.00542831420898
v -0.0124999999999996 -0.4125 5.07719659805298
v 4.44089209850063e-16 -0.4125 5.14407205581665
v 0.0125000000000004 -0.4125 5.11390781402588
v 0.0250000000000005 -0.4125 4.73836517333984
v 0.0375000000000005 -0.4125 4.38517618179321
v 0.0500000000000005 -0.4125 4.19396066665649
v 0.0625000000000004 -0.4125 4.08070611953735
v 0.0750000000000005 -0.4125 4.01118087768555
v 0.0875000000000006 -0.4125 4.0022668838501
v 0.100000000000001 -0.4125 4.06641101837158
v 0.1125 -0.4125 4.23919248580933
v 0.125000000000001 -0.4125 4.54704999923706
v 0.137500000000001 -0.4125 5.05923318862915
v 0.150000000000001 -0.4125 5.99801206588745
v 0.162500000000001 -0.4125 7.41564893722534
v 0.175000000000001 -0.4125 8.20154762268066
v 0.187500000000001 -0.4125 8.67849922180176
v 0.200000000000001 -0.4125 8.67314434051514
v 0.212500000000001 -0.4125 8.67898464202881
v 0.225000000000001 -0.4125 8.89108943939209
v 0.237500000000001 -0.4125 9.21038722991943
v 0.250000000000001 -0.4125 9.49837493896484
v 0.262500000000001 -0.4125 9.70294666290283
v 0.275000000000001 -0.4125 9.83266639709473
v 0.287500000000001 -0.4125 9.90981197357178
v 0.300000000000001 -0.4125 9.95124244689941
v 0.312500000000001 -0.4125 9.96712779998779
v 0.325000000000001 -0.4125 9.9647970199585
v 0.337500000000001 -0.4125 9.95213317871094
v 0.350000000000001 -0.4125 9.93812465667725
v 0.362500000000001 -0.4125 9.93000507354736
v 0.375000000000001 -0.4125 9.93005561828613
v 0.387500000000001 -0.4125 9.93555641174316
v 0.400000000000001 -0.4125 9.94126319885254
v 0.412500000000001 -0.4125 9.94185638427734
v 0.425000000000001 -0.4125 9.93358325958252
v 0.437500000000001 -0.4125 9.91583251953125
v 0.450000000000001 -0.4125 9.89276123046875
v 0.462500000000001 -0.4125 9.86873149871826
v 0.475000000000001 -0.4125 9.84157085418701
v 0.487500000000001 -0.4125 9.80454921722412
v 0.500000000000001 -0.4125 9.74645137786865
v -0.5 -0.4 10.19846534729
v -0.4875 -0.4 10.2164726257324
v -0.475 -0.4 10.2327671051025
v -0.4625 -0.4 10.2475538253784
v -0.45 -0.4 10.2604513168335
v -0.4375 -0.4 10.2707996368408
v -0.425 -0.4 10.2780303955078
v -0.4125 -0.4 10.2818593978882
v -0.4 -0.4 10.282187461853
v -0.3875 -0.4 10.2788667678833
v -0.375 -0.4 10.2714290618896
v -0.3625 -0.4 10.2587299346924
v -0.35 -0.4 10.2384099960327
v -0.3375 -0.4 10.2061262130737
v -0.325 -0.4 10.1547746658325
v -0.3125 -0.4 10.0817232131958
v -0.3 -0.4 9.98234939575195
v -0.2875 -0.4 9.77364063262939
v -0.275 -0.4 9.37265205383301
v -0.2625 -0.4 8.72914886474609
v -0.25 -0.4 7.52703714370728
v -0.2375 -0.4 6.17066621780396
v -0.225 -0.4 5.2109956741333
v -0.2125 -0.4 4.75304365158081
v -0.2 -0.4 4.583420753479
v -0.1875 -0.4 4.51027917861938
v -0.175 -0.4 4.45096349716187
v -0.1625 -0.4 4.44317770004272
v -0.15 -0.4 4.58526945114136
v -0.1375 -0.4 4.66196250915527
v -0.125 -0.4 4.5676589012146
v -0.1125 -0.4 4.4672327041626
v -0.0999999999999996 -0.4 4.40504598617554
v -0.0874999999999996 -0.4 4.39166641235352
v -0.0749999999999996 -0.4 4.42701816558838
v -0.0624999999999996 -0.4 4.51296424865723
v -0.0499999999999996 -0.4 4.67303562164307
v -0.0374999999999996 -0.4 4.9144721031189
v -0.0249999999999996 -0.4 5.02343940734863
v -0.0124999999999996 -0.4 5.04485082626343
v 4.44089209850063e-16 -0.4 5.0462212562561
v 0.0125000000000004 -0.4 4.95737791061401
v 0.0250000000000005 -0.4 4.60335779190063
v 0.0375000000000005 -0.4 4.28914785385132
v 0.0500000000000005 -0.4 4.11160898208618
v 0.0625000000000004 -0.4 4.00710296630859
v 0.0750000000000005 -0.4 3.94950413703918
v 0.0875000000000006 -0.4 3.94814658164978
v 0.100000000000001 -0.4 4.01135921478271
v 0.1125 -0.4 4.16670036315918
v 0.125000000000001 -0.4 4.45345783233643
v 0.137500000000001 -0.4 4.93463277816772
v 0.150000000000001 -0.4 5.82667636871338
v 0.162500000000001 -0.4 7.3287353515625
v 0.175000000000001 -0.4 8.13927364349365
v 0.187500000000001 -0.4 8.57202816009521
v 0.200000000000001 -0.4 8.59183311462402
v 0.212500000000001 -0.4 8.59446144104004
v 0.225000000000001 -0.4 8.77016067504883
v 0.237500000000001 -0.4 9.11439037322998
v 0.250000000000001 -0.4 9.43544292449951
v 0.262500000000001 -0.4 9.66532325744629
v 0.275000000000001 -0.4 9.81128120422363
v 0.287500000000001 -0.4 9.89887809753418
v 0.300000000000001 -0.4 9.9484167098999
v 0.312500000000001 -0.4 9.97206401824951
v 0.325000000000001 -0.4 9.97789287567139
v 0.337500000000001 -0.4 9.97346782684326
v 0.350000000000001 -0.4 9.96664142608643
v 0.362500000000001 -0.4 9.96346187591553
v 0.375000000000001 -0.4 9.96578502655029
v 0.387500000000001 -0.4 9.97133827209473
v 0.400000000000001 -0.4 9.97574520111084
v 0.412500000000001 -0.4 9.97454261779785
v 0.425000000000001 -0.4 9.96454524993896
v 0.437500000000001 -0.4 9.94521331787109
v 0.450000000000001 -0.4 9.91984462738037
v 0.462500000000001 -0.4 9.89113521575928
v 0.475000000000001 -0.4 9.85642528533936
v 0.487500000000001 -0.4 9.8092212677002
v 0.500000000000001 -0.4 9.73766613006592
v -0.5 -0.3875 10.2087144851685
v -0.4875 -0.3875 10.2249736785889
v -0.475 -0.3875 10.2398910522461
v -0.4625 -0.3875 10.2536420822144
v -0.45 -0.3875 10.2658224105835
v -0.4375 -0.3875 10.2757434844971
v -0.425 -0.3875 10.2827758789062
v -0.4125 -0.3875 10.2865495681763
v -0.4 -0.3875 10.2868680953979
v -0.3875 -0.3875 10.2834768295288
v -0.375 -0.3875 10.2758560180664
v -0.3625 -0.3875 10.2629137039185
v -0.35 -0.3875 10.2424764633179
v -0.3375 -0.3875 10.2103796005249
v -0.325 -0.3875 10.1593074798584
v -0.3125 -0.3875 10.0855283737183
v -0.3 -0.3875 9.98654842376709
v -0.2875 -0.3875 9.77886486053467
v -0.275 -0.3875 9.36439800262451
v -0.2625 -0.3875 8.71079444885254
v -0.25 -0.3875 7.44041538238525
v -0.2375 -0.3875 6.06193351745605
v -0.225 -0.3875 5.09631109237671
v -0.2125 -0.3875 4.65347480773926
v -0.2 -0.3875 4.50068235397339
v -0.1875 -0.3875 4.44464206695557
v -0.175 -0.3875 4.39834833145142
v -0.1625 -0.3875 4.38865041732788
v -0.15 -0.3875 4.49207305908203
v -0.1375 -0.3875 4.56159925460815
v -0.125 -0.3875 4.48046207427979
v -0.1125 -0.3875 4.39328241348267
v -0.0999999999999996 -0.3875 4.33963537216187
v -0.0874999999999996 -0.3875 4.32902860641479
v -0.0749999999999996 -0.3875 4.36677742004395
v -0.0624999999999996 -0.3875 4.46387434005737
v -0.0499999999999996 -0.3875 4.64062261581421
v -0.0374999999999996 -0.3875 4.87042284011841
v -0.0249999999999996 -0.3875 4.95328283309937
v -0.0124999999999996 -0.3875 4.94265508651733
v 4.44089209850063e-16 -0.3875 4.90167760848999
v 0.0125000000000004 -0.3875 4.78148126602173
v 0.0250000000000005 -0.3875 4.47960615158081
v 0.0375000000000005 -0.3875 4.19685649871826
v 0.0500000000000005 -0.3875 4.02016162872314
v 0.0625000000000004 -0.3875 3.92106413841248
v 0.0750000000000005 -0.3875 3.87795615196228
v 0.0875000000000006 -0.3875 3.8880729675293
v 0.100000000000001 -0.3875 3.95679473876953
v 0.1125 -0.3875 4.10444498062134
v 0.125000000000001 -0.3875 4.3681263923645
v 0.137500000000001 -0.3875 4.80959796905518
v 0.150000000000001 -0.3875 5.63756275177002
v 0.162500000000001 -0.3875 7.16107320785522
v 0.175000000000001 -0.3875 8.10390472412109
v 0.187500000000001 -0.3875 8.48848247528076
v 0.200000000000001 -0.3875 8.54716491699219
v 0.212500000000001 -0.3875 8.55888652801514
v 0.225000000000001 -0.3875 8.68913173675537
v 0.237500000000001 -0.3875 9.01486206054688
v 0.250000000000001 -0.3875 9.36032581329346
v 0.262500000000001 -0.3875 9.61441040039062
v 0.275000000000001 -0.3875 9.77948093414307
v 0.287500000000001 -0.3875 9.88030529022217
v 0.300000000000001 -0.3875 9.93994903564453
v 0.312500000000001 -0.3875 9.97271347045898
v 0.325000000000001 -0.3875 9.98758220672607
v 0.337500000000001 -0.3875 9.9918966293335
v 0.350000000000001 -0.3875 9.99248027801514
v 0.362500000000001 -0.3875 9.99431228637695
v 0.375000000000001 -0.3875 9.99892902374268
v 0.387500000000001 -0.3875 10.0045709609985
v 0.400000000000001 -0.3875 10.0077533721924
v 0.412500000000001 -0.3875 10.0048351287842
v 0.425000000000001 -0.3875 9.99313259124756
v 0.437500000000001 -0.3875 9.97204494476318
v 0.450000000000001 -0.3875 9.94391345977783
v 0.462500000000001 -0.3875 9.91003799438477
v 0.475000000000001 -0.3875 9.86733531951904
v 0.487500000000001 -0.3875 9.80933570861816
v 0.500000000000001 -0.3875 9.72355175018311
v -0.5 -0.375 10.2173004150391
v -0.4875 -0.375 10.2321519851685
v -0.475 -0.375 10.2458925247192
v -0.4625 -0.375 10.2587270736694
v -0.45 -0.375 10.2702760696411
v -0.4375 -0.375 10.2798461914062
v -0.425 -0.375 10.2867612838745
v -0.4125 -0.375 10.2905673980713
v -0.4 -0.375 10.2909574508667
v -0.3875 -0.375 10.2875814437866
v -0.375 -0.375 10.2798452377319
v -0.3625 -0.375 10.2666692733765
v -0.35 -0.375 10.2459983825684
v -0.3375 -0.375 10.2137756347656
v -0.325 -0.375 10.1625108718872
v -0.3125 -0.375 10.0875797271729
v -0.3 -0.375 9.98759937286377
v -0.2875 -0.375 9.77891159057617
v -0.275 -0.375 9.35289192199707
v -0.2625 -0.375 8.68712520599365
v -0.25 -0.375 7.34820413589478
v -0.2375 -0.375 5.96629476547241
v -0.225 -0.375 5.00535821914673
v -0.2125 -0.375 4.57343626022339
v -0.2 -0.375 4.43732690811157
v -0.1875 -0.375 4.39743089675903
v -0.175 -0.375 4.36973142623901
v -0.1625 -0.375 4.3686728477478
v -0.15 -0.375 4.44065618515015
v -0.1375 -0.375 4.49597978591919
v -0.125 -0.375 4.43374967575073
v -0.1125 -0.375 4.36275053024292
v -0.0999999999999996 -0.375 4.3133659362793
v -0.0874999999999996 -0.375 4.29538917541504
v -0.0749999999999996 -0.375 4.32004308700562
v -0.0624999999999996 -0.375 4.40214729309082
v -0.0499999999999996 -0.375 4.54911375045776
v -0.0374999999999996 -0.375 4.71899652481079
v -0.0249999999999996 -0.375 4.76798725128174
v -0.0124999999999996 -0.375 4.73636198043823
v 4.44089209850063e-16 -0.375 4.67733716964722
v 0.0125000000000004 -0.375 4.56091928482056
v 0.0250000000000005 -0.375 4.33716154098511
v 0.0375000000000005 -0.375 4.09280157089233
v 0.0500000000000005 -0.375 3.9084358215332
v 0.0625000000000004 -0.375 3.81437802314758
v 0.0750000000000005 -0.375 3.79067730903625
v 0.0875000000000006 -0.375 3.81713485717773
v 0.100000000000001 -0.375 3.89495086669922
v 0.1125 -0.375 4.04154348373413
v 0.125000000000001 -0.375 4.28504514694214
v 0.137500000000001 -0.375 4.69027853012085
v 0.150000000000001 -0.375 5.45355224609375
v 0.162500000000001 -0.375 6.94900846481323
v 0.175000000000001 -0.375 8.07476329803467
v 0.187500000000001 -0.375 8.45775604248047
v 0.200000000000001 -0.375 8.54430103302002
v 0.212500000000001 -0.375 8.56490325927734
v 0.225000000000001 -0.375 8.66488170623779
v 0.237500000000001 -0.375 8.93041896820068
v 0.250000000000001 -0.375 9.28322315216064
v 0.262500000000001 -0.375 9.55545330047607
v 0.275000000000001 -0.375 9.73961544036865
v 0.287500000000001 -0.375 9.85548686981201
v 0.300000000000001 -0.375 9.92683601379395
v 0.312500000000001 -0.375 9.96982765197754
v 0.325000000000001 -0.375 9.99436664581299
v 0.337500000000001 -0.375 10.0076522827148
v 0.350000000000001 -0.375 10.0156297683716
v 0.362500000000001 -0.375 10.0223989486694
v 0.375000000000001 -0.375 10.0292959213257
v 0.387500000000001 -0.375 10.0350942611694
v 0.400000000000001 -0.375 10.0371627807617
v 0.412500000000001 -0.375 10.0326337814331
v 0.425000000000001 -0.375 10.0192632675171
v 0.437500000000001 -0.375 9.9962911605835
v 0.450000000000001 -0.375 9.96508121490479
v 0.462500000000001 -0.375 9.92572498321533
v 0.475000000000001 -0.375 9.87462902069092
v 0.487500000000001 -0.375 9.80506134033203
v 0.500000000000001 -0.375 9.70390892028809
v -0.5 -0.3625 10.2245121002197
v -0.4875 -0.3625 10.2382154464722
v -0.475 -0.3625 10.2509260177612
v -0.4625 -0.3625 10.2629261016846
v -0.45 -0.3625 10.2739000320435
v -0.4375 -0.3625 10.2831754684448
v -0.425 -0.3625 10.2900333404541
v -0.4125 -0.3625 10.2939291000366
v -0.4 -0.3625 10.2944555282593
v -0.3875 -0.3625 10.2911548614502
v -0.375 -0.3625 10.2833433151245
v -0.3625 -0.3625 10.2699136734009
v -0.35 -0.3625 10.2488622665405
v -0.3375 -0.3625 10.2161846160889
v -0.325 -0.3625 10.164252281189
v -0.3125 -0.3625 10.0878858566284
v -0.3 -0.3625 9.98587417602539
v -0.2875 -0.3625 9.77454280853271
v -0.275 -0.3625 9.33906841278076
v -0.2625 -0.3625 8.65679454803467
v -0.25 -0.3625 7.25740051269531
v -0.2375 -0.3625 5.88855981826782
v -0.225 -0.3625 4.93998432159424
v -0.2125 -0.3625 4.5201563835144
v -0.2 -0.3625 4.40114784240723
v -0.1875 -0.3625 4.37748289108276
v -0.175 -0.3625 4.37395477294922
v -0.1625 -0.3625 4.38898992538452
v -0.15 -0.3625 4.44017744064331
v -0.1375 -0.3625 4.47570180892944
v -0.125 -0.3625 4.43481492996216
v -0.1125 -0.3625 4.37934112548828
v -0.0999999999999996 -0.3625 4.3292384147644
v -0.0874999999999996 -0.3625 4.29504823684692
v -0.0749999999999996 -0.3625 4.28939437866211
v -0.0624999999999996 -0.3625 4.32262134552002
v -0.0499999999999996 -0.3625 4.38755035400391
v -0.0374999999999996 -0.3625 4.45303297042847
v -0.0249999999999996 -0.3625 4.45959615707397
v -0.0124999999999996 -0.3625 4.41779470443726
v 4.44089209850063e-16 -0.3625 4.36461114883423
v 0.0125000000000004 -0.3625 4.2798433303833
v 0.0250000000000005 -0.3625 4.1404881477356
v 0.0375000000000005 -0.3625 3.94759058952332
v 0.0500000000000005 -0.3625 3.77462935447693
v 0.0625000000000004 -0.3625 3.69535040855408
v 0.0750000000000005 -0.3625 3.69452142715454
v 0.0875000000000006 -0.3625 3.73929667472839
v 0.100000000000001 -0.3625 3.82867240905762
v 0.1125 -0.3625 3.98017859458923
v 0.125000000000001 -0.3625 4.21163129806519
v 0.137500000000001 -0.3625 4.59618759155273
v 0.150000000000001 -0.3625 5.31595373153687
v 0.162500000000001 -0.3625 6.74254751205444
v 0.175000000000001 -0.3625 8.04709053039551
v 0.187500000000001 -0.3625 8.47533798217773
v 0.200000000000001 -0.3625 8.58139514923096
v 0.212500000000001 -0.3625 8.60047817230225
v 0.225000000000001 -0.3625 8.67705249786377
v 0.237500000000001 -0.3625 8.88539028167725
v 0.250000000000001 -0.3625 9.21686458587646
v 0.262500000000001 -0.3625 9.49668788909912
v 0.275000000000001 -0.3625 9.69613647460938
v 0.287500000000001 -0.3625 9.82696533203125
v 0.300000000000001 -0.3625 9.91073513031006
v 0.312500000000001 -0.3625 9.964524269104
v 0.325000000000001 -0.3625 9.99895763397217
v 0.337500000000001 -0.3625 10.0210943222046
v 0.350000000000001 -0.3625 10.0361642837524
v 0.362500000000001 -0.3625 10.0476064682007
v 0.375000000000001 -0.3625 10.056676864624
v 0.387500000000001 -0.3625 10.0626821517944
v 0.400000000000001 -0.3625 10.0637788772583
v 0.412500000000001 -0.3625 10.0578031539917
v 0.425000000000001 -0.3625 10.0428762435913
v 0.437500000000001 -0.3625 10.0179967880249
v 0.450000000000001 -0.3625 9.98355197906494
v 0.462500000000001 -0.3625 9.9385404586792
v 0.475000000000001 -0.3625 9.87871074676514
v 0.487500000000001 -0.3625 9.79675006866455
v 0.500000000000001 -0.3625 9.67883205413818
v -0.5 -0.35 10.2304925918579
v -0.4875 -0.35 10.2432584762573
v -0.475 -0.35 10.2550554275513
v -0.4625 -0.35 10.266284942627
v -0.45 -0.35 10.2767286300659
v -0.4375 -0.35 10.2857465744019
v -0.425 -0.35 10.2925863265991
v -0.4125 -0.35 10.2966146469116
v -0.4 -0.35 10.2973127365112
v -0.3875 -0.35 10.2941160202026
v -0.375 -0.35 10.2862348556519
v -0.3625 -0.35 10.2724981307983
v -0.35 -0.35 10.2508964538574
v -0.3375 -0.35 10.217432975769
v -0.325 -0.35 10.1644077301025
v -0.3125 -0.35 10.0864915847778
v -0.3 -0.35 9.98178386688232
v -0.2875 -0.35 9.76672267913818
v -0.275 -0.35 9.32423686981201
v -0.2625 -0.35 8.6197338104248
v -0.25 -0.35 7.18183612823486
v -0.2375 -0.35 5.83035612106323
v -0.225 -0.35 4.90201759338379
v -0.2125 -0.35 4.50046873092651
v -0.2 -0.35 4.39718055725098
v -0.1875 -0.35 4.38868284225464
v -0.175 -0.35 4.40959596633911
v -0.1625 -0.35 4.43999624252319
v -0.15 -0.35 4.46421146392822
v -0.1375 -0.35 4.44945669174194
v -0.125 -0.35 4.4095344543457
v -0.1125 -0.35 4.35976934432983
v -0.0999999999999996 -0.35 4.30696058273315
v -0.0874999999999996 -0.35 4.25510120391846
v -0.0749999999999996 -0.35 4.21201467514038
v -0.0624999999999996 -0.35 4.18076658248901
v -0.0499999999999996 -0.35 4.15293645858765
v -0.0374999999999996 -0.35 4.12030649185181
v -0.0249999999999996 -0.35 4.08669376373291
v -0.0124999999999996 -0.35 4.04502582550049
v 4.44089209850063e-16 -0.35 4.00605869293213
v 0.0125000000000004 -0.35 3.96160364151001
v 0.0250000000000005 -0.35 3.89329838752747
v 0.0375000000000005 -0.35 3.7681610584259
v 0.0500000000000005 -0.35 3.64201140403748
v 0.0625000000000004 -0.35 3.59328007698059
v 0.0750000000000005 -0.35 3.6127610206604
v 0.0875000000000006 -0.35 3.67232203483582
v 0.100000000000001 -0.35 3.77501535415649
v 0.1125 -0.35 3.93446230888367
v 0.125000000000001 -0.35 4.1677131652832
v 0.137500000000001 -0.35 4.55570554733276
v 0.150000000000001 -0.35 5.26537275314331
v 0.162500000000001 -0.35 6.60607004165649
v 0.175000000000001 -0.35 8.02767658233643
v 0.187500000000001 -0.35 8.52305889129639
v 0.200000000000001 -0.35 8.63621807098389
v 0.212500000000001 -0.35 8.64545726776123
v 0.225000000000001 -0.35 8.70605278015137
v 0.237500000000001 -0.35 8.88248634338379
v 0.250000000000001 -0.35 9.17495441436768
v 0.262500000000001 -0.35 9.44710063934326
v 0.275000000000001 -0.35 9.65476226806641
v 0.287500000000001 -0.35 9.79821395874023
v 0.300000000000001 -0.35 9.89383125305176
v 0.312500000000001 -0.35 9.9582052230835
v 0.325000000000001 -0.35 10.0021858215332
v 0.337500000000001 -0.35 10.0326156616211
v 0.350000000000001 -0.35 10.0541534423828
v 0.362500000000001 -0.35 10.0697832107544
v 0.375000000000001 -0.35 10.0808086395264
v 0.387500000000001 -0.35 10.0870513916016
v 0.400000000000001 -0.35 10.0873651504517
v 0.412500000000001 -0.35 10.0801963806152
v 0.425000000000001 -0.35 10.0639362335205
v 0.437500000000001 -0.35 10.0372610092163
v 0.450000000000001 -0.35 9.99957942962646
v 0.462500000000001 -0.35 9.94886112213135
v 0.475000000000001 -0.35 9.88004493713379
v 0.487500000000001 -0.35 9.7849063873291
v 0.500000000000001 -0.35 9.64869594573975
v -0.5 -0.3375 10.2352590560913
v -0.4875 -0.3375 10.2472715377808
v -0.475 -0.3375 10.258261680603
v -0.4625 -0.3375 10.2687845230103
v -0.45 -0.3375 10.2787351608276
v -0.4375 -0.3375 10.2875242233276
v -0.425 -0.3375 10.2943696975708
v -0.4125 -0.3375 10.2985486984253
v -0.4 -0.3375 10.2994298934937
v -0.3875 -0.3375 10.296332359314
v -0.375 -0.3375 10.2883529663086
v -0.3625 -0.3375 10.2742214202881
v -0.35 -0.3375 10.2518787384033
v -0.3375 -0.3375 10.2173194885254
v -0.325 -0.3375 10.1628751754761
v -0.3125 -0.3375 10.0834646224976
v -0.3 -0.3375 9.97573661804199
v -0.2875 -0.3375 9.75655746459961
v -0.275 -0.3375 9.30980968475342
v -0.2625 -0.3375 8.5776195526123
v -0.25 -0.3375 7.12914896011353
v -0.2375 -0.3375 5.79497528076172
v -0.225 -0.3375 4.8951301574707
v -0.2125 -0.3375 4.5139102935791
v -0.2 -0.3375 4.41948270797729
v -0.1875 -0.3375 4.42093658447266
v -0.175 -0.3375 4.45709943771362
v -0.1625 -0.3375 4.48649644851685
v -0.15 -0.3375 4.45806837081909
v -0.1375 -0.3375 4.34772872924805
v -0.125 -0.3375 4.25064945220947
v -0.1125 -0.3375 4.169602394104
v -0.0999999999999996 -0.3375 4.09948539733887
v -0.0874999999999996 -0.3375 4.03917264938354
v -0.0749999999999996 -0.3375 3.98995518684387
v -0.0624999999999996 -0.3375 3.94845581054688
v -0.0499999999999996 -0.3375 3.90976190567017
v -0.0374999999999996 -0.3375 3.86969614028931
v -0.0249999999999996 -0.3375 3.82192659378052
v -0.0124999999999996 -0.3375 3.76765060424805
v 4.44089209850063e-16 -0.3375 3.7263081073761
v 0.0125000000000004 -0.3375 3.70447278022766
v 0.0250000000000005 -0.3375 3.67757964134216
v 0.0375000000000005 -0.3375 3.61561894416809
v 0.0500000000000005 -0.3375 3.54299426078796
v 0.0625000000000004 -0.3375 3.52262949943542
v 0.0750000000000005 -0.3375 3.56166076660156
v 0.0875000000000006 -0.3375 3.64088702201843
v 0.100000000000001 -0.3375 3.75563430786133
v 0.1125 -0.3375 3.92572641372681
v 0.125000000000001 -0.3375 4.1799693107605
v 0.137500000000001 -0.3375 4.59958648681641
v 0.150000000000001 -0.3375 5.32360315322876
v 0.162500000000001 -0.3375 6.58276224136353
v 0.175000000000001 -0.3375 8.02425289154053
v 0.187500000000001 -0.3375 8.57385158538818
v 0.200000000000001 -0.3375 8.69232177734375
v 0.212500000000001 -0.3375 8.69202136993408
v 0.225000000000001 -0.3375 8.7452564239502
v 0.237500000000001 -0.3375 8.90815734863281
v 0.250000000000001 -0.3375 9.16422176361084
v 0.262500000000001 -0.3375 9.41556835174561
v 0.275000000000001 -0.3375 9.62102794647217
v 0.287500000000001 -0.3375 9.77303981781006
v 0.300000000000001 -0.3375 9.87860679626465
v 0.312500000000001 -0.3375 9.95242691040039
v 0.325000000000001 -0.3375 10.0049428939819
v 0.337500000000001 -0.3375 10.0426206588745
v 0.350000000000001 -0.3375 10.0696649551392
v 0.362500000000001 -0.3375 10.0887994766235
v 0.375000000000001 -0.3375 10.1014614105225
v 0.387500000000001 -0.3375 10.1079483032227
v 0.400000000000001 -0.3375 10.1077108383179
v 0.412500000000001 -0.3375 10.0996885299683
v 0.425000000000001 -0.3375 10.0824298858643
v 0.437500000000001 -0.3375 10.0542078018188
v 0.450000000000001 -0.3375 10.0134382247925
v 0.462500000000001 -0.3375 9.95708751678467
v 0.475000000000001 -0.3375 9.87915802001953
v 0.487500000000001 -0.3375 9.77021598815918
v 0.500000000000001 -0.3375 9.61419105529785
v -0.5 -0.325 10.2387228012085
v -0.4875 -0.325 10.2501573562622
v -0.475 -0.325 10.2604551315308
v -0.4625 -0.325 10.2703371047974
v -0.45 -0.325 10.2798309326172
v -0.4375 -0.325 10.2884111404419
v -0.425 -0.325 10.2952737808228
v -0.4125 -0.325 10.2996015548706
v -0.4 -0.325 10.3006496429443
v -0.3875 -0.325 10.2976140975952
v -0.375 -0.325 10.2894687652588
v -0.3625 -0.325 10.2748289108276
v -0.35 -0.325 10.2515535354614
v -0.3375 -0.325 10.2156295776367
v -0.325 -0.325 10.1595659255981
v -0.3125 -0.325 10.0788831710815
v -0.3 -0.325 9.96810340881348
v -0.2875 -0.325 9.74523735046387
v -0.275 -0.325 9.29751873016357
v -0.2625 -0.325 8.53429698944092
v -0.25 -0.325 7.10502624511719
v -0.2375 -0.325 5.78876876831055
v -0.225 -0.325 4.92080640792847
v -0.2125 -0.325 4.54758834838867
v -0.2 -0.325 4.4464225769043
v -0.1875 -0.325 4.44515323638916
v -0.175 -0.325 4.4803614616394
v -0.1625 -0.325 4.4892840385437
v -0.15 -0.325 4.4131555557251
v -0.1375 -0.325 4.27820777893066
v -0.125 -0.325 4.18853616714478
v -0.1125 -0.325 4.12277126312256
v -0.0999999999999996 -0.325 4.05283117294312
v -0.0874999999999996 -0.325 3.96832394599915
v -0.0749999999999996 -0.325 3.88053369522095
v -0.0624999999999996 -0.325 3.8070924282074
v -0.0499999999999996 -0.325 3.7574679851532
v -0.0374999999999996 -0.325 3.71887183189392
v -0.0249999999999996 -0.325 3.67179918289185
v -0.0124999999999996 -0.325 3.6125111579895
v 4.44089209850063e-16 -0.325 3.56239056587219
v 0.0125000000000004 -0.325 3.537593126297
v 0.0250000000000005 -0.325 3.52273344993591
v 0.0375000000000005 -0.325 3.49909639358521
v 0.0500000000000005 -0.325 3.47531509399414
v 0.0625000000000004 -0.325 3.48287129402161
v 0.0750000000000005 -0.325 3.53743934631348
v 0.0875000000000006 -0.325 3.63993453979492
v 0.100000000000001 -0.325 3.77324652671814
v 0.1125 -0.325 3.96636009216309
v 0.125000000000001 -0.325 4.2600884437561
v 0.137500000000001 -0.325 4.72552728652954
v 0.150000000000001 -0.325 5.46991443634033
v 0.162500000000001 -0.325 6.66881275177002
v 0.175000000000001 -0.325 8.04272651672363
v 0.187500000000001 -0.325 8.61906337738037
v 0.200000000000001 -0.325 8.74499034881592
v 0.212500000000001 -0.325 8.7446346282959
v 0.225000000000001 -0.325 8.79550647735596
v 0.237500000000001 -0.325 8.95495510101318
v 0.250000000000001 -0.325 9.18302059173584
v 0.262500000000001 -0.325 9.40776824951172
v 0.275000000000001 -0.325 9.59958362579346
v 0.287500000000001 -0.325 9.75488185882568
v 0.300000000000001 -0.325 9.86747741699219
v 0.312500000000001 -0.325 9.94872951507568
v 0.325000000000001 -0.325 10.0081043243408
v 0.337500000000001 -0.325 10.0515394210815
v 0.350000000000001 -0.325 10.0828657150269
v 0.362500000000001 -0.325 10.1046724319458
v 0.375000000000001 -0.325 10.1185655593872
v 0.387500000000001 -0.325 10.1252613067627
v 0.400000000000001 -0.325 10.1246995925903
v 0.412500000000001 -0.325 10.1162080764771
v 0.425000000000001 -0.325 10.0983734130859
v 0.437500000000001 -0.325 10.0689792633057
v 0.450000000000001 -0.325 10.0254240036011
v 0.462500000000001 -0.325 9.96367073059082
v 0.475000000000001 -0.325 9.87671852111816
v 0.487500000000001 -0.325 9.753662109375
v 0.500000000000001 -0.325 9.57649803161621
v -0.5 -0.3125 10.2407102584839
v -0.4875 -0.3125 10.2517433166504
v -0.475 -0.3125 10.2614717483521
v -0.4625 -0.3125 10.2707929611206
v -0.45 -0.3125 10.2798738479614
v -0.4375 -0.3125 10.2882614135742
v -0.425 -0.3125 10.2951335906982
v -0.4125 -0.3125 10.2995862960815
v -0.4 -0.3125 10.3007574081421
v -0.3875 -0.3125 10.2977161407471
v -0.375 -0.3125 10.2893095016479
v -0.3625 -0.3125 10.2740240097046
v -0.35 -0.3125 10.2496290206909
v -0.3375 -0.3125 10.2121343612671
v -0.325 -0.3125 10.1544027328491
v -0.3125 -0.3125 10.0727987289429
v -0.3 -0.3125 9.95917415618896
v -0.2875 -0.3125 9.73388862609863
v -0.275 -0.3125 9.28959178924561
v -0.2625 -0.3125 8.49614238739014
v -0.25 -0.3125 7.11593770980835
v -0.2375 -0.3125 5.81728172302246
v -0.225 -0.3125 4.97242450714111
v -0.2125 -0.3125 4.58515548706055
v -0.2 -0.3125 4.44968795776367
v -0.1875 -0.3125 4.42558670043945
v -0.175 -0.3125 4.44972991943359
v -0.1625 -0.3125 4.440101146698
v -0.15 -0.3125 4.3481011390686
v -0.1375 -0.3125 4.23161172866821
v -0.125 -0.3125 4.15469408035278
v -0.1125 -0.3125 4.09900236129761
v -0.0999999999999996 -0.3125 4.04417037963867
v -0.0874999999999996 -0.3125 3.96954274177551
v -0.0749999999999996 -0.3125 3.87261438369751
v -0.0624999999999996 -0.3125 3.77168154716492
v -0.0499999999999996 -0.3125 3.69550251960754
v -0.0374999999999996 -0.3125 3.64337706565857
v -0.0249999999999996 -0.3125 3.58800745010376
v -0.0124999999999996 -0.3125 3.52091979980469
v 4.44089209850063e-16 -0.3125 3.4622814655304
v 0.0125000000000004 -0.3125 3.42572021484375
v 0.0250000000000005 -0.3125 3.41016888618469
v 0.0375000000000005 -0.3125 3.40942931175232
v 0.0500000000000005 -0.3125 3.4281017780304
v 0.0625000000000004 -0.3125 3.47206044197083
v 0.0750000000000005 -0.3125 3.54117846488953
v 0.0875000000000006 -0.3125 3.64759063720703
v 0.100000000000001 -0.3125 3.80341410636902
v 0.1125 -0.3125 4.03629636764526
v 0.125000000000001 -0.3125 4.37592315673828
v 0.137500000000001 -0.3125 4.87883758544922
v 0.150000000000001 -0.3125 5.64205074310303
v 0.162500000000001 -0.3125 6.80814838409424
v 0.175000000000001 -0.3125 8.08757972717285
v 0.187500000000001 -0.3125 8.65482997894287
v 0.200000000000001 -0.3125 8.79020404815674
v 0.212500000000001 -0.3125 8.80787658691406
v 0.225000000000001 -0.3125 8.86587524414062
v 0.237500000000001 -0.3125 9.02181529998779
v 0.250000000000001 -0.3125 9.22630977630615
v 0.262500000000001 -0.3125 9.42289161682129
v 0.275000000000001 -0.3125 9.59375667572021
v 0.287500000000001 -0.3125 9.74639892578125
v 0.300000000000001 -0.3125 9.86246395111084
v 0.312500000000001 -0.3125 9.94844245910645
v 0.325000000000001 -0.3125 10.0124654769897
v 0.337500000000001 -0.3125 10.0598478317261
v 0.350000000000001 -0.3125 10.0940799713135
v 0.362500000000001 -0.3125 10.117654800415
v 0.375000000000001 -0.3125 10.1323165893555
v 0.387500000000001 -0.3125 10.1391019821167
v 0.400000000000001 -0.3125 10.1383743286133
v 0.412500000000001 -0.3125 10.1297769546509
v 0.425000000000001 -0.3125 10.1118364334106
v 0.437500000000001 -0.3125 10.0817432403564
v 0.450000000000001 -0.3125 10.0358686447144
v 0.462500000000001 -0.3125 9.96916961669922
v 0.475000000000001 -0.3125 9.87364482879639
v 0.487500000000001 -0.3125 9.73675346374512
v 0.500000000000001 -0.3125 9.53768157958984
v -0.5 -0.3 10.2409734725952
v -0.4875 -0.3 10.2517900466919
v -0.475 -0.3 10.2610931396484
v -0.4625 -0.3 10.2699508666992
v -0.45 -0.3 10.2786712646484
v -0.4375 -0.3 10.2868728637695
v -0.425 -0.3 10.2937288284302
v -0.4125 -0.3 10.2982587814331
v -0.4 -0.3 10.2994785308838
v -0.3875 -0.3 10.2963352203369
v -0.375 -0.3 10.2875471115112
v -0.3625 -0.3 10.2714691162109
v -0.35 -0.3 10.2457838058472
v -0.3375 -0.3 10.2065830230713
v -0.325 -0.3 10.1472959518433
v -0.3125 -0.3 10.0651769638062
v -0.3 -0.3 9.94908905029297
v -0.2875 -0.3 9.72335243225098
v -0.275 -0.3 9.28812789916992
v -0.2625 -0.3 8.47273445129395
v -0.25 -0.3 7.1641993522644
v -0.2375 -0.3 5.88173913955688
v -0.225 -0.3 5.03827285766602
v -0.2125 -0.3 4.61454010009766
v -0.2 -0.3 4.41049814224243
v -0.1875 -0.3 4.33487033843994
v -0.175 -0.3 4.3324179649353
v -0.1625 -0.3 4.30236005783081
v -0.15 -0.3 4.1961874961853
v -0.1375 -0.3 4.09194707870483
v -0.125 -0.3 4.03630542755127
v -0.1125 -0.3 3.99934315681458
v -0.0999999999999996 -0.3 3.9625346660614
v -0.0874999999999996 -0.3 3.91502833366394
v -0.0749999999999996 -0.3 3.8486123085022
v -0.0624999999999996 -0.3 3.76442885398865
v -0.0499999999999996 -0.3 3.7004280090332
v -0.0374999999999996 -0.3 3.65985560417175
v -0.0249999999999996 -0.3 3.60070586204529
v -0.0124999999999996 -0.3 3.5198028087616
v 4.44089209850063e-16 -0.3 3.44798135757446
v 0.0125000000000004 -0.3 3.3949019908905
v 0.0250000000000005 -0.3 3.36320042610168
v 0.0375000000000005 -0.3 3.36074686050415
v 0.0500000000000005 -0.3 3.40150141716003
v 0.0625000000000004 -0.3 3.47363829612732
v 0.0750000000000005 -0.3 3.55472421646118
v 0.0875000000000006 -0.3 3.65189218521118
v 0.100000000000001 -0.3 3.81361079216003
v 0.1125 -0.3 4.08175230026245
v 0.125000000000001 -0.3 4.46035718917847
v 0.137500000000001 -0.3 4.98933553695679
v 0.150000000000001 -0.3 5.76211595535278
v 0.162500000000001 -0.3 6.92766571044922
v 0.175000000000001 -0.3 8.13977718353271
v 0.187500000000001 -0.3 8.67464923858643
v 0.200000000000001 -0.3 8.82062530517578
v 0.212500000000001 -0.3 8.87455081939697
v 0.225000000000001 -0.3 8.9614839553833
v 0.237500000000001 -0.3 9.10582256317139
v 0.250000000000001 -0.3 9.28683376312256
v 0.262500000000001 -0.3 9.45569133758545
v 0.275000000000001 -0.3 9.60439395904541
v 0.287500000000001 -0.3 9.74929714202881
v 0.300000000000001 -0.3 9.8649435043335
v 0.312500000000001 -0.3 9.95252227783203
v 0.325000000000001 -0.3 10.01868724823
v 0.337500000000001 -0.3 10.068076133728
v 0.350000000000001 -0.3 10.1038131713867
v 0.362500000000001 -0.3 10.1282529830933
v 0.375000000000001 -0.3 10.143177986145
v 0.387500000000001 -0.3 10.1498355865479
v 0.400000000000001 -0.3 10.148980140686
v 0.412500000000001 -0.3 10.1405725479126
v 0.425000000000001 -0.3 10.1229829788208
v 0.437500000000001 -0.3 10.092719078064
v 0.450000000000001 -0.3 10.0451574325562
v 0.462500000000001 -0.3 9.97430419921875
v 0.475000000000001 -0.3 9.8712739944458
v 0.487500000000001 -0.3 9.72188568115234
v 0.500000000000001 -0.3 9.50141429901123
v -0.5 -0.2875 10.239218711853
v -0.4875 -0.2875 10.2500152587891
v -0.475 -0.2875 10.2590579986572
v -0.4625 -0.2875 10.2675724029541
v -0.45 -0.2875 10.2759828567505
v -0.4375 -0.2875 10.2839946746826
v -0.425 -0.2875 10.2907838821411
v -0.4125 -0.2875 10.2953090667725
v -0.4 -0.2875 10.2964735031128
v -0.3875 -0.2875 10.2931051254272
v -0.375 -0.2875 10.2837963104248
v -0.3625 -0.2875 10.2667760848999
v -0.35 -0.2875 10.2396574020386
v -0.3375 -0.2875 10.1987066268921
v -0.325 -0.2875 10.138129234314
v -0.3125 -0.2875 10.0558815002441
v -0.3 -0.2875 9.93777179718018
v -0.2875 -0.2875 9.71384906768799
v -0.275 -0.2875 9.29383373260498
v -0.2625 -0.2875 8.4752368927002
v -0.25 -0.2875 7.24256134033203
v -0.2375 -0.2875 5.97737312316895
v -0.225 -0.2875 5.10663843154907
v -0.2125 -0.2875 4.61257791519165
v -0.2 -0.2875 4.31133222579956
v -0.1875 -0.2875 4.15774774551392
v -0.175 -0.2875 4.06689596176147
v -0.1625 -0.2875 3.96076560020447
v -0.15 -0.2875 3.8202588558197
v -0.1375 -0.2875 3.7134850025177
v -0.125 -0.2875 3.67403101921082
v -0.1125 -0.2875 3.66921854019165
v -0.0999999999999996 -0.2875 3.6741509437561
v -0.0874999999999996 -0.2875 3.68355250358582
v -0.0749999999999996 -0.2875 3.68000721931458
v -0.0624999999999996 -0.2875 3.63307046890259
v -0.0499999999999996 -0.2875 3.60433959960938
v -0.0374999999999996 -0.2875 3.61032867431641
v -0.0249999999999996 -0.2875 3.56686639785767
v -0.0124999999999996 -0.2875 3.49702954292297
v 4.44089209850063e-16 -0.2875 3.44497990608215
v 0.0125000000000004 -0.2875 3.40116667747498
v 0.0250000000000005 -0.2875 3.36072087287903
v 0.0375000000000005 -0.2875 3.34204149246216
v 0.0500000000000005 -0.2875 3.37972950935364
v 0.0625000000000004 -0.2875 3.45943331718445
v 0.0750000000000005 -0.2875 3.54452300071716
v 0.0875000000000006 -0.2875 3.63617706298828
v 0.100000000000001 -0.2875 3.78552627563477
v 0.1125 -0.2875 4.06223964691162
v 0.125000000000001 -0.2875 4.45664978027344
v 0.137500000000001 -0.2875 4.98975372314453
v 0.150000000000001 -0.2875 5.76225137710571
v 0.162500000000001 -0.2875 6.94261264801025
v 0.175000000000001 -0.2875 8.14725399017334
v 0.187500000000001 -0.2875 8.67104434967041
v 0.200000000000001 -0.2875 8.82879543304443
v 0.212500000000001 -0.2875 8.93040943145752
v 0.225000000000001 -0.2875 9.05520725250244
v 0.237500000000001 -0.2875 9.19520854949951
v 0.250000000000001 -0.2875 9.35589790344238
v 0.262500000000001 -0.2875 9.49965953826904
v 0.275000000000001 -0.2875 9.62957859039307
v 0.287500000000001 -0.2875 9.76401805877686
v 0.300000000000001 -0.2875 9.87546443939209
v 0.312500000000001 -0.2875 9.96143817901611
v 0.325000000000001 -0.2875 10.0272445678711
v 0.337500000000001 -0.2875 10.0767879486084
v 0.350000000000001 -0.2875 10.112738609314
v 0.362500000000001 -0.2875 10.1372089385986
v 0.375000000000001 -0.2875 10.1518774032593
v 0.387500000000001 -0.2875 10.1580963134766
v 0.400000000000001 -0.2875 10.1570148468018
v 0.412500000000001 -0.2875 10.1489763259888
v 0.425000000000001 -0.2875 10.1321277618408
v 0.437500000000001 -0.2875 10.102219581604
v 0.450000000000001 -0.2875 10.0537557601929
v 0.462500000000001 -0.2875 9.9799976348877
v 0.475000000000001 -0.2875 9.87143707275391
v 0.487500000000001 -0.2875 9.71231746673584
v 0.500000000000001 -0.2875 9.47325134277344
v -0.5 -0.275 10.2351331710815
v -0.4875 -0.275 10.2461204528809
v -0.475 -0.275 10.2550888061523
v -0.4625 -0.275 10.2633848190308
v -0.45 -0.275 10.2715444564819
v -0.4375 -0.275 10.2793397903442
v -0.425 -0.275 10.2859792709351
v -0.4125 -0.275 10.2903718948364
v -0.4 -0.275 10.2913331985474
v -0.3875 -0.275 10.2875814437866
v -0.375 -0.275 10.2775936126709
v -0.3625 -0.275 10.2594861984253
v -0.35 -0.275 10.230842590332
v -0.3375 -0.275 10.1882009506226
v -0.325 -0.275 10.126727104187
v -0.3125 -0.275 10.0446338653564
v -0.3 -0.275 9.92485237121582
v -0.2875 -0.275 9.70468902587891
v -0.275 -0.275 9.30466175079346
v -0.2625 -0.275 8.51031684875488
v -0.25 -0.275 7.33112049102783
v -0.2375 -0.275 6.07828617095947
v -0.225 -0.275 5.1608624458313
v -0.2125 -0.275 4.55110263824463
v -0.2 -0.275 4.14726686477661
v -0.1875 -0.275 3.89257884025574
v -0.175 -0.275 3.69474601745605
v -0.1625 -0.275 3.52969908714294
v -0.15 -0.275 3.38836216926575
v -0.1375 -0.275 3.30775952339172
v -0.125 -0.275 3.30750131607056
v -0.1125 -0.275 3.35715746879578
v -0.0999999999999996 -0.275 3.41312408447266
v -0.0874999999999996 -0.275 3.44400525093079
v -0.0749999999999996 -0.275 3.45109486579895
v -0.0624999999999996 -0.275 3.45712733268738
v -0.0499999999999996 -0.275 3.47525382041931
v -0.0374999999999996 -0.275 3.48346495628357
v -0.0249999999999996 -0.275 3.42643332481384
v -0.0124999999999996 -0.275 3.33759689331055
v 4.44089209850063e-16 -0.275 3.29622626304626
v 0.0125000000000004 -0.275 3.27701258659363
v 0.0250000000000005 -0.275 3.24871683120728
v 0.0375000000000005 -0.275 3.24081420898438
v 0.0500000000000005 -0.275 3.2919921875
v 0.0625000000000004 -0.275 3.38611769676208
v 0.0750000000000005 -0.275 3.47949528694153
v 0.0875000000000006 -0.275 3.57912373542786
v 0.100000000000001 -0.275 3.72634100914001
v 0.1125 -0.275 3.98593068122864
v 0.125000000000001 -0.275 4.36478757858276
v 0.137500000000001 -0.275 4.87143278121948
v 0.150000000000001 -0.275 5.6184663772583
v 0.162500000000001 -0.275 6.79057550430298
v 0.175000000000001 -0.275 8.05612850189209
v 0.187500000000001 -0.275 8.63537788391113
v 0.200000000000001 -0.275 8.80806636810303
v 0.212500000000001 -0.275 8.9652099609375
v 0.225000000000001 -0.275 9.12941646575928
v 0.237500000000001 -0.275 9.27880859375
v 0.250000000000001 -0.275 9.42488288879395
v 0.262500000000001 -0.275 9.54893684387207
v 0.275000000000001 -0.275 9.66603183746338
v 0.287500000000001 -0.275 9.78952312469482
v 0.300000000000001 -0.275 9.89356899261475
v 0.312500000000001 -0.275 9.97509956359863
v 0.325000000000001 -0.275 10.0383977890015
v 0.337500000000001 -0.275 10.0865545272827
v 0.350000000000001 -0.275 10.1216611862183
v 0.362500000000001 -0.275 10.1454544067383
v 0.375000000000001 -0.275 10.1593837738037
v 0.387500000000001 -0.275 10.1647891998291
v 0.400000000000001 -0.275 10.1632452011108
v 0.412500000000001 -0.275 10.1556215286255
v 0.425000000000001 -0.275 10.1397800445557
v 0.437500000000001 -0.275 10.1106758117676
v 0.450000000000001 -0.275 10.0622024536133
v 0.462500000000001 -0.275 9.98729228973389
v 0.475000000000001 -0.275 9.87599468231201
v 0.487500000000001 -0.275 9.71079730987549
v 0.500000000000001 -0.275 9.4581823348999
v -0.5 -0.2625 10.2284078598022
v -0.4875 -0.2625 10.2398071289062
v -0.475 -0.2625 10.2489013671875
v -0.4625 -0.2625 10.2571201324463
v -0.45 -0.2625 10.2650671005249
v -0.4375 -0.2625 10.2725963592529
v -0.425 -0.2625 10.2789487838745
v -0.4125 -0.2625 10.2830219268799
v -0.4 -0.2625 10.2835693359375
v -0.3875 -0.2625 10.2792263031006
v -0.375 -0.2625 10.2683792114258
v -0.3625 -0.2625 10.2490634918213
v -0.35 -0.2625 10.2188749313354
v -0.3375 -0.2625 10.174732208252
v -0.325 -0.2625 10.1128416061401
v -0.3125 -0.2625 10.031005859375
v -0.3 -0.2625 9.90963554382324
v -0.2875 -0.2625 9.69411277770996
v -0.275 -0.2625 9.31517028808594
v -0.2625 -0.2625 8.56944942474365
v -0.25 -0.2625 7.42036437988281
v -0.2375 -0.2625 6.1392502784729
v -0.225 -0.2625 5.14849424362183
v -0.2125 -0.2625 4.43010520935059
v -0.2 -0.2625 3.94124221801758
v -0.1875 -0.2625 3.6084098815918
v -0.175 -0.2625 3.38653111457825
v -0.1625 -0.2625 3.23683214187622
v -0.15 -0.2625 3.13447546958923
v -0.1375 -0.2625 3.10183262825012
v -0.125 -0.2625 3.15025305747986
v -0.1125 -0.2625 3.23761749267578
v -0.0999999999999996 -0.2625 3.30356597900391
v -0.0874999999999996 -0.2625 3.32893371582031
v -0.0749999999999996 -0.2625 3.34202313423157
v -0.0624999999999996 -0.2625 3.3608226776123
v -0.0499999999999996 -0.2625 3.40627455711365
v -0.0374999999999996 -0.2625 3.45264434814453
v -0.0249999999999996 -0.2625 3.41870808601379
v -0.0124999999999996 -0.2625 3.33544707298279
v 4.44089209850063e-16 -0.2625 3.28263545036316
v 0.0125000000000004 -0.2625 3.2624306678772
v 0.0250000000000005 -0.2625 3.22991490364075
v 0.0375000000000005 -0.2625 3.18804526329041
v 0.0500000000000005 -0.2625 3.20982146263123
v 0.0625000000000004 -0.2625 3.29112553596497
v 0.0750000000000005 -0.2625 3.37501764297485
v 0.0875000000000006 -0.2625 3.48635458946228
v 0.100000000000001 -0.2625 3.65295839309692
v 0.1125 -0.2625 3.90559458732605
v 0.125000000000001 -0.2625 4.25791072845459
v 0.137500000000001 -0.2625 4.71490240097046
v 0.150000000000001 -0.2625 5.39208793640137
v 0.162500000000001 -0.2625 6.51211404800415
v 0.175000000000001 -0.2625 7.85079050064087
v 0.187500000000001 -0.2625 8.56474685668945
v 0.200000000000001 -0.2625 8.75402736663818
v 0.212500000000001 -0.2625 8.97560977935791
v 0.225000000000001 -0.2625 9.18281841278076
v 0.237500000000001 -0.2625 9.34988784790039
v 0.250000000000001 -0.2625 9.48733425140381
v 0.262500000000001 -0.2625 9.59971904754639
v 0.275000000000001 -0.2625 9.71053218841553
v 0.287500000000001 -0.2625 9.82330322265625
v 0.300000000000001 -0.2625 9.91777038574219
v 0.312500000000001 -0.2625 9.99287700653076
v 0.325000000000001 -0.2625 10.0521802902222
v 0.337500000000001 -0.2625 10.0978841781616
v 0.350000000000001 -0.2625 10.1314039230347
v 0.362500000000001 -0.2625 10.1540107727051
v 0.375000000000001 -0.2625 10.1668100357056
v 0.387500000000001 -0.2625 10.1710329055786
v 0.400000000000001 -0.2625 10.1686944961548
v 0.412500000000001 -0.2625 10.1613712310791
v 0.425000000000001 -0.2625 10.1466226577759
v 0.437500000000001 -0.2625 10.118616104126
v 0.450000000000001 -0.2625 10.0710620880127
v 0.462500000000001 -0.2625 9.99705982208252
v 0.475000000000001 -0.2625 9.8859167098999
v 0.487500000000001 -0.2625 9.71824073791504
v 0.500000000000001 -0.2625 9.45836925506592
v -0.5 -0.25 10.2187604904175
v -0.4875 -0.25 10.2308101654053
v -0.475 -0.25 10.2402353286743
v -0.4625 -0.25 10.2485084533691
v -0.45 -0.25 10.2562704086304
v -0.4375 -0.25 10.2634305953979
v -0.425 -0.25 10.2692947387695
v -0.4125 -0.25 10.2727794647217
v -0.4 -0.25 10.2726211547852
v -0.3875 -0.25 10.2674140930176
v -0.375 -0.25 10.255500793457
v -0.3625 -0.25 10.234881401062
v -0.35 -0.25 10.203239440918
v -0.3375 -0.25 10.1579542160034
v -0.325 -0.25 10.096152305603
v -0.3125 -0.25 10.0144071578979
v -0.3 -0.25 9.89109516143799
v -0.2875 -0.25 9.67942047119141
v -0.275 -0.25 9.31726837158203
v -0.2625 -0.25 8.62470531463623
v -0.25 -0.25 7.49741363525391
v -0.2375 -0.25 6.1314902305603
v -0.225 -0.25 5.04447937011719
v -0.2125 -0.25 4.24609136581421
v -0.2 -0.25 3.72774243354797
v -0.1875 -0.25 3.39275431632996
v -0.175 -0.25 3.18896842002869
v -0.1625 -0.25 3.05997562408447
v -0.15 -0.25 2.98592162132263
v -0.1375 -0.25 2.97871518135071
v -0.125 -0.25 3.02292394638062
v -0.1125 -0.25 3.08728075027466
v -0.0999999999999996 -0.25 3.13612484931946
v -0.0874999999999996 -0.25 3.17685389518738
v -0.0749999999999996 -0.25 3.21746253967285
v -0.0624999999999996 -0.25 3.24363684654236
v -0.0499999999999996 -0.25 3.32133221626282
v -0.0374999999999996 -0.25 3.39211845397949
v -0.0249999999999996 -0.25 3.37445378303528
v -0.0124999999999996 -0.25 3.31921648979187
v 4.44089209850063e-16 -0.25 3.29516386985779
v 0.0125000000000004 -0.25 3.29464268684387
v 0.0250000000000005 -0.25 3.27034759521484
v 0.0375000000000005 -0.25 3.23039031028748
v 0.0500000000000005 -0.25 3.23884749412537
v 0.0625000000000004 -0.25 3.27249217033386
v 0.0750000000000005 -0.25 3.30037546157837
v 0.0875000000000006 -0.25 3.39066004753113
v 0.100000000000001 -0.25 3.57350039482117
v 0.1125 -0.25 3.84712672233582
v 0.125000000000001 -0.25 4.20169591903687
v 0.137500000000001 -0.25 4.63127088546753
v 0.150000000000001 -0.25 5.22349262237549
v 0.162500000000001 -0.25 6.24694061279297
v 0.175000000000001 -0.25 7.57258081436157
v 0.187500000000001 -0.25 8.44883251190186
v 0.200000000000001 -0.25 8.66897201538086
v 0.212500000000001 -0.25 8.96294593811035
v 0.225000000000001 -0.25 9.21788024902344
v 0.237500000000001 -0.25 9.40458869934082
v 0.250000000000001 -0.25 9.5407133102417
v 0.262500000000001 -0.25 9.65100765228271
v 0.275000000000001 -0.25 9.75990295410156
v 0.287500000000001 -0.25 9.86178970336914
v 0.300000000000001 -0.25 9.94583797454834
v 0.312500000000001 -0.25 10.0137348175049
v 0.325000000000001 -0.25 10.0683813095093
v 0.337500000000001 -0.25 10.1110782623291
v 0.350000000000001 -0.25 10.142596244812
v 0.362500000000001 -0.25 10.1637258529663
v 0.375000000000001 -0.25 10.1751661300659
v 0.387500000000001 -0.25 10.1779298782349
v 0.400000000000001 -0.25 10.1744384765625
v 0.412500000000001 -0.25 10.1671752929688
v 0.425000000000001 -0.25 10.1534185409546
v 0.437500000000001 -0.25 10.1266069412231
v 0.450000000000001 -0.25 10.0808124542236
v 0.462500000000001 -0.25 10.0096349716187
v 0.475000000000001 -0.25 9.90098094940186
v 0.487500000000001 -0.25 9.73433685302734
v 0.500000000000001 -0.25 9.47381019592285
v -0.5 -0.2375 10.2059421539307
v -0.4875 -0.2375 10.2188959121704
v -0.475 -0.2375 10.2288656234741
v -0.4625 -0.2375 10.2373170852661
v -0.45 -0.2375 10.2448835372925
v -0.4375 -0.2375 10.2515201568604
v -0.425 -0.2375 10.2566022872925
v -0.4125 -0.2375 10.2591238021851
v -0.4 -0.2375 10.2578659057617
v -0.3875 -0.2375 10.2514543533325
v -0.375 -0.2375 10.2382507324219
v -0.3625 -0.2375 10.2163105010986
v -0.35 -0.2375 10.183482170105
v -0.3375 -0.2375 10.1376028060913
v -0.325 -0.2375 10.076268196106
v -0.3125 -0.2375 9.9940767288208
v -0.3 -0.2375 9.86789417266846
v -0.2875 -0.2375 9.65729999542236
v -0.275 -0.2375 9.30206394195557
v -0.2625 -0.2375 8.63677883148193
v -0.25 -0.2375 7.510413646698
v -0.2375 -0.2375 6.04001188278198
v -0.225 -0.2375 4.84978818893433
v -0.2125 -0.2375 4.04950666427612
v -0.2 -0.2375 3.54470062255859
v -0.1875 -0.2375 3.23211979866028
v -0.175 -0.2375 3.04040956497192
v -0.1625 -0.2375 2.92276692390442
v -0.15 -0.2375 2.87256956100464
v -0.1375 -0.2375 2.87374877929688
v -0.125 -0.2375 2.90256500244141
v -0.1125 -0.2375 2.94786334037781
v -0.0999999999999996 -0.2375 2.9917995929718
v -0.0874999999999996 -0.2375 3.0495069026947
v -0.0749999999999996 -0.2375 3.1064395904541
v -0.0624999999999996 -0.2375 3.13488388061523
v -0.0499999999999996 -0.2375 3.18079876899719
v -0.0374999999999996 -0.2375 3.24334573745728
v -0.0249999999999996 -0.2375 3.24566435813904
v -0.0124999999999996 -0.2375 3.23011326789856
v 4.44089209850063e-16 -0.2375 3.24592971801758
v 0.0125000000000004 -0.2375 3.27409338951111
v 0.0250000000000005 -0.2375 3.27803659439087
v 0.0375000000000005 -0.2375 3.23991513252258
v 0.0500000000000005 -0.2375 3.26909947395325
v 0.0625000000000004 -0.2375 3.30704498291016
v 0.0750000000000005 -0.2375 3.29251265525818
v 0.0875000000000006 -0.2375 3.33913969993591
v 0.100000000000001 -0.2375 3.51002430915833
v 0.1125 -0.2375 3.81599593162537
v 0.125000000000001 -0.2375 4.21290683746338
v 0.137500000000001 -0.2375 4.65548515319824
v 0.150000000000001 -0.2375 5.18604755401611
v 0.162500000000001 -0.2375 6.08053684234619
v 0.175000000000001 -0.2375 7.32297086715698
v 0.187500000000001 -0.2375 8.27246379852295
v 0.200000000000001 -0.2375 8.56511211395264
v 0.212500000000001 -0.2375 8.92729663848877
v 0.225000000000001 -0.2375 9.232741355896
v 0.237500000000001 -0.2375 9.44248867034912
v 0.250000000000001 -0.2375 9.58666706085205
v 0.262500000000001 -0.2375 9.70353984832764
v 0.275000000000001 -0.2375 9.81019496917725
v 0.287500000000001 -0.2375 9.90113067626953
v 0.300000000000001 -0.2375 9.97536468505859
v 0.312500000000001 -0.2375 10.0364952087402
v 0.325000000000001 -0.2375 10.0865850448608
v 0.337500000000001 -0.2375 10.1261291503906
v 0.350000000000001 -0.2375 10.1554584503174
v 0.362500000000001 -0.2375 10.1749868392944
v 0.375000000000001 -0.2375 10.1849927902222
v 0.387500000000001 -0.2375 10.1861867904663
v 0.400000000000001 -0.2375 10.1812705993652
v 0.412500000000001 -0.2375 10.1737899780273
v 0.425000000000001 -0.2375 10.1608276367188
v 0.437500000000001 -0.2375 10.1351461410522
v 0.450000000000001 -0.2375 10.0917329788208
v 0.462500000000001 -0.2375 10.0247268676758
v 0.475000000000001 -0.2375 9.92030811309814
v 0.487500000000001 -0.2375 9.75806617736816
v 0.500000000000001 -0.2375 9.50352001190186
v -0.5 -0.225 10.1897192001343
v -0.4875 -0.225 10.2038679122925
v -0.475 -0.225 10.2146015167236
v -0.4625 -0.225 10.2233438491821
v -0.45 -0.225 10.2306690216064
v -0.4375 -0.225 10.2365465164185
v -0.425 -0.225 10.2404479980469
v -0.4125 -0.225 10.2415132522583
v -0.4 -0.225 10.2386903762817
v -0.3875 -0.225 10.2307329177856
v -0.375 -0.225 10.2161149978638
v -0.3625 -0.225 10.1930160522461
v -0.35 -0.225 10.1594944000244
v -0.3375 -0.225 10.1136198043823
v -0.325 -0.225 10.0526914596558
v -0.3125 -0.225 9.96903419494629
v -0.3 -0.225 9.8383731842041
v -0.2875 -0.225 9.6241397857666
v -0.275 -0.225 9.26158428192139
v -0.2625 -0.225 8.58310604095459
v -0.25 -0.225 7.40937566757202
v -0.2375 -0.225 5.8590087890625
v -0.225 -0.225 4.61277627944946
v -0.2125 -0.225 3.85973858833313
v -0.2 -0.225 3.39196944236755
v -0.1875 -0.225 3.09923028945923
v -0.175 -0.225 2.91609120368958
v -0.1625 -0.225 2.81374573707581
v -0.15 -0.225 2.77991700172424
v -0.1375 -0.225 2.77860140800476
v -0.125 -0.225 2.79455471038818
v -0.1125 -0.225 2.82767748832703
v -0.0999999999999996 -0.225 2.86802458763123
v -0.0874999999999996 -0.225 2.92829895019531
v -0.0749999999999996 -0.225 3.00131273269653
v -0.0624999999999996 -0.225 3.04350018501282
v -0.0499999999999996 -0.225 3.06148934364319
v -0.0374999999999996 -0.225 3.10110640525818
v -0.0249999999999996 -0.225 3.14099717140198
v -0.0124999999999996 -0.225 3.17530465126038
v 4.44089209850063e-16 -0.225 3.21292495727539
v 0.0125000000000004 -0.225 3.24018025398254
v 0.0250000000000005 -0.225 3.24537539482117
v 0.0375000000000005 -0.225 3.21115565299988
v 0.0500000000000005 -0.225 3.2574257850647
v 0.0625000000000004 -0.225 3.32178497314453
v 0.0750000000000005 -0.225 3.31266713142395
v 0.0875000000000006 -0.225 3.34439849853516
v 0.100000000000001 -0.225 3.49185180664062
v 0.1125 -0.225 3.82825827598572
v 0.125000000000001 -0.225 4.30389308929443
v 0.137500000000001 -0.225 4.7940411567688
v 0.150000000000001 -0.225 5.30219507217407
v 0.162500000000001 -0.225 6.06432294845581
v 0.175000000000001 -0.225 7.15335464477539
v 0.187500000000001 -0.225 8.07385921478271
v 0.200000000000001 -0.225 8.4555196762085
v 0.212500000000001 -0.225 8.8628101348877
v 0.225000000000001 -0.225 9.22249031066895
v 0.237500000000001 -0.225 9.46548748016357
v 0.250000000000001 -0.225 9.62907791137695
v 0.262500000000001 -0.225 9.7551965713501
v 0.275000000000001 -0.225 9.85703563690186
v 0.287500000000001 -0.225 9.93808460235596
v 0.300000000000001 -0.225 10.0043258666992
v 0.312500000000001 -0.225 10.0600833892822
v 0.325000000000001 -0.225 10.1062641143799
v 0.337500000000001 -0.225 10.1427593231201
v 0.350000000000001 -0.225 10.1698169708252
v 0.362500000000001 -0.225 10.1876811981201
v 0.375000000000001 -0.225 10.1962738037109
v 0.387500000000001 -0.225 10.1959447860718
v 0.400000000000001 -0.225 10.1894807815552
v 0.412500000000001 -0.225 10.181547164917
v 0.425000000000001 -0.225 10.1692152023315
v 0.437500000000001 -0.225 10.1445569992065
v 0.450000000000001 -0.225 10.1038427352905
v 0.462500000000001 -0.225 10.0416765213013
v 0.475000000000001 -0.225 9.94281673431396
v 0.487500000000001 -0.225 9.78801918029785
v 0.500000000000001 -0.225 9.54609107971191
v -0.5 -0.2125 10.1698369979858
v -0.4875 -0.2125 10.185546875
v -0.475 -0.2125 10.1972885131836
v -0.4625 -0.2125 10.2064256668091
v -0.45 -0.2125 10.2134275436401
v -0.4375 -0.2125 10.2182340621948
v -0.425 -0.2125 10.2204332351685
v -0.4125 -0.2125 10.2194547653198
v -0.4 -0.2125 10.2146520614624
v -0.3875 -0.2125 10.205099105835
v -0.375 -0.2125 10.1893672943115
v -0.3625 -0.2125 10.1656169891357
v -0.35 -0.2125 10.1318969726562
v -0.3375 -0.2125 10.0860996246338
v -0.325 -0.2125 10.0246591567993
v -0.3125 -0.2125 9.93796730041504
v -0.3 -0.2125 9.80045986175537
v -0.2875 -0.2125 9.57606029510498
v -0.275 -0.2125 9.18942165374756
v -0.2625 -0.2125 8.45420265197754
v -0.25 -0.2125 7.19416379928589
v -0.2375 -0.2125 5.62318897247314
v -0.225 -0.2125 4.37372207641602
v -0.2125 -0.2125 3.68746757507324
v -0.2 -0.2125 3.26077389717102
v -0.1875 -0.2125 2.98511958122253
v -0.175 -0.2125 2.81085872650146
v -0.1625 -0.2125 2.71868872642517
v -0.15 -0.2125 2.68401384353638
v -0.1375 -0.2125 2.67891526222229
v -0.125 -0.2125 2.68727564811707
v -0.1125 -0.2125 2.70821118354797
v -0.0999999999999996 -0.2125 2.74469995498657
v -0.0874999999999996 -0.2125 2.80464839935303
v -0.0749999999999996 -0.2125 2.89083886146545
v -0.0624999999999996 -0.2125 2.95768785476685
v -0.0499999999999996 -0.2125 2.98341464996338
v -0.0374999999999996 -0.2125 3.03397083282471
v -0.0249999999999996 -0.2125 3.10735154151917
v -0.0124999999999996 -0.2125 3.16555285453796
v 4.44089209850063e-16 -0.2125 3.20596480369568
v 0.0125000000000004 -0.2125 3.22241854667664
v 0.0250000000000005 -0.2125 3.21157765388489
v 0.0375000000000005 -0.2125 3.17178654670715
v 0.0500000000000005 -0.2125 3.23883104324341
v 0.0625000000000004 -0.2125 3.30326652526855
v 0.0750000000000005 -0.2125 3.31278085708618
v 0.0875000000000006 -0.2125 3.35739636421204
v 0.100000000000001 -0.2125 3.50930762290955
v 0.1125 -0.2125 3.89276576042175
v 0.125000000000001 -0.2125 4.48494720458984
v 0.137500000000001 -0.2125 5.05082654953003
v 0.150000000000001 -0.2125 5.55506181716919
v 0.162500000000001 -0.2125 6.18103170394897
v 0.175000000000001 -0.2125 7.06563568115234
v 0.187500000000001 -0.2125 7.903968334198
v 0.200000000000001 -0.2125 8.3567533493042
v 0.212500000000001 -0.2125 8.76344585418701
v 0.225000000000001 -0.2125 9.18227958679199
v 0.237500000000001 -0.2125 9.47506809234619
v 0.250000000000001 -0.2125 9.66668224334717
v 0.262500000000001 -0.2125 9.80014991760254
v 0.275000000000001 -0.2125 9.89694499969482
v 0.287500000000001 -0.2125 9.97044849395752
v 0.300000000000001 -0.2125 10.0312986373901
v 0.312500000000001 -0.2125 10.0836172103882
v 0.325000000000001 -0.2125 10.1268587112427
v 0.337500000000001 -0.2125 10.1605768203735
v 0.350000000000001 -0.2125 10.18532371521
v 0.362500000000001 -0.2125 10.2014560699463
v 0.375000000000001 -0.2125 10.2086782455444
v 0.387500000000001 -0.2125 10.2069931030273
v 0.400000000000001 -0.2125 10.1990079879761
v 0.412500000000001 -0.2125 10.1903886795044
v 0.425000000000001 -0.2125 10.1785955429077
v 0.437500000000001 -0.2125 10.1549139022827
v 0.450000000000001 -0.2125 10.1169118881226
v 0.462500000000001 -0.2125 10.0597658157349
v 0.475000000000001 -0.2125 9.96757221221924
v 0.487500000000001 -0.2125 9.82291412353516
v 0.500000000000001 -0.2125 9.59856224060059
v -0.5 -0.2 10.1459503173828
v -0.4875 -0.2 10.1637258529663
v -0.475 -0.2 10.1767807006836
v -0.4625 -0.2 10.1864347457886
v -0.45 -0.2 10.1930065155029
v -0.4375 -0.2 10.1963567733765
v -0.425 -0.2 10.1962223052979
v -0.4125 -0.2 10.1926021575928
v -0.4 -0.2 10.1857881546021
v -0.3875 -0.2 10.1753587722778
v -0.375 -0.2 10.1593933105469
v -0.3625 -0.2 10.1353769302368
v -0.35 -0.2 10.1011247634888
v -0.3375 -0.2 10.0543394088745
v -0.325 -0.2 9.99067687988281
v -0.3125 -0.2 9.89896392822266
v -0.3 -0.2 9.75139617919922
v -0.2875 -0.2 9.50857925415039
v -0.275 -0.2 9.08063697814941
v -0.2625 -0.2 8.24802684783936
v -0.25 -0.2 6.9097056388855
v -0.2375 -0.2 5.34070444107056
v -0.225 -0.2 4.16159152984619
v -0.2125 -0.2 3.53822779655457
v -0.2 -0.2 3.14775466918945
v -0.1875 -0.2 2.88635468482971
v -0.175 -0.2 2.71854543685913
v -0.1625 -0.2 2.62293982505798
v -0.15 -0.2 2.58049631118774
v -0.1375 -0.2 2.57432174682617
v -0.125 -0.2 2.58085298538208
v -0.1125 -0.2 2.59282946586609
v -0.0999999999999996 -0.2 2.62712168693542
v -0.0874999999999996 -0.2 2.69182705879211
v -0.0749999999999996 -0.2 2.78688931465149
v -0.0624999999999996 -0.2 2.88191986083984
v -0.0499999999999996 -0.2 2.93405961990356
v -0.0374999999999996 -0.2 3.00943064689636
v -0.0249999999999996 -0.2 3.09894561767578
v -0.0124999999999996 -0.2 3.1632559299469
v 4.44089209850063e-16 -0.2 3.19914603233337
v 0.0125000000000004 -0.2 3.20533227920532
v 0.0250000000000005 -0.2 3.17807269096375
v 0.0375000000000005 -0.2 3.14293813705444
v 0.0500000000000005 -0.2 3.22962951660156
v 0.0625000000000004 -0.2 3.26517724990845
v 0.0750000000000005 -0.2 3.29158568382263
v 0.0875000000000006 -0.2 3.35756301879883
v 0.100000000000001 -0.2 3.5361385345459
v 0.1125 -0.2 4.00291585922241
v 0.125000000000001 -0.2 4.7475471496582
v 0.137500000000001 -0.2 5.4070200920105
v 0.150000000000001 -0.2 5.90809488296509
v 0.162500000000001 -0.2 6.3874888420105
v 0.175000000000001 -0.2 7.04519653320312
v 0.187500000000001 -0.2 7.77484512329102
v 0.200000000000001 -0.2 8.25971698760986
v 0.212500000000001 -0.2 8.63527393341064
v 0.225000000000001 -0.2 9.11075019836426
v 0.237500000000001 -0.2 9.4678373336792
v 0.250000000000001 -0.2 9.69226551055908
v 0.262500000000001 -0.2 9.8336706161499
v 0.275000000000001 -0.2 9.92775344848633
v 0.287500000000001 -0.2 9.99691677093506
v 0.300000000000001 -0.2 10.05539894104
v 0.312500000000001 -0.2 10.1063508987427
v 0.325000000000001 -0.2 10.1477527618408
v 0.337500000000001 -0.2 10.179126739502
v 0.350000000000001 -0.2 10.2016181945801
v 0.362500000000001 -0.2 10.2159700393677
v 0.375000000000001 -0.2 10.221869468689
v 0.387500000000001 -0.2 10.2190618515015
v 0.400000000000001 -0.2 10.2097139358521
v 0.412500000000001 -0.2 10.200065612793
v 0.425000000000001 -0.2 10.188681602478
v 0.437500000000001 -0.2 10.1660099029541
v 0.450000000000001 -0.2 10.1305227279663
v 0.462500000000001 -0.2 10.0783567428589
v 0.475000000000001 -0.2 9.99397659301758
v 0.487500000000001 -0.2 9.86196804046631
v 0.500000000000001 -0.2 9.65833950042725
v -0.5 -0.1875 10.1175374984741
v -0.4875 -0.1875 10.1381177902222
v -0.475 -0.1875 10.1529083251953
v -0.4625 -0.1875 10.1632614135742
v -0.45 -0.1875 10.1693048477173
v -0.4375 -0.1875 10.1707677841187
v -0.425 -0.1875 10.1675891876221
v -0.4125 -0.1875 10.1608877182007
v -0.4 -0.1875 10.1527347564697
v -0.3875 -0.1875 10.142427444458
v -0.375 -0.1875 10.1260766983032
v -0.3625 -0.1875 10.100604057312
v -0.35 -0.1875 10.0643758773804
v -0.3375 -0.1875 10.0152206420898
v -0.325 -0.1875 9.94781017303467
v -0.3125 -0.1875 9.84900760650635
v -0.3 -0.1875 9.68722820281982
v -0.2875 -0.1875 9.41598606109619
v -0.275 -0.1875 8.93070220947266
v -0.2625 -0.1875 7.97578191757202
v -0.25 -0.1875 6.5754976272583
v -0.2375 -0.1875 5.04241704940796
v -0.225 -0.1875 3.97476577758789
v -0.2125 -0.1875 3.41362953186035
v -0.2 -0.1875 3.05262112617493
v -0.1875 -0.1875 2.80273079872131
v -0.175 -0.1875 2.63607978820801
v -0.1625 -0.1875 2.53067445755005
v -0.15 -0.1875 2.4800763130188
v -0.1375 -0.1875 2.47075748443604
v -0.125 -0.1875 2.47915935516357
v -0.1125 -0.1875 2.49156880378723
v -0.0999999999999996 -0.1875 2.53045320510864
v -0.0874999999999996 -0.1875 2.60817790031433
v -0.0749999999999996 -0.1875 2.71192264556885
v -0.0624999999999996 -0.1875 2.82341837882996
v -0.0499999999999996 -0.1875 2.89616131782532
v -0.0374999999999996 -0.1875 2.98412609100342
v -0.0249999999999996 -0.1875 3.08421874046326
v -0.0124999999999996 -0.1875 3.14914774894714
v 4.44089209850063e-16 -0.1875 3.17573976516724
v 0.0125000000000004 -0.1875 3.17226409912109
v 0.0250000000000005 -0.1875 3.13680815696716
v 0.0375000000000005 -0.1875 3.13086247444153
v 0.0500000000000005 -0.1875 3.22398686408997
v 0.0625000000000004 -0.1875 3.22328543663025
v 0.0750000000000005 -0.1875 3.25945472717285
v 0.0875000000000006 -0.1875 3.34535527229309
v 0.100000000000001 -0.1875 3.56051874160767
v 0.1125 -0.1875 4.14390325546265
v 0.125000000000001 -0.1875 5.05546808242798
v 0.137500000000001 -0.1875 5.80665445327759
v 0.150000000000001 -0.1875 6.29230833053589
v 0.162500000000001 -0.1875 6.62817096710205
v 0.175000000000001 -0.1875 7.07589054107666
v 0.187500000000001 -0.1875 7.67703247070312
v 0.200000000000001 -0.1875 8.138671875
v 0.212500000000001 -0.1875 8.50719738006592
v 0.225000000000001 -0.1875 9.01622104644775
v 0.237500000000001 -0.1875 9.43792724609375
v 0.250000000000001 -0.1875 9.70048046112061
v 0.262500000000001 -0.1875 9.8532657623291
v 0.275000000000001 -0.1875 9.94820022583008
v 0.287500000000001 -0.1875 10.0167684555054
v 0.300000000000001 -0.1875 10.0760669708252
v 0.312500000000001 -0.1875 10.1275520324707
v 0.325000000000001 -0.1875 10.1681709289551
v 0.337500000000001 -0.1875 10.1977996826172
v 0.350000000000001 -0.1875 10.2182760238647
v 0.362500000000001 -0.1875 10.2308921813965
v 0.375000000000001 -0.1875 10.2355442047119
v 0.387500000000001 -0.1875 10.2318840026855
v 0.400000000000001 -0.1875 10.2214660644531
v 0.412500000000001 -0.1875 10.2103290557861
v 0.425000000000001 -0.1875 10.1989774703979
v 0.437500000000001 -0.1875 10.1773700714111
v 0.450000000000001 -0.1875 10.1440935134888
v 0.462500000000001 -0.1875 10.0967359542847
v 0.475000000000001 -0.1875 10.0212030410767
v 0.487500000000001 -0.1875 9.90427398681641
v 0.500000000000001 -0.1875 9.72398376464844
v -0.5 -0.175 10.0838232040405
v -0.4875 -0.175 10.1082859039307
v -0.475 -0.175 10.1254377365112
v -0.4625 -0.175 10.1367864608765
v -0.45 -0.175 10.1422729492188
v -0.4375 -0.175 10.1414365768433
v -0.425 -0.175 10.1345062255859
v -0.4125 -0.175 10.1246023178101
v -0.4 -0.175 10.1158571243286
v -0.3875 -0.175 10.1046285629272
v -0.375 -0.175 10.0851001739502
v -0.3625 -0.175 10.0553684234619
v -0.35 -0.175 10.0152854919434
v -0.3375 -0.175 9.96288204193115
v -0.325 -0.175 9.89100551605225
v -0.3125 -0.175 9.78321361541748
v -0.3 -0.175 9.60208415985107
v -0.2875 -0.175 9.29161834716797
v -0.275 -0.175 8.73086452484131
v -0.2625 -0.175 7.66525650024414
v -0.25 -0.175 6.21053695678711
v -0.2375 -0.175 4.75548553466797
v -0.225 -0.175 3.80956053733826
v -0.2125 -0.175 3.30982971191406
v -0.2 -0.175 2.97684550285339
v -0.1875 -0.175 2.73598217964172
v -0.175 -0.175 2.56551671028137
v -0.1625 -0.175 2.45105171203613
v -0.15 -0.175 2.39191436767578
v -0.1375 -0.175 2.37567210197449
v -0.125 -0.175 2.3889262676239
v -0.1125 -0.175 2.4132239818573
v -0.0999999999999996 -0.175 2.46380710601807
v -0.0874999999999996 -0.175 2.55656599998474
v -0.0749999999999996 -0.175 2.66548776626587
v -0.0624999999999996 -0.175 2.77116084098816
v -0.0499999999999996 -0.175 2.85210108757019
v -0.0374999999999996 -0.175 2.94762539863586
v -0.0249999999999996 -0.175 3.05450248718262
v -0.0124999999999996 -0.175 3.11212992668152
v 4.44089209850063e-16 -0.175 3.12449049949646
v 0.0125000000000004 -0.175 3.11071467399597
v 0.0250000000000005 -0.175 3.0769054889679
v 0.0375000000000005 -0.175 3.11264991760254
v 0.0500000000000005 -0.175 3.21083068847656
v 0.0625000000000004 -0.175 3.1875741481781
v 0.0750000000000005 -0.175 3.22406840324402
v 0.0875000000000006 -0.175 3.32455563545227
v 0.100000000000001 -0.175 3.58015179634094
v 0.1125 -0.175 4.2978196144104
v 0.125000000000001 -0.175 5.35512018203735
v 0.137500000000001 -0.175 6.16857767105103
v 0.150000000000001 -0.175 6.62450361251831
v 0.162500000000001 -0.175 6.85672616958618
v 0.175000000000001 -0.175 7.17077875137329
v 0.187500000000001 -0.175 7.59826803207397
v 0.200000000000001 -0.175 8.01402378082275
v 0.212500000000001 -0.175 8.40301990509033
v 0.225000000000001 -0.175 8.90975189208984
v 0.237500000000001 -0.175 9.38502311706543
v 0.250000000000001 -0.175 9.68918895721436
v 0.262500000000001 -0.175 9.85774517059326
v 0.275000000000001 -0.175 9.95756149291992
v 0.287500000000001 -0.175 10.0296773910522
v 0.300000000000001 -0.175 10.0929079055786
v 0.312500000000001 -0.175 10.146445274353
v 0.325000000000001 -0.175 10.1871795654297
v 0.337500000000001 -0.175 10.2157506942749
v 0.350000000000001 -0.175 10.2346544265747
v 0.362500000000001 -0.175 10.2457494735718
v 0.375000000000001 -0.175 10.2493019104004
v 0.387500000000001 -0.175 10.245078086853
v 0.400000000000001 -0.175 10.2340459823608
v 0.412500000000001 -0.175 10.2210445404053
v 0.425000000000001 -0.175 10.2088756561279
v 0.437500000000001 -0.175 10.188250541687
v 0.450000000000001 -0.175 10.1568479537964
v 0.462500000000001 -0.175 10.1138639450073
v 0.475000000000001 -0.175 10.0474615097046
v 0.487500000000001 -0.175 9.94703483581543
v 0.500000000000001 -0.175 9.79196262359619
v -0.5 -0.1625 10.0437154769897
v -0.4875 -0.1625 10.0736017227173
v -0.475 -0.1625 10.0940237045288
v -0.4625 -0.1625 10.1068515777588
v -0.45 -0.1625 10.1118965148926
v -0.4375 -0.1625 10.1084766387939
v -0.425 -0.1625 10.0972290039062
v -0.4125 -0.1625 10.0842905044556
v -0.4 -0.1625 10.0743589401245
v -0.3875 -0.1625 10.058780670166
v -0.375 -0.1625 10.0319900512695
v -0.3625 -0.1625 9.99431896209717
v -0.35 -0.1625 9.94772243499756
v -0.3375 -0.1625 9.89080905914307
v -0.325 -0.1625 9.81386852264404
v -0.3125 -0.1625 9.6952953338623
v -0.3 -0.1625 9.48967361450195
v -0.2875 -0.1625 9.13343620300293
v -0.275 -0.1625 8.46611785888672
v -0.2625 -0.1625 7.31576871871948
v -0.25 -0.1625 5.83316659927368
v -0.2375 -0.1625 4.48900365829468
v -0.225 -0.1625 3.66888976097107
v -0.2125 -0.1625 3.22770547866821
v -0.2 -0.1625 2.92144203186035
v -0.1875 -0.1625 2.68707084655762
v -0.175 -0.1625 2.51098465919495
v -0.1625 -0.1625 2.38831758499146
v -0.15 -0.1625 2.31882238388062
v -0.1375 -0.1625 2.30181360244751
v -0.125 -0.1625 2.33379054069519
v -0.1125 -0.1625 2.37893962860107
v -0.0999999999999996 -0.1625 2.43750071525574
v -0.0874999999999996 -0.1625 2.53366112709045
v -0.0749999999999996 -0.1625 2.63804912567139
v -0.0624999999999996 -0.1625 2.72331309318542
v -0.0499999999999996 -0.1625 2.80110788345337
v -0.0374999999999996 -0.1625 2.90462923049927
v -0.0249999999999996 -0.1625 3.01102519035339
v -0.0124999999999996 -0.1625 3.05435156822205
v 4.44089209850063e-16 -0.1625 3.04860091209412
v 0.0125000000000004 -0.1625 3.02114343643188
v 0.0250000000000005 -0.1625 2.99487137794495
v 0.0375000000000005 -0.1625 3.06950950622559
v 0.0500000000000005 -0.1625 3.18763875961304
v 0.0625000000000004 -0.1625 3.16338706016541
v 0.0750000000000005 -0.1625 3.18980479240417
v 0.0875000000000006 -0.1625 3.29824233055115
v 0.100000000000001 -0.1625 3.59669923782349
v 0.1125 -0.1625 4.4460654258728
v 0.125000000000001 -0.1625 5.59699964523315
v 0.137500000000001 -0.1625 6.43372964859009
v 0.150000000000001 -0.1625 6.88087034225464
v 0.162500000000001 -0.1625 7.10798501968384
v 0.175000000000001 -0.1625 7.31250715255737
v 0.187500000000001 -0.1625 7.57064533233643
v 0.200000000000001 -0.1625 7.91522073745728
v 0.212500000000001 -0.1625 8.30237865447998
v 0.225000000000001 -0.1625 8.79891490936279
v 0.237500000000001 -0.1625 9.3165283203125
v 0.250000000000001 -0.1625 9.65865707397461
v 0.262500000000001 -0.1625 9.84670925140381
v 0.275000000000001 -0.1625 9.95555782318115
v 0.287500000000001 -0.1625 10.0356979370117
v 0.300000000000001 -0.1625 10.1055898666382
v 0.312500000000001 -0.1625 10.162239074707
v 0.325000000000001 -0.1625 10.203803062439
v 0.337500000000001 -0.1625 10.2319869995117
v 0.350000000000001 -0.1625 10.2498693466187
v 0.362500000000001 -0.1625 10.259804725647
v 0.375000000000001 -0.1625 10.2624998092651
v 0.387500000000001 -0.1625 10.2580099105835
v 0.400000000000001 -0.1625 10.2469291687012
v 0.412500000000001 -0.1625 10.232195854187
v 0.425000000000001 -0.1625 10.2179250717163
v 0.437500000000001 -0.1625 10.1977968215942
v 0.450000000000001 -0.1625 10.1679716110229
v 0.462500000000001 -0.1625 10.1286487579346
v 0.475000000000001 -0.1625 10.0705890655518
v 0.487500000000001 -0.1625 9.98607635498047
v 0.500000000000001 -0.1625 9.85614204406738
v -0.5 -0.15 9.99575996398926
v -0.4875 -0.15 10.0331869125366
v -0.475 -0.15 10.0581712722778
v -0.4625 -0.15 10.0732278823853
v -0.45 -0.15 10.078179359436
v -0.4375 -0.15 10.0721502304077
v -0.425 -0.15 10.0563383102417
v -0.4125 -0.15 10.040602684021
v -0.4 -0.15 10.0278186798096
v -0.3875 -0.15 10.0055236816406
v -0.375 -0.15 9.9713134765625
v -0.3625 -0.15 9.92733955383301
v -0.35 -0.15 9.87480068206787
v -0.3375 -0.15 9.81205749511719
v -0.325 -0.15 9.72716045379639
v -0.3125 -0.15 9.59340190887451
v -0.3 -0.15 9.35674476623535
v -0.2875 -0.15 8.93442535400391
v -0.275 -0.15 8.14145183563232
v -0.2625 -0.15 6.89697885513306
v -0.25 -0.15 5.45899534225464
v -0.2375 -0.15 4.2616229057312
v -0.225 -0.15 3.55893969535828
v -0.2125 -0.15 3.16893339157104
v -0.2 -0.15 2.88564348220825
v -0.1875 -0.15 2.65674948692322
v -0.175 -0.15 2.47533226013184
v -0.1625 -0.15 2.34350633621216
v -0.15 -0.15 2.2703549861908
v -0.1375 -0.15 2.27806377410889
v -0.125 -0.15 2.33998084068298
v -0.1125 -0.15 2.39563059806824
v -0.0999999999999996 -0.15 2.44884657859802
v -0.0874999999999996 -0.15 2.5346462726593
v -0.0749999999999996 -0.15 2.62357544898987
v -0.0624999999999996 -0.15 2.68662667274475
v -0.0499999999999996 -0.15 2.75307655334473
v -0.0374999999999996 -0.15 2.86063814163208
v -0.0249999999999996 -0.15 2.95986914634705
v -0.0124999999999996 -0.15 2.98461699485779
v 4.44089209850063e-16 -0.15 2.95694422721863
v 0.0125000000000004 -0.15 2.91155695915222
v 0.0250000000000005 -0.15 2.89600419998169
v 0.0375000000000005 -0.15 3.00458741188049
v 0.0500000000000005 -0.15 3.16104865074158
v 0.0625000000000004 -0.15 3.15566921234131
v 0.0750000000000005 -0.15 3.16077995300293
v 0.0875000000000006 -0.15 3.26979446411133
v 0.100000000000001 -0.15 3.6129322052002
v 0.1125 -0.15 4.56997632980347
v 0.125000000000001 -0.15 5.75292348861694
v 0.137500000000001 -0.15 6.5801100730896
v 0.150000000000001 -0.15 7.06211423873901
v 0.162500000000001 -0.15 7.2940673828125
v 0.175000000000001 -0.15 7.46205615997314
v 0.187500000000001 -0.15 7.61878728866577
v 0.200000000000001 -0.15 7.8759331703186
v 0.212500000000001 -0.15 8.21940231323242
v 0.225000000000001 -0.15 8.7030668258667
v 0.237500000000001 -0.15 9.24336528778076
v 0.250000000000001 -0.15 9.61119174957275
v 0.262500000000001 -0.15 9.8203649520874
v 0.275000000000001 -0.15 9.94242382049561
v 0.287500000000001 -0.15 10.035304069519
v 0.300000000000001 -0.15 10.1138067245483
v 0.312500000000001 -0.15 10.1742382049561
v 0.325000000000001 -0.15 10.2172060012817
v 0.337500000000001 -0.15 10.2455930709839
v 0.350000000000001 -0.15 10.2629880905151
v 0.362500000000001 -0.15 10.2721786499023
v 0.375000000000001 -0.15 10.274317741394
v 0.387500000000001 -0.15 10.2698459625244
v 0.400000000000001 -0.15 10.2592754364014
v 0.412500000000001 -0.15 10.2436780929565
v 0.425000000000001 -0.15 10.2263298034668
v 0.437500000000001 -0.15 10.205530166626
v 0.450000000000001 -0.15 10.1769895553589
v 0.462500000000001 -0.15 10.1406021118164
v 0.475000000000001 -0.15 10.0893821716309
v 0.487500000000001 -0.15 10.0183925628662
v 0.500000000000001 -0.15 9.91146755218506
v -0.5 -0.1375 9.93815994262695
v -0.4875 -0.1375 9.98591804504395
v -0.475 -0.1375 10.0172147750854
v -0.4625 -0.1375 10.035572052002
v -0.45 -0.1375 10.0410537719727
v -0.4375 -0.1375 10.0327196121216
v -0.425 -0.1375 10.0123767852783
v -0.4125 -0.1375 9.99370098114014
v -0.4 -0.1375 9.97744941711426
v -0.3875 -0.1375 9.95601844787598
v -0.375 -0.1375 9.92868804931641
v -0.3625 -0.1375 9.8815221786499
v -0.35 -0.1375 9.81577110290527
v -0.3375 -0.1375 9.73798656463623
v -0.325 -0.1375 9.63688468933105
v -0.3125 -0.1375 9.47652339935303
v -0.3 -0.1375 9.18648052215576
v -0.2875 -0.1375 8.67017269134521
v -0.275 -0.1375 7.75248575210571
v -0.2625 -0.1375 6.43871641159058
v -0.25 -0.1375 5.1194863319397
v -0.2375 -0.1375 4.08332777023315
v -0.225 -0.1375 3.48180389404297
v -0.2125 -0.1375 3.13153195381165
v -0.2 -0.1375 2.86952662467957
v -0.1875 -0.1375 2.64787650108337
v -0.175 -0.1375 2.46276354789734
v -0.1625 -0.1375 2.32433867454529
v -0.15 -0.1375 2.26406240463257
v -0.1375 -0.1375 2.2982804775238
v -0.125 -0.1375 2.36521196365356
v -0.1125 -0.1375 2.41194844245911
v -0.0999999999999996 -0.1375 2.45831751823425
v -0.0874999999999996 -0.1375 2.53968644142151
v -0.0749999999999996 -0.1375 2.61228013038635
v -0.0624999999999996 -0.1375 2.65710520744324
v -0.0499999999999996 -0.1375 2.71277952194214
v -0.0374999999999996 -0.1375 2.81467223167419
v -0.0249999999999996 -0.1375 2.90235114097595
v -0.0124999999999996 -0.1375 2.90821695327759
v 4.44089209850063e-16 -0.1375 2.86178016662598
v 0.0125000000000004 -0.1375 2.8055694103241
v 0.0250000000000005 -0.1375 2.80334639549255
v 0.0375000000000005 -0.1375 2.93917012214661
v 0.0500000000000005 -0.1375 3.142902135849
v 0.0625000000000004 -0.1375 3.16983842849731
v 0.0750000000000005 -0.1375 3.14235591888428
v 0.0875000000000006 -0.1375 3.2431435585022
v 0.100000000000001 -0.1375 3.62812876701355
v 0.1125 -0.1375 4.64875364303589
v 0.125000000000001 -0.1375 5.8104419708252
v 0.137500000000001 -0.1375 6.63224363327026
v 0.150000000000001 -0.1375 7.11876392364502
v 0.162500000000001 -0.1375 7.40323257446289
v 0.175000000000001 -0.1375 7.60339069366455
v 0.187500000000001 -0.1375 7.72590637207031
v 0.200000000000001 -0.1375 7.90435934066772
v 0.212500000000001 -0.1375 8.1807918548584
v 0.225000000000001 -0.1375 8.64277076721191
v 0.237500000000001 -0.1375 9.17595958709717
v 0.250000000000001 -0.1375 9.54978179931641
v 0.262500000000001 -0.1375 9.77950477600098
v 0.275000000000001 -0.1375 9.91942024230957
v 0.287500000000001 -0.1375 10.0294637680054
v 0.300000000000001 -0.1375 10.117431640625
v 0.312500000000001 -0.1375 10.1820316314697
v 0.325000000000001 -0.1375 10.2268943786621
v 0.337500000000001 -0.1375 10.2559804916382
v 0.350000000000001 -0.1375 10.2733325958252
v 0.362500000000001 -0.1375 10.2821455001831
v 0.375000000000001 -0.1375 10.2840185165405
v 0.387500000000001 -0.1375 10.2798099517822
v 0.400000000000001 -0.1375 10.2701749801636
v 0.412500000000001 -0.1375 10.2549772262573
v 0.425000000000001 -0.1375 10.2350997924805
v 0.437500000000001 -0.1375 10.2120666503906
v 0.450000000000001 -0.1375 10.1840991973877
v 0.462500000000001 -0.1375 10.1500158309937
v 0.475000000000001 -0.1375 10.1040315628052
v 0.487500000000001 -0.1375 10.043251991272
v 0.500000000000001 -0.1375 9.95584392547607
v -0.5 -0.125 9.86881732940674
v -0.4875 -0.125 9.930419921875
v -0.475 -0.125 9.97028636932373
v -0.4625 -0.125 9.9933500289917
v -0.45 -0.125 10.0002212524414
v -0.4375 -0.125 9.99004936218262
v -0.425 -0.125 9.96496105194092
v -0.4125 -0.125 9.94201850891113
v -0.4 -0.125 9.92650508880615
v -0.3875 -0.125 9.91799831390381
v -0.375 -0.125 9.88867855072021
v -0.3625 -0.125 9.82709884643555
v -0.35 -0.125 9.74025726318359
v -0.3375 -0.125 9.63401222229004
v -0.325 -0.125 9.49874305725098
v -0.3125 -0.125 9.29571151733398
v -0.3 -0.125 8.94639587402344
v -0.2875 -0.125 8.34227275848389
v -0.275 -0.125 7.28387451171875
v -0.2625 -0.125 6.02710390090942
v -0.25 -0.125 4.83739471435547
v -0.2375 -0.125 3.9578857421875
v -0.225 -0.125 3.42957186698914
v -0.2125 -0.125 3.11372852325439
v -0.2 -0.125 2.87541961669922
v -0.1875 -0.125 2.6657772064209
v -0.175 -0.125 2.47989702224731
v -0.1625 -0.125 2.33725214004517
v -0.15 -0.125 2.28013849258423
v -0.1375 -0.125 2.30711054801941
v -0.125 -0.125 2.35506939888
v -0.1125 -0.125 2.38808989524841
v -0.0999999999999996 -0.125 2.44143986701965
v -0.0874999999999996 -0.125 2.53459286689758
v -0.0749999999999996 -0.125 2.59829330444336
v -0.0624999999999996 -0.125 2.62721228599548
v -0.0499999999999996 -0.125 2.67636156082153
v -0.0374999999999996 -0.125 2.76936388015747
v -0.0249999999999996 -0.125 2.85390973091125
v -0.0124999999999996 -0.125 2.86048650741577
v 4.44089209850063e-16 -0.125 2.82178783416748
v 0.0125000000000004 -0.125 2.77640509605408
v 0.0250000000000005 -0.125 2.7766740322113
v 0.0375000000000005 -0.125 2.91093039512634
v 0.0500000000000005 -0.125 3.14637541770935
v 0.0625000000000004 -0.125 3.20885157585144
v 0.0750000000000005 -0.125 3.14009261131287
v 0.0875000000000006 -0.125 3.2210853099823
v 0.100000000000001 -0.125 3.63231134414673
v 0.1125 -0.125 4.66360902786255
v 0.125000000000001 -0.125 5.7918267250061
v 0.137500000000001 -0.125 6.60014200210571
v 0.150000000000001 -0.125 7.11752414703369
v 0.162500000000001 -0.125 7.47397232055664
v 0.175000000000001 -0.125 7.7278618812561
v 0.187500000000001 -0.125 7.85279417037964
v 0.200000000000001 -0.125 7.97850799560547
v 0.212500000000001 -0.125 8.20260334014893
v 0.225000000000001 -0.125 8.62737464904785
v 0.237500000000001 -0.125 9.11909008026123
v 0.250000000000001 -0.125 9.47711277008057
v 0.262500000000001 -0.125 9.72612285614014
v 0.275000000000001 -0.125 9.8898344039917
v 0.287500000000001 -0.125 10.0197925567627
v 0.300000000000001 -0.125 10.116847038269
v 0.312500000000001 -0.125 10.1856918334961
v 0.325000000000001 -0.125 10.2328176498413
v 0.337500000000001 -0.125 10.2629995346069
v 0.350000000000001 -0.125 10.2806482315063
v 0.362500000000001 -0.125 10.2893648147583
v 0.375000000000001 -0.125 10.291205406189
v 0.387500000000001 -0.125 10.2874383926392
v 0.400000000000001 -0.125 10.2789916992188
v 0.412500000000001 -0.125 10.2652254104614
v 0.425000000000001 -0.125 10.2449150085449
v 0.437500000000001 -0.125 10.2194080352783
v 0.450000000000001 -0.125 10.1906042098999
v 0.462500000000001 -0.125 10.1578722000122
v 0.475000000000001 -0.125 10.1156845092773
v 0.487500000000001 -0.125 10.0618000030518
v 0.500000000000001 -0.125 9.98975849151611
v -0.5 -0.1125 9.78537273406982
v -0.4875 -0.1125 9.86505603790283
v -0.475 -0.1125 9.916259765625
v -0.4625 -0.1125 9.94571685791016
v -0.45 -0.1125 9.95493221282959
v -0.4375 -0.1125 9.94325351715088
v -0.425 -0.1125 9.9124584197998
v -0.4125 -0.1125 9.88323879241943
v -0.4 -0.1125 9.87645149230957
v -0.3875 -0.1125 9.86875152587891
v -0.375 -0.1125 9.82686138153076
v -0.3625 -0.1125 9.75216102600098
v -0.35 -0.1125 9.64826107025146
v -0.3375 -0.1125 9.51223182678223
v -0.325 -0.1125 9.32964038848877
v -0.3125 -0.1125 9.07541751861572
v -0.3 -0.1125 8.67689323425293
v -0.2875 -0.1125 7.92615652084351
v -0.275 -0.1125 6.85046529769897
v -0.2625 -0.1125 5.71780252456665
v -0.25 -0.1125 4.65516090393066
v -0.2375 -0.1125 3.86380553245544
v -0.225 -0.1125 3.38867235183716
v -0.2125 -0.1125 3.11045575141907
v -0.2 -0.1125 2.90074968338013
v -0.1875 -0.1125 2.70902442932129
v -0.175 -0.1125 2.52464199066162
v -0.1625 -0.1125 2.37261009216309
v -0.15 -0.1125 2.29574847221375
v -0.1375 -0.1125 2.28910803794861
v -0.125 -0.1125 2.30976343154907
v -0.1125 -0.1125 2.34497117996216
v -0.0999999999999996 -0.1125 2.42931222915649
v -0.0874999999999996 -0.1125 2.54257488250732
v -0.0749999999999996 -0.1125 2.60866594314575
v -0.0624999999999996 -0.1125 2.63455700874329
v -0.0499999999999996 -0.1125 2.6889169216156
v -0.0374999999999996 -0.1125 2.80172419548035
v -0.0249999999999996 -0.1125 2.91964316368103
v -0.0124999999999996 -0.1125 2.96587300300598
v 4.44089209850063e-16 -0.1125 2.95714902877808
v 0.0125000000000004 -0.1125 2.91514229774475
v 0.0250000000000005 -0.1125 2.87653422355652
v 0.0375000000000005 -0.1125 2.94544553756714
v 0.0500000000000005 -0.1125 3.1721625328064
v 0.0625000000000004 -0.1125 3.26517724990845
v 0.0750000000000005 -0.1125 3.15571236610413
v 0.0875000000000006 -0.1125 3.20425796508789
v 0.100000000000001 -0.1125 3.60833215713501
v 0.1125 -0.1125 4.59863805770874
v 0.125000000000001 -0.1125 5.69780588150024
v 0.137500000000001 -0.1125 6.52404499053955
v 0.150000000000001 -0.1125 7.10963010787964
v 0.162500000000001 -0.1125 7.53875827789307
v 0.175000000000001 -0.1125 7.846923828125
v 0.187500000000001 -0.1125 7.97667694091797
v 0.200000000000001 -0.1125 8.08369636535645
v 0.212500000000001 -0.1125 8.27786540985107
v 0.225000000000001 -0.1125 8.64838600158691
v 0.237500000000001 -0.1125 9.06889629364014
v 0.250000000000001 -0.1125 9.39714908599854
v 0.262500000000001 -0.1125 9.66485595703125
v 0.275000000000001 -0.1125 9.85955429077148
v 0.287500000000001 -0.1125 10.008734703064
v 0.300000000000001 -0.1125 10.1132507324219
v 0.312500000000001 -0.1125 10.1859178543091
v 0.325000000000001 -0.1125 10.2354192733765
v 0.337500000000001 -0.1125 10.2669372558594
v 0.350000000000001 -0.1125 10.2851047515869
v 0.362500000000001 -0.1125 10.2939176559448
v 0.375000000000001 -0.1125 10.2958822250366
v 0.387500000000001 -0.1125 10.2926692962646
v 0.400000000000001 -0.1125 10.2855014801025
v 0.412500000000001 -0.1125 10.2736949920654
v 0.425000000000001 -0.1125 10.255012512207
v 0.437500000000001 -0.1125 10.2292289733887
v 0.450000000000001 -0.1125 10.1991291046143
v 0.462500000000001 -0.1125 10.1662769317627
v 0.475000000000001 -0.1125 10.1262865066528
v 0.487500000000001 -0.1125 10.0764417648315
v 0.500000000000001 -0.1125 10.0153198242188
v -0.5 -0.0999999999999996 9.68513774871826
v -0.4875 -0.0999999999999996 9.78781318664551
v -0.475 -0.0999999999999996 9.8536376953125
v -0.4625 -0.0999999999999996 9.8914213180542
v -0.45 -0.0999999999999996 9.90393352508545
v -0.4375 -0.0999999999999996 9.89083385467529
v -0.425 -0.0999999999999996 9.85296154022217
v -0.4125 -0.0999999999999996 9.81680679321289
v -0.4 -0.0999999999999996 9.81638240814209
v -0.3875 -0.0999999999999996 9.79712867736816
v -0.375 -0.0999999999999996 9.74252796173096
v -0.3625 -0.0999999999999996 9.65640258789062
v -0.35 -0.0999999999999996 9.52919769287109
v -0.3375 -0.0999999999999996 9.36100959777832
v -0.325 -0.0999999999999996 9.15800380706787
v -0.3125 -0.0999999999999996 8.8895435333252
v -0.3 -0.0999999999999996 8.41439342498779
v -0.2875 -0.0999999999999996 7.5519380569458
v -0.275 -0.0999999999999996 6.50679492950439
v -0.2625 -0.0999999999999996 5.45845746994019
v -0.25 -0.0999999999999996 4.49063205718994
v -0.2375 -0.0999999999999996 3.77173471450806
v -0.225 -0.0999999999999996 3.35136032104492
v -0.2125 -0.0999999999999996 3.11316776275635
v -0.2 -0.0999999999999996 2.93531632423401
v -0.1875 -0.0999999999999996 2.76615953445435
v -0.175 -0.0999999999999996 2.58697295188904
v -0.1625 -0.0999999999999996 2.42216110229492
v -0.15 -0.0999999999999996 2.31417536735535
v -0.1375 -0.0999999999999996 2.2682158946991
v -0.125 -0.0999999999999996 2.27263140678406
v -0.1125 -0.0999999999999996 2.33307528495789
v -0.0999999999999996 -0.0999999999999996 2.44869995117188
v -0.0874999999999996 -0.0999999999999996 2.5780394077301
v -0.0749999999999996 -0.0999999999999996 2.66025996208191
v -0.0624999999999996 -0.0999999999999996 2.70512342453003
v -0.0499999999999996 -0.0999999999999996 2.78141260147095
v -0.0374999999999996 -0.0999999999999996 2.91759729385376
v -0.0249999999999996 -0.0999999999999996 3.04827523231506
v -0.0124999999999996 -0.0999999999999996 3.11058449745178
v 4.44089209850063e-16 -0.0999999999999996 3.11245131492615
v 0.0125000000000004 -0.0999999999999996 3.06857490539551
v 0.0250000000000005 -0.0999999999999996 2.99788165092468
v 0.0375000000000005 -0.0999999999999996 2.99491119384766
v 0.0500000000000005 -0.0999999999999996 3.17644739151001
v 0.0625000000000004 -0.0999999999999996 3.30422711372375
v 0.0750000000000005 -0.0999999999999996 3.17933225631714
v 0.0875000000000006 -0.0999999999999996 3.19031548500061
v 0.100000000000001 -0.0999999999999996 3.5467414855957
v 0.1125 -0.0999999999999996 4.43908882141113
v 0.125000000000001 -0.0999999999999996 5.49501609802246
v 0.137500000000001 -0.0999999999999996 6.37297439575195
v 0.150000000000001 -0.0999999999999996 7.06919622421265
v 0.162500000000001 -0.0999999999999996 7.61590147018433
v 0.175000000000001 -0.0999999999999996 7.9649019241333
v 0.187500000000001 -0.0999999999999996 8.09862804412842
v 0.200000000000001 -0.0999999999999996 8.21226596832275
v 0.212500000000001 -0.0999999999999996 8.37805461883545
v 0.225000000000001 -0.0999999999999996 8.66544342041016
v 0.237500000000001 -0.0999999999999996 9.00668048858643
v 0.250000000000001 -0.0999999999999996 9.31321239471436
v 0.262500000000001 -0.0999999999999996 9.60397338867188
v 0.275000000000001 -0.0999999999999996 9.83549785614014
v 0.287500000000001 -0.0999999999999996 9.99934577941895
v 0.300000000000001 -0.0999999999999996 10.1085844039917
v 0.312500000000001 -0.0999999999999996 10.1839799880981
v 0.325000000000001 -0.0999999999999996 10.2355489730835
v 0.337500000000001 -0.0999999999999996 10.2684020996094
v 0.350000000000001 -0.0999999999999996 10.2871799468994
v 0.362500000000001 -0.0999999999999996 10.2961921691895
v 0.375000000000001 -0.0999999999999996 10.2983751296997
v 0.387500000000001 -0.0999999999999996 10.295750617981
v 0.400000000000001 -0.0999999999999996 10.2898273468018
v 0.412500000000001 -0.0999999999999996 10.2800893783569
v 0.425000000000001 -0.0999999999999996 10.2640781402588
v 0.437500000000001 -0.0999999999999996 10.2405958175659
v 0.450000000000001 -0.0999999999999996 10.2113466262817
v 0.462500000000001 -0.0999999999999996 10.1783514022827
v 0.475000000000001 -0.0999999999999996 10.1391649246216
v 0.487500000000001 -0.0999999999999996 10.0910291671753
v 0.500000000000001 -0.0999999999999996 10.0361604690552
v -0.5 -0.0874999999999996 9.56558132171631
v -0.4875 -0.0874999999999996 9.69617748260498
v -0.475 -0.0874999999999996 9.78052234649658
v -0.4625 -0.0874999999999996 9.8288631439209
v -0.45 -0.0874999999999996 9.84568023681641
v -0.4375 -0.0874999999999996 9.83119964599609
v -0.425 -0.0874999999999996 9.78526210784912
v -0.4125 -0.0874999999999996 9.74279689788818
v -0.4 -0.0874999999999996 9.73881435394287
v -0.3875 -0.0874999999999996 9.70621967315674
v -0.375 -0.0874999999999996 9.64243984222412
v -0.3625 -0.0874999999999996 9.5387716293335
v -0.35 -0.0874999999999996 9.38493347167969
v -0.3375 -0.0874999999999996 9.18647766113281
v -0.325 -0.0874999999999996 8.97032737731934
v -0.3125 -0.0874999999999996 8.65667629241943
v -0.3 -0.0874999999999996 8.12718868255615
v -0.2875 -0.0874999999999996 7.26823425292969
v -0.275 -0.0874999999999996 6.28476095199585
v -0.2625 -0.0874999999999996 5.23196935653687
v -0.25 -0.0874999999999996 4.32391691207886
v -0.2375 -0.0874999999999996 3.67967391014099
v -0.225 -0.0874999999999996 3.31517267227173
v -0.2125 -0.0874999999999996 3.11558794975281
v -0.2 -0.0874999999999996 2.96883249282837
v -0.1875 -0.0874999999999996 2.82474756240845
v -0.175 -0.0874999999999996 2.65796422958374
v -0.1625 -0.0874999999999996 2.48608016967773
v -0.15 -0.0874999999999996 2.3515841960907
v -0.1375 -0.0874999999999996 2.27658724784851
v -0.125 -0.0874999999999996 2.27632904052734
v -0.1125 -0.0874999999999996 2.35547423362732
v -0.0999999999999996 -0.0874999999999996 2.48550343513489
v -0.0874999999999996 -0.0874999999999996 2.62024426460266
v -0.0749999999999996 -0.0874999999999996 2.71143841743469
v -0.0624999999999996 -0.0874999999999996 2.77063059806824
v -0.0499999999999996 -0.0874999999999996 2.85211730003357
v -0.0374999999999996 -0.0874999999999996 2.9712450504303
v -0.0249999999999996 -0.0874999999999996 3.08203983306885
v -0.0124999999999996 -0.0874999999999996 3.13930535316467
v 4.44089209850063e-16 -0.0874999999999996 3.14442539215088
v 0.0125000000000004 -0.0874999999999996 3.106609582901
v 0.0250000000000005 -0.0874999999999996 3.03044581413269
v 0.0375000000000005 -0.0874999999999996 2.98871970176697
v 0.0500000000000005 -0.0874999999999996 3.11532235145569
v 0.0625000000000004 -0.0874999999999996 3.27938151359558
v 0.0750000000000005 -0.0874999999999996 3.1850221157074
v 0.0875000000000006 -0.0874999999999996 3.17254447937012
v 0.100000000000001 -0.0874999999999996 3.46038055419922
v 0.1125 -0.0874999999999996 4.19561862945557
v 0.125000000000001 -0.0874999999999996 5.16961717605591
v 0.137500000000001 -0.0874999999999996 6.07066583633423
v 0.150000000000001 -0.0874999999999996 6.91525793075562
v 0.162500000000001 -0.0874999999999996 7.62077188491821
v 0.175000000000001 -0.0874999999999996 8.02429580688477
v 0.187500000000001 -0.0874999999999996 8.21330738067627
v 0.200000000000001 -0.0874999999999996 8.32378578186035
v 0.212500000000001 -0.0874999999999996 8.43959999084473
v 0.225000000000001 -0.0874999999999996 8.63150405883789
v 0.237500000000001 -0.0874999999999996 8.9100980758667
v 0.250000000000001 -0.0874999999999996 9.22378444671631
v 0.262500000000001 -0.0874999999999996 9.55408763885498
v 0.275000000000001 -0.0874999999999996 9.82274150848389
v 0.287500000000001 -0.0874999999999996 9.99447917938232
v 0.300000000000001 -0.0874999999999996 10.1050138473511
v 0.312500000000001 -0.0874999999999996 10.1814250946045
v 0.325000000000001 -0.0874999999999996 10.2342796325684
v 0.337500000000001 -0.0874999999999996 10.2681722640991
v 0.350000000000001 -0.0874999999999996 10.2874956130981
v 0.362500000000001 -0.0874999999999996 10.2967290878296
v 0.375000000000001 -0.0874999999999996 10.2991600036621
v 0.387500000000001 -0.0874999999999996 10.2971019744873
v 0.400000000000001 -0.0874999999999996 10.2923002243042
v 0.412500000000001 -0.0874999999999996 10.2844839096069
v 0.425000000000001 -0.0874999999999996 10.2713384628296
v 0.437500000000001 -0.0874999999999996 10.2513656616211
v 0.450000000000001 -0.0874999999999996 10.2253475189209
v 0.462500000000001 -0.0874999999999996 10.1945028305054
v 0.475000000000001 -0.0874999999999996 10.157036781311
v 0.487500000000001 -0.0874999999999996 10.1101961135864
v 0.500000000000001 -0.0874999999999996 10.0579519271851
v -0.5 -0.0749999999999996 9.43104839324951
v -0.4875 -0.0749999999999996 9.58773231506348
v -0.475 -0.0749999999999996 9.69487285614014
v -0.4625 -0.0749999999999996 9.75638580322266
v -0.45 -0.0749999999999996 9.77872753143311
v -0.4375 -0.0749999999999996 9.76312923431396
v -0.425 -0.0749999999999996 9.70916271209717
v -0.4125 -0.0749999999999996 9.66010761260986
v -0.4 -0.0749999999999996 9.64587593078613
v -0.3875 -0.0749999999999996 9.61000633239746
v -0.375 -0.0749999999999996 9.53363037109375
v -0.3625 -0.0749999999999996 9.40272331237793
v -0.35 -0.0749999999999996 9.21841430664062
v -0.3375 -0.0749999999999996 9.00567626953125
v -0.325 -0.0749999999999996 8.76937770843506
v -0.3125 -0.0749999999999996 8.45365428924561
v -0.3 -0.0749999999999996 7.89421701431274
v -0.2875 -0.0749999999999996 7.08236932754517
v -0.275 -0.0749999999999996 6.13088512420654
v -0.2625 -0.0749999999999996 5.05905055999756
v -0.25 -0.0749999999999996 4.17285490036011
v -0.2375 -0.0749999999999996 3.59414672851562
v -0.225 -0.0749999999999996 3.28128409385681
v -0.2125 -0.0749999999999996 3.11559772491455
v -0.2 -0.0749999999999996 2.99555277824402
v -0.1875 -0.0749999999999996 2.8764386177063
v -0.175 -0.0749999999999996 2.73163080215454
v -0.1625 -0.0749999999999996 2.56722640991211
v -0.15 -0.0749999999999996 2.4239513874054
v -0.1375 -0.0749999999999996 2.33658933639526
v -0.125 -0.0749999999999996 2.3323700428009
v -0.1125 -0.0749999999999996 2.41071581840515
v -0.0999999999999996 -0.0749999999999996 2.53323030471802
v -0.0874999999999996 -0.0749999999999996 2.65725946426392
v -0.0749999999999996 -0.0749999999999996 2.74479651451111
v -0.0624999999999996 -0.0749999999999996 2.807133436203
v -0.0499999999999996 -0.0749999999999996 2.88212418556213
v -0.0374999999999996 -0.0749999999999996 2.98117089271545
v -0.0249999999999996 -0.0749999999999996 3.07272958755493
v -0.0124999999999996 -0.0749999999999996 3.12354946136475
v 4.44089209850063e-16 -0.0749999999999996 3.13018012046814
v 0.0125000000000004 -0.0749999999999996 3.09540176391602
v 0.0250000000000005 -0.0749999999999996 3.01149344444275
v 0.0375000000000005 -0.0749999999999996 2.92520213127136
v 0.0500000000000005 -0.0749999999999996 2.99509501457214
v 0.0625000000000004 -0.0749999999999996 3.17897582054138
v 0.0750000000000005 -0.0749999999999996 3.14967608451843
v 0.0875000000000006 -0.0749999999999996 3.14111757278442
v 0.100000000000001 -0.0749999999999996 3.37090229988098
v 0.1125 -0.0749999999999996 3.92249727249146
v 0.125000000000001 -0.0749999999999996 4.76011848449707
v 0.137500000000001 -0.0749999999999996 5.629554271698
v 0.150000000000001 -0.0749999999999996 6.59165668487549
v 0.162500000000001 -0.0749999999999996 7.46936798095703
v 0.175000000000001 -0.0749999999999996 8.00895214080811
v 0.187500000000001 -0.0749999999999996 8.26033306121826
v 0.200000000000001 -0.0749999999999996 8.33979797363281
v 0.212500000000001 -0.0749999999999996 8.39242553710938
v 0.225000000000001 -0.0749999999999996 8.51082992553711
v 0.237500000000001 -0.0749999999999996 8.76414394378662
v 0.250000000000001 -0.0749999999999996 9.13114929199219
v 0.262500000000001 -0.0749999999999996 9.52559566497803
v 0.275000000000001 -0.0749999999999996 9.82321166992188
v 0.287500000000001 -0.0749999999999996 9.99588489532471
v 0.300000000000001 -0.0749999999999996 10.1042366027832
v 0.312500000000001 -0.0749999999999996 10.1796569824219
v 0.325000000000001 -0.0749999999999996 10.2326498031616
v 0.337500000000001 -0.0749999999999996 10.2670106887817
v 0.350000000000001 -0.0749999999999996 10.2866621017456
v 0.362500000000001 -0.0749999999999996 10.2960758209229
v 0.375000000000001 -0.0749999999999996 10.2987413406372
v 0.387500000000001 -0.0749999999999996 10.2971801757812
v 0.400000000000001 -0.0749999999999996 10.2933225631714
v 0.412500000000001 -0.0749999999999996 10.2871541976929
v 0.425000000000001 -0.0749999999999996 10.2766380310059
v 0.437500000000001 -0.0749999999999996 10.2602796554565
v 0.450000000000001 -0.0749999999999996 10.2383575439453
v 0.462500000000001 -0.0749999999999996 10.2113847732544
v 0.475000000000001 -0.0749999999999996 10.1775789260864
v 0.487500000000001 -0.0749999999999996 10.133810043335
v 0.500000000000001 -0.0749999999999996 10.0834140777588
v -0.5 -0.0624999999999996 9.30455303192139
v -0.4875 -0.0624999999999996 9.46345710754395
v -0.475 -0.0624999999999996 9.59533214569092
v -0.4625 -0.0624999999999996 9.67282104492188
v -0.45 -0.0624999999999996 9.70218849182129
v -0.4375 -0.0624999999999996 9.68614864349365
v -0.425 -0.0624999999999996 9.62560272216797
v -0.4125 -0.0624999999999996 9.57013988494873
v -0.4 -0.0624999999999996 9.54743099212646
v -0.3875 -0.0624999999999996 9.5158863067627
v -0.375 -0.0624999999999996 9.41943645477295
v -0.3625 -0.0624999999999996 9.24926662445068
v -0.35 -0.0624999999999996 9.04985618591309
v -0.3375 -0.0624999999999996 8.82790565490723
v -0.325 -0.0624999999999996 8.61928272247314
v -0.3125 -0.0624999999999996 8.29511070251465
v -0.3 -0.0624999999999996 7.71174955368042
v -0.2875 -0.0624999999999996 6.93674945831299
v -0.275 -0.0624999999999996 5.98689651489258
v -0.2625 -0.0624999999999996 4.95098447799683
v -0.25 -0.0624999999999996 4.06549978256226
v -0.2375 -0.0624999999999996 3.52302050590515
v -0.225 -0.0624999999999996 3.25273203849792
v -0.2125 -0.0624999999999996 3.11378931999207
v -0.2 -0.0624999999999996 3.01374745368958
v -0.1875 -0.0624999999999996 2.91667723655701
v -0.175 -0.0624999999999996 2.80279517173767
v -0.1625 -0.0624999999999996 2.6661479473114
v -0.15 -0.0624999999999996 2.53596758842468
v -0.1375 -0.0624999999999996 2.45155143737793
v -0.125 -0.0624999999999996 2.43905425071716
v -0.1125 -0.0624999999999996 2.49208450317383
v -0.0999999999999996 -0.0624999999999996 2.58405494689941
v -0.0874999999999996 -0.0624999999999996 2.684898853302
v -0.0749999999999996 -0.0624999999999996 2.76474547386169
v -0.0624999999999996 -0.0624999999999996 2.82735252380371
v -0.0499999999999996 -0.0624999999999996 2.89647316932678
v -0.0374999999999996 -0.0624999999999996 2.98171448707581
v -0.0249999999999996 -0.0624999999999996 3.05622553825378
v -0.0124999999999996 -0.0624999999999996 3.09837698936462
v 4.44089209850063e-16 -0.0624999999999996 3.10191082954407
v 0.0125000000000004 -0.0624999999999996 3.06386351585388
v 0.0250000000000005 -0.0624999999999996 2.96981287002563
v 0.0375000000000005 -0.0624999999999996 2.84113621711731
v 0.0500000000000005 -0.0624999999999996 2.85105133056641
v 0.0625000000000004 -0.0624999999999996 3.03430247306824
v 0.0750000000000005 -0.0624999999999996 3.07354474067688
v 0.0875000000000006 -0.0624999999999996 3.08860182762146
v 0.100000000000001 -0.0624999999999996 3.28078150749207
v 0.1125 -0.0624999999999996 3.67982649803162
v 0.125000000000001 -0.0624999999999996 4.34467744827271
v 0.137500000000001 -0.0624999999999996 5.14289140701294
v 0.150000000000001 -0.0624999999999996 6.11452484130859
v 0.162500000000001 -0.0624999999999996 7.15453958511353
v 0.175000000000001 -0.0624999999999996 7.85431432723999
v 0.187500000000001 -0.0624999999999996 8.13876342773438
v 0.200000000000001 -0.0624999999999996 8.17868995666504
v 0.212500000000001 -0.0624999999999996 8.20073509216309
v 0.225000000000001 -0.0624999999999996 8.32377052307129
v 0.237500000000001 -0.0624999999999996 8.60397052764893
v 0.250000000000001 -0.0624999999999996 9.05261516571045
v 0.262500000000001 -0.0624999999999996 9.52380275726318
v 0.275000000000001 -0.0624999999999996 9.83592128753662
v 0.287500000000001 -0.0624999999999996 10.0037450790405
v 0.300000000000001 -0.0624999999999996 10.1070280075073
v 0.312500000000001 -0.0624999999999996 10.1795682907104
v 0.325000000000001 -0.0624999999999996 10.2314176559448
v 0.337500000000001 -0.0624999999999996 10.2655000686646
v 0.350000000000001 -0.0624999999999996 10.2851600646973
v 0.362500000000001 -0.0624999999999996 10.2946720123291
v 0.375000000000001 -0.0624999999999996 10.2975425720215
v 0.387500000000001 -0.0624999999999996 10.2963914871216
v 0.400000000000001 -0.0624999999999996 10.2932767868042
v 0.412500000000001 -0.0624999999999996 10.2884302139282
v 0.425000000000001 -0.0624999999999996 10.2801380157471
v 0.437500000000001 -0.0624999999999996 10.2670211791992
v 0.450000000000001 -0.0624999999999996 10.2490739822388
v 0.462500000000001 -0.0624999999999996 10.2263059616089
v 0.475000000000001 -0.0624999999999996 10.1968603134155
v 0.487500000000001 -0.0624999999999996 10.1573324203491
v 0.500000000000001 -0.0624999999999996 10.1091613769531
v -0.5 -0.0499999999999996 9.17742824554443
v -0.4875 -0.0499999999999996 9.3370885848999
v -0.475 -0.0499999999999996 9.48300170898438
v -0.4625 -0.0499999999999996 9.57830047607422
v -0.45 -0.0499999999999996 9.61631679534912
v -0.4375 -0.0499999999999996 9.60105037689209
v -0.425 -0.0499999999999996 9.53704261779785
v -0.4125 -0.0499999999999996 9.47886276245117
v -0.4 -0.0499999999999996 9.45013427734375
v -0.3875 -0.0499999999999996 9.4122486114502
v -0.375 -0.0499999999999996 9.29320621490479
v -0.3625 -0.0499999999999996 9.09074020385742
v -0.35 -0.0499999999999996 8.8846378326416
v -0.3375 -0.0499999999999996 8.69215965270996
v -0.325 -0.0499999999999996 8.51330852508545
v -0.3125 -0.0499999999999996 8.17860698699951
v -0.3 -0.0499999999999996 7.59776020050049
v -0.2875 -0.0499999999999996 6.86613607406616
v -0.275 -0.0499999999999996 5.91959714889526
v -0.2625 -0.0499999999999996 4.89090824127197
v -0.25 -0.0499999999999996 4.01673889160156
v -0.2375 -0.0499999999999996 3.47569894790649
v -0.225 -0.0499999999999996 3.23298954963684
v -0.2125 -0.0499999999999996 3.11205744743347
v -0.2 -0.0499999999999996 3.02420282363892
v -0.1875 -0.0499999999999996 2.94355940818787
v -0.175 -0.0499999999999996 2.86508345603943
v -0.1625 -0.0499999999999996 2.77459812164307
v -0.15 -0.0499999999999996 2.67544031143188
v -0.1375 -0.0499999999999996 2.59698486328125
v -0.125 -0.0499999999999996 2.56213450431824
v -0.1125 -0.0499999999999996 2.57351136207581
v -0.0999999999999996 -0.0499999999999996 2.62318205833435
v -0.0874999999999996 -0.0499999999999996 2.69725394248962
v -0.0749999999999996 -0.0499999999999996 2.77167010307312
v -0.0624999999999996 -0.0499999999999996 2.83615684509277
v -0.0499999999999996 -0.0499999999999996 2.90329241752625
v -0.0374999999999996 -0.0499999999999996 2.98017048835754
v -0.0249999999999996 -0.0499999999999996 3.04156470298767
v -0.0124999999999996 -0.0499999999999996 3.074373960495
v 4.44089209850063e-16 -0.0499999999999996 3.07001042366028
v 0.0125000000000004 -0.0499999999999996 3.0209584236145
v 0.0250000000000005 -0.0499999999999996 2.91329050064087
v 0.0375000000000005 -0.0499999999999996 2.7612156867981
v 0.0500000000000005 -0.0499999999999996 2.72513866424561
v 0.0625000000000004 -0.0499999999999996 2.88957023620605
v 0.0750000000000005 -0.0499999999999996 2.97348141670227
v 0.0875000000000006 -0.0499999999999996 3.01506805419922
v 0.100000000000001 -0.0499999999999996 3.18111252784729
v 0.1125 -0.0499999999999996 3.47953653335571
v 0.125000000000001 -0.0499999999999996 3.97539758682251
v 0.137500000000001 -0.0499999999999996 4.66778516769409
v 0.150000000000001 -0.0499999999999996 5.60383939743042
v 0.162500000000001 -0.0499999999999996 6.6932258605957
v 0.175000000000001 -0.0499999999999996 7.47680997848511
v 0.187500000000001 -0.0499999999999996 7.79390430450439
v 0.200000000000001 -0.0499999999999996 7.817542552948
v 0.212500000000001 -0.0499999999999996 7.83952713012695
v 0.225000000000001 -0.0499999999999996 8.09570980072021
v 0.237500000000001 -0.0499999999999996 8.48862552642822
v 0.250000000000001 -0.0499999999999996 9.00318050384521
v 0.262500000000001 -0.0499999999999996 9.54351806640625
v 0.275000000000001 -0.0499999999999996 9.85747623443604
v 0.287500000000001 -0.0499999999999996 10.0167589187622
v 0.300000000000001 -0.0499999999999996 10.1131343841553
v 0.312500000000001 -0.0499999999999996 10.1813621520996
v 0.325000000000001 -0.0499999999999996 10.2308969497681
v 0.337500000000001 -0.0499999999999996 10.2639398574829
v 0.350000000000001 -0.0499999999999996 10.2832679748535
v 0.362500000000001 -0.0499999999999996 10.292799949646
v 0.375000000000001 -0.0499999999999996 10.2958631515503
v 0.387500000000001 -0.0499999999999996 10.2950391769409
v 0.400000000000001 -0.0499999999999996 10.2924757003784
v 0.412500000000001 -0.0499999999999996 10.2886228561401
v 0.425000000000001 -0.0499999999999996 10.2821006774902
v 0.437500000000001 -0.0499999999999996 10.27170753479
v 0.450000000000001 -0.0499999999999996 10.2572546005249
v 0.462500000000001 -0.0499999999999996 10.2383871078491
v 0.475000000000001 -0.0499999999999996 10.2131233215332
v 0.487500000000001 -0.0499999999999996 10.1779346466064
v 0.500000000000001 -0.0499999999999996 10.1323289871216
v -0.5 -0.0374999999999996 9.03343868255615
v -0.4875 -0.0374999999999996 9.21809959411621
v -0.475 -0.0374999999999996 9.36475849151611
v -0.4625 -0.0374999999999996 9.47541999816895
v -0.45 -0.0374999999999996 9.52335643768311
v -0.4375 -0.0374999999999996 9.51061058044434
v -0.425 -0.0374999999999996 9.44772624969482
v -0.4125 -0.0374999999999996 9.39215278625488
v -0.4 -0.0374999999999996 9.35209560394287
v -0.3875 -0.0374999999999996 9.29361629486084
v -0.375 -0.0374999999999996 9.15394878387451
v -0.3625 -0.0374999999999996 8.94193553924561
v -0.35 -0.0374999999999996 8.72962856292725
v -0.3375 -0.0374999999999996 8.58237457275391
v -0.325 -0.0374999999999996 8.40166664123535
v -0.3125 -0.0374999999999996 8.04732799530029
v -0.3 -0.0374999999999996 7.49043416976929
v -0.2875 -0.0374999999999996 6.81782865524292
v -0.275 -0.0374999999999996 5.89889669418335
v -0.2625 -0.0374999999999996 4.88374423980713
v -0.25 -0.0374999999999996 4.0156135559082
v -0.2375 -0.0374999999999996 3.46559309959412
v -0.225 -0.0374999999999996 3.22756886482239
v -0.2125 -0.0374999999999996 3.11377334594727
v -0.2 -0.0374999999999996 3.02973484992981
v -0.1875 -0.0374999999999996 2.95739483833313
v -0.175 -0.0374999999999996 2.91255950927734
v -0.1625 -0.0374999999999996 2.87690711021423
v -0.15 -0.0374999999999996 2.81605505943298
v -0.1375 -0.0374999999999996 2.7400233745575
v -0.125 -0.0374999999999996 2.67110562324524
v -0.1125 -0.0374999999999996 2.63364720344543
v -0.0999999999999996 -0.0374999999999996 2.64150977134705
v -0.0874999999999996 -0.0374999999999996 2.69129681587219
v -0.0749999999999996 -0.0374999999999996 2.76151514053345
v -0.0624999999999996 -0.0374999999999996 2.8293285369873
v -0.0499999999999996 -0.0374999999999996 2.89872407913208
v -0.0374999999999996 -0.0374999999999996 2.97246980667114
v -0.0249999999999996 -0.0374999999999996 3.0266752243042
v -0.0124999999999996 -0.0374999999999996 3.05271816253662
v 4.44089209850063e-16 -0.0374999999999996 3.03985571861267
v 0.0125000000000004 -0.0374999999999996 2.97684025764465
v 0.0250000000000005 -0.0374999999999996 2.8561532497406
v 0.0375000000000005 -0.0374999999999996 2.7026252746582
v 0.0500000000000005 -0.0374999999999996 2.64640808105469
v 0.0625000000000004 -0.0374999999999996 2.77552556991577
v 0.0750000000000005 -0.0374999999999996 2.87182331085205
v 0.0875000000000006 -0.0374999999999996 2.92957043647766
v 0.100000000000001 -0.0374999999999996 3.06986117362976
v 0.1125 -0.0374999999999996 3.29746866226196
v 0.125000000000001 -0.0374999999999996 3.67276549339294
v 0.137500000000001 -0.0374999999999996 4.26459264755249
v 0.150000000000001 -0.0374999999999996 5.09603595733643
v 0.162500000000001 -0.0374999999999996 6.08175897598267
v 0.175000000000001 -0.0374999999999996 6.83279657363892
v 0.187500000000001 -0.0374999999999996 7.12630033493042
v 0.200000000000001 -0.0374999999999996 7.14193677902222
v 0.212500000000001 -0.0374999999999996 7.33265686035156
v 0.225000000000001 -0.0374999999999996 7.83949899673462
v 0.237500000000001 -0.0374999999999996 8.40551280975342
v 0.250000000000001 -0.0374999999999996 8.98407649993896
v 0.262500000000001 -0.0374999999999996 9.57476997375488
v 0.275000000000001 -0.0374999999999996 9.88330745697021
v 0.287500000000001 -0.0374999999999996 10.0326585769653
v 0.300000000000001 -0.0374999999999996 10.1214618682861
v 0.312500000000001 -0.0374999999999996 10.1845750808716
v 0.325000000000001 -0.0374999999999996 10.2309312820435
v 0.337500000000001 -0.0374999999999996 10.2623081207275
v 0.350000000000001 -0.0374999999999996 10.2810363769531
v 0.362500000000001 -0.0374999999999996 10.2905607223511
v 0.375000000000001 -0.0374999999999996 10.2938423156738
v 0.387500000000001 -0.0374999999999996 10.293309211731
v 0.400000000000001 -0.0374999999999996 10.2911338806152
v 0.412500000000001 -0.0374999999999996 10.2879810333252
v 0.425000000000001 -0.0374999999999996 10.2827959060669
v 0.437500000000001 -0.0374999999999996 10.2745847702026
v 0.450000000000001 -0.0374999999999996 10.263069152832
v 0.462500000000001 -0.0374999999999996 10.2476119995117
v 0.475000000000001 -0.0374999999999996 10.2260837554932
v 0.487500000000001 -0.0374999999999996 10.1948928833008
v 0.500000000000001 -0.0374999999999996 10.1521158218384
v -0.5 -0.0249999999999996 8.87156867980957
v -0.4875 -0.0249999999999996 9.09378719329834
v -0.475 -0.0249999999999996 9.2519063949585
v -0.4625 -0.0249999999999996 9.36961936950684
v -0.45 -0.0249999999999996 9.42800045013428
v -0.4375 -0.0249999999999996 9.41983509063721
v -0.425 -0.0249999999999996 9.36287975311279
v -0.4125 -0.0249999999999996 9.31179904937744
v -0.4 -0.0249999999999996 9.25657176971436
v -0.3875 -0.0249999999999996 9.1649341583252
v -0.375 -0.0249999999999996 9.00599956512451
v -0.3625 -0.0249999999999996 8.79746532440186
v -0.35 -0.0249999999999996 8.58389568328857
v -0.3375 -0.0249999999999996 8.46363353729248
v -0.325 -0.0249999999999996 8.27230930328369
v -0.3125 -0.0249999999999996 7.91155385971069
v -0.3 -0.0249999999999996 7.40101480484009
v -0.2875 -0.0249999999999996 6.75149011611938
v -0.275 -0.0249999999999996 5.86105871200562
v -0.2625 -0.0249999999999996 4.88564443588257
v -0.25 -0.0249999999999996 4.05095529556274
v -0.2375 -0.0249999999999996 3.49794816970825
v -0.225 -0.0249999999999996 3.24601912498474
v -0.2125 -0.0249999999999996 3.12555384635925
v -0.2 -0.0249999999999996 3.03590750694275
v -0.1875 -0.0249999999999996 2.96107792854309
v -0.175 -0.0249999999999996 2.9410035610199
v -0.1625 -0.0249999999999996 2.95528292655945
v -0.15 -0.0249999999999996 2.9305591583252
v -0.1375 -0.0249999999999996 2.85737204551697
v -0.125 -0.0249999999999996 2.757319688797
v -0.1125 -0.0249999999999996 2.67405867576599
v -0.0999999999999996 -0.0249999999999996 2.64544105529785
v -0.0874999999999996 -0.0249999999999996 2.67395067214966
v -0.0749999999999996 -0.0249999999999996 2.73674321174622
v -0.0624999999999996 -0.0249999999999996 2.80678820610046
v -0.0499999999999996 -0.0249999999999996 2.88045954704285
v -0.0374999999999996 -0.0249999999999996 2.95395112037659
v -0.0249999999999996 -0.0249999999999996 3.0063099861145
v -0.0124999999999996 -0.0249999999999996 3.03040432929993
v 4.44089209850063e-16 -0.0249999999999996 3.01318216323853
v 0.0125000000000004 -0.0249999999999996 2.94178819656372
v 0.0250000000000005 -0.0249999999999996 2.81942534446716
v 0.0375000000000005 -0.0249999999999996 2.68347120285034
v 0.0500000000000005 -0.0249999999999996 2.62331891059875
v 0.0625000000000004 -0.0249999999999996 2.71085453033447
v 0.0750000000000005 -0.0249999999999996 2.79025959968567
v 0.0875000000000006 -0.0249999999999996 2.84681057929993
v 0.100000000000001 -0.0249999999999996 2.95394396781921
v 0.1125 -0.0249999999999996 3.12246108055115
v 0.125000000000001 -0.0249999999999996 3.42475175857544
v 0.137500000000001 -0.0249999999999996 3.94341015815735
v 0.150000000000001 -0.0249999999999996 4.64970874786377
v 0.162500000000001 -0.0249999999999996 5.45683765411377
v 0.175000000000001 -0.0249999999999996 6.09693479537964
v 0.187500000000001 -0.0249999999999996 6.3600172996521
v 0.200000000000001 -0.0249999999999996 6.43419981002808
v 0.212500000000001 -0.0249999999999996 6.78505706787109
v 0.225000000000001 -0.0249999999999996 7.55772161483765
v 0.237500000000001 -0.0249999999999996 8.34951210021973
v 0.250000000000001 -0.0249999999999996 8.99436378479004
v 0.262500000000001 -0.0249999999999996 9.60962200164795
v 0.275000000000001 -0.0249999999999996 9.9091911315918
v 0.287500000000001 -0.0249999999999996 10.0488920211792
v 0.300000000000001 -0.0249999999999996 10.1304216384888
v 0.312500000000001 -0.0249999999999996 10.1882238388062
v 0.325000000000001 -0.0249999999999996 10.2309446334839
v 0.337500000000001 -0.0249999999999996 10.2602882385254
v 0.350000000000001 -0.0249999999999996 10.2783012390137
v 0.362500000000001 -0.0249999999999996 10.2878866195679
v 0.375000000000001 -0.0249999999999996 10.2914800643921
v 0.387500000000001 -0.0249999999999996 10.2912530899048
v 0.400000000000001 -0.0249999999999996 10.2893695831299
v 0.412500000000001 -0.0249999999999996 10.2866706848145
v 0.425000000000001 -0.0249999999999996 10.2824392318726
v 0.437500000000001 -0.0249999999999996 10.2759122848511
v 0.450000000000001 -0.0249999999999996 10.2667932510376
v 0.462500000000001 -0.0249999999999996 10.2542390823364
v 0.475000000000001 -0.0249999999999996 10.2359600067139
v 0.487500000000001 -0.0249999999999996 10.2083101272583
v 0.500000000000001 -0.0249999999999996 10.1684532165527
v -0.5 -0.0124999999999996 8.70340251922607
v -0.4875 -0.0124999999999996 8.96099948883057
v -0.475 -0.0124999999999996 9.14434719085693
v -0.4625 -0.0124999999999996 9.26673221588135
v -0.45 -0.0124999999999996 9.33510875701904
v -0.4375 -0.0124999999999996 9.3334493637085
v -0.425 -0.0124999999999996 9.28538703918457
v -0.4125 -0.0124999999999996 9.2356014251709
v -0.4 -0.0124999999999996 9.16612148284912
v -0.3875 -0.0124999999999996 9.03930950164795
v -0.375 -0.0124999999999996 8.85847759246826
v -0.3625 -0.0124999999999996 8.64923477172852
v -0.35 -0.0124999999999996 8.43424129486084
v -0.3375 -0.0124999999999996 8.33230304718018
v -0.325 -0.0124999999999996 8.12702465057373
v -0.3125 -0.0124999999999996 7.78232908248901
v -0.3 -0.0124999999999996 7.31372404098511
v -0.2875 -0.0124999999999996 6.6512017250061
v -0.275 -0.0124999999999996 5.7864236831665
v -0.2625 -0.0124999999999996 4.8703031539917
v -0.25 -0.0124999999999996 4.09195518493652
v -0.2375 -0.0124999999999996 3.56135416030884
v -0.225 -0.0124999999999996 3.29015588760376
v -0.2125 -0.0124999999999996 3.15503406524658
v -0.2 -0.0124999999999996 3.05107593536377
v -0.1875 -0.0124999999999996 2.96025252342224
v -0.175 -0.0124999999999996 2.94195818901062
v -0.1625 -0.0124999999999996 2.98694229125977
v -0.15 -0.0124999999999996 2.99368166923523
v -0.1375 -0.0124999999999996 2.93272662162781
v -0.125 -0.0124999999999996 2.82378220558167
v -0.1125 -0.0124999999999996 2.71699380874634
v -0.0999999999999996 -0.0124999999999996 2.66295719146729
v -0.0874999999999996 -0.0124999999999996 2.67279243469238
v -0.0749999999999996 -0.0124999999999996 2.7243664264679
v -0.0624999999999996 -0.0124999999999996 2.79222869873047
v -0.0499999999999996 -0.0124999999999996 2.86435461044312
v -0.0374999999999996 -0.0124999999999996 2.9313542842865
v -0.0249999999999996 -0.0124999999999996 2.97996115684509
v -0.0124999999999996 -0.0124999999999996 3.00543117523193
v 4.44089209850063e-16 -0.0124999999999996 2.99341559410095
v 0.0125000000000004 -0.0124999999999996 2.92952060699463
v 0.0250000000000005 -0.0124999999999996 2.82653284072876
v 0.0375000000000005 -0.0124999999999996 2.72054934501648
v 0.0500000000000005 -0.0124999999999996 2.65596318244934
v 0.0625000000000004 -0.0124999999999996 2.69719576835632
v 0.0750000000000005 -0.0124999999999996 2.73990774154663
v 0.0875000000000006 -0.0124999999999996 2.7788827419281
v 0.100000000000001 -0.0124999999999996 2.84376406669617
v 0.1125 -0.0124999999999996 2.96147847175598
v 0.125000000000001 -0.0124999999999996 3.2111611366272
v 0.137500000000001 -0.0124999999999996 3.65999221801758
v 0.150000000000001 -0.0124999999999996 4.26998472213745
v 0.162500000000001 -0.0124999999999996 4.93226385116577
v 0.175000000000001 -0.0124999999999996 5.45147085189819
v 0.187500000000001 -0.0124999999999996 5.71495580673218
v 0.200000000000001 -0.0124999999999996 5.88517141342163
v 0.212500000000001 -0.0124999999999996 6.37258148193359
v 0.225000000000001 -0.0124999999999996 7.33879947662354
v 0.237500000000001 -0.0124999999999996 8.32343769073486
v 0.250000000000001 -0.0124999999999996 9.02634143829346
v 0.262500000000001 -0.0124999999999996 9.64346981048584
v 0.275000000000001 -0.0124999999999996 9.93206214904785
v 0.287500000000001 -0.0124999999999996 10.0631055831909
v 0.300000000000001 -0.0124999999999996 10.1382293701172
v 0.312500000000001 -0.0124999999999996 10.1910095214844
v 0.325000000000001 -0.0124999999999996 10.2300634384155
v 0.337500000000001 -0.0124999999999996 10.2573366165161
v 0.350000000000001 -0.0124999999999996 10.274733543396
v 0.362500000000001 -0.0124999999999996 10.2845640182495
v 0.375000000000001 -0.0124999999999996 10.2886428833008
v 0.387500000000001 -0.0124999999999996 10.2888212203979
v 0.400000000000001 -0.0124999999999996 10.2871999740601
v 0.412500000000001 -0.0124999999999996 10.2847852706909
v 0.425000000000001 -0.0124999999999996 10.2811851501465
v 0.437500000000001 -0.0124999999999996 10.2759094238281
v 0.450000000000001 -0.0124999999999996 10.2686996459961
v 0.462500000000001 -0.0124999999999996 10.2585678100586
v 0.475000000000001 -0.0124999999999996 10.2430772781372
v 0.487500000000001 -0.0124999999999996 10.2185125350952
v 0.500000000000001 -0.0124999999999996 10.1814832687378
v -0.5 4.44089209850063e-16 8.55912590026855
v -0.4875 4.44089209850063e-16 8.82870483398438
v -0.475 4.44089209850063e-16 9.03692436218262
v -0.4625 4.44089209850063e-16 9.16986274719238
v -0.45 4.44089209850063e-16 9.24618625640869
v -0.4375 4.44089209850063e-16 9.25203609466553
v -0.425 4.44089209850063e-16 9.21281242370605
v -0.4125 4.44089209850063e-16 9.15914058685303
v -0.4 4.44089209850063e-16 9.07510185241699
v -0.3875 4.44089209850063e-16 8.92345905303955
v -0.375 4.44089209850063e-16 8.7208423614502
v -0.3625 4.44089209850063e-16 8.49292278289795
v -0.35 4.44089209850063e-16 8.27518844604492
v -0.3375 4.44089209850063e-16 8.18374824523926
v -0.325 4.44089209850063e-16 7.97156763076782
v -0.3125 4.44089209850063e-16 7.66421365737915
v -0.3 4.44089209850063e-16 7.21265029907227
v -0.2875 4.44089209850063e-16 6.53097105026245
v -0.275 4.44089209850063e-16 5.67261505126953
v -0.2625 4.44089209850063e-16 4.82153654098511
v -0.25 4.44089209850063e-16 4.11984968185425
v -0.2375 4.44089209850063e-16 3.63643050193787
v -0.225 4.44089209850063e-16 3.35336995124817
v -0.2125 4.44089209850063e-16 3.20056700706482
v -0.2 4.44089209850063e-16 3.07985949516296
v -0.1875 4.44089209850063e-16 2.9552526473999
v -0.175 4.44089209850063e-16 2.89311909675598
v -0.1625 4.44089209850063e-16 2.93969988822937
v -0.15 4.44089209850063e-16 2.97444844245911
v -0.1375 4.44089209850063e-16 2.93909120559692
v -0.125 4.44089209850063e-16 2.85326647758484
v -0.1125 4.44089209850063e-16 2.76411867141724
v -0.0999999999999996 4.44089209850063e-16 2.71058249473572
v -0.0874999999999996 4.44089209850063e-16 2.71132063865662
v -0.0749999999999996 4.44089209850063e-16 2.75323271751404
v -0.0624999999999996 4.44089209850063e-16 2.81175112724304
v -0.0499999999999996 4.44089209850063e-16 2.86832928657532
v -0.0374999999999996 4.44089209850063e-16 2.91485214233398
v -0.0249999999999996 4.44089209850063e-16 2.95060634613037
v -0.0124999999999996 4.44089209850063e-16 2.97804260253906
v 4.44089209850063e-16 4.44089209850063e-16 2.98441028594971
v 0.0125000000000004 4.44089209850063e-16 2.94988059997559
v 0.0250000000000005 4.44089209850063e-16 2.88854146003723
v 0.0375000000000005 4.44089209850063e-16 2.81293153762817
v 0.0500000000000005 4.44089209850063e-16 2.72740530967712
v 0.0625000000000004 4.44089209850063e-16 2.71001625061035
v 0.0750000000000005 4.44089209850063e-16 2.71066212654114
v 0.0875000000000006 4.44089209850063e-16 2.72301983833313
v 0.100000000000001 4.44089209850063e-16 2.74296355247498
v 0.1125 4.44089209850063e-16 2.81981253623962
v 0.125000000000001 4.44089209850063e-16 3.02456760406494
v 0.137500000000001 4.44089209850063e-16 3.40029072761536
v 0.150000000000001 4.44089209850063e-16 3.92557883262634
v 0.162500000000001 4.44089209850063e-16 4.49982404708862
v 0.175000000000001 4.44089209850063e-16 4.98369789123535
v 0.187500000000001 4.44089209850063e-16 5.30978345870972
v 0.200000000000001 4.44089209850063e-16 5.60296249389648
v 0.212500000000001 4.44089209850063e-16 6.19687366485596
v 0.225000000000001 4.44089209850063e-16 7.24410247802734
v 0.237500000000001 4.44089209850063e-16 8.34164428710938
v 0.250000000000001 4.44089209850063e-16 9.07279491424561
v 0.262500000000001 4.44089209850063e-16 9.6749439239502
v 0.275000000000001 4.44089209850063e-16 9.95009136199951
v 0.287500000000001 4.44089209850063e-16 10.0733766555786
v 0.300000000000001 4.44089209850063e-16 10.1431150436401
v 0.312500000000001 4.44089209850063e-16 10.1914777755737
v 0.325000000000001 4.44089209850063e-16 10.2272272109985
v 0.337500000000001 4.44089209850063e-16 10.2527523040771
v 0.350000000000001 4.44089209850063e-16 10.2698774337769
v 0.362500000000001 4.44089209850063e-16 10.2802782058716
v 0.375000000000001 4.44089209850063e-16 10.2851066589355
v 0.387500000000001 4.44089209850063e-16 10.2858638763428
v 0.400000000000001 4.44089209850063e-16 10.2845611572266
v 0.412500000000001 4.44089209850063e-16 10.2823324203491
v 0.425000000000001 4.44089209850063e-16 10.2791242599487
v 0.437500000000001 4.44089209850063e-16 10.2747421264648
v 0.450000000000001 4.44089209850063e-16 10.2690172195435
v 0.462500000000001 4.44089209850063e-16 10.2608804702759
v 0.475000000000001 4.44089209850063e-16 10.2477607727051
v 0.487500000000001 4.44089209850063e-16 10.2258605957031
v 0.500000000000001 4.44089209850063e-16 10.1914396286011
v -0.5 0.0125000000000004 8.46693706512451
v -0.4875 0.0125000000000004 8.7170352935791
v -0.475 0.0125000000000004 8.93387889862061
v -0.4625 0.0125000000000004 9.07848262786865
v -0.45 0.0125000000000004 9.16072082519531
v -0.4375 0.0125000000000004 9.17409992218018
v -0.425 0.0125000000000004 9.14125347137451
v -0.4125 0.0125000000000004 9.07904815673828
v -0.4 0.0125000000000004 8.97873401641846
v -0.3875 0.0125000000000004 8.81083393096924
v -0.375 0.0125000000000004 8.58931922912598
v -0.3625 0.0125000000000004 8.32982158660889
v -0.35 0.0125000000000004 8.10314464569092
v -0.3375 0.0125000000000004 8.00997161865234
v -0.325 0.0125000000000004 7.81319952011108
v -0.3125 0.0125000000000004 7.54208326339722
v -0.3 0.0125000000000004 7.08866357803345
v -0.2875 0.0125000000000004 6.38781499862671
v -0.275 0.0125000000000004 5.5381031036377
v -0.2625 0.0125000000000004 4.73554182052612
v -0.25 0.0125000000000004 4.11806631088257
v -0.2375 0.0125000000000004 3.69642329216003
v -0.225 0.0125000000000004 3.42298579216003
v -0.2125 0.0125000000000004 3.25156664848328
v -0.2 0.0125000000000004 3.10258960723877
v -0.1875 0.0125000000000004 2.9151291847229
v -0.175 0.0125000000000004 2.75141644477844
v -0.1625 0.0125000000000004 2.76420402526855
v -0.15 0.0125000000000004 2.83106017112732
v -0.1375 0.0125000000000004 2.83619093894958
v -0.125 0.0125000000000004 2.79533314704895
v -0.1125 0.0125000000000004 2.75476694107056
v -0.0999999999999996 0.0125000000000004 2.73223757743835
v -0.0874999999999996 0.0125000000000004 2.74077987670898
v -0.0749999999999996 0.0125000000000004 2.78000831604004
v -0.0624999999999996 0.0125000000000004 2.82882881164551
v -0.0499999999999996 0.0125000000000004 2.86687064170837
v -0.0374999999999996 0.0125000000000004 2.89020299911499
v -0.0249999999999996 0.0125000000000004 2.90816307067871
v -0.0124999999999996 0.0125000000000004 2.93316149711609
v 4.44089209850063e-16 0.0125000000000004 2.96070790290833
v 0.0125000000000004 0.0125000000000004 2.96884894371033
v 0.0250000000000005 0.0125000000000004 2.95831608772278
v 0.0375000000000005 0.0125000000000004 2.89396548271179
v 0.0500000000000005 0.0125000000000004 2.76945853233337
v 0.0625000000000004 0.0125000000000004 2.68952798843384
v 0.0750000000000005 0.0125000000000004 2.66604208946228
v 0.0875000000000006 0.0125000000000004 2.65035796165466
v 0.100000000000001 0.0125000000000004 2.63602948188782
v 0.1125 0.0125000000000004 2.68783760070801
v 0.125000000000001 0.0125000000000004 2.85946202278137
v 0.137500000000001 0.0125000000000004 3.18153548240662
v 0.150000000000001 0.0125000000000004 3.62779855728149
v 0.162500000000001 0.0125000000000004 4.13266801834106
v 0.175000000000001 0.0125000000000004 4.61796712875366
v 0.187500000000001 0.0125000000000004 5.04364061355591
v 0.200000000000001 0.0125000000000004 5.49761962890625
v 0.212500000000001 0.0125000000000004 6.21829748153687
v 0.225000000000001 0.0125000000000004 7.28814840316772
v 0.237500000000001 0.0125000000000004 8.4157657623291
v 0.250000000000001 0.0125000000000004 9.13144016265869
v 0.262500000000001 0.0125000000000004 9.70553970336914
v 0.275000000000001 0.0125000000000004 9.96264266967773
v 0.287500000000001 0.0125000000000004 10.0782699584961
v 0.300000000000001 0.0125000000000004 10.1434116363525
v 0.312500000000001 0.0125000000000004 10.1881227493286
v 0.325000000000001 0.0125000000000004 10.2212972640991
v 0.337500000000001 0.0125000000000004 10.2457599639893
v 0.350000000000001 0.0125000000000004 10.2632093429565
v 0.362500000000001 0.0125000000000004 10.2746429443359
v 0.375000000000001 0.0125000000000004 10.2805662155151
v 0.387500000000001 0.0125000000000004 10.2821598052979
v 0.400000000000001 0.0125000000000004 10.2813138961792
v 0.412500000000001 0.0125000000000004 10.2792634963989
v 0.425000000000001 0.0125000000000004 10.2762861251831
v 0.437500000000001 0.0125000000000004 10.2725172042847
v 0.450000000000001 0.0125000000000004 10.2679271697998
v 0.462500000000001 0.0125000000000004 10.2614116668701
v 0.475000000000001 0.0125000000000004 10.2502927780151
v 0.487500000000001 0.0125000000000004 10.2306823730469
v 0.500000000000001 0.0125000000000004 10.1986074447632
v -0.5 0.0250000000000005 8.40388488769531
v -0.4875 0.0250000000000005 8.6330680847168
v -0.475 0.0250000000000005 8.84508609771729
v -0.4625 0.0250000000000005 8.99220561981201
v -0.45 0.0250000000000005 9.07903957366943
v -0.4375 0.0250000000000005 9.09986019134521
v -0.425 0.0250000000000005 9.06942558288574
v -0.4125 0.0250000000000005 8.99483966827393
v -0.4 0.0250000000000005 8.87736415863037
v -0.3875 0.0250000000000005 8.69971179962158
v -0.375 0.0250000000000005 8.44658946990967
v -0.3625 0.0250000000000005 8.15742492675781
v -0.35 0.0250000000000005 7.91244220733643
v -0.3375 0.0250000000000005 7.80719327926636
v -0.325 0.0250000000000005 7.64528799057007
v -0.3125 0.0250000000000005 7.39978504180908
v -0.3 0.0250000000000005 6.92299365997314
v -0.2875 0.0250000000000005 6.20492172241211
v -0.275 0.0250000000000005 5.37853765487671
v -0.2625 0.0250000000000005 4.62706089019775
v -0.25 0.0250000000000005 4.07441663742065
v -0.2375 0.0250000000000005 3.70557332038879
v -0.225 0.0250000000000005 3.45188117027283
v -0.2125 0.0250000000000005 3.25305557250977
v -0.2 0.0250000000000005 3.04415249824524
v -0.1875 0.0250000000000005 2.75634384155273
v -0.175 0.0250000000000005 2.4434916973114
v -0.1625 0.0250000000000005 2.39308047294617
v -0.15 0.0250000000000005 2.50522661209106
v -0.1375 0.0250000000000005 2.57139325141907
v -0.125 0.0250000000000005 2.58674311637878
v -0.1125 0.0250000000000005 2.60799622535706
v -0.0999999999999996 0.0250000000000005 2.638827085495
v -0.0874999999999996 0.0250000000000005 2.6806468963623
v -0.0749999999999996 0.0250000000000005 2.735520362854
v -0.0624999999999996 0.0250000000000005 2.78904414176941
v -0.0499999999999996 0.0250000000000005 2.8227710723877
v -0.0374999999999996 0.0250000000000005 2.83315992355347
v -0.0249999999999996 0.0250000000000005 2.83192443847656
v -0.0124999999999996 0.0250000000000005 2.839115858078
v 4.44089209850063e-16 0.0250000000000005 2.86577463150024
v 0.0125000000000004 0.0250000000000005 2.89994692802429
v 0.0250000000000005 0.0250000000000005 2.91189336776733
v 0.0375000000000005 0.0250000000000005 2.81873893737793
v 0.0500000000000005 0.0250000000000005 2.64617323875427
v 0.0625000000000004 0.0250000000000005 2.56775569915771
v 0.0750000000000005 0.0250000000000005 2.55008172988892
v 0.0875000000000006 0.0250000000000005 2.52117228507996
v 0.100000000000001 0.0250000000000005 2.49673438072205
v 0.1125 0.0250000000000005 2.54534316062927
v 0.125000000000001 0.0250000000000005 2.7039692401886
v 0.137500000000001 0.0250000000000005 2.99233198165894
v 0.150000000000001 0.0250000000000005 3.38954162597656
v 0.162500000000001 0.0250000000000005 3.82725071907043
v 0.175000000000001 0.0250000000000005 4.29328298568726
v 0.187500000000001 0.0250000000000005 4.81748151779175
v 0.200000000000001 0.0250000000000005 5.46865081787109
v 0.212500000000001 0.0250000000000005 6.35437393188477
v 0.225000000000001 0.0250000000000005 7.49207782745361
v 0.237500000000001 0.0250000000000005 8.54630470275879
v 0.250000000000001 0.0250000000000005 9.21050071716309
v 0.262500000000001 0.0250000000000005 9.73874664306641
v 0.275000000000001 0.0250000000000005 9.97020244598389
v 0.287500000000001 0.0250000000000005 10.0768156051636
v 0.300000000000001 0.0250000000000005 10.1375951766968
v 0.312500000000001 0.0250000000000005 10.1794691085815
v 0.325000000000001 0.0250000000000005 10.2111225128174
v 0.337500000000001 0.0250000000000005 10.2355699539185
v 0.350000000000001 0.0250000000000005 10.2541790008545
v 0.362500000000001 0.0250000000000005 10.2672319412231
v 0.375000000000001 0.0250000000000005 10.2746839523315
v 0.387500000000001 0.0250000000000005 10.2774419784546
v 0.400000000000001 0.0250000000000005 10.2772665023804
v 0.412500000000001 0.0250000000000005 10.2754650115967
v 0.425000000000001 0.0250000000000005 10.2726430892944
v 0.437500000000001 0.0250000000000005 10.2692918777466
v 0.450000000000001 0.0250000000000005 10.2655601501465
v 0.462500000000001 0.0250000000000005 10.2603540420532
v 0.475000000000001 0.0250000000000005 10.2509155273438
v 0.487500000000001 0.0250000000000005 10.2332735061646
v 0.500000000000001 0.0250000000000005 10.2032766342163
v -0.5 0.0375000000000005 8.34360027313232
v -0.4875 0.0375000000000005 8.57037544250488
v -0.475 0.0375000000000005 8.7709789276123
v -0.4625 0.0375000000000005 8.91497230529785
v -0.45 0.0375000000000005 9.00304126739502
v -0.4375 0.0375000000000005 9.0310115814209
v -0.425 0.0375000000000005 8.99853038787842
v -0.4125 0.0375000000000005 8.90824317932129
v -0.4 0.0375000000000005 8.77661037445068
v -0.3875 0.0375000000000005 8.58491802215576
v -0.375 0.0375000000000005 8.28414535522461
v -0.3625 0.0375000000000005 7.96374225616455
v -0.35 0.0375000000000005 7.69582986831665
v -0.3375 0.0375000000000005 7.57674789428711
v -0.325 0.0375000000000005 7.47075891494751
v -0.3125 0.0375000000000005 7.2098274230957
v -0.3 0.0375000000000005 6.7030143737793
v -0.2875 0.0375000000000005 5.97766256332397
v -0.275 0.0375000000000005 5.18305063247681
v -0.2625 0.0375000000000005 4.49048805236816
v -0.25 0.0375000000000005 3.98397064208984
v -0.2375 0.0375000000000005 3.64473128318787
v -0.225 0.0375000000000005 3.39201617240906
v -0.2125 0.0375000000000005 3.14849281311035
v -0.2 0.0375000000000005 2.85802054405212
v -0.1875 0.0375000000000005 2.42007160186768
v -0.175 0.0375000000000005 1.91653478145599
v -0.1625 0.0375000000000005 1.79660451412201
v -0.15 0.0375000000000005 1.96560502052307
v -0.1375 0.0375000000000005 2.0951509475708
v -0.125 0.0375000000000005 2.16834354400635
v -0.1125 0.0375000000000005 2.25786066055298
v -0.0999999999999996 0.0375000000000005 2.3587863445282
v -0.0874999999999996 0.0375000000000005 2.46086764335632
v -0.0749999999999996 0.0375000000000005 2.55765843391418
v -0.0624999999999996 0.0375000000000005 2.63674974441528
v -0.0499999999999996 0.0375000000000005 2.68450999259949
v -0.0374999999999996 0.0375000000000005 2.6967945098877
v -0.0249999999999996 0.0375000000000005 2.68376135826111
v -0.0124999999999996 0.0375000000000005 2.66768550872803
v 4.44089209850063e-16 0.0375000000000005 2.66755604743958
v 0.0125000000000004 0.0375000000000005 2.67087745666504
v 0.0250000000000005 0.0375000000000005 2.61535453796387
v 0.0375000000000005 0.0375000000000005 2.45708703994751
v 0.0500000000000005 0.0375000000000005 2.41509628295898
v 0.0625000000000004 0.0375000000000005 2.45118761062622
v 0.0750000000000005 0.0375000000000005 2.46935534477234
v 0.0875000000000006 0.0375000000000005 2.48612594604492
v 0.100000000000001 0.0375000000000005 2.48844742774963
v 0.1125 0.0375000000000005 2.51026511192322
v 0.125000000000001 0.0375000000000005 2.61632657051086
v 0.137500000000001 0.0375000000000005 2.83209681510925
v 0.150000000000001 0.0375000000000005 3.16324305534363
v 0.162500000000001 0.0375000000000005 3.54693841934204
v 0.175000000000001 0.0375000000000005 3.95710873603821
v 0.187500000000001 0.0375000000000005 4.54117202758789
v 0.200000000000001 0.0375000000000005 5.36587476730347
v 0.212500000000001 0.0375000000000005 6.44900131225586
v 0.225000000000001 0.0375000000000005 7.80873727798462
v 0.237500000000001 0.0375000000000005 8.79039287567139
v 0.250000000000001 0.0375000000000005 9.34117412567139
v 0.262500000000001 0.0375000000000005 9.77787113189697
v 0.275000000000001 0.0375000000000005 9.97379970550537
v 0.287500000000001 0.0375000000000005 10.0683813095093
v 0.300000000000001 0.0375000000000005 10.1243057250977
v 0.312500000000001 0.0375000000000005 10.1641483306885
v 0.325000000000001 0.0375000000000005 10.195652961731
v 0.337500000000001 0.0375000000000005 10.2214517593384
v 0.350000000000001 0.0375000000000005 10.2422571182251
v 0.362500000000001 0.0375000000000005 10.2576313018799
v 0.375000000000001 0.0375000000000005 10.2671098709106
v 0.387500000000001 0.0375000000000005 10.2714262008667
v 0.400000000000001 0.0375000000000005 10.2721967697144
v 0.412500000000001 0.0375000000000005 10.2707824707031
v 0.425000000000001 0.0375000000000005 10.2681198120117
v 0.437500000000001 0.0375000000000005 10.2650756835938
v 0.450000000000001 0.0375000000000005 10.2620077133179
v 0.462500000000001 0.0375000000000005 10.2578601837158
v 0.475000000000001 0.0375000000000005 10.2498340606689
v 0.487500000000001 0.0375000000000005 10.2338857650757
v 0.500000000000001 0.0375000000000005 10.2057332992554
v -0.5 0.0500000000000005 8.27456569671631
v -0.4875 0.0500000000000005 8.52405738830566
v -0.475 0.0500000000000005 8.70983791351318
v -0.4625 0.0500000000000005 8.84958934783936
v -0.45 0.0500000000000005 8.93537044525146
v -0.4375 0.0500000000000005 8.96882820129395
v -0.425 0.0500000000000005 8.93109130859375
v -0.4125 0.0500000000000005 8.82352161407471
v -0.4 0.0500000000000005 8.68002510070801
v -0.3875 0.0500000000000005 8.46110534667969
v -0.375 0.0500000000000005 8.10332775115967
v -0.3625 0.0500000000000005 7.7456374168396
v -0.35 0.0500000000000005 7.47092580795288
v -0.3375 0.0500000000000005 7.34844970703125
v -0.325 0.0500000000000005 7.25854825973511
v -0.3125 0.0500000000000005 6.95885801315308
v -0.3 0.0500000000000005 6.42248868942261
v -0.2875 0.0500000000000005 5.70508050918579
v -0.275 0.0500000000000005 4.95400619506836
v -0.2625 0.0500000000000005 4.32123994827271
v -0.25 0.0500000000000005 3.85419392585754
v -0.2375 0.0500000000000005 3.54233622550964
v -0.225 0.0500000000000005 3.27766108512878
v -0.2125 0.0500000000000005 2.96513676643372
v -0.2 0.0500000000000005 2.61856389045715
v -0.1875 0.0500000000000005 2.1513786315918
v -0.175 0.0500000000000005 1.47514569759369
v -0.1625 0.0500000000000005 1.14504265785217
v -0.15 0.0500000000000005 1.28037095069885
v -0.1375 0.0500000000000005 1.49320244789124
v -0.125 0.0500000000000005 1.64919078350067
v -0.1125 0.0500000000000005 1.81214070320129
v -0.0999999999999996 0.0500000000000005 1.98020172119141
v -0.0874999999999996 0.0500000000000005 2.13846588134766
v -0.0749999999999996 0.0500000000000005 2.27650356292725
v -0.0624999999999996 0.0500000000000005 2.38337254524231
v -0.0499999999999996 0.0500000000000005 2.44858050346375
v -0.0374999999999996 0.0500000000000005 2.46952700614929
v -0.0249999999999996 0.0500000000000005 2.45559501647949
v -0.0124999999999996 0.0500000000000005 2.42361211776733
v 4.44089209850063e-16 0.0500000000000005 2.37883830070496
v 0.0125000000000004 0.0500000000000005 2.31263613700867
v 0.0250000000000005 0.0500000000000005 2.26313710212708
v 0.0375000000000005 0.0500000000000005 2.45097708702087
v 0.0500000000000005 0.0500000000000005 2.57789254188538
v 0.0625000000000004 0.0500000000000005 2.61778020858765
v 0.0750000000000005 0.0500000000000005 2.66340732574463
v 0.0875000000000006 0.0500000000000005 2.70754265785217
v 0.100000000000001 0.0500000000000005 2.71702861785889
v 0.1125 0.0500000000000005 2.67792749404907
v 0.125000000000001 0.0500000000000005 2.68075156211853
v 0.137500000000001 0.0500000000000005 2.80251383781433
v 0.150000000000001 0.0500000000000005 3.01243996620178
v 0.162500000000001 0.0500000000000005 3.28001260757446
v 0.175000000000001 0.0500000000000005 3.60243344306946
v 0.187500000000001 0.0500000000000005 4.11132574081421
v 0.200000000000001 0.0500000000000005 5.06033658981323
v 0.212500000000001 0.0500000000000005 6.38345575332642
v 0.225000000000001 0.0500000000000005 8.17197895050049
v 0.237500000000001 0.0500000000000005 9.10254192352295
v 0.250000000000001 0.0500000000000005 9.52885437011719
v 0.262500000000001 0.0500000000000005 9.82112789154053
v 0.275000000000001 0.0500000000000005 9.9735860824585
v 0.287500000000001 0.0500000000000005 10.0525045394897
v 0.300000000000001 0.0500000000000005 10.1025533676147
v 0.312500000000001 0.0500000000000005 10.1411409378052
v 0.325000000000001 0.0500000000000005 10.1741151809692
v 0.337500000000001 0.0500000000000005 10.2028579711914
v 0.350000000000001 0.0500000000000005 10.2270202636719
v 0.362500000000001 0.0500000000000005 10.2454814910889
v 0.375000000000001 0.0500000000000005 10.25754737854
v 0.387500000000001 0.0500000000000005 10.2638540267944
v 0.400000000000001 0.0500000000000005 10.2658805847168
v 0.412500000000001 0.0500000000000005 10.2650423049927
v 0.425000000000001 0.0500000000000005 10.2626142501831
v 0.437500000000001 0.0500000000000005 10.2598447799683
v 0.450000000000001 0.0500000000000005 10.2573184967041
v 0.462500000000001 0.0500000000000005 10.2540502548218
v 0.475000000000001 0.0500000000000005 10.2472219467163
v 0.487500000000001 0.0500000000000005 10.2327508926392
v 0.500000000000001 0.0500000000000005 10.2062520980835
v -0.5 0.0625000000000004 8.1917085647583
v -0.4875 0.0625000000000004 8.48288249969482
v -0.475 0.0625000000000004 8.65920639038086
v -0.4625 0.0625000000000004 8.79322719573975
v -0.45 0.0625000000000004 8.87653732299805
v -0.4375 0.0625000000000004 8.91270446777344
v -0.425 0.0625000000000004 8.86908435821533
v -0.4125 0.0625000000000004 8.74796009063721
v -0.4 0.0625000000000004 8.58313941955566
v -0.3875 0.0625000000000004 8.32812404632568
v -0.375 0.0625000000000004 7.91421985626221
v -0.3625 0.0625000000000004 7.51857757568359
v -0.35 0.0625000000000004 7.27670764923096
v -0.3375 0.0625000000000004 7.14770984649658
v -0.325 0.0625000000000004 6.99867248535156
v -0.3125 0.0625000000000004 6.64348316192627
v -0.3 0.0625000000000004 6.08173322677612
v -0.2875 0.0625000000000004 5.38863754272461
v -0.275 0.0625000000000004 4.696204662323
v -0.2625 0.0625000000000004 4.1261191368103
v -0.25 0.0625000000000004 3.72078633308411
v -0.2375 0.0625000000000004 3.44657874107361
v -0.225 0.0625000000000004 3.15606093406677
v -0.2125 0.0625000000000004 2.77080655097961
v -0.2 0.0625000000000004 2.38299942016602
v -0.1875 0.0625000000000004 1.95747053623199
v -0.175 0.0625000000000004 1.29134678840637
v -0.1625 0.0625000000000004 0.774509847164154
v -0.15 0.0625000000000004 0.697571456432343
v -0.1375 0.0625000000000004 0.971061050891876
v -0.125 0.0625000000000004 1.25688993930817
v -0.1125 0.0625000000000004 1.49849319458008
v -0.0999999999999996 0.0625000000000004 1.70969581604004
v -0.0874999999999996 0.0625000000000004 1.89143788814545
v -0.0749999999999996 0.0625000000000004 2.04610753059387
v -0.0624999999999996 0.0625000000000004 2.16644978523254
v -0.0499999999999996 0.0625000000000004 2.24096941947937
v -0.0374999999999996 0.0625000000000004 2.2681405544281
v -0.0249999999999996 0.0625000000000004 2.26121401786804
v -0.0124999999999996 0.0625000000000004 2.23408961296082
v 4.44089209850063e-16 0.0625000000000004 2.18380808830261
v 0.0125000000000004 0.0625000000000004 2.15071177482605
v 0.0250000000000005 0.0625000000000004 2.30198454856873
v 0.0375000000000005 0.0625000000000004 2.570063829422
v 0.0500000000000005 0.0625000000000004 2.69014596939087
v 0.0625000000000004 0.0625000000000004 2.74304175376892
v 0.0750000000000005 0.0625000000000004 2.76930737495422
v 0.0875000000000006 0.0625000000000004 2.78366041183472
v 0.100000000000001 0.0625000000000004 2.81461620330811
v 0.1125 0.0625000000000004 2.83881545066833
v 0.125000000000001 0.0625000000000004 2.82462477684021
v 0.137500000000001 0.0625000000000004 2.87546324729919
v 0.150000000000001 0.0625000000000004 3.0037579536438
v 0.162500000000001 0.0625000000000004 3.16438150405884
v 0.175000000000001 0.0625000000000004 3.36296391487122
v 0.187500000000001 0.0625000000000004 3.66839909553528
v 0.200000000000001 0.0625000000000004 4.38053941726685
v 0.212500000000001 0.0625000000000004 5.9934549331665
v 0.225000000000001 0.0625000000000004 8.24493885040283
v 0.237500000000001 0.0625000000000004 9.26158809661865
v 0.250000000000001 0.0625000000000004 9.66445541381836
v 0.262500000000001 0.0625000000000004 9.85679531097412
v 0.275000000000001 0.0625000000000004 9.9686164855957
v 0.287500000000001 0.0625000000000004 10.0297679901123
v 0.300000000000001 0.0625000000000004 10.0726413726807
v 0.312500000000001 0.0625000000000004 10.1104640960693
v 0.325000000000001 0.0625000000000004 10.1464233398438
v 0.337500000000001 0.0625000000000004 10.1796522140503
v 0.350000000000001 0.0625000000000004 10.208291053772
v 0.362500000000001 0.0625000000000004 10.2305974960327
v 0.375000000000001 0.0625000000000004 10.2458086013794
v 0.387500000000001 0.0625000000000004 10.25452709198
v 0.400000000000001 0.0625000000000004 10.2581195831299
v 0.412500000000001 0.0625000000000004 10.2580738067627
v 0.425000000000001 0.0625000000000004 10.2560062408447
v 0.437500000000001 0.0625000000000004 10.2535495758057
v 0.450000000000001 0.0625000000000004 10.2515230178833
v 0.462500000000001 0.0625000000000004 10.2490186691284
v 0.475000000000001 0.0625000000000004 10.2432346343994
v 0.487500000000001 0.0625000000000004 10.2300796508789
v 0.500000000000001 0.0625000000000004 10.2051029205322
v -0.5 0.0750000000000005 8.09590625762939
v -0.4875 0.0750000000000005 8.43792819976807
v -0.475 0.0750000000000005 8.61389827728271
v -0.4625 0.0750000000000005 8.74213600158691
v -0.45 0.0750000000000005 8.82307243347168
v -0.4375 0.0750000000000005 8.85993385314941
v -0.425 0.0750000000000005 8.81224155426025
v -0.4125 0.0750000000000005 8.68472194671631
v -0.4 0.0750000000000005 8.48462677001953
v -0.3875 0.0750000000000005 8.18935203552246
v -0.375 0.0750000000000005 7.73920392990112
v -0.3625 0.0750000000000005 7.32904529571533
v -0.35 0.0750000000000005 7.15149068832397
v -0.3375 0.0750000000000005 6.97545719146729
v -0.325 0.0750000000000005 6.70515394210815
v -0.3125 0.0750000000000005 6.2752857208252
v -0.3 0.0750000000000005 5.69210767745972
v -0.2875 0.0750000000000005 5.03582715988159
v -0.275 0.0750000000000005 4.41621017456055
v -0.2625 0.0750000000000005 3.92797160148621
v -0.25 0.0750000000000005 3.60637140274048
v -0.2375 0.0750000000000005 3.34232211112976
v -0.225 0.0750000000000005 3.01522517204285
v -0.2125 0.0750000000000005 2.58283805847168
v -0.2 0.0750000000000005 2.1922595500946
v -0.1875 0.0750000000000005 1.82816696166992
v -0.175 0.0750000000000005 1.21241593360901
v -0.1625 0.0750000000000005 0.594259738922119
v -0.15 0.0750000000000005 0.317194908857346
v -0.1375 0.0750000000000005 0.617611825466156
v -0.125 0.0750000000000005 1.00909078121185
v -0.1125 0.0750000000000005 1.29820120334625
v -0.0999999999999996 0.0750000000000005 1.51620280742645
v -0.0874999999999996 0.0750000000000005 1.68842887878418
v -0.0749999999999996 0.0750000000000005 1.83452415466309
v -0.0624999999999996 0.0750000000000005 1.95667350292206
v -0.0499999999999996 0.0750000000000005 2.04278159141541
v -0.0374999999999996 0.0750000000000005 2.08685731887817
v -0.0249999999999996 0.0750000000000005 2.10042238235474
v -0.0124999999999996 0.0750000000000005 2.09584784507751
v 4.44089209850063e-16 0.0750000000000005 2.07071828842163
v 0.0125000000000004 0.0750000000000005 2.08603000640869
v 0.0250000000000005 0.0750000000000005 2.29570245742798
v 0.0375000000000005 0.0750000000000005 2.56787443161011
v 0.0500000000000005 0.0750000000000005 2.69269156455994
v 0.0625000000000004 0.0750000000000005 2.70502257347107
v 0.0750000000000005 0.0750000000000005 2.65235376358032
v 0.0875000000000006 0.0750000000000005 2.632563829422
v 0.100000000000001 0.0750000000000005 2.67545795440674
v 0.1125 0.0750000000000005 2.80814862251282
v 0.125000000000001 0.0750000000000005 2.96148467063904
v 0.137500000000001 0.0750000000000005 3.02322673797607
v 0.150000000000001 0.0750000000000005 3.11163592338562
v 0.162500000000001 0.0750000000000005 3.20738458633423
v 0.175000000000001 0.0750000000000005 3.33020853996277
v 0.187500000000001 0.0750000000000005 3.53991937637329
v 0.200000000000001 0.0750000000000005 3.96457028388977
v 0.212500000000001 0.0750000000000005 5.48257780075073
v 0.225000000000001 0.0750000000000005 7.92653369903564
v 0.237500000000001 0.0750000000000005 9.26492309570312
v 0.250000000000001 0.0750000000000005 9.68825340270996
v 0.262500000000001 0.0750000000000005 9.86378765106201
v 0.275000000000001 0.0750000000000005 9.95669269561768
v 0.287500000000001 0.0750000000000005 10.0035057067871
v 0.300000000000001 0.0750000000000005 10.0380907058716
v 0.312500000000001 0.0750000000000005 10.0744657516479
v 0.325000000000001 0.0750000000000005 10.1138887405396
v 0.337500000000001 0.0750000000000005 10.1524782180786
v 0.350000000000001 0.0750000000000005 10.1863431930542
v 0.362500000000001 0.0750000000000005 10.2130765914917
v 0.375000000000001 0.0750000000000005 10.2318906784058
v 0.387500000000001 0.0750000000000005 10.2433624267578
v 0.400000000000001 0.0750000000000005 10.2487745285034
v 0.412500000000001 0.0750000000000005 10.2497215270996
v 0.425000000000001 0.0750000000000005 10.2481756210327
v 0.437500000000001 0.0750000000000005 10.2461318969727
v 0.450000000000001 0.0750000000000005 10.2446260452271
v 0.462500000000001 0.0750000000000005 10.2428426742554
v 0.475000000000001 0.0750000000000005 10.2380170822144
v 0.487500000000001 0.0750000000000005 10.2260808944702
v 0.500000000000001 0.0750000000000005 10.2025480270386
v -0.5 0.0875000000000006 7.98879384994507
v -0.4875 0.0875000000000006 8.38418006896973
v -0.475 0.0875000000000006 8.57210063934326
v -0.4625 0.0875000000000006 8.69244289398193
v -0.45 0.0875000000000006 8.76987361907959
v -0.4375 0.0875000000000006 8.8068962097168
v -0.425 0.0875000000000006 8.75878143310547
v -0.4125 0.0875000000000006 8.62663745880127
v -0.4 0.0875000000000006 8.38913917541504
v -0.3875 0.0875000000000006 8.05264568328857
v -0.375 0.0875000000000006 7.59427976608276
v -0.3625 0.0875000000000006 7.19469022750854
v -0.35 0.0875000000000006 7.03123092651367
v -0.3375 0.0875000000000006 6.78679990768433
v -0.325 0.0875000000000006 6.38228940963745
v -0.3125 0.0875000000000006 5.8695502281189
v -0.3 0.0875000000000006 5.27332162857056
v -0.2875 0.0875000000000006 4.66097593307495
v -0.275 0.0875000000000006 4.123863697052
v -0.2625 0.0875000000000006 3.74177479743958
v -0.25 0.0875000000000006 3.46617245674133
v -0.2375 0.0875000000000006 3.20042276382446
v -0.225 0.0875000000000006 2.83930444717407
v -0.2125 0.0875000000000006 2.38429522514343
v -0.2 0.0875000000000006 2.00625228881836
v -0.1875 0.0875000000000006 1.6846684217453
v -0.175 0.0875000000000006 1.15185809135437
v -0.1625 0.0875000000000006 0.500516414642334
v -0.15 0.0875000000000006 0.109823577105999
v -0.1375 0.0875000000000006 0.436606615781784
v -0.125 0.0875000000000006 0.852798283100128
v -0.1125 0.0875000000000006 1.14173054695129
v -0.0999999999999996 0.0875000000000006 1.34222710132599
v -0.0874999999999996 0.0875000000000006 1.49169325828552
v -0.0749999999999996 0.0875000000000006 1.61383903026581
v -0.0624999999999996 0.0875000000000006 1.71946430206299
v -0.0499999999999996 0.0875000000000006 1.80360889434814
v -0.0374999999999996 0.0875000000000006 1.86141777038574
v -0.0249999999999996 0.0875000000000006 1.904052734375
v -0.0124999999999996 0.0875000000000006 1.94233322143555
v 4.44089209850063e-16 0.0875000000000006 1.9692143201828
v 0.0125000000000004 0.0875000000000006 2.0337986946106
v 0.0250000000000005 0.0875000000000006 2.27875256538391
v 0.0375000000000005 0.0875000000000006 2.55592799186707
v 0.0500000000000005 0.0875000000000006 2.66779184341431
v 0.0625000000000004 0.0875000000000006 2.60937643051147
v 0.0750000000000005 0.0875000000000006 2.52390718460083
v 0.0875000000000006 0.0875000000000006 2.51410365104675
v 0.100000000000001 0.0875000000000006 2.54860687255859
v 0.1125 0.0875000000000006 2.66716265678406
v 0.125000000000001 0.0875000000000006 2.97882437705994
v 0.137500000000001 0.0875000000000006 3.23648881912231
v 0.150000000000001 0.0875000000000006 3.3609139919281
v 0.162500000000001 0.0875000000000006 3.44296383857727
v 0.175000000000001 0.0875000000000006 3.51369166374207
v 0.187500000000001 0.0875000000000006 3.66113972663879
v 0.200000000000001 0.0875000000000006 3.98931956291199
v 0.212500000000001 0.0875000000000006 5.27636671066284
v 0.225000000000001 0.0875000000000006 7.73873281478882
v 0.237500000000001 0.0875000000000006 9.1705904006958
v 0.250000000000001 0.0875000000000006 9.62941932678223
v 0.262500000000001 0.0875000000000006 9.83034801483154
v 0.275000000000001 0.0875000000000006 9.93051815032959
v 0.287500000000001 0.0875000000000006 9.97473907470703
v 0.300000000000001 0.0875000000000006 10.0038061141968
v 0.312500000000001 0.0875000000000006 10.0378513336182
v 0.325000000000001 0.0875000000000006 10.0796012878418
v 0.337500000000001 0.0875000000000006 10.1230630874634
v 0.350000000000001 0.0875000000000006 10.1621131896973
v 0.362500000000001 0.0875000000000006 10.1934309005737
v 0.375000000000001 0.0875000000000006 10.2160425186157
v 0.387500000000001 0.0875000000000006 10.2304229736328
v 0.400000000000001 0.0875000000000006 10.2377872467041
v 0.412500000000001 0.0875000000000006 10.2398824691772
v 0.425000000000001 0.0875000000000006 10.2390203475952
v 0.437500000000001 0.0875000000000006 10.23752784729
v 0.450000000000001 0.0875000000000006 10.2366304397583
v 0.462500000000001 0.0875000000000006 10.2355947494507
v 0.475000000000001 0.0875000000000006 10.231707572937
v 0.487500000000001 0.0875000000000006 10.2209568023682
v 0.500000000000001 0.0875000000000006 10.19886302948
v -0.5 0.100000000000001 7.87184476852417
v -0.4875 0.100000000000001 8.31651210784912
v -0.475 0.100000000000001 8.52879238128662
v -0.4625 0.100000000000001 8.64004993438721
v -0.45 0.100000000000001 8.71329307556152
v -0.4375 0.100000000000001 8.75032329559326
v -0.425 0.100000000000001 8.70523738861084
v -0.4125 0.100000000000001 8.5650691986084
v -0.4 0.100000000000001 8.29724884033203
v -0.3875 0.100000000000001 7.93101358413696
v -0.375 0.100000000000001 7.46582365036011
v -0.3625 0.100000000000001 7.09008502960205
v -0.35 0.100000000000001 6.85686492919922
v -0.3375 0.100000000000001 6.52131223678589
v -0.325 0.100000000000001 6.01361751556396
v -0.3125 0.100000000000001 5.44868326187134
v -0.3 0.100000000000001 4.84160757064819
v -0.2875 0.100000000000001 4.27820062637329
v -0.275 0.100000000000001 3.83544611930847
v -0.2625 0.100000000000001 3.53174066543579
v -0.25 0.100000000000001 3.28954005241394
v -0.2375 0.100000000000001 3.0217752456665
v -0.225 0.100000000000001 2.64177703857422
v -0.2125 0.100000000000001 2.1914746761322
v -0.2 0.100000000000001 1.83363378047943
v -0.1875 0.100000000000001 1.54809546470642
v -0.175 0.100000000000001 1.09257507324219
v -0.1625 0.100000000000001 0.461136013269424
v -0.15 0.100000000000001 0.00319999712519348
v -0.1375 0.100000000000001 0.374761909246445
v -0.125 0.100000000000001 0.755830466747284
v -0.1125 0.100000000000001 1.02112412452698
v -0.0999999999999996 0.100000000000001 1.19692265987396
v -0.0874999999999996 0.100000000000001 1.32108056545258
v -0.0749999999999996 0.100000000000001 1.4185289144516
v -0.0624999999999996 0.100000000000001 1.50313425064087
v -0.0499999999999996 0.100000000000001 1.57902133464813
v -0.0374999999999996 0.100000000000001 1.64857828617096
v -0.0249999999999996 0.100000000000001 1.72456586360931
v -0.0124999999999996 0.100000000000001 1.81530404090881
v 4.44089209850063e-16 0.100000000000001 1.89659869670868
v 0.0125000000000004 0.100000000000001 1.99226379394531
v 0.0250000000000005 0.100000000000001 2.26467704772949
v 0.0375000000000005 0.100000000000001 2.54065179824829
v 0.0500000000000005 0.100000000000001 2.64096140861511
v 0.0625000000000004 0.100000000000001 2.55059313774109
v 0.0750000000000005 0.100000000000001 2.47958517074585
v 0.0875000000000006 0.100000000000001 2.48699378967285
v 0.100000000000001 0.100000000000001 2.51509785652161
v 0.1125 0.100000000000001 2.59585475921631
v 0.125000000000001 0.100000000000001 2.90690541267395
v 0.137500000000001 0.100000000000001 3.37167429924011
v 0.150000000000001 0.100000000000001 3.70547342300415
v 0.162500000000001 0.100000000000001 3.87615251541138
v 0.175000000000001 0.100000000000001 3.93831419944763
v 0.187500000000001 0.100000000000001 4.05285263061523
v 0.200000000000001 0.100000000000001 4.36134052276611
v 0.212500000000001 0.100000000000001 5.59225559234619
v 0.225000000000001 0.100000000000001 7.91838216781616
v 0.237500000000001 0.100000000000001 9.16730499267578
v 0.250000000000001 0.100000000000001 9.56215953826904
v 0.262500000000001 0.100000000000001 9.77157783508301
v 0.275000000000001 0.100000000000001 9.88741588592529
v 0.287500000000001 0.100000000000001 9.93970775604248
v 0.300000000000001 0.100000000000001 9.96977996826172
v 0.312500000000001 0.100000000000001 10.0033798217773
v 0.325000000000001 0.100000000000001 10.0466451644897
v 0.337500000000001 0.100000000000001 10.0936603546143
v 0.350000000000001 0.100000000000001 10.137035369873
v 0.362500000000001 0.100000000000001 10.1725263595581
v 0.375000000000001 0.100000000000001 10.1987380981445
v 0.387500000000001 0.100000000000001 10.2159118652344
v 0.400000000000001 0.100000000000001 10.225191116333
v 0.412500000000001 0.100000000000001 10.2284994125366
v 0.425000000000001 0.100000000000001 10.2284669876099
v 0.437500000000001 0.100000000000001 10.2276906967163
v 0.450000000000001 0.100000000000001 10.2275381088257
v 0.462500000000001 0.100000000000001 10.2273378372192
v 0.475000000000001 0.100000000000001 10.224440574646
v 0.487500000000001 0.100000000000001 10.2149171829224
v 0.500000000000001 0.100000000000001 10.1943321228027
v -0.5 0.1125 7.74691247940063
v -0.4875 0.1125 8.23053932189941
v -0.475 0.1125 8.47642421722412
v -0.4625 0.1125 8.58329105377197
v -0.45 0.1125 8.65240478515625
v -0.4375 0.1125 8.68824672698975
v -0.425 0.1125 8.64615058898926
v -0.4125 0.1125 8.49534130096436
v -0.4 0.1125 8.20658779144287
v -0.3875 0.1125 7.82226276397705
v -0.375 0.1125 7.35353565216064
v -0.3625 0.1125 6.97881174087524
v -0.35 0.1125 6.64605474472046
v -0.3375 0.1125 6.19171762466431
v -0.325 0.1125 5.6016058921814
v -0.3125 0.1125 5.00558805465698
v -0.3 0.1125 4.42520475387573
v -0.2875 0.1125 3.91336441040039
v -0.275 0.1125 3.55052447319031
v -0.2625 0.1125 3.30024218559265
v -0.25 0.1125 3.08972024917603
v -0.2375 0.1125 2.82444882392883
v -0.225 0.1125 2.44274592399597
v -0.2125 0.1125 2.0204803943634
v -0.2 0.1125 1.68963432312012
v -0.1875 0.1125 1.4367264509201
v -0.175 0.1125 1.05298614501953
v -0.1625 0.1125 0.459681004285812
v -0.15 0.1125 0.0786871612071991
v -0.1375 0.1125 0.373958498239517
v -0.125 0.1125 0.720189988613129
v -0.1125 0.1125 0.967556953430176
v -0.0999999999999996 0.1125 1.12905442714691
v -0.0874999999999996 0.1125 1.23649287223816
v -0.0749999999999996 0.1125 1.31470036506653
v -0.0624999999999996 0.1125 1.38182592391968
v -0.0499999999999996 0.1125 1.44905209541321
v -0.0374999999999996 0.1125 1.52595412731171
v -0.0249999999999996 0.1125 1.62824475765228
v -0.0124999999999996 0.1125 1.75473058223724
v 4.44089209850063e-16 0.1125 1.86019349098206
v 0.0125000000000004 0.1125 1.95848262310028
v 0.0250000000000005 0.1125 2.23565149307251
v 0.0375000000000005 0.1125 2.5115954875946
v 0.0500000000000005 0.1125 2.61549425125122
v 0.0625000000000004 0.1125 2.52109026908875
v 0.0750000000000005 0.1125 2.46616840362549
v 0.0875000000000006 0.1125 2.47975516319275
v 0.100000000000001 0.1125 2.51330161094666
v 0.1125 0.1125 2.58911323547363
v 0.125000000000001 0.1125 2.87407612800598
v 0.137500000000001 0.1125 3.40865111351013
v 0.150000000000001 0.1125 3.92954325675964
v 0.162500000000001 0.1125 4.24356937408447
v 0.175000000000001 0.1125 4.37433099746704
v 0.187500000000001 0.1125 4.52046155929565
v 0.200000000000001 0.1125 4.85550451278687
v 0.212500000000001 0.1125 6.2228217124939
v 0.225000000000001 0.1125 8.21157932281494
v 0.237500000000001 0.1125 9.20698642730713
v 0.250000000000001 0.1125 9.51374244689941
v 0.262500000000001 0.1125 9.70572471618652
v 0.275000000000001 0.1125 9.83172130584717
v 0.287500000000001 0.1125 9.89658737182617
v 0.300000000000001 0.1125 9.93349456787109
v 0.312500000000001 0.1125 9.970046043396
v 0.325000000000001 0.1125 10.0155916213989
v 0.337500000000001 0.1125 10.0655002593994
v 0.350000000000001 0.1125 10.1122922897339
v 0.362500000000001 0.1125 10.1512451171875
v 0.375000000000001 0.1125 10.1805295944214
v 0.387500000000001 0.1125 10.2001075744629
v 0.400000000000001 0.1125 10.2110776901245
v 0.412500000000001 0.1125 10.2155609130859
v 0.425000000000001 0.1125 10.2164678573608
v 0.437500000000001 0.1125 10.2165861129761
v 0.450000000000001 0.1125 10.2173585891724
v 0.462500000000001 0.1125 10.2181463241577
v 0.475000000000001 0.1125 10.2163619995117
v 0.487500000000001 0.1125 10.2081785202026
v 0.500000000000001 0.1125 10.1892528533936
v -0.5 0.125000000000001 7.61259317398071
v -0.4875 0.125000000000001 8.12313747406006
v -0.475 0.125000000000001 8.41032695770264
v -0.4625 0.125000000000001 8.52327728271484
v -0.45 0.125000000000001 8.58692836761475
v -0.4375 0.125000000000001 8.62127876281738
v -0.425 0.125000000000001 8.57777976989746
v -0.4125 0.125000000000001 8.41740703582764
v -0.4 0.125000000000001 8.12249183654785
v -0.3875 0.125000000000001 7.71534729003906
v -0.375 0.125000000000001 7.2560019493103
v -0.3625 0.125000000000001 6.83613538742065
v -0.35 0.125000000000001 6.42007446289062
v -0.3375 0.125000000000001 5.83988618850708
v -0.325 0.125000000000001 5.17964506149292
v -0.3125 0.125000000000001 4.56359052658081
v -0.3 0.125000000000001 4.02718925476074
v -0.2875 0.125000000000001 3.5903012752533
v -0.275 0.125000000000001 3.27463984489441
v -0.2625 0.125000000000001 3.06240892410278
v -0.25 0.125000000000001 2.8788948059082
v -0.2375 0.125000000000001 2.62632417678833
v -0.225 0.125000000000001 2.26337909698486
v -0.2125 0.125000000000001 1.88243293762207
v -0.2 0.125000000000001 1.58161854743958
v -0.1875 0.125000000000001 1.3485050201416
v -0.175 0.125000000000001 1.02010905742645
v -0.1625 0.125000000000001 0.479250729084015
v -0.15 0.125000000000001 0.166357547044754
v -0.1375 0.125000000000001 0.41759929060936
v -0.125 0.125000000000001 0.745829522609711
v -0.1125 0.125000000000001 0.98825466632843
v -0.0999999999999996 0.125000000000001 1.14587080478668
v -0.0874999999999996 0.125000000000001 1.24436819553375
v -0.0749999999999996 0.125000000000001 1.30852925777435
v -0.0624999999999996 0.125000000000001 1.35934388637543
v -0.0499999999999996 0.125000000000001 1.41479599475861
v -0.0374999999999996 0.125000000000001 1.49122273921967
v -0.0249999999999996 0.125000000000001 1.60358321666718
v -0.0124999999999996 0.125000000000001 1.74172294139862
v 4.44089209850063e-16 0.125000000000001 1.85543727874756
v 0.0125000000000004 0.125000000000001 1.93984222412109
v 0.0250000000000005 0.125000000000001 2.1910924911499
v 0.0375000000000005 0.125000000000001 2.46564197540283
v 0.0500000000000005 0.125000000000001 2.58919882774353
v 0.0625000000000004 0.125000000000001 2.50583982467651
v 0.0750000000000005 0.125000000000001 2.4571967124939
v 0.0875000000000006 0.125000000000001 2.47031593322754
v 0.100000000000001 0.125000000000001 2.51564836502075
v 0.1125 0.125000000000001 2.61494374275208
v 0.125000000000001 0.125000000000001 2.90790343284607
v 0.137500000000001 0.125000000000001 3.42689442634583
v 0.150000000000001 0.125000000000001 4.00504064559937
v 0.162500000000001 0.125000000000001 4.40674781799316
v 0.175000000000001 0.125000000000001 4.62303638458252
v 0.187500000000001 0.125000000000001 4.84180212020874
v 0.200000000000001 0.125000000000001 5.31397342681885
v 0.212500000000001 0.125000000000001 6.68739318847656
v 0.225000000000001 0.125000000000001 8.31810283660889
v 0.237500000000001 0.125000000000001 9.19240474700928
v 0.250000000000001 0.125000000000001 9.45839691162109
v 0.262500000000001 0.125000000000001 9.63442707061768
v 0.275000000000001 0.125000000000001 9.76578426361084
v 0.287500000000001 0.125000000000001 9.84462070465088
v 0.300000000000001 0.125000000000001 9.89309215545654
v 0.312500000000001 0.125000000000001 9.9362211227417
v 0.325000000000001 0.125000000000001 9.98549652099609
v 0.337500000000001 0.125000000000001 10.0384292602539
v 0.350000000000001 0.125000000000001 10.0882339477539
v 0.362500000000001 0.125000000000001 10.1300735473633
v 0.375000000000001 0.125000000000001 10.1618185043335
v 0.387500000000001 0.125000000000001 10.1832571029663
v 0.400000000000001 0.125000000000001 10.1955556869507
v 0.412500000000001 0.125000000000001 10.2010850906372
v 0.425000000000001 0.125000000000001 10.2029981613159
v 0.437500000000001 0.125000000000001 10.204195022583
v 0.450000000000001 0.125000000000001 10.2061109542847
v 0.462500000000001 0.125000000000001 10.208104133606
v 0.475000000000001 0.125000000000001 10.2076292037964
v 0.487500000000001 0.125000000000001 10.2009754180908
v 0.500000000000001 0.125000000000001 10.1839389801025
v -0.5 0.137500000000001 7.4634108543396
v -0.4875 0.137500000000001 7.99358367919922
v -0.475 0.137500000000001 8.32760238647461
v -0.4625 0.137500000000001 8.45541572570801
v -0.45 0.137500000000001 8.51625633239746
v -0.4375 0.137500000000001 8.55179023742676
v -0.425 0.137500000000001 8.50339317321777
v -0.4125 0.137500000000001 8.34088897705078
v -0.4 0.137500000000001 8.04969310760498
v -0.3875 0.137500000000001 7.61769247055054
v -0.375 0.137500000000001 7.14994049072266
v -0.3625 0.137500000000001 6.66767263412476
v -0.35 0.137500000000001 6.18228101730347
v -0.3375 0.137500000000001 5.5137767791748
v -0.325 0.137500000000001 4.79783201217651
v -0.3125 0.137500000000001 4.16835737228394
v -0.3 0.137500000000001 3.66990780830383
v -0.2875 0.137500000000001 3.29274559020996
v -0.275 0.137500000000001 3.01905345916748
v -0.2625 0.137500000000001 2.82863974571228
v -0.25 0.137500000000001 2.66689586639404
v -0.2375 0.137500000000001 2.44599223136902
v -0.225 0.137500000000001 2.13140034675598
v -0.2125 0.137500000000001 1.79917752742767
v -0.2 0.137500000000001 1.52358114719391
v -0.1875 0.137500000000001 1.28044533729553
v -0.175 0.137500000000001 0.964148461818695
v -0.1625 0.137500000000001 0.497362703084946
v -0.15 0.137500000000001 0.284387528896332
v -0.1375 0.137500000000001 0.521941363811493
v -0.125 0.137500000000001 0.840377271175385
v -0.1125 0.137500000000001 1.07986915111542
v -0.0999999999999996 0.137500000000001 1.23375856876373
v -0.0874999999999996 0.137500000000001 1.32444620132446
v -0.0749999999999996 0.137500000000001 1.37756192684174
v -0.0624999999999996 0.137500000000001 1.41492581367493
v -0.0499999999999996 0.137500000000001 1.45687961578369
v -0.0374999999999996 0.137500000000001 1.52457547187805
v -0.0249999999999996 0.137500000000001 1.63258302211761
v -0.0124999999999996 0.137500000000001 1.76772809028625
v 4.44089209850063e-16 0.137500000000001 1.87818431854248
v 0.0125000000000004 0.137500000000001 1.93215370178223
v 0.0250000000000005 0.137500000000001 2.1330304145813
v 0.0375000000000005 0.137500000000001 2.40315222740173
v 0.0500000000000005 0.137500000000001 2.56189608573914
v 0.0625000000000004 0.137500000000001 2.49446558952332
v 0.0750000000000005 0.137500000000001 2.44091486930847
v 0.0875000000000006 0.137500000000001 2.45361995697021
v 0.100000000000001 0.137500000000001 2.51554417610168
v 0.1125 0.137500000000001 2.65922737121582
v 0.125000000000001 0.137500000000001 2.9763867855072
v 0.137500000000001 0.137500000000001 3.45493865013123
v 0.150000000000001 0.137500000000001 3.98412871360779
v 0.162500000000001 0.137500000000001 4.38523864746094
v 0.175000000000001 0.137500000000001 4.67376470565796
v 0.187500000000001 0.137500000000001 4.99140977859497
v 0.200000000000001 0.137500000000001 5.59214782714844
v 0.212500000000001 0.137500000000001 6.7384467124939
v 0.225000000000001 0.137500000000001 8.14137363433838
v 0.237500000000001 0.137500000000001 9.04561138153076
v 0.250000000000001 0.137500000000001 9.3574161529541
v 0.262500000000001 0.137500000000001 9.5448751449585
v 0.275000000000001 0.137500000000001 9.6884069442749
v 0.287500000000001 0.137500000000001 9.7828893661499
v 0.300000000000001 0.137500000000001 9.84717845916748
v 0.312500000000001 0.137500000000001 9.90064334869385
v 0.325000000000001 0.137500000000001 9.95547771453857
v 0.337500000000001 0.137500000000001 10.011926651001
v 0.350000000000001 0.137500000000001 10.064679145813
v 0.362500000000001 0.137500000000001 10.1090564727783
v 0.375000000000001 0.137500000000001 10.1427335739136
v 0.387500000000001 0.137500000000001 10.1654710769653
v 0.400000000000001 0.137500000000001 10.1786775588989
v 0.412500000000001 0.137500000000001 10.1850748062134
v 0.425000000000001 0.137500000000001 10.1880416870117
v 0.437500000000001 0.137500000000001 10.1905059814453
v 0.450000000000001 0.137500000000001 10.1938352584839
v 0.462500000000001 0.137500000000001 10.1973114013672
v 0.475000000000001 0.137500000000001 10.1984128952026
v 0.487500000000001 0.137500000000001 10.1935567855835
v 0.500000000000001 0.137500000000001 10.1787157058716
v -0.5 0.150000000000001 7.29957294464111
v -0.4875 0.150000000000001 7.84638071060181
v -0.475 0.150000000000001 8.22459983825684
v -0.4625 0.150000000000001 8.37332725524902
v -0.45 0.150000000000001 8.44443130493164
v -0.4375 0.150000000000001 8.47883224487305
v -0.425 0.150000000000001 8.43252849578857
v -0.4125 0.150000000000001 8.27917766571045
v -0.4 0.150000000000001 7.98806858062744
v -0.3875 0.150000000000001 7.53794574737549
v -0.375 0.150000000000001 7.02848052978516
v -0.3625 0.150000000000001 6.50898838043213
v -0.35 0.150000000000001 5.96164798736572
v -0.3375 0.150000000000001 5.23263835906982
v -0.325 0.150000000000001 4.49096059799194
v -0.3125 0.150000000000001 3.85773777961731
v -0.3 0.150000000000001 3.37367630004883
v -0.2875 0.150000000000001 3.02685761451721
v -0.275 0.150000000000001 2.78308653831482
v -0.2625 0.150000000000001 2.60530829429626
v -0.25 0.150000000000001 2.45998930931091
v -0.2375 0.150000000000001 2.28327918052673
v -0.225 0.150000000000001 2.04249835014343
v -0.2125 0.150000000000001 1.77813994884491
v -0.2 0.150000000000001 1.52604794502258
v -0.1875 0.150000000000001 1.25648975372314
v -0.175 0.150000000000001 0.90939062833786
v -0.1625 0.150000000000001 0.537428081035614
v -0.15 0.150000000000001 0.458821982145309
v -0.1375 0.150000000000001 0.711814701557159
v -0.125 0.150000000000001 1.01713299751282
v -0.1125 0.150000000000001 1.24021530151367
v -0.0999999999999996 0.150000000000001 1.3776763677597
v -0.0874999999999996 0.150000000000001 1.45023453235626
v -0.0749999999999996 0.150000000000001 1.48800849914551
v -0.0624999999999996 0.150000000000001 1.51553213596344
v -0.0499999999999996 0.150000000000001 1.54741203784943
v -0.0374999999999996 0.150000000000001 1.60251069068909
v -0.0249999999999996 0.150000000000001 1.69943356513977
v -0.0124999999999996 0.150000000000001 1.82648205757141
v 4.44089209850063e-16 0.150000000000001 1.9293041229248
v 0.0125000000000004 0.150000000000001 1.94403421878815
v 0.0250000000000005 0.150000000000001 2.06822657585144
v 0.0375000000000005 0.150000000000001 2.33020734786987
v 0.0500000000000005 0.150000000000001 2.52968859672546
v 0.0625000000000004 0.150000000000001 2.48956084251404
v 0.0750000000000005 0.150000000000001 2.41456198692322
v 0.0875000000000006 0.150000000000001 2.42700123786926
v 0.100000000000001 0.150000000000001 2.52168941497803
v 0.1125 0.150000000000001 2.73128366470337
v 0.125000000000001 0.150000000000001 3.06498670578003
v 0.137500000000001 0.150000000000001 3.48686385154724
v 0.150000000000001 0.150000000000001 3.94897270202637
v 0.162500000000001 0.150000000000001 4.31087350845337
v 0.175000000000001 0.150000000000001 4.60225248336792
v 0.187500000000001 0.150000000000001 4.96357870101929
v 0.200000000000001 0.150000000000001 5.54921627044678
v 0.212500000000001 0.150000000000001 6.45311450958252
v 0.225000000000001 0.150000000000001 7.75917053222656
v 0.237500000000001 0.150000000000001 8.71262645721436
v 0.250000000000001 0.150000000000001 9.17221736907959
v 0.262500000000001 0.150000000000001 9.41701412200928
v 0.275000000000001 0.150000000000001 9.59388256072998
v 0.287500000000001 0.150000000000001 9.71147727966309
v 0.300000000000001 0.150000000000001 9.79545497894287
v 0.312500000000001 0.150000000000001 9.8625020980835
v 0.325000000000001 0.150000000000001 9.92483425140381
v 0.337500000000001 0.150000000000001 9.98556804656982
v 0.350000000000001 0.150000000000001 10.0413789749146
v 0.362500000000001 0.150000000000001 10.0880355834961
v 0.375000000000001 0.150000000000001 10.1231784820557
v 0.387500000000001 0.150000000000001 10.146692276001
v 0.400000000000001 0.150000000000001 10.160400390625
v 0.412500000000001 0.150000000000001 10.1674909591675
v 0.425000000000001 0.150000000000001 10.1715669631958
v 0.437500000000001 0.150000000000001 10.1755323410034
v 0.450000000000001 0.150000000000001 10.1805982589722
v 0.462500000000001 0.150000000000001 10.1859111785889
v 0.475000000000001 0.150000000000001 10.1889295578003
v 0.487500000000001 0.150000000000001 10.1861982345581
v 0.500000000000001 0.150000000000001 10.1739273071289
v -0.5 0.162500000000001 7.12045383453369
v -0.4875 0.162500000000001 7.69375324249268
v -0.475 0.162500000000001 8.09256267547607
v -0.4625 0.162500000000001 8.27499866485596
v -0.45 0.162500000000001 8.37380981445312
v -0.4375 0.162500000000001 8.40747547149658
v -0.425 0.162500000000001 8.36783313751221
v -0.4125 0.162500000000001 8.22106456756592
v -0.4 0.162500000000001 7.92592000961304
v -0.3875 0.162500000000001 7.45960855484009
v -0.375 0.162500000000001 6.89805173873901
v -0.3625 0.162500000000001 6.38414096832275
v -0.35 0.162500000000001 5.7759370803833
v -0.3375 0.162500000000001 4.99631834030151
v -0.325 0.162500000000001 4.23991394042969
v -0.3125 0.162500000000001 3.61634826660156
v -0.3 0.162500000000001 3.1458568572998
v -0.2875 0.162500000000001 2.81129717826843
v -0.275 0.162500000000001 2.57986879348755
v -0.2625 0.162500000000001 2.40733027458191
v -0.25 0.162500000000001 2.27480387687683
v -0.2375 0.162500000000001 2.14253926277161
v -0.225 0.162500000000001 1.98854339122772
v -0.2125 0.162500000000001 1.80317962169647
v -0.2 0.162500000000001 1.57205188274384
v -0.1875 0.162500000000001 1.29206919670105
v -0.175 0.162500000000001 0.978693962097168
v -0.1625 0.162500000000001 0.715342164039612
v -0.15 0.162500000000001 0.723814129829407
v -0.1375 0.162500000000001 0.977327466011047
v -0.125 0.162500000000001 1.25216138362885
v -0.1125 0.162500000000001 1.44361364841461
v -0.0999999999999996 0.162500000000001 1.55616652965546
v -0.0874999999999996 0.162500000000001 1.60883748531342
v -0.0749999999999996 0.162500000000001 1.62681806087494
v -0.0624999999999996 0.162500000000001 1.64567017555237
v -0.0499999999999996 0.162500000000001 1.67675197124481
v -0.0374999999999996 0.162500000000001 1.71777594089508
v -0.0249999999999996 0.162500000000001 1.78389644622803
v -0.0124999999999996 0.162500000000001 1.88504910469055
v 4.44089209850063e-16 0.162500000000001 1.98471677303314
v 0.0125000000000004 0.162500000000001 1.99543917179108
v 0.0250000000000005 0.162500000000001 2.02083587646484
v 0.0375000000000005 0.162500000000001 2.25948095321655
v 0.0500000000000005 0.162500000000001 2.47497463226318
v 0.0625000000000004 0.162500000000001 2.49893379211426
v 0.0750000000000005 0.162500000000001 2.43229269981384
v 0.0875000000000006 0.162500000000001 2.44970321655273
v 0.100000000000001 0.162500000000001 2.58795022964478
v 0.1125 0.162500000000001 2.83478140830994
v 0.125000000000001 0.162500000000001 3.16442680358887
v 0.137500000000001 0.162500000000001 3.57886004447937
v 0.150000000000001 0.162500000000001 3.95379638671875
v 0.162500000000001 0.162500000000001 4.23024749755859
v 0.175000000000001 0.162500000000001 4.49802589416504
v 0.187500000000001 0.162500000000001 4.86231184005737
v 0.200000000000001 0.162500000000001 5.41390895843506
v 0.212500000000001 0.162500000000001 6.19032001495361
v 0.225000000000001 0.162500000000001 7.38988208770752
v 0.237500000000001 0.162500000000001 8.31917476654053
v 0.250000000000001 0.162500000000001 8.89488792419434
v 0.262500000000001 0.162500000000001 9.23380947113037
v 0.275000000000001 0.162500000000001 9.47216701507568
v 0.287500000000001 0.162500000000001 9.62969970703125
v 0.300000000000001 0.162500000000001 9.73885822296143
v 0.312500000000001 0.162500000000001 9.82178020477295
v 0.325000000000001 0.162500000000001 9.8930835723877
v 0.337500000000001 0.162500000000001 9.958984375
v 0.350000000000001 0.162500000000001 10.018105506897
v 0.362500000000001 0.162500000000001 10.0668134689331
v 0.375000000000001 0.162500000000001 10.1029424667358
v 0.387500000000001 0.162500000000001 10.1267223358154
v 0.400000000000001 0.162500000000001 10.1405696868896
v 0.412500000000001 0.162500000000001 10.1482200622559
v 0.425000000000001 0.162500000000001 10.153525352478
v 0.437500000000001 0.162500000000001 10.1593036651611
v 0.450000000000001 0.162500000000001 10.1665229797363
v 0.462500000000001 0.162500000000001 10.1741018295288
v 0.475000000000001 0.162500000000001 10.1794357299805
v 0.487500000000001 0.162500000000001 10.179217338562
v 0.500000000000001 0.162500000000001 10.1699314117432
v -0.5 0.175000000000001 6.92197418212891
v -0.4875 0.175000000000001 7.53217315673828
v -0.475 0.175000000000001 7.92751550674438
v -0.4625 0.175000000000001 8.16141605377197
v -0.45 0.175000000000001 8.30213832855225
v -0.4375 0.175000000000001 8.34316635131836
v -0.425 0.175000000000001 8.29800796508789
v -0.4125 0.175000000000001 8.14934539794922
v -0.4 0.175000000000001 7.85027647018433
v -0.3875 0.175000000000001 7.36876392364502
v -0.375 0.175000000000001 6.77724838256836
v -0.3625 0.175000000000001 6.27400732040405
v -0.35 0.175000000000001 5.60387325286865
v -0.3375 0.175000000000001 4.79064798355103
v -0.325 0.175000000000001 4.03165197372437
v -0.3125 0.175000000000001 3.42494368553162
v -0.3 0.175000000000001 2.97334361076355
v -0.2875 0.175000000000001 2.65241599082947
v -0.275 0.175000000000001 2.42508673667908
v -0.2625 0.175000000000001 2.2512834072113
v -0.25 0.175000000000001 2.13091969490051
v -0.2375 0.175000000000001 2.04904103279114
v -0.225 0.175000000000001 1.97037494182587
v -0.2125 0.175000000000001 1.83222329616547
v -0.2 0.175000000000001 1.61380410194397
v -0.1875 0.175000000000001 1.35325801372528
v -0.175 0.175000000000001 1.15171504020691
v -0.1625 0.175000000000001 1.01278150081635
v -0.15 0.175000000000001 1.07195222377777
v -0.1375 0.175000000000001 1.29314994812012
v -0.125 0.175000000000001 1.52503800392151
v -0.1125 0.175000000000001 1.67670476436615
v -0.0999999999999996 0.175000000000001 1.76577281951904
v -0.0874999999999996 0.175000000000001 1.81589353084564
v -0.0749999999999996 0.175000000000001 1.84415018558502
v -0.0624999999999996 0.175000000000001 1.86786019802094
v -0.0499999999999996 0.175000000000001 1.90131795406342
v -0.0374999999999996 0.175000000000001 1.92871630191803
v -0.0249999999999996 0.175000000000001 1.94750654697418
v -0.0124999999999996 0.175000000000001 1.97587287425995
v 4.44089209850063e-16 0.175000000000001 2.02875590324402
v 0.0125000000000004 0.175000000000001 2.0631537437439
v 0.0250000000000005 0.175000000000001 2.01468086242676
v 0.0375000000000005 0.175000000000001 2.17786836624146
v 0.0500000000000005 0.175000000000001 2.38957381248474
v 0.0625000000000004 0.175000000000001 2.48247218132019
v 0.0750000000000005 0.175000000000001 2.48357462882996
v 0.0875000000000006 0.175000000000001 2.53279662132263
v 0.100000000000001 0.175000000000001 2.68788003921509
v 0.1125 0.175000000000001 2.91416096687317
v 0.125000000000001 0.175000000000001 3.24175500869751
v 0.137500000000001 0.175000000000001 3.61654353141785
v 0.150000000000001 0.175000000000001 3.97842478752136
v 0.162500000000001 0.175000000000001 4.27107048034668
v 0.175000000000001 0.175000000000001 4.57631397247314
v 0.187500000000001 0.175000000000001 4.950608253479
v 0.200000000000001 0.175000000000001 5.4100661277771
v 0.212500000000001 0.175000000000001 6.07116460800171
v 0.225000000000001 0.175000000000001 7.11947345733643
v 0.237500000000001 0.175000000000001 7.94389057159424
v 0.250000000000001 0.175000000000001 8.6171817779541
v 0.262500000000001 0.175000000000001 8.99960517883301
v 0.275000000000001 0.175000000000001 9.31924152374268
v 0.287500000000001 0.175000000000001 9.53604602813721
v 0.300000000000001 0.175000000000001 9.67817783355713
v 0.312500000000001 0.175000000000001 9.77909374237061
v 0.325000000000001 0.175000000000001 9.86011409759521
v 0.337500000000001 0.175000000000001 9.93185329437256
v 0.350000000000001 0.175000000000001 9.99459743499756
v 0.362500000000001 0.175000000000001 10.04514503479
v 0.375000000000001 0.175000000000001 10.081748008728
v 0.387500000000001 0.175000000000001 10.1052675247192
v 0.400000000000001 0.175000000000001 10.1189212799072
v 0.412500000000001 0.175000000000001 10.1270875930786
v 0.425000000000001 0.175000000000001 10.133864402771
v 0.437500000000001 0.175000000000001 10.1419115066528
v 0.450000000000001 0.175000000000001 10.1518144607544
v 0.462500000000001 0.175000000000001 10.1621570587158
v 0.475000000000001 0.175000000000001 10.1702566146851
v 0.487500000000001 0.175000000000001 10.1729650497437
v 0.500000000000001 0.175000000000001 10.167088508606
v -0.5 0.187500000000001 6.70361280441284
v -0.4875 0.187500000000001 7.33835744857788
v -0.475 0.187500000000001 7.74900531768799
v -0.4625 0.187500000000001 8.03012371063232
v -0.45 0.187500000000001 8.21116161346436
v -0.4375 0.187500000000001 8.2646427154541
v -0.425 0.187500000000001 8.21197509765625
v -0.4125 0.187500000000001 8.05505847930908
v -0.4 0.187500000000001 7.75134515762329
v -0.3875 0.187500000000001 7.26018857955933
v -0.375 0.187500000000001 6.68174123764038
v -0.3625 0.187500000000001 6.16475772857666
v -0.35 0.187500000000001 5.44579076766968
v -0.3375 0.187500000000001 4.61657571792603
v -0.325 0.187500000000001 3.86608362197876
v -0.3125 0.187500000000001 3.28154063224792
v -0.3 0.187500000000001 2.85172820091248
v -0.2875 0.187500000000001 2.54407835006714
v -0.275 0.187500000000001 2.31838655471802
v -0.2625 0.187500000000001 2.14656400680542
v -0.25 0.187500000000001 2.04324698448181
v -0.2375 0.187500000000001 1.98443686962128
v -0.225 0.187500000000001 1.92780554294586
v -0.2125 0.187500000000001 1.81856942176819
v -0.2 0.187500000000001 1.61603450775146
v -0.1875 0.187500000000001 1.37952601909637
v -0.175 0.187500000000001 1.25762450695038
v -0.1625 0.187500000000001 1.24257278442383
v -0.15 0.187500000000001 1.35796189308167
v -0.1375 0.187500000000001 1.56015646457672
v -0.125 0.187500000000001 1.7649313211441
v -0.1125 0.187500000000001 1.89432168006897
v -0.0999999999999996 0.187500000000001 1.97312247753143
v -0.0874999999999996 0.187500000000001 2.03498458862305
v -0.0749999999999996 0.187500000000001 2.08877611160278
v -0.0624999999999996 0.187500000000001 2.1377227306366
v -0.0499999999999996 0.187500000000001 2.1842954158783
v -0.0374999999999996 0.187500000000001 2.21464133262634
v -0.0249999999999996 0.187500000000001 2.22611808776855
v -0.0124999999999996 0.187500000000001 2.22234225273132
v 4.44089209850063e-16 0.187500000000001 2.21813201904297
v 0.0125000000000004 0.187500000000001 2.22147011756897
v 0.0250000000000005 0.187500000000001 2.13457465171814
v 0.0375000000000005 0.187500000000001 2.13544225692749
v 0.0500000000000005 0.187500000000001 2.26055598258972
v 0.0625000000000004 0.187500000000001 2.39900779724121
v 0.0750000000000005 0.187500000000001 2.49516272544861
v 0.0875000000000006 0.187500000000001 2.58430767059326
v 0.100000000000001 0.187500000000001 2.71509432792664
v 0.1125 0.187500000000001 2.91152930259705
v 0.125000000000001 0.187500000000001 3.2155704498291
v 0.137500000000001 0.187500000000001 3.62510228157043
v 0.150000000000001 0.187500000000001 4.03691053390503
v 0.162500000000001 0.187500000000001 4.30866193771362
v 0.175000000000001 0.187500000000001 4.55074262619019
v 0.187500000000001 0.187500000000001 4.8700213432312
v 0.200000000000001 0.187500000000001 5.32091379165649
v 0.212500000000001 0.187500000000001 5.9152045249939
v 0.225000000000001 0.187500000000001 6.7439112663269
v 0.237500000000001 0.187500000000001 7.53143310546875
v 0.250000000000001 0.187500000000001 8.29323291778564
v 0.262500000000001 0.187500000000001 8.7561616897583
v 0.275000000000001 0.187500000000001 9.14351177215576
v 0.287500000000001 0.187500000000001 9.43332481384277
v 0.300000000000001 0.187500000000001 9.61444854736328
v 0.312500000000001 0.187500000000001 9.73519611358643
v 0.325000000000001 0.187500000000001 9.82619762420654
v 0.337500000000001 0.187500000000001 9.90399837493896
v 0.350000000000001 0.187500000000001 9.97054576873779
v 0.362500000000001 0.187500000000001 10.022686958313
v 0.375000000000001 0.187500000000001 10.05921459198
v 0.387500000000001 0.187500000000001 10.0819272994995
v 0.400000000000001 0.187500000000001 10.0950946807861
v 0.412500000000001 0.187500000000001 10.1038761138916
v 0.425000000000001 0.187500000000001 10.112585067749
v 0.437500000000001 0.187500000000001 10.1235551834106
v 0.450000000000001 0.187500000000001 10.1367750167847
v 0.462500000000001 0.187500000000001 10.1504173278809
v 0.475000000000001 0.187500000000001 10.1617422103882
v 0.487500000000001 0.187500000000001 10.1678028106689
v 0.500000000000001 0.187500000000001 10.1657466888428
v -0.5 0.200000000000001 6.46892261505127
v -0.4875 0.200000000000001 7.11002063751221
v -0.475 0.200000000000001 7.5581431388855
v -0.4625 0.200000000000001 7.87223052978516
v -0.45 0.200000000000001 8.07811641693115
v -0.4375 0.200000000000001 8.14822673797607
v -0.425 0.200000000000001 8.09811305999756
v -0.4125 0.200000000000001 7.93241214752197
v -0.4 0.200000000000001 7.62073087692261
v -0.3875 0.200000000000001 7.14198446273804
v -0.375 0.200000000000001 6.61293649673462
v -0.3625 0.200000000000001 6.06141138076782
v -0.35 0.200000000000001 5.31479215621948
v -0.3375 0.200000000000001 4.48297643661499
v -0.325 0.200000000000001 3.74813580513
v -0.3125 0.200000000000001 3.18849587440491
v -0.3 0.200000000000001 2.78050112724304
v -0.2875 0.200000000000001 2.4824538230896
v -0.275 0.200000000000001 2.25905203819275
v -0.2625 0.200000000000001 2.09378814697266
v -0.25 0.200000000000001 1.99102687835693
v -0.2375 0.200000000000001 1.92151582241058
v -0.225 0.200000000000001 1.85732424259186
v -0.2125 0.200000000000001 1.76317429542542
v -0.2 0.200000000000001 1.59634721279144
v -0.1875 0.200000000000001 1.38726937770844
v -0.175 0.200000000000001 1.2941130399704
v -0.1625 0.200000000000001 1.34767532348633
v -0.15 0.200000000000001 1.49830031394958
v -0.1375 0.200000000000001 1.68976140022278
v -0.125 0.200000000000001 1.86538350582123
v -0.1125 0.200000000000001 1.98386943340302
v -0.0999999999999996 0.200000000000001 2.05609607696533
v -0.0874999999999996 0.200000000000001 2.1242949962616
v -0.0749999999999996 0.200000000000001 2.19386863708496
v -0.0624999999999996 0.200000000000001 2.2681565284729
v -0.0499999999999996 0.200000000000001 2.34042906761169
v -0.0374999999999996 0.200000000000001 2.39303755760193
v -0.0249999999999996 0.200000000000001 2.42816662788391
v -0.0124999999999996 0.200000000000001 2.45823884010315
v 4.44089209850063e-16 0.200000000000001 2.49218058586121
v 0.0125000000000004 0.200000000000001 2.53451895713806
v 0.0250000000000005 0.200000000000001 2.52562594413757
v 0.0375000000000005 0.200000000000001 2.45186400413513
v 0.0500000000000005 0.200000000000001 2.42724633216858
v 0.0625000000000004 0.200000000000001 2.48623538017273
v 0.0750000000000005 0.200000000000001 2.59990930557251
v 0.0875000000000006 0.200000000000001 2.70793581008911
v 0.100000000000001 0.200000000000001 2.80396819114685
v 0.1125 0.200000000000001 2.92825102806091
v 0.125000000000001 0.200000000000001 3.17248344421387
v 0.137500000000001 0.200000000000001 3.62575030326843
v 0.150000000000001 0.200000000000001 4.00590419769287
v 0.162500000000001 0.200000000000001 4.22078657150269
v 0.175000000000001 0.200000000000001 4.47067832946777
v 0.187500000000001 0.200000000000001 4.83477067947388
v 0.200000000000001 0.200000000000001 5.26783132553101
v 0.212500000000001 0.200000000000001 5.73780393600464
v 0.225000000000001 0.200000000000001 6.32744073867798
v 0.237500000000001 0.200000000000001 7.12206411361694
v 0.250000000000001 0.200000000000001 7.91391754150391
v 0.262500000000001 0.200000000000001 8.50321674346924
v 0.275000000000001 0.200000000000001 8.97730255126953
v 0.287500000000001 0.200000000000001 9.3292875289917
v 0.300000000000001 0.200000000000001 9.55055904388428
v 0.312500000000001 0.200000000000001 9.69112873077393
v 0.325000000000001 0.200000000000001 9.79186153411865
v 0.337500000000001 0.200000000000001 9.87545013427734
v 0.350000000000001 0.200000000000001 9.94562530517578
v 0.362500000000001 0.200000000000001 9.99896430969238
v 0.375000000000001 0.200000000000001 10.0348205566406
v 0.387500000000001 0.200000000000001 10.0561780929565
v 0.400000000000001 0.200000000000001 10.0686645507812
v 0.412500000000001 0.200000000000001 10.0784063339233
v 0.425000000000001 0.200000000000001 10.0898294448853
v 0.437500000000001 0.200000000000001 10.1045503616333
v 0.450000000000001 0.200000000000001 10.1217336654663
v 0.462500000000001 0.200000000000001 10.1391801834106
v 0.475000000000001 0.200000000000001 10.154182434082
v 0.487500000000001 0.200000000000001 10.1640186309814
v 0.500000000000001 0.200000000000001 10.1661720275879
v -0.5 0.212500000000001 6.25069141387939
v -0.4875 0.212500000000001 6.86552953720093
v -0.475 0.212500000000001 7.34816312789917
v -0.4625 0.212500000000001 7.68034362792969
v -0.45 0.212500000000001 7.89856576919556
v -0.4375 0.212500000000001 7.98305130004883
v -0.425 0.212500000000001 7.94193124771118
v -0.4125 0.212500000000001 7.7725396156311
v -0.4 0.212500000000001 7.46142721176147
v -0.3875 0.212500000000001 7.02199125289917
v -0.375 0.212500000000001 6.55801630020142
v -0.3625 0.212500000000001 5.96562004089355
v -0.35 0.212500000000001 5.20472192764282
v -0.3375 0.212500000000001 4.38189649581909
v -0.325 0.212500000000001 3.67013239860535
v -0.3125 0.212500000000001 3.13678073883057
v -0.3 0.212500000000001 2.7480628490448
v -0.2875 0.212500000000001 2.45716452598572
v -0.275 0.212500000000001 2.23740339279175
v -0.2625 0.212500000000001 2.07549929618835
v -0.25 0.212500000000001 1.95935213565826
v -0.2375 0.212500000000001 1.87191355228424
v -0.225 0.212500000000001 1.79322171211243
v -0.2125 0.212500000000001 1.70233571529388
v -0.2 0.212500000000001 1.57075703144073
v -0.1875 0.212500000000001 1.41166198253632
v -0.175 0.212500000000001 1.3425167798996
v -0.1625 0.212500000000001 1.42171812057495
v -0.15 0.212500000000001 1.58801591396332
v -0.1375 0.212500000000001 1.76931059360504
v -0.125 0.212500000000001 1.91610527038574
v -0.1125 0.212500000000001 2.02281451225281
v -0.0999999999999996 0.212500000000001 2.08536148071289
v -0.0874999999999996 0.212500000000001 2.13903760910034
v -0.0749999999999996 0.212500000000001 2.19677138328552
v -0.0624999999999996 0.212500000000001 2.2655029296875
v -0.0499999999999996 0.212500000000001 2.33500623703003
v -0.0374999999999996 0.212500000000001 2.39467716217041
v -0.0249999999999996 0.212500000000001 2.44942760467529
v -0.0124999999999996 0.212500000000001 2.50701570510864
v 4.44089209850063e-16 0.212500000000001 2.57325291633606
v 0.0125000000000004 0.212500000000001 2.66120767593384
v 0.0250000000000005 0.212500000000001 2.75827717781067
v 0.0375000000000005 0.212500000000001 2.80977559089661
v 0.0500000000000005 0.212500000000001 2.84969210624695
v 0.0625000000000004 0.212500000000001 2.93383145332336
v 0.0750000000000005 0.212500000000001 3.08276534080505
v 0.0875000000000006 0.212500000000001 3.22274708747864
v 0.100000000000001 0.212500000000001 3.2734386920929
v 0.1125 0.212500000000001 3.28820586204529
v 0.125000000000001 0.212500000000001 3.43287134170532
v 0.137500000000001 0.212500000000001 3.80374026298523
v 0.150000000000001 0.212500000000001 4.06194162368774
v 0.162500000000001 0.212500000000001 4.22368335723877
v 0.175000000000001 0.212500000000001 4.43794536590576
v 0.187500000000001 0.212500000000001 4.74622201919556
v 0.200000000000001 0.212500000000001 5.13948440551758
v 0.212500000000001 0.212500000000001 5.59649419784546
v 0.225000000000001 0.212500000000001 6.14196157455444
v 0.237500000000001 0.212500000000001 6.85012197494507
v 0.250000000000001 0.212500000000001 7.65721988677979
v 0.262500000000001 0.212500000000001 8.28632259368896
v 0.275000000000001 0.212500000000001 8.84652423858643
v 0.287500000000001 0.212500000000001 9.23466491699219
v 0.300000000000001 0.212500000000001 9.49067687988281
v 0.312500000000001 0.212500000000001 9.64853572845459
v 0.325000000000001 0.212500000000001 9.75786399841309
v 0.337500000000001 0.212500000000001 9.84643650054932
v 0.350000000000001 0.212500000000001 9.91951656341553
v 0.362500000000001 0.212500000000001 9.97336864471436
v 0.375000000000001 0.212500000000001 10.0078735351562
v 0.387500000000001 0.212500000000001 10.0273628234863
v 0.400000000000001 0.212500000000001 10.0391969680786
v 0.412500000000001 0.212500000000001 10.0506744384766
v 0.425000000000001 0.212500000000001 10.0658903121948
v 0.437500000000001 0.212500000000001 10.0851650238037
v 0.450000000000001 0.212500000000001 10.1068258285522
v 0.462500000000001 0.212500000000001 10.1285200119019
v 0.475000000000001 0.212500000000001 10.1476535797119
v 0.487500000000001 0.212500000000001 10.1617050170898
v 0.500000000000001 0.212500000000001 10.1684417724609
v -0.5 0.225000000000001 6.07244634628296
v -0.4875 0.225000000000001 6.67738676071167
v -0.475 0.225000000000001 7.14894866943359
v -0.4625 0.225000000000001 7.46458578109741
v -0.45 0.225000000000001 7.68199634552002
v -0.4375 0.225000000000001 7.77487182617188
v -0.425 0.225000000000001 7.73927068710327
v -0.4125 0.225000000000001 7.57461643218994
v -0.4 0.225000000000001 7.29135608673096
v -0.3875 0.225000000000001 6.93188953399658
v -0.375 0.225000000000001 6.48077917098999
v -0.3625 0.225000000000001 5.86253070831299
v -0.35 0.225000000000001 5.1013388633728
v -0.3375 0.225000000000001 4.29850149154663
v -0.325 0.225000000000001 3.61410450935364
v -0.3125 0.225000000000001 3.10532069206238
v -0.3 0.225000000000001 2.73216128349304
v -0.2875 0.225000000000001 2.44858932495117
v -0.275 0.225000000000001 2.23799180984497
v -0.2625 0.225000000000001 2.07940196990967
v -0.25 0.225000000000001 1.94938886165619
v -0.2375 0.225000000000001 1.84448742866516
v -0.225 0.225000000000001 1.75223696231842
v -0.2125 0.225000000000001 1.65845048427582
v -0.2 0.225000000000001 1.5484676361084
v -0.1875 0.225000000000001 1.4350026845932
v -0.175 0.225000000000001 1.39694631099701
v -0.1625 0.225000000000001 1.48594546318054
v -0.15 0.225000000000001 1.66023981571198
v -0.1375 0.225000000000001 1.84061968326569
v -0.125 0.225000000000001 1.98792994022369
v -0.1125 0.225000000000001 2.11041164398193
v -0.0999999999999996 0.225000000000001 2.20086073875427
v -0.0874999999999996 0.225000000000001 2.27304458618164
v -0.0749999999999996 0.225000000000001 2.34357452392578
v -0.0624999999999996 0.225000000000001 2.4159255027771
v -0.0499999999999996 0.225000000000001 2.47481226921082
v -0.0374999999999996 0.225000000000001 2.51585006713867
v -0.0249999999999996 0.225000000000001 2.54754996299744
v -0.0124999999999996 0.225000000000001 2.57762598991394
v 4.44089209850063e-16 0.225000000000001 2.61406850814819
v 0.0125000000000004 0.225000000000001 2.67488169670105
v 0.0250000000000005 0.225000000000001 2.77331757545471
v 0.0375000000000005 0.225000000000001 2.89250063896179
v 0.0500000000000005 0.225000000000001 3.03463220596313
v 0.0625000000000004 0.225000000000001 3.22581076622009
v 0.0750000000000005 0.225000000000001 3.46355748176575
v 0.0875000000000006 0.225000000000001 3.65974426269531
v 0.100000000000001 0.225000000000001 3.72079157829285
v 0.1125 0.225000000000001 3.71433901786804
v 0.125000000000001 0.225000000000001 3.81382036209106
v 0.137500000000001 0.225000000000001 4.11485242843628
v 0.150000000000001 0.225000000000001 4.26507568359375
v 0.162500000000001 0.225000000000001 4.35756921768188
v 0.175000000000001 0.225000000000001 4.53280782699585
v 0.187500000000001 0.225000000000001 4.81207752227783
v 0.200000000000001 0.225000000000001 5.20054626464844
v 0.212500000000001 0.225000000000001 5.67580938339233
v 0.225000000000001 0.225000000000001 6.23936462402344
v 0.237500000000001 0.225000000000001 6.88313293457031
v 0.250000000000001 0.225000000000001 7.54758453369141
v 0.262500000000001 0.225000000000001 8.1592435836792
v 0.275000000000001 0.225000000000001 8.75127792358398
v 0.287500000000001 0.225000000000001 9.16068172454834
v 0.300000000000001 0.225000000000001 9.43872737884521
v 0.312500000000001 0.225000000000001 9.60937309265137
v 0.325000000000001 0.225000000000001 9.72524642944336
v 0.337500000000001 0.225000000000001 9.81737899780273
v 0.350000000000001 0.225000000000001 9.89192962646484
v 0.362500000000001 0.225000000000001 9.94516849517822
v 0.375000000000001 0.225000000000001 9.97748565673828
v 0.387500000000001 0.225000000000001 9.99470996856689
v 0.400000000000001 0.225000000000001 10.0063858032227
v 0.412500000000001 0.225000000000001 10.0208759307861
v 0.425000000000001 0.225000000000001 10.0408935546875
v 0.437500000000001 0.225000000000001 10.0652112960815
v 0.450000000000001 0.225000000000001 10.0917387008667
v 0.462500000000001 0.225000000000001 10.1181488037109
v 0.475000000000001 0.225000000000001 10.1419267654419
v 0.487500000000001 0.225000000000001 10.1606721878052
v 0.500000000000001 0.225000000000001 10.1723527908325
v -0.5 0.237500000000001 5.92058801651001
v -0.4875 0.237500000000001 6.51210784912109
v -0.475 0.237500000000001 6.99432229995728
v -0.4625 0.237500000000001 7.30992889404297
v -0.45 0.237500000000001 7.49677515029907
v -0.4375 0.237500000000001 7.56953001022339
v -0.425 0.237500000000001 7.53240585327148
v -0.4125 0.237500000000001 7.3908839225769
v -0.4 0.237500000000001 7.16083669662476
v -0.3875 0.237500000000001 6.82695770263672
v -0.375 0.237500000000001 6.35891199111938
v -0.3625 0.237500000000001 5.74195337295532
v -0.35 0.237500000000001 5.00039005279541
v -0.3375 0.237500000000001 4.22595119476318
v -0.325 0.237500000000001 3.56851434707642
v -0.3125 0.237500000000001 3.08025527000427
v -0.3 0.237500000000001 2.71933746337891
v -0.2875 0.237500000000001 2.44695448875427
v -0.275 0.237500000000001 2.25095725059509
v -0.2625 0.237500000000001 2.09508633613586
v -0.25 0.237500000000001 1.9578675031662
v -0.2375 0.237500000000001 1.83932304382324
v -0.225 0.237500000000001 1.73404347896576
v -0.2125 0.237500000000001 1.63323044776917
v -0.2 0.237500000000001 1.53220736980438
v -0.1875 0.237500000000001 1.44982743263245
v -0.175 0.237500000000001 1.44237554073334
v -0.1625 0.237500000000001 1.54130005836487
v -0.15 0.237500000000001 1.72214257717133
v -0.1375 0.237500000000001 1.91729128360748
v -0.125 0.237500000000001 2.09260630607605
v -0.1125 0.237500000000001 2.23749709129333
v -0.0999999999999996 0.237500000000001 2.35798811912537
v -0.0874999999999996 0.237500000000001 2.4580819606781
v -0.0749999999999996 0.237500000000001 2.54294013977051
v -0.0624999999999996 0.237500000000001 2.61369872093201
v -0.0499999999999996 0.237500000000001 2.66386222839355
v -0.0374999999999996 0.237500000000001 2.69118094444275
v -0.0249999999999996 0.237500000000001 2.7020001411438
v -0.0124999999999996 0.237500000000001 2.70524501800537
v 4.44089209850063e-16 0.237500000000001 2.71476697921753
v 0.0125000000000004 0.237500000000001 2.74670767784119
v 0.0250000000000005 0.237500000000001 2.80992674827576
v 0.0375000000000005 0.237500000000001 2.90750813484192
v 0.0500000000000005 0.237500000000001 3.0740954875946
v 0.0625000000000004 0.237500000000001 3.32373976707458
v 0.0750000000000005 0.237500000000001 3.61357951164246
v 0.0875000000000006 0.237500000000001 3.83204460144043
v 0.100000000000001 0.237500000000001 3.90449261665344
v 0.1125 0.237500000000001 3.92656588554382
v 0.125000000000001 0.237500000000001 4.16283655166626
v 0.137500000000001 0.237500000000001 4.47365617752075
v 0.150000000000001 0.237500000000001 4.58282423019409
v 0.162500000000001 0.237500000000001 4.68818044662476
v 0.175000000000001 0.237500000000001 4.87690496444702
v 0.187500000000001 0.237500000000001 5.1544189453125
v 0.200000000000001 0.237500000000001 5.51986932754517
v 0.212500000000001 0.237500000000001 5.99266386032104
v 0.225000000000001 0.237500000000001 6.5481972694397
v 0.237500000000001 0.237500000000001 7.08554553985596
v 0.250000000000001 0.237500000000001 7.57447814941406
v 0.262500000000001 0.237500000000001 8.12800788879395
v 0.275000000000001 0.237500000000001 8.70305728912354
v 0.287500000000001 0.237500000000001 9.11161231994629
v 0.300000000000001 0.237500000000001 9.39758586883545
v 0.312500000000001 0.237500000000001 9.57553768157959
v 0.325000000000001 0.237500000000001 9.69536876678467
v 0.337500000000001 0.237500000000001 9.78885364532471
v 0.350000000000001 0.237500000000001 9.86260223388672
v 0.362500000000001 0.237500000000001 9.91353321075439
v 0.375000000000001 0.237500000000001 9.94261455535889
v 0.387500000000001 0.237500000000001 9.95744228363037
v 0.400000000000001 0.237500000000001 9.97017955780029
v 0.412500000000001 0.237500000000001 9.98895740509033
v 0.425000000000001 0.237500000000001 10.0141515731812
v 0.437500000000001 0.237500000000001 10.0437574386597
v 0.450000000000001 0.237500000000001 10.0756521224976
v 0.462500000000001 0.237500000000001 10.1074361801147
v 0.475000000000001 0.237500000000001 10.1365041732788
v 0.487500000000001 0.237500000000001 10.1604633331299
v 0.500000000000001 0.237500000000001 10.1774263381958
v -0.5 0.250000000000001 5.78949642181396
v -0.4875 0.250000000000001 6.35738515853882
v -0.475 0.250000000000001 6.85056686401367
v -0.4625 0.250000000000001 7.18101263046265
v -0.45 0.250000000000001 7.37487173080444
v -0.4375 0.250000000000001 7.43780755996704
v -0.425 0.250000000000001 7.38914060592651
v -0.4125 0.250000000000001 7.24449014663696
v -0.4 0.250000000000001 7.01093006134033
v -0.3875 0.250000000000001 6.66622400283813
v -0.375 0.250000000000001 6.19229078292847
v -0.3625 0.250000000000001 5.60186243057251
v -0.35 0.250000000000001 4.89903497695923
v -0.3375 0.250000000000001 4.16022729873657
v -0.325 0.250000000000001 3.52863240242004
v -0.3125 0.250000000000001 3.05690121650696
v -0.3 0.250000000000001 2.70632982254028
v -0.2875 0.250000000000001 2.45128679275513
v -0.275 0.250000000000001 2.26726579666138
v -0.2625 0.250000000000001 2.11400198936462
v -0.25 0.250000000000001 1.97591435909271
v -0.2375 0.250000000000001 1.85022985935211
v -0.225 0.250000000000001 1.73261344432831
v -0.2125 0.250000000000001 1.62076473236084
v -0.2 0.250000000000001 1.52098917961121
v -0.1875 0.250000000000001 1.46049726009369
v -0.175 0.250000000000001 1.48691356182098
v -0.1625 0.250000000000001 1.60684108734131
v -0.15 0.250000000000001 1.79703903198242
v -0.1375 0.250000000000001 2.01120662689209
v -0.125 0.250000000000001 2.20471620559692
v -0.1125 0.250000000000001 2.348961353302
v -0.0999999999999996 0.250000000000001 2.47090363502502
v -0.0874999999999996 0.250000000000001 2.57049632072449
v -0.0749999999999996 0.250000000000001 2.64986968040466
v -0.0624999999999996 0.250000000000001 2.71323776245117
v -0.0499999999999996 0.250000000000001 2.75688147544861
v -0.0374999999999996 0.250000000000001 2.77757263183594
v -0.0249999999999996 0.250000000000001 2.78185653686523
v -0.0124999999999996 0.250000000000001 2.7808313369751
v 4.44089209850063e-16 0.250000000000001 2.7882616519928
v 0.0125000000000004 0.250000000000001 2.82001638412476
v 0.0250000000000005 0.250000000000001 2.88313412666321
v 0.0375000000000005 0.250000000000001 2.97677731513977
v 0.0500000000000005 0.250000000000001 3.13841009140015
v 0.0625000000000004 0.250000000000001 3.38984537124634
v 0.0750000000000005 0.250000000000001 3.6824905872345
v 0.0875000000000006 0.250000000000001 3.88656234741211
v 0.100000000000001 0.250000000000001 3.956383228302
v 0.1125 0.250000000000001 4.11576795578003
v 0.125000000000001 0.250000000000001 4.56053161621094
v 0.137500000000001 0.250000000000001 4.88644504547119
v 0.150000000000001 0.250000000000001 5.02167654037476
v 0.162500000000001 0.250000000000001 5.20013904571533
v 0.175000000000001 0.250000000000001 5.43984985351562
v 0.187500000000001 0.250000000000001 5.74360799789429
v 0.200000000000001 0.250000000000001 6.08507823944092
v 0.212500000000001 0.250000000000001 6.48341751098633
v 0.225000000000001 0.250000000000001 6.94526290893555
v 0.237500000000001 0.250000000000001 7.32021045684814
v 0.250000000000001 0.250000000000001 7.66263437271118
v 0.262500000000001 0.250000000000001 8.17745208740234
v 0.275000000000001 0.250000000000001 8.69844341278076
v 0.287500000000001 0.250000000000001 9.08629608154297
v 0.300000000000001 0.250000000000001 9.3695182800293
v 0.312500000000001 0.250000000000001 9.54904842376709
v 0.325000000000001 0.250000000000001 9.66982746124268
v 0.337500000000001 0.250000000000001 9.76148891448975
v 0.350000000000001 0.250000000000001 9.83129119873047
v 0.362500000000001 0.250000000000001 9.87758159637451
v 0.375000000000001 0.250000000000001 9.90214347839355
v 0.387500000000001 0.250000000000001 9.91498947143555
v 0.400000000000001 0.250000000000001 9.93032741546631
v 0.412500000000001 0.250000000000001 9.95360469818115
v 0.425000000000001 0.250000000000001 9.98383903503418
v 0.437500000000001 0.250000000000001 10.0192461013794
v 0.450000000000001 0.250000000000001 10.0574407577515
v 0.462500000000001 0.250000000000001 10.09557056427
v 0.475000000000001 0.250000000000001 10.1307363510132
v 0.487500000000001 0.250000000000001 10.1604747772217
v 0.500000000000001 0.250000000000001 10.1830158233643
v -0.5 0.262500000000001 5.68527984619141
v -0.4875 0.262500000000001 6.22831726074219
v -0.475 0.262500000000001 6.70898914337158
v -0.4625 0.262500000000001 7.03424835205078
v -0.45 0.262500000000001 7.22102212905884
v -0.4375 0.262500000000001 7.27414321899414
v -0.425 0.262500000000001 7.20992279052734
v -0.4125 0.262500000000001 7.04895639419556
v -0.4 0.262500000000001 6.80370807647705
v -0.3875 0.262500000000001 6.4567232131958
v -0.375 0.262500000000001 5.99191045761108
v -0.3625 0.262500000000001 5.44698572158813
v -0.35 0.262500000000001 4.79613876342773
v -0.3375 0.262500000000001 4.09948348999023
v -0.325 0.262500000000001 3.49375224113464
v -0.3125 0.262500000000001 3.03445601463318
v -0.3 0.262500000000001 2.69468474388123
v -0.2875 0.262500000000001 2.45863032341003
v -0.275 0.262500000000001 2.2810914516449
v -0.2625 0.262500000000001 2.13096809387207
v -0.25 0.262500000000001 1.99537241458893
v -0.2375 0.262500000000001 1.86775517463684
v -0.225 0.262500000000001 1.74094521999359
v -0.2125 0.262500000000001 1.61613261699677
v -0.2 0.262500000000001 1.51316106319427
v -0.1875 0.262500000000001 1.47160243988037
v -0.175 0.262500000000001 1.53761529922485
v -0.1625 0.262500000000001 1.68536305427551
v -0.15 0.262500000000001 1.88475131988525
v -0.1375 0.262500000000001 2.09970664978027
v -0.125 0.262500000000001 2.28425788879395
v -0.1125 0.262500000000001 2.42090225219727
v -0.0999999999999996 0.262500000000001 2.5290219783783
v -0.0874999999999996 0.262500000000001 2.61649084091187
v -0.0749999999999996 0.262500000000001 2.68730211257935
v -0.0624999999999996 0.262500000000001 2.74325442314148
v -0.0499999999999996 0.262500000000001 2.78001236915588
v -0.0374999999999996 0.262500000000001 2.79649114608765
v -0.0249999999999996 0.262500000000001 2.80068373680115
v -0.0124999999999996 0.262500000000001 2.80373048782349
v 4.44089209850063e-16 0.262500000000001 2.81695151329041
v 0.0125000000000004 0.262500000000001 2.85576033592224
v 0.0250000000000005 0.262500000000001 2.9301118850708
v 0.0375000000000005 0.262500000000001 3.03621482849121
v 0.0500000000000005 0.262500000000001 3.19604301452637
v 0.0625000000000004 0.262500000000001 3.42980647087097
v 0.0750000000000005 0.262500000000001 3.68281412124634
v 0.0875000000000006 0.262500000000001 3.8797652721405
v 0.100000000000001 0.262500000000001 4.0291314125061
v 0.1125 0.262500000000001 4.49508476257324
v 0.125000000000001 0.262500000000001 5.04134941101074
v 0.137500000000001 0.262500000000001 5.40873622894287
v 0.150000000000001 0.262500000000001 5.60154724121094
v 0.162500000000001 0.262500000000001 5.82353544235229
v 0.175000000000001 0.262500000000001 6.09590530395508
v 0.187500000000001 0.262500000000001 6.40088033676147
v 0.200000000000001 0.262500000000001 6.70380401611328
v 0.212500000000001 0.262500000000001 6.99464750289917
v 0.225000000000001 0.262500000000001 7.26704025268555
v 0.237500000000001 0.262500000000001 7.48880004882812
v 0.250000000000001 0.262500000000001 7.80658292770386
v 0.262500000000001 0.262500000000001 8.26783561706543
v 0.275000000000001 0.262500000000001 8.72725200653076
v 0.287500000000001 0.262500000000001 9.08722591400146
v 0.300000000000001 0.262500000000001 9.35709095001221
v 0.312500000000001 0.262500000000001 9.53218364715576
v 0.325000000000001 0.262500000000001 9.65001678466797
v 0.337500000000001 0.262500000000001 9.73577308654785
v 0.350000000000001 0.262500000000001 9.79778575897217
v 0.362500000000001 0.262500000000001 9.83645057678223
v 0.375000000000001 0.262500000000001 9.85507202148438
v 0.387500000000001 0.262500000000001 9.8669319152832
v 0.400000000000001 0.262500000000001 9.88511657714844
v 0.412500000000001 0.262500000000001 9.91190624237061
v 0.425000000000001 0.262500000000001 9.94739055633545
v 0.437500000000001 0.262500000000001 9.98983860015869
v 0.450000000000001 0.262500000000001 10.0358505249023
v 0.462500000000001 0.262500000000001 10.0816669464111
v 0.475000000000001 0.262500000000001 10.1239194869995
v 0.487500000000001 0.262500000000001 10.1600542068481
v 0.500000000000001 0.262500000000001 10.1884279251099
v -0.5 0.275000000000001 5.60839366912842
v -0.4875 0.275000000000001 6.11287403106689
v -0.475 0.275000000000001 6.56555938720703
v -0.4625 0.275000000000001 6.87288999557495
v -0.45 0.275000000000001 7.03849124908447
v -0.4375 0.275000000000001 7.07062244415283
v -0.425 0.275000000000001 6.98707342147827
v -0.4125 0.275000000000001 6.81214761734009
v -0.4 0.275000000000001 6.55995035171509
v -0.3875 0.275000000000001 6.21676063537598
v -0.375 0.275000000000001 5.77451753616333
v -0.3625 0.275000000000001 5.28633975982666
v -0.35 0.275000000000001 4.69366407394409
v -0.3375 0.275000000000001 4.04180908203125
v -0.325 0.275000000000001 3.46059584617615
v -0.3125 0.275000000000001 3.01072573661804
v -0.3 0.275000000000001 2.68639540672302
v -0.2875 0.275000000000001 2.46343207359314
v -0.275 0.275000000000001 2.28955817222595
v -0.2625 0.275000000000001 2.14319205284119
v -0.25 0.275000000000001 2.01156616210938
v -0.2375 0.275000000000001 1.88465201854706
v -0.225 0.275000000000001 1.75263583660126
v -0.2125 0.275000000000001 1.61807668209076
v -0.2 0.275000000000001 1.51204121112823
v -0.1875 0.275000000000001 1.48912394046783
v -0.175 0.275000000000001 1.59148395061493
v -0.1625 0.275000000000001 1.76496636867523
v -0.15 0.275000000000001 1.96193218231201
v -0.1375 0.275000000000001 2.15486574172974
v -0.125 0.275000000000001 2.31561207771301
v -0.1125 0.275000000000001 2.44214916229248
v -0.0999999999999996 0.275000000000001 2.54163479804993
v -0.0874999999999996 0.275000000000001 2.61783838272095
v -0.0749999999999996 0.275000000000001 2.67174410820007
v -0.0624999999999996 0.275000000000001 2.7081253528595
v -0.0499999999999996 0.275000000000001 2.73047947883606
v -0.0374999999999996 0.275000000000001 2.74602293968201
v -0.0249999999999996 0.275000000000001 2.76228308677673
v -0.0124999999999996 0.275000000000001 2.78364562988281
v 4.44089209850063e-16 0.275000000000001 2.81631183624268
v 0.0125000000000004 0.275000000000001 2.87123036384583
v 0.0250000000000005 0.275000000000001 2.95382952690125
v 0.0375000000000005 0.275000000000001 3.062415599823
v 0.0500000000000005 0.275000000000001 3.21978068351746
v 0.0625000000000004 0.275000000000001 3.45206236839294
v 0.0750000000000005 0.275000000000001 3.68439483642578
v 0.0875000000000006 0.275000000000001 3.89729857444763
v 0.100000000000001 0.275000000000001 4.28600788116455
v 0.1125 0.275000000000001 5.01086044311523
v 0.125000000000001 0.275000000000001 5.52057647705078
v 0.137500000000001 0.275000000000001 5.95702362060547
v 0.150000000000001 0.275000000000001 6.23972749710083
v 0.162500000000001 0.275000000000001 6.47741413116455
v 0.175000000000001 0.275000000000001 6.71504688262939
v 0.187500000000001 0.275000000000001 6.94106292724609
v 0.200000000000001 0.275000000000001 7.13888120651245
v 0.212500000000001 0.275000000000001 7.2886438369751
v 0.225000000000001 0.275000000000001 7.44004392623901
v 0.237500000000001 0.275000000000001 7.66986083984375
v 0.250000000000001 0.275000000000001 7.9851655960083
v 0.262500000000001 0.275000000000001 8.3938159942627
v 0.275000000000001 0.275000000000001 8.78625011444092
v 0.287500000000001 0.275000000000001 9.11619853973389
v 0.300000000000001 0.275000000000001 9.36157131195068
v 0.312500000000001 0.275000000000001 9.52607727050781
v 0.325000000000001 0.275000000000001 9.6363639831543
v 0.337500000000001 0.275000000000001 9.71187210083008
v 0.350000000000001 0.275000000000001 9.76188182830811
v 0.362500000000001 0.275000000000001 9.78939819335938
v 0.375000000000001 0.275000000000001 9.80079174041748
v 0.387500000000001 0.275000000000001 9.81197547912598
v 0.400000000000001 0.275000000000001 9.83077716827393
v 0.412500000000001 0.275000000000001 9.86007976531982
v 0.425000000000001 0.275000000000001 9.90194416046143
v 0.437500000000001 0.275000000000001 9.95353889465332
v 0.450000000000001 0.275000000000001 10.0095281600952
v 0.462500000000001 0.275000000000001 10.0647764205933
v 0.475000000000001 0.275000000000001 10.1153259277344
v 0.487500000000001 0.275000000000001 10.1585531234741
v 0.500000000000001 0.275000000000001 10.19300365448
v -0.5 0.287500000000001 5.55767679214478
v -0.4875 0.287500000000001 6.01239252090454
v -0.475 0.287500000000001 6.4271035194397
v -0.4625 0.287500000000001 6.70949697494507
v -0.45 0.287500000000001 6.84955310821533
v -0.4375 0.287500000000001 6.85592412948608
v -0.425 0.287500000000001 6.75096225738525
v -0.4125 0.287500000000001 6.56003332138062
v -0.4 0.287500000000001 6.29862546920776
v -0.3875 0.287500000000001 5.96294164657593
v -0.375 0.287500000000001 5.56304311752319
v -0.3625 0.287500000000001 5.13218069076538
v -0.35 0.287500000000001 4.59202671051025
v -0.3375 0.287500000000001 3.98058390617371
v -0.325 0.287500000000001 3.42218947410583
v -0.3125 0.287500000000001 2.98335003852844
v -0.3 0.287500000000001 2.67904925346375
v -0.2875 0.287500000000001 2.46250486373901
v -0.275 0.287500000000001 2.29182314872742
v -0.2625 0.287500000000001 2.14993238449097
v -0.25 0.287500000000001 2.02311038970947
v -0.2375 0.287500000000001 1.89828646183014
v -0.225 0.287500000000001 1.76483404636383
v -0.2125 0.287500000000001 1.62796902656555
v -0.2 0.287500000000001 1.52543437480927
v -0.1875 0.287500000000001 1.51957166194916
v -0.175 0.287500000000001 1.64772880077362
v -0.1625 0.287500000000001 1.83666348457336
v -0.15 0.287500000000001 2.0194673538208
v -0.1375 0.287500000000001 2.17601895332336
v -0.125 0.287500000000001 2.30512309074402
v -0.1125 0.287500000000001 2.41822266578674
v -0.0999999999999996 0.287500000000001 2.51576924324036
v -0.0874999999999996 0.287500000000001 2.58389258384705
v -0.0749999999999996 0.287500000000001 2.62076735496521
v -0.0624999999999996 0.287500000000001 2.64309668540955
v -0.0499999999999996 0.287500000000001 2.66404986381531
v -0.0374999999999996 0.287500000000001 2.69032597541809
v -0.0249999999999996 0.287500000000001 2.72520351409912
v -0.0124999999999996 0.287500000000001 2.77091574668884
v 4.44089209850063e-16 0.287500000000001 2.82878112792969
v 0.0125000000000004 0.287500000000001 2.898766040802
v 0.0250000000000005 0.287500000000001 2.97816896438599
v 0.0375000000000005 0.287500000000001 3.07413744926453
v 0.0500000000000005 0.287500000000001 3.23206114768982
v 0.0625000000000004 0.287500000000001 3.49763154983521
v 0.0750000000000005 0.287500000000001 3.79020476341248
v 0.0875000000000006 0.287500000000001 4.09599828720093
v 0.100000000000001 0.287500000000001 4.76806640625
v 0.1125 0.287500000000001 5.47547292709351
v 0.125000000000001 0.287500000000001 5.99019336700439
v 0.137500000000001 0.287500000000001 6.47608947753906
v 0.150000000000001 0.287500000000001 6.81277704238892
v 0.162500000000001 0.287500000000001 7.04966878890991
v 0.175000000000001 0.287500000000001 7.21996450424194
v 0.187500000000001 0.287500000000001 7.3535418510437
v 0.200000000000001 0.287500000000001 7.45599842071533
v 0.212500000000001 0.287500000000001 7.56662511825562
v 0.225000000000001 0.287500000000001 7.72874164581299
v 0.237500000000001 0.287500000000001 7.94616842269897
v 0.250000000000001 0.287500000000001 8.22311496734619
v 0.262500000000001 0.287500000000001 8.55281829833984
v 0.275000000000001 0.287500000000001 8.87977886199951
v 0.287500000000001 0.287500000000001 9.16609954833984
v 0.300000000000001 0.287500000000001 9.38032817840576
v 0.312500000000001 0.287500000000001 9.52945327758789
v 0.325000000000001 0.287500000000001 9.62815189361572
v 0.337500000000001 0.287500000000001 9.68960857391357
v 0.350000000000001 0.287500000000001 9.72341918945312
v 0.362500000000001 0.287500000000001 9.73600006103516
v 0.375000000000001 0.287500000000001 9.73900318145752
v 0.387500000000001 0.287500000000001 9.74671936035156
v 0.400000000000001 0.287500000000001 9.76248550415039
v 0.412500000000001 0.287500000000001 9.79402446746826
v 0.425000000000001 0.287500000000001 9.84437084197998
v 0.437500000000001 0.287500000000001 9.90812969207764
v 0.450000000000001 0.287500000000001 9.97696113586426
v 0.462500000000001 0.287500000000001 10.0438480377197
v 0.475000000000001 0.287500000000001 10.1041707992554
v 0.487500000000001 0.287500000000001 10.1553230285645
v 0.500000000000001 0.287500000000001 10.196138381958
v -0.5 0.300000000000001 5.53474855422974
v -0.4875 0.300000000000001 5.93387269973755
v -0.475 0.300000000000001 6.30398464202881
v -0.4625 0.300000000000001 6.55543088912964
v -0.45 0.300000000000001 6.66501569747925
v -0.4375 0.300000000000001 6.64168548583984
v -0.425 0.300000000000001 6.51059293746948
v -0.4125 0.300000000000001 6.30013275146484
v -0.4 0.300000000000001 6.03120374679565
v -0.3875 0.300000000000001 5.71864557266235
v -0.375 0.300000000000001 5.37773609161377
v -0.3625 0.300000000000001 4.98897123336792
v -0.35 0.300000000000001 4.48526573181152
v -0.3375 0.300000000000001 3.90845465660095
v -0.325 0.300000000000001 3.37349486351013
v -0.3125 0.300000000000001 2.95402908325195
v -0.3 0.300000000000001 2.66789674758911
v -0.2875 0.300000000000001 2.45555567741394
v -0.275 0.300000000000001 2.28888964653015
v -0.2625 0.300000000000001 2.15249061584473
v -0.25 0.300000000000001 2.03153586387634
v -0.2375 0.300000000000001 1.9104425907135
v -0.225 0.300000000000001 1.77975213527679
v -0.2125 0.300000000000001 1.64916896820068
v -0.2 0.300000000000001 1.55803763866425
v -0.1875 0.300000000000001 1.56395840644836
v -0.175 0.300000000000001 1.70456695556641
v -0.1625 0.300000000000001 1.89510238170624
v -0.15 0.300000000000001 2.05534195899963
v -0.1375 0.300000000000001 2.17375898361206
v -0.125 0.300000000000001 2.26789832115173
v -0.1125 0.300000000000001 2.36785674095154
v -0.0999999999999996 0.300000000000001 2.46465039253235
v -0.0874999999999996 0.300000000000001 2.52639961242676
v -0.0749999999999996 0.300000000000001 2.55890655517578
v -0.0624999999999996 0.300000000000001 2.59003067016602
v -0.0499999999999996 0.300000000000001 2.62951683998108
v -0.0374999999999996 0.300000000000001 2.67509913444519
v -0.0249999999999996 0.300000000000001 2.725919008255
v -0.0124999999999996 0.300000000000001 2.78351020812988
v 4.44089209850063e-16 0.300000000000001 2.8475079536438
v 0.0125000000000004 0.300000000000001 2.91480684280396
v 0.0250000000000005 0.300000000000001 2.98233842849731
v 0.0375000000000005 0.300000000000001 3.05997467041016
v 0.0500000000000005 0.300000000000001 3.21928977966309
v 0.0625000000000004 0.300000000000001 3.5512261390686
v 0.0750000000000005 0.300000000000001 3.95814681053162
v 0.0875000000000006 0.300000000000001 4.43113851547241
v 0.100000000000001 0.300000000000001 5.22918272018433
v 0.1125 0.300000000000001 5.84576034545898
v 0.125000000000001 0.300000000000001 6.37091588973999
v 0.137500000000001 0.300000000000001 6.89474487304688
v 0.150000000000001 0.300000000000001 7.22521066665649
v 0.162500000000001 0.300000000000001 7.41734933853149
v 0.175000000000001 0.300000000000001 7.55044269561768
v 0.187500000000001 0.300000000000001 7.68572235107422
v 0.200000000000001 0.300000000000001 7.81407308578491
v 0.212500000000001 0.300000000000001 7.94084930419922
v 0.225000000000001 0.300000000000001 8.07712841033936
v 0.237500000000001 0.300000000000001 8.25326442718506
v 0.250000000000001 0.300000000000001 8.47330188751221
v 0.262500000000001 0.300000000000001 8.73037719726562
v 0.275000000000001 0.300000000000001 8.99508285522461
v 0.287500000000001 0.300000000000001 9.22693634033203
v 0.300000000000001 0.300000000000001 9.40897941589355
v 0.312500000000001 0.300000000000001 9.53999519348145
v 0.325000000000001 0.300000000000001 9.62422943115234
v 0.337500000000001 0.300000000000001 9.66860675811768
v 0.350000000000001 0.300000000000001 9.68231105804443
v 0.362500000000001 0.300000000000001 9.67639255523682
v 0.375000000000001 0.300000000000001 9.66864204406738
v 0.387500000000001 0.300000000000001 9.66638088226318
v 0.400000000000001 0.300000000000001 9.67532253265381
v 0.412500000000001 0.300000000000001 9.70950603485107
v 0.425000000000001 0.300000000000001 9.77147006988525
v 0.437500000000001 0.300000000000001 9.85137844085693
v 0.450000000000001 0.300000000000001 9.93657112121582
v 0.462500000000001 0.300000000000001 10.017725944519
v 0.475000000000001 0.300000000000001 10.0895862579346
v 0.487500000000001 0.300000000000001 10.149676322937
v 0.500000000000001 0.300000000000001 10.1972379684448
v -0.5 0.312500000000001 5.53600788116455
v -0.4875 0.312500000000001 5.88584136962891
v -0.475 0.312500000000001 6.20729064941406
v -0.4625 0.312500000000001 6.41563510894775
v -0.45 0.312500000000001 6.48462772369385
v -0.4375 0.312500000000001 6.42637252807617
v -0.425 0.312500000000001 6.26751136779785
v -0.4125 0.312500000000001 6.0398736000061
v -0.4 0.312500000000001 5.77803611755371
v -0.3875 0.312500000000001 5.51191854476929
v -0.375 0.312500000000001 5.21761608123779
v -0.3625 0.312500000000001 4.84763097763062
v -0.35 0.312500000000001 4.36693334579468
v -0.3375 0.312500000000001 3.82136011123657
v -0.325 0.312500000000001 3.31312346458435
v -0.3125 0.312500000000001 2.92454028129578
v -0.3 0.312500000000001 2.65092658996582
v -0.2875 0.312500000000001 2.44401574134827
v -0.275 0.312500000000001 2.28316164016724
v -0.2625 0.312500000000001 2.15387034416199
v -0.25 0.312500000000001 2.0404326915741
v -0.2375 0.312500000000001 1.92581069469452
v -0.225 0.312500000000001 1.80234265327454
v -0.2125 0.312500000000001 1.68357586860657
v -0.2 0.312500000000001 1.60566711425781
v -0.1875 0.312500000000001 1.61624145507812
v -0.175 0.312500000000001 1.75260066986084
v -0.1625 0.312500000000001 1.93019163608551
v -0.15 0.312500000000001 2.06667399406433
v -0.1375 0.312500000000001 2.15294623374939
v -0.125 0.312500000000001 2.21873927116394
v -0.1125 0.312500000000001 2.30537581443787
v -0.0999999999999996 0.312500000000001 2.39637637138367
v -0.0874999999999996 0.312500000000001 2.45539832115173
v -0.0749999999999996 0.312500000000001 2.49601364135742
v -0.0624999999999996 0.312500000000001 2.54469299316406
v -0.0499999999999996 0.312500000000001 2.6031482219696
v -0.0374999999999996 0.312500000000001 2.66327714920044
v -0.0249999999999996 0.312500000000001 2.72274088859558
v -0.0124999999999996 0.312500000000001 2.78473353385925
v 4.44089209850063e-16 0.312500000000001 2.85000491142273
v 0.0125000000000004 0.312500000000001 2.91310119628906
v 0.0250000000000005 0.312500000000001 2.96972751617432
v 0.0375000000000005 0.312500000000001 3.03335881233215
v 0.0500000000000005 0.312500000000001 3.19106149673462
v 0.0625000000000004 0.312500000000001 3.563232421875
v 0.0750000000000005 0.312500000000001 4.01735210418701
v 0.0875000000000006 0.312500000000001 4.63988447189331
v 0.100000000000001 0.312500000000001 5.49160623550415
v 0.1125 0.312500000000001 6.08697652816772
v 0.125000000000001 0.312500000000001 6.6706223487854
v 0.137500000000001 0.312500000000001 7.19112157821655
v 0.150000000000001 0.312500000000001 7.50195646286011
v 0.162500000000001 0.312500000000001 7.70442533493042
v 0.175000000000001 0.312500000000001 7.888343334198
v 0.187500000000001 0.312500000000001 8.02936935424805
v 0.200000000000001 0.312500000000001 8.14833736419678
v 0.212500000000001 0.312500000000001 8.26418781280518
v 0.225000000000001 0.312500000000001 8.394287109375
v 0.237500000000001 0.312500000000001 8.53893089294434
v 0.250000000000001 0.312500000000001 8.70909786224365
v 0.262500000000001 0.312500000000001 8.90548419952393
v 0.275000000000001 0.312500000000001 9.10760021209717
v 0.287500000000001 0.312500000000001 9.29222297668457
v 0.300000000000001 0.312500000000001 9.44419193267822
v 0.312500000000001 0.312500000000001 9.55581665039062
v 0.325000000000001 0.312500000000001 9.62353992462158
v 0.337500000000001 0.312500000000001 9.64842891693115
v 0.350000000000001 0.312500000000001 9.63862609863281
v 0.362500000000001 0.312500000000001 9.61126708984375
v 0.375000000000001 0.312500000000001 9.58705902099609
v 0.387500000000001 0.312500000000001 9.56650066375732
v 0.400000000000001 0.312500000000001 9.56518363952637
v 0.412500000000001 0.312500000000001 9.60390472412109
v 0.425000000000001 0.312500000000001 9.6820707321167
v 0.437500000000001 0.312500000000001 9.78243923187256
v 0.450000000000001 0.312500000000001 9.88729381561279
v 0.462500000000001 0.312500000000001 9.98526954650879
v 0.475000000000001 0.312500000000001 10.070592880249
v 0.487500000000001 0.312500000000001 10.1408338546753
v 0.500000000000001 0.312500000000001 10.1956729888916
v -0.5 0.325000000000001 5.57180833816528
v -0.4875 0.325000000000001 5.87565946578979
v -0.475 0.325000000000001 6.13467168807983
v -0.4625 0.325000000000001 6.29347229003906
v -0.45 0.325000000000001 6.31514549255371
v -0.4375 0.325000000000001 6.21829414367676
v -0.425 0.325000000000001 6.03291511535645
v -0.4125 0.325000000000001 5.80088710784912
v -0.4 0.325000000000001 5.57058811187744
v -0.3875 0.325000000000001 5.34220361709595
v -0.375 0.325000000000001 5.06204652786255
v -0.3625 0.325000000000001 4.69712162017822
v -0.35 0.325000000000001 4.23357534408569
v -0.3375 0.325000000000001 3.71841549873352
v -0.325 0.325000000000001 3.24501299858093
v -0.3125 0.325000000000001 2.89161086082458
v -0.3 0.325000000000001 2.6285674571991
v -0.2875 0.325000000000001 2.43006873130798
v -0.275 0.325000000000001 2.27780699729919
v -0.2625 0.325000000000001 2.15789175033569
v -0.25 0.325000000000001 2.05435609817505
v -0.2375 0.325000000000001 1.94910395145416
v -0.225 0.325000000000001 1.83520817756653
v -0.2125 0.325000000000001 1.72861087322235
v -0.2 0.325000000000001 1.66068935394287
v -0.1875 0.325000000000001 1.66921103000641
v -0.175 0.325000000000001 1.7850456237793
v -0.1625 0.325000000000001 1.93646812438965
v -0.15 0.325000000000001 2.04996275901794
v -0.1375 0.325000000000001 2.11364126205444
v -0.125 0.325000000000001 2.16286635398865
v -0.1125 0.325000000000001 2.23826384544373
v -0.0999999999999996 0.325000000000001 2.31927871704102
v -0.0874999999999996 0.325000000000001 2.37616729736328
v -0.0749999999999996 0.325000000000001 2.4242091178894
v -0.0624999999999996 0.325000000000001 2.4847629070282
v -0.0499999999999996 0.325000000000001 2.5594482421875
v -0.0374999999999996 0.325000000000001 2.63361215591431
v -0.0249999999999996 0.325000000000001 2.70185494422913
v -0.0124999999999996 0.325000000000001 2.76892399787903
v 4.44089209850063e-16 0.325000000000001 2.83749794960022
v 0.0125000000000004 0.325000000000001 2.90199279785156
v 0.0250000000000005 0.325000000000001 2.95509505271912
v 0.0375000000000005 0.325000000000001 3.00990748405457
v 0.0500000000000005 0.325000000000001 3.15740180015564
v 0.0625000000000004 0.325000000000001 3.51092004776001
v 0.0750000000000005 0.325000000000001 3.93687129020691
v 0.0875000000000006 0.325000000000001 4.66008520126343
v 0.100000000000001 0.325000000000001 5.58597040176392
v 0.1125 0.325000000000001 6.26305627822876
v 0.125000000000001 0.325000000000001 6.89947462081909
v 0.137500000000001 0.325000000000001 7.40312051773071
v 0.150000000000001 0.325000000000001 7.71694946289062
v 0.162500000000001 0.325000000000001 7.98444223403931
v 0.175000000000001 0.325000000000001 8.18276119232178
v 0.187500000000001 0.325000000000001 8.33595561981201
v 0.200000000000001 0.325000000000001 8.46272373199463
v 0.212500000000001 0.325000000000001 8.57087993621826
v 0.225000000000001 0.325000000000001 8.66872501373291
v 0.237500000000001 0.325000000000001 8.77302837371826
v 0.250000000000001 0.325000000000001 8.90025997161865
v 0.262500000000001 0.325000000000001 9.05076122283936
v 0.275000000000001 0.325000000000001 9.20944213867188
v 0.287500000000001 0.325000000000001 9.35834693908691
v 0.300000000000001 0.325000000000001 9.48381996154785
v 0.312500000000001 0.325000000000001 9.57563495635986
v 0.325000000000001 0.325000000000001 9.625244140625
v 0.337500000000001 0.325000000000001 9.6286506652832
v 0.350000000000001 0.325000000000001 9.59266567230225
v 0.362500000000001 0.325000000000001 9.54113674163818
v 0.375000000000001 0.325000000000001 9.49133014678955
v 0.387500000000001 0.325000000000001 9.44472408294678
v 0.400000000000001 0.325000000000001 9.43347072601318
v 0.412500000000001 0.325000000000001 9.48208045959473
v 0.425000000000001 0.325000000000001 9.58015727996826
v 0.437500000000001 0.325000000000001 9.7033109664917
v 0.450000000000001 0.325000000000001 9.82936477661133
v 0.462500000000001 0.325000000000001 9.94559669494629
v 0.475000000000001 0.325000000000001 10.0460681915283
v 0.487500000000001 0.325000000000001 10.1278409957886
v 0.500000000000001 0.325000000000001 10.1907005310059
v -0.5 0.337500000000001 5.64354944229126
v -0.4875 0.337500000000001 5.90095472335815
v -0.475 0.337500000000001 6.077721118927
v -0.4625 0.337500000000001 6.18042707443237
v -0.45 0.337500000000001 6.16109466552734
v -0.4375 0.337500000000001 6.03415536880493
v -0.425 0.337500000000001 5.83876180648804
v -0.4125 0.337500000000001 5.62127351760864
v -0.4 0.337500000000001 5.40605878829956
v -0.3875 0.337500000000001 5.17909955978394
v -0.375 0.337500000000001 4.89409732818604
v -0.3625 0.337500000000001 4.52988386154175
v -0.35 0.337500000000001 4.08382892608643
v -0.3375 0.337500000000001 3.60200190544128
v -0.325 0.337500000000001 3.17750954627991
v -0.3125 0.337500000000001 2.85320639610291
v -0.3 0.337500000000001 2.60260653495789
v -0.2875 0.337500000000001 2.41625428199768
v -0.275 0.337500000000001 2.27608823776245
v -0.2625 0.337500000000001 2.16823196411133
v -0.25 0.337500000000001 2.07680726051331
v -0.2375 0.337500000000001 1.98223626613617
v -0.225 0.337500000000001 1.87783515453339
v -0.2125 0.337500000000001 1.78082120418549
v -0.2 0.337500000000001 1.71769511699677
v -0.1875 0.337500000000001 1.71758162975311
v -0.175 0.337500000000001 1.80325567722321
v -0.1625 0.337500000000001 1.91945350170135
v -0.15 0.337500000000001 2.00982284545898
v -0.1375 0.337500000000001 2.06177306175232
v -0.125 0.337500000000001 2.10881733894348
v -0.1125 0.337500000000001 2.18133997917175
v -0.0999999999999996 0.337500000000001 2.25570178031921
v -0.0874999999999996 0.337500000000001 2.31039905548096
v -0.0749999999999996 0.337500000000001 2.36028552055359
v -0.0624999999999996 0.337500000000001 2.41987156867981
v -0.0499999999999996 0.337500000000001 2.50203824043274
v -0.0374999999999996 0.337500000000001 2.58917093276978
v -0.0249999999999996 0.337500000000001 2.6681170463562
v -0.0124999999999996 0.337500000000001 2.74241614341736
v 4.44089209850063e-16 0.337500000000001 2.81617045402527
v 0.0125000000000004 0.337500000000001 2.88327646255493
v 0.0250000000000005 0.337500000000001 2.93605017662048
v 0.0375000000000005 0.337500000000001 2.99253630638123
v 0.0500000000000005 0.337500000000001 3.13405919075012
v 0.0625000000000004 0.337500000000001 3.43476724624634
v 0.0750000000000005 0.337500000000001 3.84573364257812
v 0.0875000000000006 0.337500000000001 4.63647556304932
v 0.100000000000001 0.337500000000001 5.65350294113159
v 0.1125 0.337500000000001 6.44519138336182
v 0.125000000000001 0.337500000000001 7.0940260887146
v 0.137500000000001 0.337500000000001 7.55933904647827
v 0.150000000000001 0.337500000000001 7.92515420913696
v 0.162500000000001 0.337500000000001 8.22746562957764
v 0.175000000000001 0.337500000000001 8.44775390625
v 0.187500000000001 0.337500000000001 8.60243988037109
v 0.200000000000001 0.337500000000001 8.71248531341553
v 0.212500000000001 0.337500000000001 8.79423046112061
v 0.225000000000001 0.337500000000001 8.86362361907959
v 0.237500000000001 0.337500000000001 8.94133758544922
v 0.250000000000001 0.337500000000001 9.04300117492676
v 0.262500000000001 0.337500000000001 9.16721439361572
v 0.275000000000001 0.337500000000001 9.29937076568604
v 0.287500000000001 0.337500000000001 9.42309951782227
v 0.300000000000001 0.337500000000001 9.5262393951416
v 0.312500000000001 0.337500000000001 9.59844398498535
v 0.325000000000001 0.337500000000001 9.62863063812256
v 0.337500000000001 0.337500000000001 9.60887908935547
v 0.350000000000001 0.337500000000001 9.54495525360107
v 0.362500000000001 0.337500000000001 9.46546077728271
v 0.375000000000001 0.337500000000001 9.38032054901123
v 0.387500000000001 0.337500000000001 9.30594253540039
v 0.400000000000001 0.337500000000001 9.28959941864014
v 0.412500000000001 0.337500000000001 9.34474277496338
v 0.425000000000001 0.337500000000001 9.46080493927002
v 0.437500000000001 0.337500000000001 9.60975456237793
v 0.450000000000001 0.337500000000001 9.76105785369873
v 0.462500000000001 0.337500000000001 9.89762401580811
v 0.475000000000001 0.337500000000001 10.0146512985229
v 0.487500000000001 0.337500000000001 10.1094560623169
v 0.500000000000001 0.337500000000001 10.1813678741455
v -0.5 0.350000000000001 5.73582172393799
v -0.4875 0.350000000000001 5.94035768508911
v -0.475 0.350000000000001 6.03587675094604
v -0.4625 0.350000000000001 6.06876277923584
v -0.45 0.350000000000001 6.01636362075806
v -0.4375 0.350000000000001 5.87939071655273
v -0.425 0.350000000000001 5.69079446792603
v -0.4125 0.350000000000001 5.47607135772705
v -0.4 0.350000000000001 5.24807596206665
v -0.3875 0.350000000000001 5.00174903869629
v -0.375 0.350000000000001 4.70554351806641
v -0.3625 0.350000000000001 4.34345769882202
v -0.35 0.350000000000001 3.91928339004517
v -0.3375 0.350000000000001 3.48169326782227
v -0.325 0.350000000000001 3.11224412918091
v -0.3125 0.350000000000001 2.81173419952393
v -0.3 0.350000000000001 2.57620215415955
v -0.2875 0.350000000000001 2.40536856651306
v -0.275 0.350000000000001 2.28079867362976
v -0.2625 0.350000000000001 2.18733763694763
v -0.25 0.350000000000001 2.10903024673462
v -0.2375 0.350000000000001 2.02492713928223
v -0.225 0.350000000000001 1.92895352840424
v -0.2125 0.350000000000001 1.83813631534576
v -0.2 0.350000000000001 1.77444636821747
v -0.1875 0.350000000000001 1.76008117198944
v -0.175 0.350000000000001 1.81173384189606
v -0.1625 0.350000000000001 1.89071202278137
v -0.15 0.350000000000001 1.95884597301483
v -0.1375 0.350000000000001 2.0092613697052
v -0.125 0.350000000000001 2.06674313545227
v -0.1125 0.350000000000001 2.14556670188904
v -0.0999999999999996 0.350000000000001 2.22403979301453
v -0.0874999999999996 0.350000000000001 2.28684210777283
v -0.0749999999999996 0.350000000000001 2.34851717948914
v -0.0624999999999996 0.350000000000001 2.4089457988739
v -0.0499999999999996 0.350000000000001 2.48625421524048
v -0.0374999999999996 0.350000000000001 2.57775712013245
v -0.0249999999999996 0.350000000000001 2.66342329978943
v -0.0124999999999996 0.350000000000001 2.73791551589966
v 4.44089209850063e-16 0.350000000000001 2.80714654922485
v 0.0125000000000004 0.350000000000001 2.87290525436401
v 0.0250000000000005 0.350000000000001 2.93213772773743
v 0.0375000000000005 0.350000000000001 3.00409889221191
v 0.0500000000000005 0.350000000000001 3.15392112731934
v 0.0625000000000004 0.350000000000001 3.40823745727539
v 0.0750000000000005 0.350000000000001 3.82375335693359
v 0.0875000000000006 0.350000000000001 4.69200611114502
v 0.100000000000001 0.350000000000001 5.7775707244873
v 0.1125 0.350000000000001 6.65096426010132
v 0.125000000000001 0.350000000000001 7.25701284408569
v 0.137500000000001 0.350000000000001 7.69801425933838
v 0.150000000000001 0.350000000000001 8.10259437561035
v 0.162500000000001 0.350000000000001 8.42568016052246
v 0.175000000000001 0.350000000000001 8.64697456359863
v 0.187500000000001 0.350000000000001 8.78923606872559
v 0.200000000000001 0.350000000000001 8.88125133514404
v 0.212500000000001 0.350000000000001 8.94435596466064
v 0.225000000000001 0.350000000000001 8.99758911132812
v 0.237500000000001 0.350000000000001 9.06171321868896
v 0.250000000000001 0.350000000000001 9.15067195892334
v 0.262500000000001 0.350000000000001 9.26129341125488
v 0.275000000000001 0.350000000000001 9.37819194793701
v 0.287500000000001 0.350000000000001 9.4849271774292
v 0.300000000000001 0.350000000000001 9.56984710693359
v 0.312500000000001 0.350000000000001 9.62317180633545
v 0.325000000000001 0.350000000000001 9.63297176361084
v 0.337500000000001 0.350000000000001 9.58870983123779
v 0.350000000000001 0.350000000000001 9.49598121643066
v 0.362500000000001 0.350000000000001 9.38318061828613
v 0.375000000000001 0.350000000000001 9.25699043273926
v 0.387500000000001 0.350000000000001 9.16016292572021
v 0.400000000000001 0.350000000000001 9.12887859344482
v 0.412500000000001 0.350000000000001 9.18221282958984
v 0.425000000000001 0.350000000000001 9.31202697753906
v 0.437500000000001 0.350000000000001 9.48896503448486
v 0.450000000000001 0.350000000000001 9.67388153076172
v 0.462500000000001 0.350000000000001 9.8379545211792
v 0.475000000000001 0.350000000000001 9.97439575195312
v 0.487500000000001 0.350000000000001 10.0839958190918
v 0.500000000000001 0.350000000000001 10.1664276123047
v -0.5 0.362500000000001 5.83745527267456
v -0.4875 0.362500000000001 5.98039245605469
v -0.475 0.362500000000001 6.0073618888855
v -0.4625 0.362500000000001 5.96829605102539
v -0.45 0.362500000000001 5.88567733764648
v -0.4375 0.362500000000001 5.74013042449951
v -0.425 0.362500000000001 5.54462909698486
v -0.4125 0.362500000000001 5.32034873962402
v -0.4 0.362500000000001 5.07249402999878
v -0.3875 0.362500000000001 4.80258846282959
v -0.375 0.362500000000001 4.49754285812378
v -0.3625 0.362500000000001 4.14395761489868
v -0.35 0.362500000000001 3.75066351890564
v -0.3375 0.362500000000001 3.37425661087036
v -0.325 0.362500000000001 3.04894709587097
v -0.3125 0.362500000000001 2.77249526977539
v -0.3 0.362500000000001 2.55382037162781
v -0.2875 0.362500000000001 2.40017557144165
v -0.275 0.362500000000001 2.2935483455658
v -0.2625 0.362500000000001 2.21575045585632
v -0.25 0.362500000000001 2.15045428276062
v -0.2375 0.362500000000001 2.07653284072876
v -0.225 0.362500000000001 1.98799800872803
v -0.2125 0.362500000000001 1.89999508857727
v -0.2 0.362500000000001 1.8313182592392
v -0.1875 0.362500000000001 1.79953277111053
v -0.175 0.362500000000001 1.81678521633148
v -0.1625 0.362500000000001 1.86069226264954
v -0.15 0.362500000000001 1.90932238101959
v -0.1375 0.362500000000001 1.96208846569061
v -0.125 0.362500000000001 2.03313326835632
v -0.1125 0.362500000000001 2.12386441230774
v -0.0999999999999996 0.362500000000001 2.21501207351685
v -0.0874999999999996 0.362500000000001 2.29393458366394
v -0.0749999999999996 0.362500000000001 2.38031959533691
v -0.0624999999999996 0.362500000000001 2.47205471992493
v -0.0499999999999996 0.362500000000001 2.56622910499573
v -0.0374999999999996 0.362500000000001 2.65963768959045
v -0.0249999999999996 0.362500000000001 2.75143551826477
v -0.0124999999999996 0.362500000000001 2.83299803733826
v 4.44089209850063e-16 0.362500000000001 2.90448188781738
v 0.0125000000000004 0.362500000000001 2.96960043907166
v 0.0250000000000005 0.362500000000001 3.02883410453796
v 0.0375000000000005 0.362500000000001 3.11057066917419
v 0.0500000000000005 0.362500000000001 3.25447463989258
v 0.0625000000000004 0.362500000000001 3.48908400535583
v 0.0750000000000005 0.362500000000001 3.93457102775574
v 0.0875000000000006 0.362500000000001 4.91317367553711
v 0.100000000000001 0.362500000000001 6.04997396469116
v 0.1125 0.362500000000001 6.8753342628479
v 0.125000000000001 0.362500000000001 7.35484933853149
v 0.137500000000001 0.362500000000001 7.77670001983643
v 0.150000000000001 0.362500000000001 8.19579029083252
v 0.162500000000001 0.362500000000001 8.53537654876709
v 0.175000000000001 0.362500000000001 8.76432037353516
v 0.187500000000001 0.362500000000001 8.90536499023438
v 0.200000000000001 0.362500000000001 8.99032115936279
v 0.212500000000001 0.362500000000001 9.04524421691895
v 0.225000000000001 0.362500000000001 9.092116355896
v 0.237500000000001 0.362500000000001 9.1514139175415
v 0.250000000000001 0.362500000000001 9.23548316955566
v 0.262500000000001 0.362500000000001 9.33964347839355
v 0.275000000000001 0.362500000000001 9.44766521453857
v 0.287500000000001 0.362500000000001 9.54271030426025
v 0.300000000000001 0.362500000000001 9.61285495758057
v 0.312500000000001 0.362500000000001 9.64844512939453
v 0.325000000000001 0.362500000000001 9.6373348236084
v 0.337500000000001 0.362500000000001 9.56760215759277
v 0.350000000000001 0.362500000000001 9.44560432434082
v 0.362500000000001 0.362500000000001 9.29367542266846
v 0.375000000000001 0.362500000000001 9.12804317474365
v 0.387500000000001 0.362500000000001 9.00186157226562
v 0.400000000000001 0.362500000000001 8.95138454437256
v 0.412500000000001 0.362500000000001 9.00319957733154
v 0.425000000000001 0.362500000000001 9.13975238800049
v 0.437500000000001 0.362500000000001 9.33491611480713
v 0.450000000000001 0.362500000000001 9.55746364593506
v 0.462500000000001 0.362500000000001 9.75981426239014
v 0.475000000000001 0.362500000000001 9.92209911346436
v 0.487500000000001 0.362500000000001 10.0491552352905
v 0.500000000000001 0.362500000000001 10.1442041397095
v -0.5 0.375000000000001 5.94004583358765
v -0.4875 0.375000000000001 6.01669645309448
v -0.475 0.375000000000001 5.98028707504272
v -0.4625 0.375000000000001 5.87251853942871
v -0.45 0.375000000000001 5.75108480453491
v -0.4375 0.375000000000001 5.58461761474609
v -0.425 0.375000000000001 5.37450742721558
v -0.4125 0.375000000000001 5.13659238815308
v -0.4 0.375000000000001 4.87111616134644
v -0.3875 0.375000000000001 4.58688592910767
v -0.375 0.375000000000001 4.28366613388062
v -0.3625 0.375000000000001 3.9491982460022
v -0.35 0.375000000000001 3.60463261604309
v -0.3375 0.375000000000001 3.28342986106873
v -0.325 0.375000000000001 2.99269461631775
v -0.3125 0.375000000000001 2.74087285995483
v -0.3 0.375000000000001 2.53951096534729
v -0.2875 0.375000000000001 2.40254068374634
v -0.275 0.375000000000001 2.31440448760986
v -0.2625 0.375000000000001 2.25235056877136
v -0.25 0.375000000000001 2.19989061355591
v -0.2375 0.375000000000001 2.13657355308533
v -0.225 0.375000000000001 2.05492091178894
v -0.2125 0.375000000000001 1.96725106239319
v -0.2 0.375000000000001 1.89075016975403
v -0.1875 0.375000000000001 1.84103858470917
v -0.175 0.375000000000001 1.8274005651474
v -0.1625 0.375000000000001 1.83972322940826
v -0.15 0.375000000000001 1.8686774969101
v -0.1375 0.375000000000001 1.9183075428009
v -0.125 0.375000000000001 1.99510478973389
v -0.1125 0.375000000000001 2.09416317939758
v -0.0999999999999996 0.375000000000001 2.20048689842224
v -0.0874999999999996 0.375000000000001 2.3031964302063
v -0.0749999999999996 0.375000000000001 2.41954874992371
v -0.0624999999999996 0.375000000000001 2.55178070068359
v -0.0499999999999996 0.375000000000001 2.68890500068665
v -0.0374999999999996 0.375000000000001 2.81898832321167
v -0.0249999999999996 0.375000000000001 2.93517756462097
v -0.0124999999999996 0.375000000000001 3.04181337356567
v 4.44089209850063e-16 0.375000000000001 3.12998175621033
v 0.0125000000000004 0.375000000000001 3.18400168418884
v 0.0250000000000005 0.375000000000001 3.23064017295837
v 0.0375000000000005 0.375000000000001 3.31524896621704
v 0.0500000000000005 0.375000000000001 3.46021437644958
v 0.0625000000000004 0.375000000000001 3.71529769897461
v 0.0750000000000005 0.375000000000001 4.20323801040649
v 0.0875000000000006 0.375000000000001 5.24098682403564
v 0.100000000000001 0.375000000000001 6.35564279556274
v 0.1125 0.375000000000001 7.03603458404541
v 0.125000000000001 0.375000000000001 7.40325784683228
v 0.137500000000001 0.375000000000001 7.77749729156494
v 0.150000000000001 0.375000000000001 8.19491863250732
v 0.162500000000001 0.375000000000001 8.56008815765381
v 0.175000000000001 0.375000000000001 8.8134651184082
v 0.187500000000001 0.375000000000001 8.96872520446777
v 0.200000000000001 0.375000000000001 9.05935192108154
v 0.212500000000001 0.375000000000001 9.11599349975586
v 0.225000000000001 0.375000000000001 9.16396522521973
v 0.237500000000001 0.375000000000001 9.22410869598389
v 0.250000000000001 0.375000000000001 9.30744361877441
v 0.262500000000001 0.375000000000001 9.4081449508667
v 0.275000000000001 0.375000000000001 9.509840965271
v 0.287500000000001 0.375000000000001 9.59575271606445
v 0.300000000000001 0.375000000000001 9.65340423583984
v 0.312500000000001 0.375000000000001 9.67251110076904
v 0.325000000000001 0.375000000000001 9.64043712615967
v 0.337500000000001 0.375000000000001 9.54471111297607
v 0.350000000000001 0.375000000000001 9.39255046844482
v 0.362500000000001 0.375000000000001 9.19667816162109
v 0.375000000000001 0.375000000000001 8.99219799041748
v 0.387500000000001 0.375000000000001 8.82718849182129
v 0.400000000000001 0.375000000000001 8.76062679290771
v 0.412500000000001 0.375000000000001 8.80248260498047
v 0.425000000000001 0.375000000000001 8.94565105438232
v 0.437500000000001 0.375000000000001 9.15498638153076
v 0.450000000000001 0.375000000000001 9.40532493591309
v 0.462500000000001 0.375000000000001 9.65490627288818
v 0.475000000000001 0.375000000000001 9.85273742675781
v 0.487500000000001 0.375000000000001 10.0017728805542
v 0.500000000000001 0.375000000000001 10.1124677658081
v -0.5 0.387500000000001 6.03023862838745
v -0.4875 0.387500000000001 6.03601455688477
v -0.475 0.387500000000001 5.93776655197144
v -0.4625 0.387500000000001 5.77064847946167
v -0.45 0.387500000000001 5.59478998184204
v -0.4375 0.387500000000001 5.39792633056641
v -0.425 0.387500000000001 5.17207670211792
v -0.4125 0.387500000000001 4.92121505737305
v -0.4 0.387500000000001 4.64934921264648
v -0.3875 0.387500000000001 4.36849927902222
v -0.375 0.387500000000001 4.07956218719482
v -0.3625 0.387500000000001 3.78114891052246
v -0.35 0.387500000000001 3.48858189582825
v -0.3375 0.387500000000001 3.20562744140625
v -0.325 0.387500000000001 2.94580626487732
v -0.3125 0.387500000000001 2.7183666229248
v -0.3 0.387500000000001 2.53424835205078
v -0.2875 0.387500000000001 2.41235566139221
v -0.275 0.387500000000001 2.34203600883484
v -0.2625 0.387500000000001 2.29541277885437
v -0.25 0.387500000000001 2.2562108039856
v -0.2375 0.387500000000001 2.20471668243408
v -0.225 0.387500000000001 2.13044619560242
v -0.2125 0.387500000000001 2.04217958450317
v -0.2 0.387500000000001 1.9566490650177
v -0.1875 0.387500000000001 1.89053249359131
v -0.175 0.387500000000001 1.85269820690155
v -0.1625 0.387500000000001 1.83929181098938
v -0.15 0.387500000000001 1.84697377681732
v -0.1375 0.387500000000001 1.88197481632233
v -0.125 0.387500000000001 1.95085108280182
v -0.1125 0.387500000000001 2.04834055900574
v -0.0999999999999996 0.387500000000001 2.16387891769409
v -0.0874999999999996 0.387500000000001 2.29191517829895
v -0.0749999999999996 0.387500000000001 2.4425630569458
v -0.0624999999999996 0.387500000000001 2.61668825149536
v -0.0499999999999996 0.387500000000001 2.79885601997375
v -0.0374999999999996 0.387500000000001 2.9826066493988
v -0.0249999999999996 0.387500000000001 3.16263747215271
v -0.0124999999999996 0.387500000000001 3.31774759292603
v 4.44089209850063e-16 0.387500000000001 3.41583132743835
v 0.0125000000000004 0.387500000000001 3.45234227180481
v 0.0250000000000005 0.387500000000001 3.48791289329529
v 0.0375000000000005 0.387500000000001 3.59255957603455
v 0.0500000000000005 0.387500000000001 3.77653861045837
v 0.0625000000000004 0.387500000000001 4.05297088623047
v 0.0750000000000005 0.387500000000001 4.60659074783325
v 0.0875000000000006 0.387500000000001 5.55974340438843
v 0.100000000000001 0.387500000000001 6.53278684616089
v 0.1125 0.387500000000001 7.08689880371094
v 0.125000000000001 0.387500000000001 7.40267324447632
v 0.137500000000001 0.387500000000001 7.74703359603882
v 0.150000000000001 0.387500000000001 8.15760707855225
v 0.162500000000001 0.387500000000001 8.54110240936279
v 0.175000000000001 0.387500000000001 8.82046508789062
v 0.187500000000001 0.387500000000001 8.99814891815186
v 0.200000000000001 0.387500000000001 9.10388088226318
v 0.212500000000001 0.387500000000001 9.17020416259766
v 0.225000000000001 0.387500000000001 9.22518444061279
v 0.237500000000001 0.387500000000001 9.29003238677979
v 0.250000000000001 0.387500000000001 9.37414455413818
v 0.262500000000001 0.387500000000001 9.47132778167725
v 0.275000000000001 0.387500000000001 9.56646156311035
v 0.287500000000001 0.387500000000001 9.64364814758301
v 0.300000000000001 0.387500000000001 9.68981075286865
v 0.312500000000001 0.387500000000001 9.69336986541748
v 0.325000000000001 0.387500000000001 9.64053344726562
v 0.337500000000001 0.387500000000001 9.51861381530762
v 0.350000000000001 0.387500000000001 9.33426189422607
v 0.362500000000001 0.387500000000001 9.09106159210205
v 0.375000000000001 0.387500000000001 8.84081172943115
v 0.387500000000001 0.387500000000001 8.64295482635498
v 0.400000000000001 0.387500000000001 8.5569486618042
v 0.412500000000001 0.387500000000001 8.58158302307129
v 0.425000000000001 0.387500000000001 8.7204065322876
v 0.437500000000001 0.387500000000001 8.94624614715576
v 0.450000000000001 0.387500000000001 9.21982002258301
v 0.462500000000001 0.387500000000001 9.51497173309326
v 0.475000000000001 0.387500000000001 9.75939464569092
v 0.487500000000001 0.387500000000001 9.93757629394531
v 0.500000000000001 0.387500000000001 10.0682621002197
v -0.5 0.400000000000001 6.10005521774292
v -0.4875 0.400000000000001 6.03565549850464
v -0.475 0.400000000000001 5.87620162963867
v -0.4625 0.400000000000001 5.64821863174438
v -0.45 0.400000000000001 5.40572357177734
v -0.4375 0.400000000000001 5.17531204223633
v -0.425 0.400000000000001 4.93507528305054
v -0.4125 0.400000000000001 4.68069982528687
v -0.4 0.400000000000001 4.41929960250854
v -0.3875 0.400000000000001 4.15279626846313
v -0.375 0.400000000000001 3.89131808280945
v -0.3625 0.400000000000001 3.63872265815735
v -0.35 0.400000000000001 3.38370132446289
v -0.3375 0.400000000000001 3.134441614151
v -0.325 0.400000000000001 2.90511131286621
v -0.3125 0.400000000000001 2.70291256904602
v -0.3 0.400000000000001 2.53654599189758
v -0.2875 0.400000000000001 2.42777633666992
v -0.275 0.400000000000001 2.37405896186829
v -0.2625 0.400000000000001 2.34345364570618
v -0.25 0.400000000000001 2.31874203681946
v -0.2375 0.400000000000001 2.28111886978149
v -0.225 0.400000000000001 2.21616649627686
v -0.2125 0.400000000000001 2.1283872127533
v -0.2 0.400000000000001 2.03432965278625
v -0.1875 0.400000000000001 1.95459830760956
v -0.175 0.400000000000001 1.89949691295624
v -0.1625 0.400000000000001 1.86677932739258
v -0.15 0.400000000000001 1.85477602481842
v -0.1375 0.400000000000001 1.86890161037445
v -0.125 0.400000000000001 1.91854059696198
v -0.1125 0.400000000000001 2.00474858283997
v -0.0999999999999996 0.400000000000001 2.12028980255127
v -0.0874999999999996 0.400000000000001 2.26233863830566
v -0.0749999999999996 0.400000000000001 2.43670058250427
v -0.0624999999999996 0.400000000000001 2.64983987808228
v -0.0499999999999996 0.400000000000001 2.88825392723083
v -0.0374999999999996 0.400000000000001 3.14302849769592
v -0.0249999999999996 0.400000000000001 3.39700865745544
v -0.0124999999999996 0.400000000000001 3.61915063858032
v 4.44089209850063e-16 0.400000000000001 3.76908421516418
v 0.0125000000000004 0.400000000000001 3.83293509483337
v 0.0250000000000005 0.400000000000001 3.88238382339478
v 0.0375000000000005 0.400000000000001 4.01506567001343
v 0.0500000000000005 0.400000000000001 4.23622226715088
v 0.0625000000000004 0.400000000000001 4.5175895690918
v 0.0750000000000005 0.400000000000001 5.03459024429321
v 0.0875000000000006 0.400000000000001 5.81848812103271
v 0.100000000000001 0.400000000000001 6.60114765167236
v 0.1125 0.400000000000001 7.06244134902954
v 0.125000000000001 0.400000000000001 7.36640167236328
v 0.137500000000001 0.400000000000001 7.7132830619812
v 0.150000000000001 0.400000000000001 8.12551879882812
v 0.162500000000001 0.400000000000001 8.525390625
v 0.175000000000001 0.400000000000001 8.82302761077881
v 0.187500000000001 0.400000000000001 9.01736164093018
v 0.200000000000001 0.400000000000001 9.13871955871582
v 0.212500000000001 0.400000000000001 9.21867370605469
v 0.225000000000001 0.400000000000001 9.28478050231934
v 0.237500000000001 0.400000000000001 9.35641384124756
v 0.250000000000001 0.400000000000001 9.44060325622559
v 0.262500000000001 0.400000000000001 9.53210735321045
v 0.275000000000001 0.400000000000001 9.61872482299805
v 0.287500000000001 0.400000000000001 9.68614673614502
v 0.300000000000001 0.400000000000001 9.72067642211914
v 0.312500000000001 0.400000000000001 9.70893096923828
v 0.325000000000001 0.400000000000001 9.63535213470459
v 0.337500000000001 0.400000000000001 9.48690795898438
v 0.350000000000001 0.400000000000001 9.26687526702881
v 0.362500000000001 0.400000000000001 8.97315406799316
v 0.375000000000001 0.400000000000001 8.67052459716797
v 0.387500000000001 0.400000000000001 8.45574474334717
v 0.400000000000001 0.400000000000001 8.33803844451904
v 0.412500000000001 0.400000000000001 8.33905029296875
v 0.425000000000001 0.400000000000001 8.48112201690674
v 0.437500000000001 0.400000000000001 8.71509265899658
v 0.450000000000001 0.400000000000001 9.00577449798584
v 0.462500000000001 0.400000000000001 9.3335542678833
v 0.475000000000001 0.400000000000001 9.63365459442139
v 0.487500000000001 0.400000000000001 9.85096740722656
v 0.500000000000001 0.400000000000001 10.0077047348022
v -0.5 0.412500000000001 6.15056610107422
v -0.4875 0.412500000000001 6.01139450073242
v -0.475 0.412500000000001 5.7792067527771
v -0.4625 0.412500000000001 5.48700714111328
v -0.45 0.412500000000001 5.1860089302063
v -0.4375 0.412500000000001 4.92305469512939
v -0.425 0.412500000000001 4.67545223236084
v -0.4125 0.412500000000001 4.43340253829956
v -0.4 0.412500000000001 4.18798160552979
v -0.3875 0.412500000000001 3.94458627700806
v -0.375 0.412500000000001 3.72326970100403
v -0.3625 0.412500000000001 3.50607419013977
v -0.35 0.412500000000001 3.28347849845886
v -0.3375 0.412500000000001 3.06741404533386
v -0.325 0.412500000000001 2.86927652359009
v -0.3125 0.412500000000001 2.69365096092224
v -0.3 0.412500000000001 2.5455002784729
v -0.2875 0.412500000000001 2.44705557823181
v -0.275 0.412500000000001 2.40780019760132
v -0.2625 0.412500000000001 2.39514493942261
v -0.25 0.412500000000001 2.38754677772522
v -0.2375 0.412500000000001 2.3666558265686
v -0.225 0.412500000000001 2.31456112861633
v -0.2125 0.412500000000001 2.23067736625671
v -0.2 0.412500000000001 2.13120150566101
v -0.1875 0.412500000000001 2.04183721542358
v -0.175 0.412500000000001 1.97441709041595
v -0.1625 0.412500000000001 1.92636168003082
v -0.15 0.412500000000001 1.89734840393066
v -0.1375 0.412500000000001 1.89165055751801
v -0.125 0.412500000000001 1.91942238807678
v -0.1125 0.412500000000001 1.98933029174805
v -0.0999999999999996 0.412500000000001 2.09716749191284
v -0.0874999999999996 0.412500000000001 2.24066305160522
v -0.0749999999999996 0.412500000000001 2.42689728736877
v -0.0624999999999996 0.412500000000001 2.6651656627655
v -0.0499999999999996 0.412500000000001 2.96036601066589
v -0.0374999999999996 0.412500000000001 3.28989768028259
v -0.0249999999999996 0.412500000000001 3.61915588378906
v -0.0124999999999996 0.412500000000001 3.90523195266724
v 4.44089209850063e-16 0.412500000000001 4.10931921005249
v 0.0125000000000004 0.412500000000001 4.24153661727905
v 0.0250000000000005 0.412500000000001 4.35203742980957
v 0.0375000000000005 0.412500000000001 4.53688764572144
v 0.0500000000000005 0.412500000000001 4.72206258773804
v 0.0625000000000004 0.412500000000001 4.91468572616577
v 0.0750000000000005 0.412500000000001 5.36388635635376
v 0.0875000000000006 0.412500000000001 6.01709985733032
v 0.100000000000001 0.412500000000001 6.63423156738281
v 0.1125 0.412500000000001 7.05075550079346
v 0.125000000000001 0.412500000000001 7.36863565444946
v 0.137500000000001 0.412500000000001 7.74109029769897
v 0.150000000000001 0.412500000000001 8.15900325775146
v 0.162500000000001 0.412500000000001 8.55399608612061
v 0.175000000000001 0.412500000000001 8.85069179534912
v 0.187500000000001 0.412500000000001 9.04946136474609
v 0.200000000000001 0.412500000000001 9.18056488037109
v 0.212500000000001 0.412500000000001 9.27354335784912
v 0.225000000000001 0.412500000000001 9.35133266448975
v 0.237500000000001 0.412500000000001 9.42836666107178
v 0.250000000000001 0.412500000000001 9.50955963134766
v 0.262500000000001 0.412500000000001 9.592041015625
v 0.275000000000001 0.412500000000001 9.66736602783203
v 0.287500000000001 0.412500000000001 9.72310638427734
v 0.300000000000001 0.412500000000001 9.7448673248291
v 0.312500000000001 0.412500000000001 9.7170877456665
v 0.325000000000001 0.412500000000001 9.62202835083008
v 0.337500000000001 0.412500000000001 9.44580745697021
v 0.350000000000001 0.412500000000001 9.18501281738281
v 0.362500000000001 0.412500000000001 8.8363676071167
v 0.375000000000001 0.412500000000001 8.48886775970459
v 0.387500000000001 0.412500000000001 8.25571441650391
v 0.400000000000001 0.412500000000001 8.09514427185059
v 0.412500000000001 0.412500000000001 8.07363319396973
v 0.425000000000001 0.412500000000001 8.20982646942139
v 0.437500000000001 0.412500000000001 8.47032928466797
v 0.450000000000001 0.412500000000001 8.77464008331299
v 0.462500000000001 0.412500000000001 9.11176204681396
v 0.475000000000001 0.412500000000001 9.46633052825928
v 0.487500000000001 0.412500000000001 9.73487758636475
v 0.500000000000001 0.412500000000001 9.92579174041748
v -0.5 0.425000000000001 6.17333555221558
v -0.4875 0.425000000000001 5.94791746139526
v -0.475 0.425000000000001 5.63665914535522
v -0.4625 0.425000000000001 5.28707981109619
v -0.45 0.425000000000001 4.94957208633423
v -0.4375 0.425000000000001 4.66358852386475
v -0.425 0.425000000000001 4.41980838775635
v -0.4125 0.425000000000001 4.19225883483887
v -0.4 0.425000000000001 3.96598815917969
v -0.3875 0.425000000000001 3.75849080085754
v -0.375 0.425000000000001 3.57305073738098
v -0.3625 0.425000000000001 3.38395857810974
v -0.35 0.425000000000001 3.19178485870361
v -0.3375 0.425000000000001 3.00792384147644
v -0.325 0.425000000000001 2.84098982810974
v -0.3125 0.425000000000001 2.6921079158783
v -0.3 0.425000000000001 2.56157040596008
v -0.2875 0.425000000000001 2.47026896476746
v -0.275 0.425000000000001 2.44147181510925
v -0.2625 0.425000000000001 2.44896483421326
v -0.25 0.425000000000001 2.46321749687195
v -0.2375 0.425000000000001 2.46323251724243
v -0.225 0.425000000000001 2.42937064170837
v -0.2125 0.425000000000001 2.35615086555481
v -0.2 0.425000000000001 2.25889778137207
v -0.1875 0.425000000000001 2.16593766212463
v -0.175 0.425000000000001 2.08886337280273
v -0.1625 0.425000000000001 2.02691960334778
v -0.15 0.425000000000001 1.98223912715912
v -0.1375 0.425000000000001 1.9591897726059
v -0.125 0.425000000000001 1.96845877170563
v -0.1125 0.425000000000001 2.02437472343445
v -0.0999999999999996 0.425000000000001 2.12575125694275
v -0.0874999999999996 0.425000000000001 2.27022290229797
v -0.0749999999999996 0.425000000000001 2.47144174575806
v -0.0624999999999996 0.425000000000001 2.73532557487488
v -0.0499999999999996 0.425000000000001 3.05238652229309
v -0.0374999999999996 0.425000000000001 3.4112012386322
v -0.0249999999999996 0.425000000000001 3.76692128181458
v -0.0124999999999996 0.425000000000001 4.07789468765259
v 4.44089209850063e-16 0.425000000000001 4.31680297851562
v 0.0125000000000004 0.425000000000001 4.51320791244507
v 0.0250000000000005 0.425000000000001 4.65717077255249
v 0.0375000000000005 0.425000000000001 4.80108261108398
v 0.0500000000000005 0.425000000000001 4.89719486236572
v 0.0625000000000004 0.425000000000001 5.06299591064453
v 0.0750000000000005 0.425000000000001 5.52107715606689
v 0.0875000000000006 0.425000000000001 6.14008188247681
v 0.100000000000001 0.425000000000001 6.68867206573486
v 0.1125 0.425000000000001 7.10126829147339
v 0.125000000000001 0.425000000000001 7.46935606002808
v 0.137500000000001 0.425000000000001 7.88541555404663
v 0.150000000000001 0.425000000000001 8.30623626708984
v 0.162500000000001 0.425000000000001 8.66707801818848
v 0.175000000000001 0.425000000000001 8.93314075469971
v 0.187500000000001 0.425000000000001 9.11754989624023
v 0.200000000000001 0.425000000000001 9.248854637146
v 0.212500000000001 0.425000000000001 9.34924030303955
v 0.225000000000001 0.425000000000001 9.43282604217529
v 0.237500000000001 0.425000000000001 9.50898456573486
v 0.250000000000001 0.425000000000001 9.58211803436279
v 0.262500000000001 0.425000000000001 9.65185260772705
v 0.275000000000001 0.425000000000001 9.71290588378906
v 0.287500000000001 0.425000000000001 9.75447368621826
v 0.300000000000001 0.425000000000001 9.76136684417725
v 0.312500000000001 0.425000000000001 9.71563529968262
v 0.325000000000001 0.425000000000001 9.5970458984375
v 0.337500000000001 0.425000000000001 9.38984203338623
v 0.350000000000001 0.425000000000001 9.08159923553467
v 0.362500000000001 0.425000000000001 8.6737699508667
v 0.375000000000001 0.425000000000001 8.30458831787109
v 0.387500000000001 0.425000000000001 8.04621028900146
v 0.400000000000001 0.425000000000001 7.86901330947876
v 0.412500000000001 0.425000000000001 7.82737302780151
v 0.425000000000001 0.425000000000001 7.94488763809204
v 0.437500000000001 0.425000000000001 8.20133209228516
v 0.450000000000001 0.425000000000001 8.52859973907471
v 0.462500000000001 0.425000000000001 8.87343788146973
v 0.475000000000001 0.425000000000001 9.24987030029297
v 0.487500000000001 0.425000000000001 9.58092212677002
v 0.500000000000001 0.425000000000001 9.81628036499023
v -0.5 0.437500000000001 6.15867567062378
v -0.4875 0.437500000000001 5.84016275405884
v -0.475 0.437500000000001 5.45464563369751
v -0.4625 0.437500000000001 5.06285238265991
v -0.45 0.437500000000001 4.71278810501099
v -0.4375 0.437500000000001 4.42715787887573
v -0.425 0.437500000000001 4.18858432769775
v -0.4125 0.437500000000001 3.97108697891235
v -0.4 0.437500000000001 3.77104067802429
v -0.3875 0.437500000000001 3.60145378112793
v -0.375 0.437500000000001 3.44232988357544
v -0.3625 0.437500000000001 3.27774620056152
v -0.35 0.437500000000001 3.11395382881165
v -0.3375 0.437500000000001 2.96079444885254
v -0.325 0.437500000000001 2.82377219200134
v -0.3125 0.437500000000001 2.69975543022156
v -0.3 0.437500000000001 2.58513450622559
v -0.2875 0.437500000000001 2.49855089187622
v -0.275 0.437500000000001 2.47473645210266
v -0.2625 0.437500000000001 2.50352072715759
v -0.25 0.437500000000001 2.54630446434021
v -0.2375 0.437500000000001 2.57399773597717
v -0.225 0.437500000000001 2.56696271896362
v -0.2125 0.437500000000001 2.51656126976013
v -0.2 0.437500000000001 2.4355309009552
v -0.1875 0.437500000000001 2.34634232521057
v -0.175 0.437500000000001 2.26092529296875
v -0.1625 0.437500000000001 2.18659591674805
v -0.15 0.437500000000001 2.12870144844055
v -0.1375 0.437500000000001 2.09242296218872
v -0.125 0.437500000000001 2.08963465690613
v -0.1125 0.437500000000001 2.13802075386047
v -0.0999999999999996 0.437500000000001 2.23659610748291
v -0.0874999999999996 0.437500000000001 2.37986874580383
v -0.0749999999999996 0.437500000000001 2.58265995979309
v -0.0624999999999996 0.437500000000001 2.86116194725037
v -0.0499999999999996 0.437500000000001 3.18897771835327
v -0.0374999999999996 0.437500000000001 3.54394459724426
v -0.0249999999999996 0.437500000000001 3.90840029716492
v -0.0124999999999996 0.437500000000001 4.25018358230591
v 4.44089209850063e-16 0.437500000000001 4.55153846740723
v 0.0125000000000004 0.437500000000001 4.75839424133301
v 0.0250000000000005 0.437500000000001 4.83306455612183
v 0.0375000000000005 0.437500000000001 4.8724217414856
v 0.0500000000000005 0.437500000000001 4.87770223617554
v 0.0625000000000004 0.437500000000001 4.98026323318481
v 0.0750000000000005 0.437500000000001 5.42329406738281
v 0.0875000000000006 0.437500000000001 6.07384061813354
v 0.100000000000001 0.437500000000001 6.6992449760437
v 0.1125 0.437500000000001 7.19962549209595
v 0.125000000000001 0.437500000000001 7.68145322799683
v 0.137500000000001 0.437500000000001 8.16304302215576
v 0.150000000000001 0.437500000000001 8.56139850616455
v 0.162500000000001 0.437500000000001 8.86297607421875
v 0.175000000000001 0.437500000000001 9.0795373916626
v 0.187500000000001 0.437500000000001 9.23870372772217
v 0.200000000000001 0.437500000000001 9.36080837249756
v 0.212500000000001 0.437500000000001 9.45567989349365
v 0.225000000000001 0.437500000000001 9.53260326385498
v 0.237500000000001 0.437500000000001 9.5988073348999
v 0.250000000000001 0.437500000000001 9.65828609466553
v 0.262500000000001 0.437500000000001 9.71178150177002
v 0.275000000000001 0.437500000000001 9.75568866729736
v 0.287500000000001 0.437500000000001 9.78013896942139
v 0.300000000000001 0.437500000000001 9.76908111572266
v 0.312500000000001 0.437500000000001 9.70209407806396
v 0.325000000000001 0.437500000000001 9.55606746673584
v 0.337500000000001 0.437500000000001 9.31185054779053
v 0.350000000000001 0.437500000000001 8.9481782913208
v 0.362500000000001 0.437500000000001 8.48619270324707
v 0.375000000000001 0.437500000000001 8.12079906463623
v 0.387500000000001 0.437500000000001 7.86135864257812
v 0.400000000000001 0.437500000000001 7.65285491943359
v 0.412500000000001 0.437500000000001 7.57451963424683
v 0.425000000000001 0.437500000000001 7.66069793701172
v 0.437500000000001 0.437500000000001 7.92721891403198
v 0.450000000000001 0.437500000000001 8.26386737823486
v 0.462500000000001 0.437500000000001 8.62898731231689
v 0.475000000000001 0.437500000000001 8.99439144134521
v 0.487500000000001 0.437500000000001 9.3803129196167
v 0.500000000000001 0.437500000000001 9.67173290252686
v -0.5 0.450000000000001 6.1020884513855
v -0.4875 0.450000000000001 5.69330549240112
v -0.475 0.450000000000001 5.24898719787598
v -0.4625 0.450000000000001 4.83940553665161
v -0.45 0.450000000000001 4.50014209747314
v -0.4375 0.450000000000001 4.22647285461426
v -0.425 0.450000000000001 3.99301195144653
v -0.4125 0.450000000000001 3.78757929801941
v -0.4 0.450000000000001 3.61652112007141
v -0.3875 0.450000000000001 3.47383737564087
v -0.375 0.450000000000001 3.33374571800232
v -0.3625 0.450000000000001 3.1910924911499
v -0.35 0.450000000000001 3.05366945266724
v -0.3375 0.450000000000001 2.92890524864197
v -0.325 0.450000000000001 2.81839466094971
v -0.3125 0.450000000000001 2.71572542190552
v -0.3 0.450000000000001 2.61535382270813
v -0.2875 0.450000000000001 2.53290390968323
v -0.275 0.450000000000001 2.50900268554688
v -0.2625 0.450000000000001 2.55795526504517
v -0.25 0.450000000000001 2.63640260696411
v -0.2375 0.450000000000001 2.70209646224976
v -0.225 0.450000000000001 2.73594069480896
v -0.2125 0.450000000000001 2.72839140892029
v -0.2 0.450000000000001 2.68256688117981
v -0.1875 0.450000000000001 2.60459518432617
v -0.175 0.450000000000001 2.51189303398132
v -0.1625 0.450000000000001 2.42796325683594
v -0.15 0.450000000000001 2.36283922195435
v -0.1375 0.450000000000001 2.32159018516541
v -0.125 0.450000000000001 2.31622743606567
v -0.1125 0.450000000000001 2.36527299880981
v -0.0999999999999996 0.450000000000001 2.46711778640747
v -0.0874999999999996 0.450000000000001 2.61276602745056
v -0.0749999999999996 0.450000000000001 2.81420183181763
v -0.0624999999999996 0.450000000000001 3.1017849445343
v -0.0499999999999996 0.450000000000001 3.45694661140442
v -0.0374999999999996 0.450000000000001 3.8665783405304
v -0.0249999999999996 0.450000000000001 4.30572271347046
v -0.0124999999999996 0.450000000000001 4.69936609268188
v 4.44089209850063e-16 0.450000000000001 4.95882940292358
v 0.0125000000000004 0.450000000000001 5.06102848052979
v 0.0250000000000005 0.450000000000001 5.06080293655396
v 0.0375000000000005 0.450000000000001 5.04869842529297
v 0.0500000000000005 0.450000000000001 4.95633745193481
v 0.0625000000000004 0.450000000000001 4.89727878570557
v 0.0750000000000005 0.450000000000001 5.16237831115723
v 0.0875000000000006 0.450000000000001 5.79013538360596
v 0.100000000000001 0.450000000000001 6.57622528076172
v 0.1125 0.450000000000001 7.2977557182312
v 0.125000000000001 0.450000000000001 7.96460294723511
v 0.137500000000001 0.450000000000001 8.50421905517578
v 0.150000000000001 0.450000000000001 8.86492824554443
v 0.162500000000001 0.450000000000001 9.11131572723389
v 0.175000000000001 0.450000000000001 9.2899866104126
v 0.187500000000001 0.450000000000001 9.41987419128418
v 0.200000000000001 0.450000000000001 9.51535987854004
v 0.212500000000001 0.450000000000001 9.58849334716797
v 0.225000000000001 0.450000000000001 9.64708423614502
v 0.237500000000001 0.450000000000001 9.6957540512085
v 0.250000000000001 0.450000000000001 9.73707103729248
v 0.262500000000001 0.450000000000001 9.7715015411377
v 0.275000000000001 0.450000000000001 9.79562091827393
v 0.287500000000001 0.450000000000001 9.79965019226074
v 0.300000000000001 0.450000000000001 9.76658153533936
v 0.312500000000001 0.450000000000001 9.67344093322754
v 0.325000000000001 0.450000000000001 9.49365901947021
v 0.337500000000001 0.450000000000001 9.20332622528076
v 0.350000000000001 0.450000000000001 8.77773475646973
v 0.362500000000001 0.450000000000001 8.29246234893799
v 0.375000000000001 0.450000000000001 7.97094583511353
v 0.387500000000001 0.450000000000001 7.67366361618042
v 0.400000000000001 0.450000000000001 7.42342138290405
v 0.412500000000001 0.450000000000001 7.31352567672729
v 0.425000000000001 0.450000000000001 7.37636566162109
v 0.437500000000001 0.450000000000001 7.61774158477783
v 0.450000000000001 0.450000000000001 7.99987649917603
v 0.462500000000001 0.450000000000001 8.36248683929443
v 0.475000000000001 0.450000000000001 8.73884105682373
v 0.487500000000001 0.450000000000001 9.13053798675537
v 0.500000000000001 0.450000000000001 9.48407936096191
v -0.5 0.462500000000001 6.01494836807251
v -0.4875 0.462500000000001 5.5281195640564
v -0.475 0.462500000000001 5.05315542221069
v -0.4625 0.462500000000001 4.65163660049438
v -0.45 0.462500000000001 4.32599878311157
v -0.4375 0.462500000000001 4.05946969985962
v -0.425 0.462500000000001 3.83592987060547
v -0.4125 0.462500000000001 3.65110182762146
v -0.4 0.462500000000001 3.5049774646759
v -0.3875 0.462500000000001 3.37752079963684
v -0.375 0.462500000000001 3.25160956382751
v -0.3625 0.462500000000001 3.12803626060486
v -0.35 0.462500000000001 3.01348757743835
v -0.3375 0.462500000000001 2.91216707229614
v -0.325 0.462500000000001 2.82260823249817
v -0.3125 0.462500000000001 2.73740792274475
v -0.3 0.462500000000001 2.65035796165466
v -0.2875 0.462500000000001 2.57363677024841
v -0.275 0.462500000000001 2.54710626602173
v -0.2625 0.462500000000001 2.61226344108582
v -0.25 0.462500000000001 2.73164629936218
v -0.2375 0.462500000000001 2.84865498542786
v -0.225 0.462500000000001 2.94284558296204
v -0.2125 0.462500000000001 3.00053405761719
v -0.2 0.462500000000001 3.01268649101257
v -0.1875 0.462500000000001 2.96536707878113
v -0.175 0.462500000000001 2.87931799888611
v -0.1625 0.462500000000001 2.79286432266235
v -0.15 0.462500000000001 2.72859525680542
v -0.1375 0.462500000000001 2.69480562210083
v -0.125 0.462500000000001 2.70287775993347
v -0.1125 0.462500000000001 2.77025032043457
v -0.0999999999999996 0.462500000000001 2.8920533657074
v -0.0874999999999996 0.462500000000001 3.05774879455566
v -0.0749999999999996 0.462500000000001 3.27344107627869
v -0.0624999999999996 0.462500000000001 3.57576560974121
v -0.0499999999999996 0.462500000000001 3.9723687171936
v -0.0374999999999996 0.462500000000001 4.4296498298645
v -0.0249999999999996 0.462500000000001 4.90257692337036
v -0.0124999999999996 0.462500000000001 5.2906379699707
v 4.44089209850063e-16 0.462500000000001 5.50012922286987
v 0.0125000000000004 0.462500000000001 5.54676198959351
v 0.0250000000000005 0.462500000000001 5.57714891433716
v 0.0375000000000005 0.462500000000001 5.62054777145386
v 0.0500000000000005 0.462500000000001 5.40017080307007
v 0.0625000000000004 0.462500000000001 5.07821416854858
v 0.0750000000000005 0.462500000000001 5.12908506393433
v 0.0875000000000006 0.462500000000001 5.62529611587524
v 0.100000000000001 0.462500000000001 6.46728992462158
v 0.1125 0.462500000000001 7.37849140167236
v 0.125000000000001 0.462500000000001 8.24612331390381
v 0.137500000000001 0.462500000000001 8.85142230987549
v 0.150000000000001 0.462500000000001 9.20472431182861
v 0.162500000000001 0.462500000000001 9.41268825531006
v 0.175000000000001 0.462500000000001 9.54141902923584
v 0.187500000000001 0.462500000000001 9.6265115737915
v 0.200000000000001 0.462500000000001 9.68695831298828
v 0.212500000000001 0.462500000000001 9.73252296447754
v 0.225000000000001 0.462500000000001 9.76790809631348
v 0.237500000000001 0.462500000000001 9.79544353485107
v 0.250000000000001 0.462500000000001 9.81627178192139
v 0.262500000000001 0.462500000000001 9.82982063293457
v 0.275000000000001 0.462500000000001 9.83184146881104
v 0.287500000000001 0.462500000000001 9.81190490722656
v 0.300000000000001 0.462500000000001 9.75180816650391
v 0.312500000000001 0.462500000000001 9.62581157684326
v 0.325000000000001 0.462500000000001 9.40321636199951
v 0.337500000000001 0.462500000000001 9.05653095245361
v 0.350000000000001 0.462500000000001 8.57996845245361
v 0.362500000000001 0.462500000000001 8.12021446228027
v 0.375000000000001 0.462500000000001 7.81602239608765
v 0.387500000000001 0.462500000000001 7.45489358901978
v 0.400000000000001 0.462500000000001 7.19028329849243
v 0.412500000000001 0.462500000000001 7.06518888473511
v 0.425000000000001 0.462500000000001 7.11466979980469
v 0.437500000000001 0.462500000000001 7.33940982818604
v 0.450000000000001 0.462500000000001 7.69554758071899
v 0.462500000000001 0.462500000000001 8.12078857421875
v 0.475000000000001 0.462500000000001 8.47336769104004
v 0.487500000000001 0.462500000000001 8.86030864715576
v 0.500000000000001 0.462500000000001 9.24823379516602
v -0.5 0.475000000000001 5.93949699401855
v -0.4875 0.475000000000001 5.39560651779175
v -0.475 0.475000000000001 4.90762186050415
v -0.4625 0.475000000000001 4.50802278518677
v -0.45 0.475000000000001 4.18500661849976
v -0.4375 0.475000000000001 3.92559051513672
v -0.425 0.475000000000001 3.71896600723267
v -0.4125 0.475000000000001 3.55868649482727
v -0.4 0.475000000000001 3.42958521842957
v -0.3875 0.475000000000001 3.31174159049988
v -0.375 0.475000000000001 3.19713854789734
v -0.3625 0.475000000000001 3.08904600143433
v -0.35 0.475000000000001 2.99207448959351
v -0.3375 0.475000000000001 2.90766286849976
v -0.325 0.475000000000001 2.83331108093262
v -0.3125 0.475000000000001 2.76219153404236
v -0.3 0.475000000000001 2.68797945976257
v -0.2875 0.475000000000001 2.62008929252625
v -0.275 0.475000000000001 2.59249567985535
v -0.2625 0.475000000000001 2.6674439907074
v -0.25 0.475000000000001 2.82951331138611
v -0.2375 0.475000000000001 3.01249384880066
v -0.225 0.475000000000001 3.18417119979858
v -0.2125 0.475000000000001 3.32375884056091
v -0.2 0.475000000000001 3.41532969474792
v -0.1875 0.475000000000001 3.4279568195343
v -0.175 0.475000000000001 3.38307929039001
v -0.1625 0.475000000000001 3.32948088645935
v -0.15 0.475000000000001 3.30079579353333
v -0.1375 0.475000000000001 3.30388879776001
v -0.125 0.475000000000001 3.34541296958923
v -0.1125 0.475000000000001 3.44405817985535
v -0.0999999999999996 0.475000000000001 3.59406661987305
v -0.0874999999999996 0.475000000000001 3.79050993919373
v -0.0749999999999996 0.475000000000001 4.03033876419067
v -0.0624999999999996 0.475000000000001 4.34394454956055
v -0.0499999999999996 0.475000000000001 4.76276874542236
v -0.0374999999999996 0.475000000000001 5.21901082992554
v -0.0249999999999996 0.475000000000001 5.67128133773804
v -0.0124999999999996 0.475000000000001 6.03819370269775
v 4.44089209850063e-16 0.475000000000001 6.2457799911499
v 0.0125000000000004 0.475000000000001 6.3302264213562
v 0.0250000000000005 0.475000000000001 6.44183444976807
v 0.0375000000000005 0.475000000000001 6.58224868774414
v 0.0500000000000005 0.475000000000001 6.39633703231812
v 0.0625000000000004 0.475000000000001 5.78340864181519
v 0.0750000000000005 0.475000000000001 5.5681357383728
v 0.0875000000000006 0.475000000000001 5.92346143722534
v 0.100000000000001 0.475000000000001 6.69649124145508
v 0.1125 0.475000000000001 7.66482400894165
v 0.125000000000001 0.475000000000001 8.68066310882568
v 0.137500000000001 0.475000000000001 9.26054573059082
v 0.150000000000001 0.475000000000001 9.5427827835083
v 0.162500000000001 0.475000000000001 9.68806457519531
v 0.175000000000001 0.475000000000001 9.76948738098145
v 0.187500000000001 0.475000000000001 9.81877040863037
v 0.200000000000001 0.475000000000001 9.8506383895874
v 0.212500000000001 0.475000000000001 9.87187004089355
v 0.225000000000001 0.475000000000001 9.88538360595703
v 0.237500000000001 0.475000000000001 9.89233112335205
v 0.250000000000001 0.475000000000001 9.89270687103271
v 0.262500000000001 0.475000000000001 9.88464832305908
v 0.275000000000001 0.475000000000001 9.86261558532715
v 0.287500000000001 0.475000000000001 9.81497192382812
v 0.300000000000001 0.475000000000001 9.72183895111084
v 0.312500000000001 0.475000000000001 9.55434417724609
v 0.325000000000001 0.475000000000001 9.27840137481689
v 0.337500000000001 0.475000000000001 8.87461853027344
v 0.350000000000001 0.475000000000001 8.38415145874023
v 0.362500000000001 0.475000000000001 7.9718132019043
v 0.375000000000001 0.475000000000001 7.61303043365479
v 0.387500000000001 0.475000000000001 7.23950529098511
v 0.400000000000001 0.475000000000001 6.95983457565308
v 0.412500000000001 0.475000000000001 6.81397724151611
v 0.425000000000001 0.475000000000001 6.84996271133423
v 0.437500000000001 0.475000000000001 7.07834768295288
v 0.450000000000001 0.475000000000001 7.43623113632202
v 0.462500000000001 0.475000000000001 7.83961629867554
v 0.475000000000001 0.475000000000001 8.2557897567749
v 0.487500000000001 0.475000000000001 8.59468364715576
v 0.500000000000001 0.475000000000001 8.97907161712646
v -0.5 0.487500000000001 5.89027500152588
v -0.4875 0.487500000000001 5.3109712600708
v -0.475 0.487500000000001 4.79915046691895
v -0.4625 0.487500000000001 4.3909068107605
v -0.45 0.487500000000001 4.0715913772583
v -0.4375 0.487500000000001 3.82744407653809
v -0.425 0.487500000000001 3.64330744743347
v -0.4125 0.487500000000001 3.50130319595337
v -0.4 0.487500000000001 3.38175511360168
v -0.3875 0.487500000000001 3.2708637714386
v -0.375 0.487500000000001 3.16560983657837
v -0.3625 0.487500000000001 3.06948614120483
v -0.35 0.487500000000001 2.98506617546082
v -0.3375 0.487500000000001 2.91214919090271
v -0.325 0.487500000000001 2.84832191467285
v -0.3125 0.487500000000001 2.78816032409668
v -0.3 0.487500000000001 2.72621536254883
v -0.2875 0.487500000000001 2.67052912712097
v -0.275 0.487500000000001 2.64723181724548
v -0.2625 0.487500000000001 2.72562122344971
v -0.25 0.487500000000001 2.92748713493347
v -0.2375 0.487500000000001 3.18735957145691
v -0.225 0.487500000000001 3.44584274291992
v -0.2125 0.487500000000001 3.68192934989929
v -0.2 0.487500000000001 3.8719584941864
v -0.1875 0.487500000000001 3.97614741325378
v -0.175 0.487500000000001 4.0176100730896
v -0.1625 0.487500000000001 4.05448484420776
v -0.15 0.487500000000001 4.11425638198853
v -0.1375 0.487500000000001 4.19487905502319
v -0.125 0.487500000000001 4.30099868774414
v -0.1125 0.487500000000001 4.43892574310303
v -0.0999999999999996 0.487500000000001 4.60020542144775
v -0.0874999999999996 0.487500000000001 4.78431701660156
v -0.0749999999999996 0.487500000000001 5.00748825073242
v -0.0624999999999996 0.487500000000001 5.32910537719727
v -0.0499999999999996 0.487500000000001 5.74738645553589
v -0.0374999999999996 0.487500000000001 6.21535491943359
v -0.0249999999999996 0.487500000000001 6.64542245864868
v -0.0124999999999996 0.487500000000001 6.98989629745483
v 4.44089209850063e-16 0.487500000000001 7.21741628646851
v 0.0125000000000004 0.487500000000001 7.39093637466431
v 0.0250000000000005 0.487500000000001 7.61234617233276
v 0.0375000000000005 0.487500000000001 7.85012817382812
v 0.0500000000000005 0.487500000000001 7.77671527862549
v 0.0625000000000004 0.487500000000001 7.22714948654175
v 0.0750000000000005 0.487500000000001 6.70876169204712
v 0.0875000000000006 0.487500000000001 6.82875537872314
v 0.100000000000001 0.487500000000001 7.5126051902771
v 0.1125 0.487500000000001 8.50993537902832
v 0.125000000000001 0.487500000000001 9.26938152313232
v 0.137500000000001 0.487500000000001 9.64311504364014
v 0.150000000000001 0.487500000000001 9.81918048858643
v 0.162500000000001 0.487500000000001 9.90793895721436
v 0.175000000000001 0.487500000000001 9.95486354827881
v 0.187500000000001 0.487500000000001 9.97980117797852
v 0.200000000000001 0.487500000000001 9.99191951751709
v 0.212500000000001 0.487500000000001 9.99533748626709
v 0.225000000000001 0.487500000000001 9.99167823791504
v 0.237500000000001 0.487500000000001 9.98117542266846
v 0.250000000000001 0.487500000000001 9.9627742767334
v 0.262500000000001 0.487500000000001 9.93327236175537
v 0.275000000000001 0.487500000000001 9.88553619384766
v 0.287500000000001 0.487500000000001 9.80615901947021
v 0.300000000000001 0.487500000000001 9.67287445068359
v 0.312500000000001 0.487500000000001 9.45409297943115
v 0.325000000000001 0.487500000000001 9.12061977386475
v 0.337500000000001 0.487500000000001 8.6757230758667
v 0.350000000000001 0.487500000000001 8.18758392333984
v 0.362500000000001 0.487500000000001 7.79067611694336
v 0.375000000000001 0.487500000000001 7.38545989990234
v 0.387500000000001 0.487500000000001 7.0068039894104
v 0.400000000000001 0.487500000000001 6.70240545272827
v 0.412500000000001 0.487500000000001 6.55296468734741
v 0.425000000000001 0.487500000000001 6.59301137924194
v 0.437500000000001 0.487500000000001 6.8247275352478
v 0.450000000000001 0.487500000000001 7.19862508773804
v 0.462500000000001 0.487500000000001 7.5999755859375
v 0.475000000000001 0.487500000000001 8.01409339904785
v 0.487500000000001 0.487500000000001 8.39083385467529
v 0.500000000000001 0.487500000000001 8.71754550933838
v -0.5 0.500000000000001 5.84195423126221
v -0.4875 0.500000000000001 5.23216772079468
v -0.475 0.500000000000001 4.70180797576904
v -0.4625 0.500000000000001 4.29314279556274
v -0.45 0.500000000000001 3.99031376838684
v -0.4375 0.500000000000001 3.76747632026672
v -0.425 0.500000000000001 3.60051012039185
v -0.4125 0.500000000000001 3.46875238418579
v -0.4 0.500000000000001 3.35483551025391
v -0.3875 0.500000000000001 3.24979853630066
v -0.375 0.500000000000001 3.15246963500977
v -0.3625 0.500000000000001 3.06541895866394
v -0.35 0.500000000000001 2.9896674156189
v -0.3375 0.500000000000001 2.92417192459106
v -0.325 0.500000000000001 2.86690592765808
v -0.3125 0.500000000000001 2.81435251235962
v -0.3 0.500000000000001 2.76340675354004
v -0.2875 0.500000000000001 2.72236108779907
v -0.275 0.500000000000001 2.70953989028931
v -0.2625 0.500000000000001 2.78977370262146
v -0.25 0.500000000000001 3.02297782897949
v -0.2375 0.500000000000001 3.36158299446106
v -0.225 0.500000000000001 3.70857310295105
v -0.2125 0.500000000000001 4.05501699447632
v -0.2 0.500000000000001 4.36266613006592
v -0.1875 0.500000000000001 4.58287954330444
v -0.175 0.500000000000001 4.74150466918945
v -0.1625 0.500000000000001 4.89563131332397
v -0.15 0.500000000000001 5.05639362335205
v -0.1375 0.500000000000001 5.22010612487793
v -0.125 0.500000000000001 5.38310098648071
v -0.1125 0.500000000000001 5.53512668609619
v -0.0999999999999996 0.500000000000001 5.66098642349243
v -0.0874999999999996 0.500000000000001 5.8117151260376
v -0.0749999999999996 0.500000000000001 6.09766149520874
v -0.0624999999999996 0.500000000000001 6.4741473197937
v -0.0499999999999996 0.500000000000001 6.87828779220581
v -0.0374999999999996 0.500000000000001 7.2963433265686
v -0.0249999999999996 0.500000000000001 7.68601083755493
v -0.0124999999999996 0.500000000000001 8.02369976043701
v 4.44089209850063e-16 0.500000000000001 8.28030109405518
v 0.0125000000000004 0.500000000000001 8.49496650695801
v 0.0250000000000005 0.500000000000001 8.72781085968018
v 0.0375000000000005 0.500000000000001 8.93568706512451
v 0.0500000000000005 0.500000000000001 8.97384548187256
v 0.0625000000000004 0.500000000000001 8.74207973480225
v 0.0750000000000005 0.500000000000001 8.4111795425415
v 0.0875000000000006 0.500000000000001 8.43648242950439
v 0.100000000000001 0.500000000000001 8.89053344726562
v 0.1125 0.500000000000001 9.41865825653076
v 0.125000000000001 0.500000000000001 9.75563049316406
v 0.137500000000001 0.500000000000001 9.93277359008789
v 0.150000000000001 0.500000000000001 10.023401260376
v 0.162500000000001 0.500000000000001 10.0701360702515
v 0.175000000000001 0.500000000000001 10.0937767028809
v 0.187500000000001 0.500000000000001 10.1037445068359
v 0.200000000000001 0.500000000000001 10.1041889190674
v 0.212500000000001 0.500000000000001 10.0966939926147
v 0.225000000000001 0.500000000000001 10.081470489502
v 0.237500000000001 0.500000000000001 10.0576753616333
v 0.250000000000001 0.500000000000001 10.0230665206909
v 0.262500000000001 0.500000000000001 9.97286987304688
v 0.275000000000001 0.500000000000001 9.89793968200684
v 0.287500000000001 0.500000000000001 9.78228664398193
v 0.300000000000001 0.500000000000001 9.60072803497314
v 0.312500000000001 0.500000000000001 9.3242130279541
v 0.325000000000001 0.500000000000001 8.94015216827393
v 0.337500000000001 0.500000000000001 8.45970439910889
v 0.350000000000001 0.500000000000001 7.99475431442261
v 0.362500000000001 0.500000000000001 7.56605386734009
v 0.375000000000001 0.500000000000001 7.13425207138062
v 0.387500000000001 0.500000000000001 6.73014688491821
v 0.400000000000001 0.500000000000001 6.42976522445679
v 0.412500000000001 0.500000000000001 6.30057668685913
v 0.425000000000001 0.500000000000001 6.35999536514282
v 0.437500000000001 0.500000000000001 6.59152221679688
v 0.450000000000001 0.500000000000001 6.95564126968384
v 0.462500000000001 0.500000000000001 7.39082956314087
v 0.475000000000001 0.500000000000001 7.79319620132446
v 0.487500000000001 0.500000000000001 8.17449760437012
v 0.500000000000001 0.500000000000001 8.50667953491211
f 1 2 82
f 82 83 163
f 163 164 244
f 244 245 325
f 325 326 406
f 406 407 487
f 487 488 568
f 568 569 649
f 649 650 730
f 730 731 811
f 811 812 892
f 892 893 973
f 973 974 1054
f 1054 1055 1135
f 1135 1136 1216
f 1216 1217 1297
f 1297 1298 1378
f 1378 1379 1459
f 1459 1460 1540
f 1540 1541 1621
f 1621 1622 1702
f 1702 1703 1783
f 1783 1784 1864
f 1864 1865 1945
f 1945 1946 2026
f 2026 2027 2107
f 2107 2108 2188
f 2188 2189 2269
f 2269 2270 2350
f 2350 2351 2431
f 2431 2432 2512
f 2512 2513 2593
f 2593 2594 2674
f 2674 2675 2755
f 2755 2756 2836
f 2836 2837 2917
f 2917 2918 2998
f 2998 2999 3079
f 3079 3080 3160
f 3160 3161 3241
f 3241 3242 3322
f 3322 3323 3403
f 3403 3404 3484
f 3484 3485 3565
f 3565 3566 3646
f 3646 3647 3727
f 3727 3728 3808
f 3808 3809 3889
f 3889 3890 3970
f 3970 3971 4051
f 4051 4052 4132
f 4132 4133 4213
f 4213 4214 4294
f 4294 4295 4375
f 4375 4376 4456
f 4456 4457 4537
f 4537 4538 4618
f 4618 4619 4699
f 4699 4700 4780
f 4780 4781 4861
f 4861 4862 4942
f 4942 4943 5023
f 5023 5024 5104
f 5104 5105 5185
f 5185 5186 5266
f 5266 5267 5347
f 5347 5348 5428
f 5428 5429 5509
f 5509 5510 5590
f 5590 5591 5671
f 5671 5672 5752
f 5752 5753 5833
f 5833 5834 5914
f 5914 5915 5995
f 5995 5996 6076
f 6076 6077 6157
f 6157 6158 6238
f 6238 6239 6319
f 6319 6320 6400
f 6400 6401 6481
f 2 3 83
f 83 84 164
f 164 165 245
f 245 246 326
f 326 327 407
f 407 408 488
f 488 489 569
f 569 570 650
f 650 651 731
f 731 732 812
f 812 813 893
f 893 894 974
f 974 975 1055
f 1055 1056 1136
f 1136 1137 1217
f 1217 1218 1298
f 1298 1299 1379
f 1379 1380 1460
f 1460 1461 1541
f 1541 1542 1622
f 1622 1623 1703
f 1703 1704 1784
f 1784 1785 1865
f 1865 1866 1946
f 1946 1947 2027
f 2027 2028 2108
f 2108 2109 2189
f 2189 2190 2270
f 2270 2271 2351
f 2351 2352 2432
f 2432 2433 2513
f 2513 2514 2594
f 2594 2595 2675
f 2675 2676 2756
f 2756 2757 2837
f 2837 2838 2918
f 2918 2919 2999
f 2999 3000 3080
f 3080 3081 3161
f 3161 3162 3242
f 3242 3243 3323
f 3323 3324 3404
f 3404 3405 3485
f 3485 3486 3566
f 3566 3567 3647
f 3647 3648 3728
f 3728 3729 3809
f 3809 3810 3890
f 3890 3891 3971
f 3971 3972 4052
f 4052 4053 4133
f 4133 4134 4214
f 4214 4215 4295
f 4295 4296 4376
f 4376 4377 4457
f 4457 4458 4538
f 4538 4539 4619
f 4619 4620 4700
f 4700 4701 4781
f 4781 4782 4862
f 4862 4863 4943
f 4943 4944 5024
f 5024 5025 5105
f 5105 5106 5186
f 5186 5187 5267
f 5267 5268 5348
f 5348 5349 5429
f 5429 5430 5510
f 5510 5511 5591
f 5591 5592 5672
f 5672 5673 5753
f 5753 5754 5834
f 5834 5835 5915
f 5915 5916 5996
f 5996 5997 6077
f 6077 6078 6158
f 6158 6159 6239
f 6239 6240 6320
f 6320 6321 6401
f 6401 6402 6482
f 3 4 84
f 84 85 165
f 165 166 246
f 246 247 327
f 327 328 408
f 408 409 489
f 489 490 570
f 570 571 651
f 651 652 732
f 732 733 813
f 813 814 894
f 894 895 975
f 975 976 1056
f 1056 1057 1137
f 1137 1138 1218
f 1218 1219 1299
f 1299 1300 1380
f 1380 1381 1461
f 1461 1462 1542
f 1542 1543 1623
f 1623 1624 1704
f 1704 1705 1785
f 1785 1786 1866
f 1866 1867 1947
f 1947 1948 2028
f 2028 2029 2109
f 2109 2110 2190
f 2190 2191 2271
f 2271 2272 2352
f 2352 2353 2433
f 2433 2434 2514
f 2514 2515 2595
f 2595 2596 2676
f 2676 2677 2757
f 2757 2758 2838
f 2838 2839 2919
f 2919 2920 3000
f 3000 3001 3081
f 3081 3082 3162
f 3162 3163 3243
f 3243 3244 3324
f 3324 3325 3405
f 3405 3406 3486
f 3486 3487 3567
f 3567 3568 3648
f 3648 3649 3729
f 3729 3730 3810
f 3810 3811 3891
f 3891 3892 3972
f 3972 3973 4053
f 4053 4054 4134
f 4134 4135 4215
f 4215 4216 4296
f 4296 4297 4377
f 4377 4378 4458
f 4458 4459 4539
f 4539 4540 4620
f 4620 4621 4701
f 4701 4702 4782
f 4782 4783 4863
f 4863 4864 4944
f 4944 4945 5025
f 5025 5026 5106
f 5106 5107 5187
f 5187 5188 5268
f 5268 5269 5349
f 5349 5350 5430
f 5430 5431 5511
f 5511 5512 5592
f 5592 5593 5673
f 5673 5674 5754
f 5754 5755 5835
f 5835 5836 5916
f 5916 5917 5997
f 5997 5998 6078
f 6078 6079 6159
f 6159 6160 6240
f 6240 6241 6321
f 6321 6322 6402
f 6402 6403 6483
f 4 5 85
f 85 86 166
f 166 167 247
f 247 248 328
f 328 329 409
f 409 410 490
f 490 491 571
f 571 572 652
f 652 653 733
f 733 734 814
f 814 815 895
f 895 896 976
f 976 977 1057
f 1057 1058 1138
f 1138 1139 1219
f 1219 1220 1300
f 1300 1301 1381
f 1381 1382 1462
f 1462 1463 1543
f 1543 1544 1624
f 1624 1625 1705
f 1705 1706 1786
f 1786 1787 1867
f 1867 1868 1948
f 1948 1949 2029
f 2029 2030 2110
f 2110 2111 2191
f 2191 2192 2272
f 2272 2273 2353
f 2353 2354 2434
f 2434 2435 2515
f 2515 2516 2596
f 2596 2597 2677
f 2677 2678 2758
f 2758 2759 2839
f 2839 2840 2920
f 2920 2921 3001
f 3001 3002 3082
f 3082 3083 3163
f 3163 3164 3244
f 3244 3245 3325
f 3325 3326 3406
f 3406 3407 3487
f 3487 3488 3568
f 3568 3569 3649
f 3649 3650 3730
f 3730 3731 3811
f 3811 3812 3892
f 3892 3893 3973
f 3973 3974 4054
f 4054 4055 4135
f 4135 4136 4216
f 4216 4217 4297
f 4297 4298 4378
f 4378 4379 4459
f 4459 4460 4540
f 4540 4541 4621
f 4621 4622 4702
f 4702 4703 4783
f 4783 4784 4864
f 4864 4865 4945
f 4945 4946 5026
f 5026 5027 5107
f 5107 5108 5188
f 5188 5189 5269
f 5269 5270 5350
f 5350 5351 5431
f 5431 5432 5512
f 5512 5513 5593
f 5593 5594 5674
f 5674 5675 5755
f 5755 5756 5836
f 5836 5837 5917
f 5917 5918 5998
f 5998 5999 6079
f 6079 6080 6160
f 6160 6161 6241
f 6241 6242 6322
f 6322 6323 6403
f 6403 6404 6484
f 5 6 86
f 86 87 167
f 167 168 248
f 248 249 329
f 329 330 410
f 410 411 491
f 491 492 572
f 572 573 653
f 653 654 734
f 734 735 815
f 815 816 896
f 896 897 977
f 977 978 1058
f 1058 1059 1139
f 1139 1140 1220
f 1220 1221 1301
f 1301 1302 1382
f 1382 1383 1463
f 1463 1464 1544
f 1544 1545 1625
f 1625 1626 1706
f 1706 1707 1787
f 1787 1788 1868
f 1868 1869 1949
f 1949 1950 2030
f 2030 2031 2111
f 2111 2112 2192
f 2192 2193 2273
f 2273 2274 2354
f 2354 2355 2435
f 2435 2436 2516
f 2516 2517 2597
f 2597 2598 2678
f 2678 2679 2759
f 2759 2760 2840
f 2840 2841 2921
f 2921 2922 3002
f 3002 3003 3083
f 3083 3084 3164
f 3164 3165 3245
f 3245 3246 3326
f 3326 3327 3407
f 3407 3408 3488
f 3488 3489 3569
f 3569 3570 3650
f 3650 3651 3731
f 3731 3732 3812
f 3812 3813 3893
f 3893 3894 3974
f 3974 3975 4055
f 4055 4056 4136
f 4136 4137 4217
f 4217 4218 4298
f 4298 4299 4379
f 4379 4380 4460
f 4460 4461 4541
f 4541 4542 4622
f 4622 4623 4703
f 4703 4704 4784
f 4784 4785 4865
f 4865 4866 4946
f 4946 4947 5027
f 5027 5028 5108
f 5108 5109 5189
f 5189 5190 5270
f 5270 5271 5351
f 5351 5352 5432
f 5432 5433 5513
f 5513 5514 5594
f 5594 5595 5675
f 5675 5676 5756
f 5756 5757 5837
f 5837 5838 5918
f 5918 5919 5999
f 5999 6000 6080
f 6080 6081 6161
f 6161 6162 6242
f 6242 6243 6323
f 6323 6324 6404
f 6404 6405 6485
f 6 7 87
f 87 88 168
f 168 169 249
f 249 250 330
f 330 331 411
f 411 412 492
f 492 493 573
f 573 574 654
f 654 655 735
f 735 736 816
f 816 817 897
f 897 898 978
f 978 979 1059
f 1059 1060 1140
f 1140 1141 1221
f 1221 1222 1302
f 1302 1303 1383
f 1383 1384 1464
f 1464 1465 1545
f 1545 1546 1626
f 1626 1627 1707
f 1707 1708 1788
f 1788 1789 1869
f 1869 1870 1950
f 1950 1951 2031
f 2031 2032 2112
f 2112 2113 2193
f 2193 2194 2274
f 2274 2275 2355
f 2355 2356 2436
f 2436 2437 2517
f 2517 2518 2598
f 2598 2599 2679
f 2679 2680 2760
f 2760 2761 2841
f 2841 2842 2922
f 2922 2923 3003
f 3003 3004 3084
f 3084 3085 3165
f 3165 3166 3246
f 3246 3247 3327
f 3327 3328 3408
f 3408 3409 3489
f 3489 3490 3570
f 3570 3571 3651
f 3651 3652 3732
f 3732 3733 3813
f 3813 3814 3894
f 3894 3895 3975
f 3975 3976 4056
f 4056 4057 4137
f 4137 4138 4218
f 4218 4219 4299
f 4299 4300 4380
f 4380 4381 4461
f 4461 4462 4542
f 4542 4543 4623
f 4623 4624 4704
f 4704 4705 4785
f 4785 4786 4866
f 4866 4867 4947
f 4947 4948 5028
f 5028 5029 5109
f 5109 5110 5190
f 5190 5191 5271
f 5271 5272 5352
f 5352 5353 5433
f 5433 5434 5514
f 5514 5515 5595
f 5595 5596 5676
f 5676 5677 5757
f 5757 5758 5838
f 5838 5839 5919
f 5919 5920 6000
f 6000 6001 6081
f 6081 6082 6162
f 6162 6163 6243
f 6243 6244 6324
f 6324 6325 6405
f 6405 6406 6486
f 7 8 88
f 88 89 169
f 169 170 250
f 250 251 331
f 331 332 412
f 412 413 493
f 493 494 574
f 574 575 655
f 655 656 736
f 736 737 817
f 817 818 898
f 898 899 979
f 979 980 1060
f 1060 1061 1141
f 1141 1142 1222
f 1222 1223 1303
f 1303 1304 1384
f 1384 1385 1465
f 1465 1466 1546
f 1546 1547 1627
f 1627 1628 1708
f 1708 1709 1789
f 1789 1790 1870
f 1870 1871 1951
f 1951 1952 2032
f 2032 2033 2113
f 2113 2114 2194
f 2194 2195 2275
f 2275 2276 2356
f 2356 2357 2437
f 2437 2438 2518
f 2518 2519 2599
f 2599 2600 2680
f 2680 2681 2761
f 2761 2762 2842
f 2842 2843 2923
f 2923 2924 3004
f 3004 3005 3085
f 3085 3086 3166
f 3166 3167 3247
f 3247 3248 3328
f 3328 3329 3409
f 3409 3410 3490
f 3490 3491 3571
f 3571 3572 3652
f 3652 3653 3733
f 3733 3734 3814
f 3814 3815 3895
f 3895 3896 3976
f 3976 3977 4057
f 4057 4058 4138
f 4138 4139 4219
f 4219 4220 4300
f 4300 4301 4381
f 4381 4382 4462
f 4462 4463 4543
f 4543 4544 4624
f 4624 4625 4705
f 4705 4706 4786
f 4786 4787 4867
f 4867 4868 4948
f 4948 4949 5029
f 5029 5030 5110
f 5110 5111 5191
f 5191 5192 5272
f 5272 5273 5353
f 5353 5354 5434
f 5434 5435 5515
f 5515 5516 5596
f 5596 5597 5677
f 5677 5678 5758
f 5758 5759 5839
f 5839 5840 5920
f 5920 5921 6001
f 6001 6002 6082
f 6082 6083 6163
f 6163 6164 6244
f 6244 6245 6325
f 6325 6326 6406
f 6406 6407 6487
f 8 9 89
f 89 90 170
f 170 171 251
f 251 252 332
f 332 333 413
f 413 414 494
f 494 495 575
f 575 576 656
f 656 657 737
f 737 738 818
f 818 819 899
f 899 900 980
f 980 981 1061
f 1061 1062 1142
f 1142 1143 1223
f 1223 1224 1304
f 1304 1305 1385
f 1385 1386 1466
f 1466 1467 1547
f 1547 1548 1628
f 1628 1629 1709
f 1709 1710 1790
f 1790 1791 1871
f 1871 1872 1952
f 1952 1953 2033
f 2033 2034 2114
f 2114 2115 2195
f 2195 2196 2276
f 2276 2277 2357
f 2357 2358 2438
f 2438 2439 2519
f 2519 2520 2600
f 2600 2601 2681
f 2681 2682 2762
f 2762 2763 2843
f 2843 2844 2924
f 2924 2925 3005
f 3005 3006 3086
f 3086 3087 3167
f 3167 3168 3248
f 3248 3249 3329
f 3329 3330 3410
f 3410 3411 3491
f 3491 3492 3572
f 3572 3573 3653
f 3653 3654 3734
f 3734 3735 3815
f 3815 3816 3896
f 3896 3897 3977
f 3977 3978 4058
f 4058 4059 4139
f 4139 4140 4220
f 4220 4221 4301
f 4301 4302 4382
f 4382 4383 4463
f 4463 4464 4544
f 4544 4545 4625
f 4625 4626 4706
f 4706 4707 4787
f 4787 4788 4868
f 4868 4869 4949
f 4949 4950 5030
f 5030 5031 5111
f 5111 5112 5192
f 5192 5193 5273
f 5273 5274 5354
f 5354 5355 5435
f 5435 5436 5516
f 5516 5517 5597
f 5597 5598 5678
f 5678 5679 5759
f 5759 5760 5840
f 5840 5841 5921
f 5921 5922 6002
f 6002 6003 6083
f 6083 6084 6164
f 6164 6165 6245
f 6245 6246 6326
f 6326 6327 6407
f 6407 6408 6488
f 9 10 90
f 90 91 171
f 171 172 252
f 252 253 333
f 333 334 414
f 414 415 495
f 495 496 576
f 576 577 657
f 657 658 738
f 738 739 819
f 819 820 900
f 900 901 981
f 981 982 1062
f 1062 1063 1143
f 1143 1144 1224
f 1224 1225 1305
f 1305 1306 1386
f 1386 1387 1467
f 1467 1468 1548
f 1548 1549 1629
f 1629 1630 1710
f 1710 1711 1791
f 1791 1792 1872
f 1872 1873 1953
f 1953 1954 2034
f 2034 2035 2115
f 2115 2116 2196
f 2196 2197 2277
f 2277 2278 2358
f 2358 2359 2439
f 2439 2440 2520
f 2520 2521 2601
f 2601 2602 2682
f 2682 2683 2763
f 2763 2764 2844
f 2844 2845 2925
f 2925 2926 3006
f 3006 3007 3087
f 3087 3088 3168
f 3168 3169 3249
f 3249 3250 3330
f 3330 3331 3411
f 3411 3412 3492
f 3492 3493 3573
f 3573 3574 3654
f 3654 3655 3735
f 3735 3736 3816
f 3816 3817 3897
f 3897 3898 3978
f 3978 3979 4059
f 4059 4060 4140
f 4140 4141 4221
f 4221 4222 4302
f 4302 4303 4383
f 4383 4384 4464
f 4464 4465 4545
f 4545 4546 4626
f 4626 4627 4707
f 4707 4708 4788
f 4788 4789 4869
f 4869 4870 4950
f 4950 4951 5031
f 5031 5032 5112
f 5112 5113 5193
f 5193 5194 5274
f 5274 5275 5355
f 5355 5356 5436
f 5436 5437 5517
f 5517 5518 5598
f 5598 5599 5679
f 5679 5680 5760
f 5760 5761 5841
f 5841 5842 5922
f 5922 5923 6003
f 6003 6004 6084
f 6084 6085 6165
f 6165 6166 6246
f 6246 6247 6327
f 6327 6328 6408
f 6408 6409 6489
f 10 11 91
f 91 92 172
f 172 173 253
f 253 254 334
f 334 335 415
f 415 416 496
f 496 497 577
f 577 578 658
f 658 659 739
f 739 740 820
f 820 821 901
f 901 902 982
f 982 983 1063
f 1063 1064 1144
f 1144 1145 1225
f 1225 1226 1306
f 1306 1307 1387
f 1387 1388 1468
f 1468 1469 1549
f 1549 1550 1630
f 1630 1631 1711
f 1711 1712 1792
f 1792 1793 1873
f 1873 1874 1954
f 1954 1955 2035
f 2035 2036 2116
f 2116 2117 2197
f 2197 2198 2278
f 2278 2279 2359
f 2359 2360 2440
f 2440 2441 2521
f 2521 2522 2602
f 2602 2603 2683
f 2683 2684 2764
f 2764 2765 2845
f 2845 2846 2926
f 2926 2927 3007
f 3007 3008 3088
f 3088 3089 3169
f 3169 3170 3250
f 3250 3251 3331
f 3331 3332 3412
f 3412 3413 3493
f 3493 3494 3574
f 3574 3575 3655
f 3655 3656 3736
f 3736 3737 3817
f 3817 3818 3898
f 3898 3899 3979
f 3979 3980 4060
f 4060 4061 4141
f 4141 4142 4222
f 4222 4223 4303
f 4303 4304 4384
f 4384 4385 4465
f 4465 4466 4546
f 4546 4547 4627
f 4627 4628 4708
f 4708 4709 4789
f 4789 4790 4870
f 4870 4871 4951
f 4951 4952 5032
f 5032 5033 5113
f 5113 5114 5194
f 5194 5195 5275
f 5275 5276 5356
f 5356 5357 5437
f 5437 5438 5518
f 5518 5519 5599
f 5599 5600 5680
f 5680 5681 5761
f 5761 5762 5842
f 5842 5843 5923
f 5923 5924 6004
f 6004 6005 6085
f 6085 6086 6166
f 6166 6167 6247
f 6247 6248 6328
f 6328 6329 6409
f 6409 6410 6490
f 11 12 92
f 92 93 173
f 173 174 254
f 254 255 335
f 335 336 416
f 416 417 497
f 497 498 578
f 578 579 659
f 659 660 740
f 740 741 821
f 821 822 902
f 902 903 983
f 983 984 1064
f 1064 1065 1145
f 1145 1146 1226
f 1226 1227 1307
f 1307 1308 1388
f 1388 1389 1469
f 1469 1470 1550
f 1550 1551 1631
f 1631 1632 1712
f 1712 1713 1793
f 1793 1794 1874
f 1874 1875 1955
f 1955 1956 2036
f 2036 2037 2117
f 2117 2118 2198
f 2198 2199 2279
f 2279 2280 2360
f 2360 2361 2441
f 2441 2442 2522
f 2522 2523 2603
f 2603 2604 2684
f 2684 2685 2765
f 2765 2766 2846
f 2846 2847 2927
f 2927 2928 3008
f 3008 3009 3089
f 3089 3090 3170
f 3170 3171 3251
f 3251 3252 3332
f 3332 3333 3413
f 3413 3414 3494
f 3494 3495 3575
f 3575 3576 3656
f 3656 3657 3737
f 3737 3738 3818
f 3818 3819 3899
f 3899 3900 3980
f 3980 3981 4061
f 4061 4062 4142
f 4142 4143 4223
f 4223 4224 4304
f 4304 4305 4385
f 4385 4386 4466
f 4466 4467 4547
f 4547 4548 4628
f 4628 4629 4709
f 4709 4710 4790
f 4790 4791 4871
f 4871 4872 4952
f 4952 4953 5033
f 5033 5034 5114
f 5114 5115 5195
f 5195 5196 5276
f 5276 5277 5357
f 5357 5358 5438
f 5438 5439 5519
f 5519 5520 5600
f 5600 5601 5681
f 5681 5682 5762
f 5762 5763 5843
f 5843 5844 5924
f 5924 5925 6005
f 6005 6006 6086
f 6086 6087 6167
f 6167 6168 6248
f 6248 6249 6329
f 6329 6330 6410
f 6410 6411 6491
f 12 13 93
f 93 94 174
f 174 175 255
f 255 256 336
f 336 337 417
f 417 418 498
f 498 499 579
f 579 580 660
f 660 661 741
f 741 742 822
f 822 823 903
f 903 904 984
f 984 985 1065
f 1065 1066 1146
f 1146 1147 1227
f 1227 1228 1308
f 1308 1309 1389
f 1389 1390 1470
f 1470 1471 1551
f 1551 1552 1632
f 1632 1633 1713
f 1713 1714 1794
f 1794 1795 1875
f 1875 1876 1956
f 1956 1957 2037
f 2037 2038 2118
f 2118 2119 2199
f 2199 2200 2280
f 2280 2281 2361
f 2361 2362 2442
f 2442 2443 2523
f 2523 2524 2604
f 2604 2605 2685
f 2685 2686 2766
f 2766 2767 2847
f 2847 2848 2928
f 2928 2929 3009
f 3009 3010 3090
f 3090 3091 3171
f 3171 3172 3252
f 3252 3253 3333
f 3333 3334 3414
f 3414 3415 3495
f 3495 3496 3576
f 3576 3577 3657
f 3657 3658 3738
f 3738 3739 3819
f 3819 3820 3900
f 3900 3901 3981
f 3981 3982 4062
f 4062 4063 4143
f 4143 4144 4224
f 4224 4225 4305
f 4305 4306 4386
f 4386 4387 4467
f 4467 4468 4548
f 4548 4549 4629
f 4629 4630 4710
f 4710 4711 4791
f 4791 4792 4872
f 4872 4873 4953
f 4953 4954 5034
f 5034 5035 5115
f 5115 5116 5196
f 5196 5197 5277
f 5277 5278 5358
f 5358 5359 5439
f 5439 5440 5520
f 5520 5521 5601
f 5601 5602 5682
f 5682 5683 5763
f 5763 5764 5844
f 5844 5845 5925
f 5925 5926 6006
f 6006 6007 6087
f 6087 6088 6168
f 6168 6169 6249
f 6249 6250 6330
f 6330 6331 6411
f 6411 6412 6492
f 13 14 94
f 94 95 175
f 175 176 256
f 256 257 337
f 337 338 418
f 418 419 499
f 499 500 580
f 580 581 661
f 661 662 742
f 742 743 823
f 823 824 904
f 904 905 985
f 985 986 1066
f 1066 1067 1147
f 1147 1148 1228
f 1228 1229 1309
f 1309 1310 1390
f 1390 1391 1471
f 1471 1472 1552
f 1552 1553 1633
f 1633 1634 1714
f 1714 1715 1795
f 1795 1796 1876
f 1876 1877 1957
f 1957 1958 2038
f 2038 2039 2119
f 2119 2120 2200
f 2200 2201 2281
f 2281 2282 2362
f 2362 2363 2443
f 2443 2444 2524
f 2524 2525 2605
f 2605 2606 2686
f 2686 2687 2767
f 2767 2768 2848
f 2848 2849 2929
f 2929 2930 3010
f 3010 3011 3091
f 3091 3092 3172
f 3172 3173 3253
f 3253 3254 3334
f 3334 3335 3415
f 3415 3416 3496
f 3496 3497 3577
f 3577 3578 3658
f 3658 3659 3739
f 3739 3740 3820
f 3820 3821 3901
f 3901 3902 3982
f 3982 3983 4063
f 4063 4064 4144
f 4144 4145 4225
f 4225 4226 4306
f 4306 4307 4387
f 4387 4388 4468
f 4468 4469 4549
f 4549 4550 4630
f 4630 4631 4711
f 4711 4712 4792
f 4792 4793 4873
f 4873 4874 4954
f 4954 4955 5035
f 5035 5036 5116
f 5116 5117 5197
f 5197 5198 5278
f 5278 5279 5359
f 5359 5360 5440
f 5440 5441 5521
f 5521 5522 5602
f 5602 5603 5683
f 5683 5684 5764
f 5764 5765 5845
f 5845 5846 5926
f 5926 5927 6007
f 6007 6008 6088
f 6088 6089 6169
f 6169 6170 6250
f 6250 6251 6331
f 6331 6332 6412
f 6412 6413 6493
f 14 15 95
f 95 96 176
f 176 177 257
f 257 258 338
f 338 339 419
f 419 420 500
f 500 501 581
f 581 582 662
f 662 663 743
f 743 744 824
f 824 825 905
f 905 906 986
f 986 987 1067
f 1067 1068 1148
f 1148 1149 1229
f 1229 1230 1310
f 1310 1311 1391
f 1391 1392 1472
f 1472 1473 1553
f 1553 1554 1634
f 1634 1635 1715
f 1715 1716 1796
f 1796 1797 1877
f 1877 1878 1958
f 1958 1959 2039
f 2039 2040 2120
f 2120 2121 2201
f 2201 2202 2282
f 2282 2283 2363
f 2363 2364 2444
f 2444 2445 2525
f 2525 2526 2606
f 2606 2607 2687
f 2687 2688 2768
f 2768 2769 2849
f 2849 2850 2930
f 2930 2931 3011
f 3011 3012 3092
f 3092 3093 3173
f 3173 3174 3254
f 3254 3255 3335
f 3335 3336 3416
f 3416 3417 3497
f 3497 3498 3578
f 3578 3579 3659
f 3659 3660 3740
f 3740 3741 3821
f 3821 3822 3902
f 3902 3903 3983
f 3983 3984 4064
f 4064 4065 4145
f 4145 4146 4226
f 4226 4227 4307
f 4307 4308 4388
f 4388 4389 4469
f 4469 4470 4550
f 4550 4551 4631
f 4631 4632 4712
f 4712 4713 4793
f 4793 4794 4874
f 4874 4875 4955
f 4955 4956 5036
f 5036 5037 5117
f 5117 5118 5198
f 5198 5199 5279
f 5279 5280 5360
f 5360 5361 5441
f 5441 5442 5522
f 5522 5523 5603
f 5603 5604 5684
f 5684 5685 5765
f 5765 5766 5846
f 5846 5847 5927
f 5927 5928 6008
f 6008 6009 6089
f 6089 6090 6170
f 6170 6171 6251
f 6251 6252 6332
f 6332 6333 6413
f 6413 6414 6494
f 15 16 96
f 96 97 177
f 177 178 258
f 258 259 339
f 339 340 420
f 420 421 501
f 501 502 582
f 582 583 663
f 663 664 744
f 744 745 825
f 825 826 906
f 906 907 987
f 987 988 1068
f 1068 1069 1149
f 1149 1150 1230
f 1230 1231 1311
f 1311 1312 1392
f 1392 1393 1473
f 1473 1474 1554
f 1554 1555 1635
f 1635 1636 1716
f 1716 1717 1797
f 1797 1798 1878
f 1878 1879 1959
f 1959 1960 2040
f 2040 2041 2121
f 2121 2122 2202
f 2202 2203 2283
f 2283 2284 2364
f 2364 2365 2445
f 2445 2446 2526
f 2526 2527 2607
f 2607 2608 2688
f 2688 2689 2769
f 2769 2770 2850
f 2850 2851 2931
f 2931 2932 3012
f 3012 3013 3093
f 3093 3094 3174
f 3174 3175 3255
f 3255 3256 3336
f 3336 3337 3417
f 3417 3418 3498
f 3498 3499 3579
f 3579 3580 3660
f 3660 3661 3741
f 3741 3742 3822
f 3822 3823 3903
f 3903 3904 3984
f 3984 3985 4065
f 4065 4066 4146
f 4146 4147 4227
f 4227 4228 4308
f 4308 4309 4389
f 4389 4390 4470
f 4470 4471 4551
f 4551 4552 4632
f 4632 4633 4713
f 4713 4714 4794
f 4794 4795 4875
f 4875 4876 4956
f 4956 4957 5037
f 5037 5038 5118
f 5118 5119 5199
f 5199 5200 5280
f 5280 5281 5361
f 5361 5362 5442
f 5442 5443 5523
f 5523 5524 5604
f 5604 5605 5685
f 5685 5686 5766
f 5766 5767 5847
f 5847 5848 5928
f 5928 5929 6009
f 6009 6010 6090
f 6090 6091 6171
f 6171 6172 6252
f 6252 6253 6333
f 6333 6334 6414
f 6414 6415 6495
f 16 17 97
f 97 98 178
f 178 179 259
f 259 260 340
f 340 341 421
f 421 422 502
f 502 503 583
f 583 584 664
f 664 665 745
f 745 746 826
f 826 827 907
f 907 908 988
f 988 989 1069
f 1069 1070 1150
f 1150 1151 1231
f 1231 1232 1312
f 1312 1313 1393
f 1393 1394 1474
f 1474 1475 1555
f 1555 1556 1636
f 1636 1637 1717
f 1717 1718 1798
f 1798 1799 1879
f 1879 1880 1960
f 1960 1961 2041
f 2041 2042 2122
f 2122 2123 2203
f 2203 2204 2284
f 2284 2285 2365
f 2365 2366 2446
f 2446 2447 2527
f 2527 2528 2608
f 2608 2609 2689
f 2689 2690 2770
f 2770 2771 2851
f 2851 2852 2932
f 2932 2933 3013
f 3013 3014 3094
f 3094 3095 3175
f 3175 3176 3256
f 3256 3257 3337
f 3337 3338 3418
f 3418 3419 3499
f 3499 3500 3580
f 3580 3581 3661
f 3661 3662 3742
f 3742 3743 3823
f 3823 3824 3904
f 3904 3905 3985
f 3985 3986 4066
f 4066 4067 4147
f 4147 4148 4228
f 4228 4229 4309
f 4309 4310 4390
f 4390 4391 4471
f 4471 4472 4552
f 4552 4553 4633
f 4633 4634 4714
f 4714 4715 4795
f 4795 4796 4876
f 4876 4877 4957
f 4957 4958 5038
f 5038 5039 5119
f 5119 5120 5200
f 5200 5201 5281
f 5281 5282 5362
f 5362 5363 5443
f 5443 5444 5524
f 5524 5525 5605
f 5605 5606 5686
f 5686 5687 5767
f 5767 5768 5848
f 5848 5849 5929
f 5929 5930 6010
f 6010 6011 6091
f 6091 6092 6172
f 6172 6173 6253
f 6253 6254 6334
f 6334 6335 6415
f 6415 6416 6496
f 17 18 98
f 98 99 179
f 179 180 260
f 260 261 341
f 341 342 422
f 422 423 503
f 503 504 584
f 584 585 665
f 665 666 746
f 746 747 827
f 827 828 908
f 908 909 989
f 989 990 1070
f 1070 1071 1151
f 1151 1152 1232
f 1232 1233 1313
f 1313 1314 1394
f 1394 1395 1475
f 1475 1476 1556
f 1556 1557 1637
f 1637 1638 1718
f 1718 1719 1799
f 1799 1800 1880
f 1880 1881 1961
f 1961 1962 2042
f 2042 2043 2123
f 2123 2124 2204
f 2204 2205 2285
f 2285 2286 2366
f 2366 2367 2447
f 2447 2448 2528
f 2528 2529 2609
f 2609 2610 2690
f 2690 2691 2771
f 2771 2772 2852
f 2852 2853 2933
f 2933 2934 3014
f 3014 3015 3095
f 3095 3096 3176
f 3176 3177 3257
f 3257 3258 3338
f 3338 3339 3419
f 3419 3420 3500
f 3500 3501 3581
f 3581 3582 3662
f 3662 3663 3743
f 3743 3744 3824
f 3824 3825 3905
f 3905 3906 3986
f 3986 3987 4067
f 4067 4068 4148
f 4148 4149 4229
f 4229 4230 4310
f 4310 4311 4391
f 4391 4392 4472
f 4472 4473 4553
f 4553 4554 4634
f 4634 4635 4715
f 4715 4716 4796
f 4796 4797 4877
f 4877 4878 4958
f 4958 4959 5039
f 5039 5040 5120
f 5120 5121 5201
f 5201 5202 5282
f 5282 5283 5363
f 5363 5364 5444
f 5444 5445 5525
f 5525 5526 5606
f 5606 5607 5687
f 5687 5688 5768
f 5768 5769 5849
f 5849 5850 5930
f 5930 5931 6011
f 6011 6012 6092
f 6092 6093 6173
f 6173 6174 6254
f 6254 6255 6335
f 6335 6336 6416
f 6416 6417 6497
f 18 19 99
f 99 100 180
f 180 181 261
f 261 262 342
f 342 343 423
f 423 424 504
f 504 505 585
f 585 586 666
f 666 667 747
f 747 748 828
f 828 829 909
f 909 910 990
f 990 991 1071
f 1071 1072 1152
f 1152 1153 1233
f 1233 1234 1314
f 1314 1315 1395
f 1395 1396 1476
f 1476 1477 1557
f 1557 1558 1638
f 1638 1639 1719
f 1719 1720 1800
f 1800 1801 1881
f 1881 1882 1962
f 1962 1963 2043
f 2043 2044 2124
f 2124 2125 2205
f 2205 2206 2286
f 2286 2287 2367
f 2367 2368 2448
f 2448 2449 2529
f 2529 2530 2610
f 2610 2611 2691
f 2691 2692 2772
f 2772 2773 2853
f 2853 2854 2934
f 2934 2935 3015
f 3015 3016 3096
f 3096 3097 3177
f 3177 3178 3258
f 3258 3259 3339
f 3339 3340 3420
f 3420 3421 3501
f 3501 3502 3582
f 3582 3583 3663
f 3663 3664 3744
f 3744 3745 3825
f 3825 3826 3906
f 3906 3907 3987
f 3987 3988 4068
f 4068 4069 4149
f 4149 4150 4230
f 4230 4231 4311
f 4311 4312 4392
f 4392 4393 4473
f 4473 4474 4554
f 4554 4555 4635
f 4635 4636 4716
f 4716 4717 4797
f 4797 4798 4878
f 4878 4879 4959
f 4959 4960 5040
f 5040 5041 5121
f 5121 5122 5202
f 5202 5203 5283
f 5283 5284 5364
f 5364 5365 5445
f 5445 5446 5526
f 5526 5527 5607
f 5607 5608 5688
f 5688 5689 5769
f 5769 5770 5850
f 5850 5851 5931
f 5931 5932 6012
f 6012 6013 6093
f 6093 6094 6174
f 6174 6175 6255
f 6255 6256 6336
f 6336 6337 6417
f 6417 6418 6498
f 19 20 100
f 100 101 181
f 181 182 262
f 262 263 343
f 343 344 424
f 424 425 505
f 505 506 586
f 586 587 667
f 667 668 748
f 748 749 829
f 829 830 910
f 910 911 991
f 991 992 1072
f 1072 1073 1153
f 1153 1154 1234
f 1234 1235 1315
f 1315 1316 1396
f 1396 1397 1477
f 1477 1478 1558
f 1558 1559 1639
f 1639 1640 1720
f 1720 1721 1801
f 1801 1802 1882
f 1882 1883 1963
f 1963 1964 2044
f 2044 2045 2125
f 2125 2126 2206
f 2206 2207 2287
f 2287 2288 2368
f 2368 2369 2449
f 2449 2450 2530
f 2530 2531 2611
f 2611 2612 2692
f 2692 2693 2773
f 2773 2774 2854
f 2854 2855 2935
f 2935 2936 3016
f 3016 3017 3097
f 3097 3098 3178
f 3178 3179 3259
f 3259 3260 3340
f 3340 3341 3421
f 3421 3422 3502
f 3502 3503 3583
f 3583 3584 3664
f 3664 3665 3745
f 3745 3746 3826
f 3826 3827 3907
f 3907 3908 3988
f 3988 3989 4069
f 4069 4070 4150
f 4150 4151 4231
f 4231 4232 4312
f 4312 4313 4393
f 4393 4394 4474
f 4474 4475 4555
f 4555 4556 4636
f 4636 4637 4717
f 4717 4718 4798
f 4798 4799 4879
f 4879 4880 4960
f 4960 4961 5041
f 5041 5042 5122
f 5122 5123 5203
f 5203 5204 5284
f 5284 5285 5365
f 5365 5366 5446
f 5446 5447 5527
f 5527 5528 5608
f 5608 5609 5689
f 5689 5690 5770
f 5770 5771 5851
f 5851 5852 5932
f 5932 5933 6013
f 6013 6014 6094
f 6094 6095 6175
f 6175 6176 6256
f 6256 6257 6337
f 6337 6338 6418
f 6418 6419 6499
f 20 21 101
f 101 102 182
f 182 183 263
f 263 264 344
f 344 345 425
f 425 426 506
f 506 507 587
f 587 588 668
f 668 669 749
f 749 750 830
f 830 831 911
f 911 912 992
f 992 993 1073
f 1073 1074 1154
f 1154 1155 1235
f 1235 1236 1316
f 1316 1317 1397
f 1397 1398 1478
f 1478 1479 1559
f 1559 1560 1640
f 1640 1641 1721
f 1721 1722 1802
f 1802 1803 1883
f 1883 1884 1964
f 1964 1965 2045
f 2045 2046 2126
f 2126 2127 2207
f 2207 2208 2288
f 2288 2289 2369
f 2369 2370 2450
f 2450 2451 2531
f 2531 2532 2612
f 2612 2613 2693
f 2693 2694 2774
f 2774 2775 2855
f 2855 2856 2936
f 2936 2937 3017
f 3017 3018 3098
f 3098 3099 3179
f 3179 3180 3260
f 3260 3261 3341
f 3341 3342 3422
f 3422 3423 3503
f 3503 3504 3584
f 3584 3585 3665
f 3665 3666 3746
f 3746 3747 3827
f 3827 3828 3908
f 3908 3909 3989
f 3989 3990 4070
f 4070 4071 4151
f 4151 4152 4232
f 4232 4233 4313
f 4313 4314 4394
f 4394 4395 4475
f 4475 4476 4556
f 4556 4557 4637
f 4637 4638 4718
f 4718 4719 4799
f 4799 4800 4880
f 4880 4881 4961
f 4961 4962 5042
f 5042 5043 5123
f 5123 5124 5204
f 5204 5205 5285
f 5285 5286 5366
f 5366 5367 5447
f 5447 5448 5528
f 5528 5529 5609
f 5609 5610 5690
f 5690 5691 5771
f 5771 5772 5852
f 5852 5853 5933
f 5933 5934 6014
f 6014 6015 6095
f 6095 6096 6176
f 6176 6177 6257
f 6257 6258 6338
f 6338 6339 6419
f 6419 6420 6500
f 21 22 102
f 102 103 183
f 183 184 264
f 264 265 345
f 345 346 426
f 426 427 507
f 507 508 588
f 588 589 669
f 669 670 750
f 750 751 831
f 831 832 912
f 912 913 993
f 993 994 1074
f 1074 1075 1155
f 1155 1156 1236
f 1236 1237 1317
f 1317 1318 1398
f 1398 1399 1479
f 1479 1480 1560
f 1560 1561 1641
f 1641 1642 1722
f 1722 1723 1803
f 1803 1804 1884
f 1884 1885 1965
f 1965 1966 2046
f 2046 2047 2127
f 2127 2128 2208
f 2208 2209 2289
f 2289 2290 2370
f 2370 2371 2451
f 2451 2452 2532
f 2532 2533 2613
f 2613 2614 2694
f 2694 2695 2775
f 2775 2776 2856
f 2856 2857 2937
f 2937 2938 3018
f 3018 3019 3099
f 3099 3100 3180
f 3180 3181 3261
f 3261 3262 3342
f 3342 3343 3423
f 3423 3424 3504
f 3504 3505 3585
f 3585 3586 3666
f 3666 3667 3747
f 3747 3748 3828
f 3828 3829 3909
f 3909 3910 3990
f 3990 3991 4071
f 4071 4072 4152
f 4152 4153 4233
f 4233 4234 4314
f 4314 4315 4395
f 4395 4396 4476
f 4476 4477 4557
f 4557 4558 4638
f 4638 4639 4719
f 4719 4720 4800
f 4800 4801 4881
f 4881 4882 4962
f 4962 4963 5043
f 5043 5044 5124
f 5124 5125 5205
f 5205 5206 5286
f 5286 5287 5367
f 5367 5368 5448
f 5448 5449 5529
f 5529 5530 5610
f 5610 5611 5691
f 5691 5692 5772
f 5772 5773 5853
f 5853 5854 5934
f 5934 5935 6015
f 6015 6016 6096
f 6096 6097 6177
f 6177 6178 6258
f 6258 6259 6339
f 6339 6340 6420
f 6420 6421 6501
f 22 23 103
f 103 104 184
f 184 185 265
f 265 266 346
f 346 347 427
f 427 428 508
f 508 509 589
f 589 590 670
f 670 671 751
f 751 752 832
f 832 833 913
f 913 914 994
f 994 995 1075
f 1075 1076 1156
f 1156 1157 1237
f 1237 1238 1318
f 1318 1319 1399
f 1399 1400 1480
f 1480 1481 1561
f 1561 1562 1642
f 1642 1643 1723
f 1723 1724 1804
f 1804 1805 1885
f 1885 1886 1966
f 1966 1967 2047
f 2047 2048 2128
f 2128 2129 2209
f 2209 2210 2290
f 2290 2291 2371
f 2371 2372 2452
f 2452 2453 2533
f 2533 2534 2614
f 2614 2615 2695
f 2695 2696 2776
f 2776 2777 2857
f 2857 2858 2938
f 2938 2939 3019
f 3019 3020 3100
f 3100 3101 3181
f 3181 3182 3262
f 3262 3263 3343
f 3343 3344 3424
f 3424 3425 3505
f 3505 3506 3586
f 3586 3587 3667
f 3667 3668 3748
f 3748 3749 3829
f 3829 3830 3910
f 3910 3911 3991
f 3991 3992 4072
f 4072 4073 4153
f 4153 4154 4234
f 4234 4235 4315
f 4315 4316 4396
f 4396 4397 4477
f 4477 4478 4558
f 4558 4559 4639
f 4639 4640 4720
f 4720 4721 4801
f 4801 4802 4882
f 4882 4883 4963
f 4963 4964 5044
f 5044 5045 5125
f 5125 5126 5206
f 5206 5207 5287
f 5287 5288 5368
f 5368 5369 5449
f 5449 5450 5530
f 5530 5531 5611
f 5611 5612 5692
f 5692 5693 5773
f 5773 5774 5854
f 5854 5855 5935
f 5935 5936 6016
f 6016 6017 6097
f 6097 6098 6178
f 6178 6179 6259
f 6259 6260 6340
f 6340 6341 6421
f 6421 6422 6502
f 23 24 104
f 104 105 185
f 185 186 266
f 266 267 347
f 347 348 428
f 428 429 509
f 509 510 590
f 590 591 671
f 671 672 752
f 752 753 833
f 833 834 914
f 914 915 995
f 995 996 1076
f 1076 1077 1157
f 1157 1158 1238
f 1238 1239 1319
f 1319 1320 1400
f 1400 1401 1481
f 1481 1482 1562
f 1562 1563 1643
f 1643 1644 1724
f 1724 1725 1805
f 1805 1806 1886
f 1886 1887 1967
f 1967 1968 2048
f 2048 2049 2129
f 2129 2130 2210
f 2210 2211 2291
f 2291 2292 2372
f 2372 2373 2453
f 2453 2454 2534
f 2534 2535 2615
f 2615 2616 2696
f 2696 2697 2777
f 2777 2778 2858
f 2858 2859 2939
f 2939 2940 3020
f 3020 3021 3101
f 3101 3102 3182
f 3182 3183 3263
f 3263 3264 3344
f 3344 3345 3425
f 3425 3426 3506
f 3506 3507 3587
f 3587 3588 3668
f 3668 3669 3749
f 3749 3750 3830
f 3830 3831 3911
f 3911 3912 3992
f 3992 3993 4073
f 4073 4074 4154
f 4154 4155 4235
f 4235 4236 4316
f 4316 4317 4397
f 4397 4398 4478
f 4478 4479 4559
f 4559 4560 4640
f 4640 4641 4721
f 4721 4722 4802
f 4802 4803 4883
f 4883 4884 4964
f 4964 4965 5045
f 5045 5046 5126
f 5126 5127 5207
f 5207 5208 5288
f 5288 5289 5369
f 5369 5370 5450
f 5450 5451 5531
f 5531 5532 5612
f 5612 5613 5693
f 5693 5694 5774
f 5774 5775 5855
f 5855 5856 5936
f 5936 5937 6017
f 6017 6018 6098
f 6098 6099 6179
f 6179 6180 6260
f 6260 6261 6341
f 6341 6342 6422
f 6422 6423 6503
f 24 25 105
f 105 106 186
f 186 187 267
f 267 268 348
f 348 349 429
f 429 430 510
f 510 511 591
f 591 592 672
f 672 673 753
f 753 754 834
f 834 835 915
f 915 916 996
f 996 997 1077
f 1077 1078 1158
f 1158 1159 1239
f 1239 1240 1320
f 1320 1321 1401
f 1401 1402 1482
f 1482 1483 1563
f 1563 1564 1644
f 1644 1645 1725
f 1725 1726 1806
f 1806 1807 1887
f 1887 1888 1968
f 1968 1969 2049
f 2049 2050 2130
f 2130 2131 2211
f 2211 2212 2292
f 2292 2293 2373
f 2373 2374 2454
f 2454 2455 2535
f 2535 2536 2616
f 2616 2617 2697
f 2697 2698 2778
f 2778 2779 2859
f 2859 2860 2940
f 2940 2941 3021
f 3021 3022 3102
f 3102 3103 3183
f 3183 3184 3264
f 3264 3265 3345
f 3345 3346 3426
f 3426 3427 3507
f 3507 3508 3588
f 3588 3589 3669
f 3669 3670 3750
f 3750 3751 3831
f 3831 3832 3912
f 3912 3913 3993
f 3993 3994 4074
f 4074 4075 4155
f 4155 4156 4236
f 4236 4237 4317
f 4317 4318 4398
f 4398 4399 4479
f 4479 4480 4560
f 4560 4561 4641
f 4641 4642 4722
f 4722 4723 4803
f 4803 4804 4884
f 4884 4885 4965
f 4965 4966 5046
f 5046 5047 5127
f 5127 5128 5208
f 5208 5209 5289
f 5289 5290 5370
f 5370 5371 5451
f 5451 5452 5532
f 5532 5533 5613
f 5613 5614 5694
f 5694 5695 5775
f 5775 5776 5856
f 5856 5857 5937
f 5937 5938 6018
f 6018 6019 6099
f 6099 6100 6180
f 6180 6181 6261
f 6261 6262 6342
f 6342 6343 6423
f 6423 6424 6504
f 25 26 106
f 106 107 187
f 187 188 268
f 268 269 349
f 349 350 430
f 430 431 511
f 511 512 592
f 592 593 673
f 673 674 754
f 754 755 835
f 835 836 916
f 916 917 997
f 997 998 1078
f 1078 1079 1159
f 1159 1160 1240
f 1240 1241 1321
f 1321 1322 1402
f 1402 1403 1483
f 1483 1484 1564
f 1564 1565 1645
f 1645 1646 1726
f 1726 1727 1807
f 1807 1808 1888
f 1888 1889 1969
f 1969 1970 2050
f 2050 2051 2131
f 2131 2132 2212
f 2212 2213 2293
f 2293 2294 2374
f 2374 2375 2455
f 2455 2456 2536
f 2536 2537 2617
f 2617 2618 2698
f 2698 2699 2779
f 2779 2780 2860
f 2860 2861 2941
f 2941 2942 3022
f 3022 3023 3103
f 3103 3104 3184
f 3184 3185 3265
f 3265 3266 3346
f 3346 3347 3427
f 3427 3428 3508
f 3508 3509 3589
f 3589 3590 3670
f 3670 3671 3751
f 3751 3752 3832
f 3832 3833 3913
f 3913 3914 3994
f 3994 3995 4075
f 4075 4076 4156
f 4156 4157 4237
f 4237 4238 4318
f 4318 4319 4399
f 4399 4400 4480
f 4480 4481 4561
f 4561 4562 4642
f 4642 4643 4723
f 4723 4724 4804
f 4804 4805 4885
f 4885 4886 4966
f 4966 4967 5047
f 5047 5048 5128
f 5128 5129 5209
f 5209 5210 5290
f 5290 5291 5371
f 5371 5372 5452
f 5452 5453 5533
f 5533 5534 5614
f 5614 5615 5695
f 5695 5696 5776
f 5776 5777 5857
f 5857 5858 5938
f 5938 5939 6019
f 6019 6020 6100
f 6100 6101 6181
f 6181 6182 6262
f 6262 6263 6343
f 6343 6344 6424
f 6424 6425 6505
f 26 27 107
f 107 108 188
f 188 189 269
f 269 270 350
f 350 351 431
f 431 432 512
f 512 513 593
f 593 594 674
f 674 675 755
f 755 756 836
f 836 837 917
f 917 918 998
f 998 999 1079
f 1079 1080 1160
f 1160 1161 1241
f 1241 1242 1322
f 1322 1323 1403
f 1403 1404 1484
f 1484 1485 1565
f 1565 1566 1646
f 1646 1647 1727
f 1727 1728 1808
f 1808 1809 1889
f 1889 1890 1970
f 1970 1971 2051
f 2051 2052 2132
f 2132 2133 2213
f 2213 2214 2294
f 2294 2295 2375
f 2375 2376 2456
f 2456 2457 2537
f 2537 2538 2618
f 2618 2619 2699
f 2699 2700 2780
f 2780 2781 2861
f 2861 2862 2942
f 2942 2943 3023
f 3023 3024 3104
f 3104 3105 3185
f 3185 3186 3266
f 3266 3267 3347
f 3347 3348 3428
f 3428 3429 3509
f 3509 3510 3590
f 3590 3591 3671
f 3671 3672 3752
f 3752 3753 3833
f 3833 3834 3914
f 3914 3915 3995
f 3995 3996 4076
f 4076 4077 4157
f 4157 4158 4238
f 4238 4239 4319
f 4319 4320 4400
f 4400 4401 4481
f 4481 4482 4562
f 4562 4563 4643
f 4643 4644 4724
f 4724 4725 4805
f 4805 4806 4886
f 4886 4887 4967
f 4967 4968 5048
f 5048 5049 5129
f 5129 5130 5210
f 5210 5211 5291
f 5291 5292 5372
f 5372 5373 5453
f 5453 5454 5534
f 5534 5535 5615
f 5615 5616 5696
f 5696 5697 5777
f 5777 5778 5858
f 5858 5859 5939
f 5939 5940 6020
f 6020 6021 6101
f 6101 6102 6182
f 6182 6183 6263
f 6263 6264 6344
f 6344 6345 6425
f 6425 6426 6506
f 27 28 108
f 108 109 189
f 189 190 270
f 270 271 351
f 351 352 432
f 432 433 513
f 513 514 594
f 594 595 675
f 675 676 756
f 756 757 837
f 837 838 918
f 918 919 999
f 999 1000 1080
f 1080 1081 1161
f 1161 1162 1242
f 1242 1243 1323
f 1323 1324 1404
f 1404 1405 1485
f 1485 1486 1566
f 1566 1567 1647
f 1647 1648 1728
f 1728 1729 1809
f 1809 1810 1890
f 1890 1891 1971
f 1971 1972 2052
f 2052 2053 2133
f 2133 2134 2214
f 2214 2215 2295
f 2295 2296 2376
f 2376 2377 2457
f 2457 2458 2538
f 2538 2539 2619
f 2619 2620 2700
f 2700 2701 2781
f 2781 2782 2862
f 2862 2863 2943
f 2943 2944 3024
f 3024 3025 3105
f 3105 3106 3186
f 3186 3187 3267
f 3267 3268 3348
f 3348 3349 3429
f 3429 3430 3510
f 3510 3511 3591
f 3591 3592 3672
f 3672 3673 3753
f 3753 3754 3834
f 3834 3835 3915
f 3915 3916 3996
f 3996 3997 4077
f 4077 4078 4158
f 4158 4159 4239
f 4239 4240 4320
f 4320 4321 4401
f 4401 4402 4482
f 4482 4483 4563
f 4563 4564 4644
f 4644 4645 4725
f 4725 4726 4806
f 4806 4807 4887
f 4887 4888 4968
f 4968 4969 5049
f 5049 5050 5130
f 5130 5131 5211
f 5211 5212 5292
f 5292 5293 5373
f 5373 5374 5454
f 5454 5455 5535
f 5535 5536 5616
f 5616 5617 5697
f 5697 5698 5778
f 5778 5779 5859
f 5859 5860 5940
f 5940 5941 6021
f 6021 6022 6102
f 6102 6103 6183
f 6183 6184 6264
f 6264 6265 6345
f 6345 6346 6426
f 6426 6427 6507
f 28 29 109
f 109 110 190
f 190 191 271
f 271 272 352
f 352 353 433
f 433 434 514
f 514 515 595
f 595 596 676
f 676 677 757
f 757 758 838
f 838 839 919
f 919 920 1000
f 1000 1001 1081
f 1081 1082 1162
f 1162 1163 1243
f 1243 1244 1324
f 1324 1325 1405
f 1405 1406 1486
f 1486 1487 1567
f 1567 1568 1648
f 1648 1649 1729
f 1729 1730 1810
f 1810 1811 1891
f 1891 1892 1972
f 1972 1973 2053
f 2053 2054 2134
f 2134 2135 2215
f 2215 2216 2296
f 2296 2297 2377
f 2377 2378 2458
f 2458 2459 2539
f 2539 2540 2620
f 2620 2621 2701
f 2701 2702 2782
f 2782 2783 2863
f 2863 2864 2944
f 2944 2945 3025
f 3025 3026 3106
f 3106 3107 3187
f 3187 3188 3268
f 3268 3269 3349
f 3349 3350 3430
f 3430 3431 3511
f 3511 3512 3592
f 3592 3593 3673
f 3673 3674 3754
f 3754 3755 3835
f 3835 3836 3916
f 3916 3917 3997
f 3997 3998 4078
f 4078 4079 4159
f 4159 4160 4240
f 4240 4241 4321
f 4321 4322 4402
f 4402 4403 4483
f 4483 4484 4564
f 4564 4565 4645
f 4645 4646 4726
f 4726 4727 4807
f 4807 4808 4888
f 4888 4889 4969
f 4969 4970 5050
f 5050 5051 5131
f 5131 5132 5212
f 5212 5213 5293
f 5293 5294 5374
f 5374 5375 5455
f 5455 5456 5536
f 5536 5537 5617
f 5617 5618 5698
f 5698 5699 5779
f 5779 5780 5860
f 5860 5861 5941
f 5941 5942 6022
f 6022 6023 6103
f 6103 6104 6184
f 6184 6185 6265
f 6265 6266 6346
f 6346 6347 6427
f 6427 6428 6508
f 29 30 110
f 110 111 191
f 191 192 272
f 272 273 353
f 353 354 434
f 434 435 515
f 515 516 596
f 596 597 677
f 677 678 758
f 758 759 839
f 839 840 920
f 920 921 1001
f 1001 1002 1082
f 1082 1083 1163
f 1163 1164 1244
f 1244 1245 1325
f 1325 1326 1406
f 1406 1407 1487
f 1487 1488 1568
f 1568 1569 1649
f 1649 1650 1730
f 1730 1731 1811
f 1811 1812 1892
f 1892 1893 1973
f 1973 1974 2054
f 2054 2055 2135
f 2135 2136 2216
f 2216 2217 2297
f 2297 2298 2378
f 2378 2379 2459
f 2459 2460 2540
f 2540 2541 2621
f 2621 2622 2702
f 2702 2703 2783
f 2783 2784 2864
f 2864 2865 2945
f 2945 2946 3026
f 3026 3027 3107
f 3107 3108 3188
f 3188 3189 3269
f 3269 3270 3350
f 3350 3351 3431
f 3431 3432 3512
f 3512 3513 3593
f 3593 3594 3674
f 3674 3675 3755
f 3755 3756 3836
f 3836 3837 3917
f 3917 3918 3998
f 3998 3999 4079
f 4079 4080 4160
f 4160 4161 4241
f 4241 4242 4322
f 4322 4323 4403
f 4403 4404 4484
f 4484 4485 4565
f 4565 4566 4646
f 4646 4647 4727
f 4727 4728 4808
f 4808 4809 4889
f 4889 4890 4970
f 4970 4971 5051
f 5051 5052 5132
f 5132 5133 5213
f 5213 5214 5294
f 5294 5295 5375
f 5375 5376 5456
f 5456 5457 5537
f 5537 5538 5618
f 5618 5619 5699
f 5699 5700 5780
f 5780 5781 5861
f 5861 5862 5942
f 5942 5943 6023
f 6023 6024 6104
f 6104 6105 6185
f 6185 6186 6266
f 6266 6267 6347
f 6347 6348 6428
f 6428 6429 6509
f 30 31 111
f 111 112 192
f 192 193 273
f 273 274 354
f 354 355 435
f 435 436 516
f 516 517 597
f 597 598 678
f 678 679 759
f 759 760 840
f 840 841 921
f 921 922 1002
f 1002 1003 1083
f 1083 1084 1164
f 1164 1165 1245
f 1245 1246 1326
f 1326 1327 1407
f 1407 1408 1488
f 1488 1489 1569
f 1569 1570 1650
f 1650 1651 1731
f 1731 1732 1812
f 1812 1813 1893
f 1893 1894 1974
f 1974 1975 2055
f 2055 2056 2136
f 2136 2137 2217
f 2217 2218 2298
f 2298 2299 2379
f 2379 2380 2460
f 2460 2461 2541
f 2541 2542 2622
f 2622 2623 2703
f 2703 2704 2784
f 2784 2785 2865
f 2865 2866 2946
f 2946 2947 3027
f 3027 3028 3108
f 3108 3109 3189
f 3189 3190 3270
f 3270 3271 3351
f 3351 3352 3432
f 3432 3433 3513
f 3513 3514 3594
f 3594 3595 3675
f 3675 3676 3756
f 3756 3757 3837
f 3837 3838 3918
f 3918 3919 3999
f 3999 4000 4080
f 4080 4081 4161
f 4161 4162 4242
f 4242 4243 4323
f 4323 4324 4404
f 4404 4405 4485
f 4485 4486 4566
f 4566 4567 4647
f 4647 4648 4728
f 4728 4729 4809
f 4809 4810 4890
f 4890 4891 4971
f 4971 4972 5052
f 5052 5053 5133
f 5133 5134 5214
f 5214 5215 5295
f 5295 5296 5376
f 5376 5377 5457
f 5457 5458 5538
f 5538 5539 5619
f 5619 5620 5700
f 5700 5701 5781
f 5781 5782 5862
f 5862 5863 5943
f 5943 5944 6024
f 6024 6025 6105
f 6105 6106 6186
f 6186 6187 6267
f 6267 6268 6348
f 6348 6349 6429
f 6429 6430 6510
f 31 32 112
f 112 113 193
f 193 194 274
f 274 275 355
f 355 356 436
f 436 437 517
f 517 518 598
f 598 599 679
f 679 680 760
f 760 761 841
f 841 842 922
f 922 923 1003
f 1003 1004 1084
f 1084 1085 1165
f 1165 1166 1246
f 1246 1247 1327
f 1327 1328 1408
f 1408 1409 1489
f 1489 1490 1570
f 1570 1571 1651
f 1651 1652 1732
f 1732 1733 1813
f 1813 1814 1894
f 1894 1895 1975
f 1975 1976 2056
f 2056 2057 2137
f 2137 2138 2218
f 2218 2219 2299
f 2299 2300 2380
f 2380 2381 2461
f 2461 2462 2542
f 2542 2543 2623
f 2623 2624 2704
f 2704 2705 2785
f 2785 2786 2866
f 2866 2867 2947
f 2947 2948 3028
f 3028 3029 3109
f 3109 3110 3190
f 3190 3191 3271
f 3271 3272 3352
f 3352 3353 3433
f 3433 3434 3514
f 3514 3515 3595
f 3595 3596 3676
f 3676 3677 3757
f 3757 3758 3838
f 3838 3839 3919
f 3919 3920 4000
f 4000 4001 4081
f 4081 4082 4162
f 4162 4163 4243
f 4243 4244 4324
f 4324 4325 4405
f 4405 4406 4486
f 4486 4487 4567
f 4567 4568 4648
f 4648 4649 4729
f 4729 4730 4810
f 4810 4811 4891
f 4891 4892 4972
f 4972 4973 5053
f 5053 5054 5134
f 5134 5135 5215
f 5215 5216 5296
f 5296 5297 5377
f 5377 5378 5458
f 5458 5459 5539
f 5539 5540 5620
f 5620 5621 5701
f 5701 5702 5782
f 5782 5783 5863
f 5863 5864 5944
f 5944 5945 6025
f 6025 6026 6106
f 6106 6107 6187
f 6187 6188 6268
f 6268 6269 6349
f 6349 6350 6430
f 6430 6431 6511
f 32 33 113
f 113 114 194
f 194 195 275
f 275 276 356
f 356 357 437
f 437 438 518
f 518 519 599
f 599 600 680
f 680 681 761
f 761 762 842
f 842 843 923
f 923 924 1004
f 1004 1005 1085
f 1085 1086 1166
f 1166 1167 1247
f 1247 1248 1328
f 1328 1329 1409
f 1409 1410 1490
f 1490 1491 1571
f 1571 1572 1652
f 1652 1653 1733
f 1733 1734 1814
f 1814 1815 1895
f 1895 1896 1976
f 1976 1977 2057
f 2057 2058 2138
f 2138 2139 2219
f 2219 2220 2300
f 2300 2301 2381
f 2381 2382 2462
f 2462 2463 2543
f 2543 2544 2624
f 2624 2625 2705
f 2705 2706 2786
f 2786 2787 2867
f 2867 2868 2948
f 2948 2949 3029
f 3029 3030 3110
f 3110 3111 3191
f 3191 3192 3272
f 3272 3273 3353
f 3353 3354 3434
f 3434 3435 3515
f 3515 3516 3596
f 3596 3597 3677
f 3677 3678 3758
f 3758 3759 3839
f 3839 3840 3920
f 3920 3921 4001
f 4001 4002 4082
f 4082 4083 4163
f 4163 4164 4244
f 4244 4245 4325
f 4325 4326 4406
f 4406 4407 4487
f 4487 4488 4568
f 4568 4569 4649
f 4649 4650 4730
f 4730 4731 4811
f 4811 4812 4892
f 4892 4893 4973
f 4973 4974 5054
f 5054 5055 5135
f 5135 5136 5216
f 5216 5217 5297
f 5297 5298 5378
f 5378 5379 5459
f 5459 5460 5540
f 5540 5541 5621
f 5621 5622 5702
f 5702 5703 5783
f 5783 5784 5864
f 5864 5865 5945
f 5945 5946 6026
f 6026 6027 6107
f 6107 6108 6188
f 6188 6189 6269
f 6269 6270 6350
f 6350 6351 6431
f 6431 6432 6512
f 33 34 114
f 114 115 195
f 195 196 276
f 276 277 357
f 357 358 438
f 438 439 519
f 519 520 600
f 600 601 681
f 681 682 762
f 762 763 843
f 843 844 924
f 924 925 1005
f 1005 1006 1086
f 1086 1087 1167
f 1167 1168 1248
f 1248 1249 1329
f 1329 1330 1410
f 1410 1411 1491
f 1491 1492 1572
f 1572 1573 1653
f 1653 1654 1734
f 1734 1735 1815
f 1815 1816 1896
f 1896 1897 1977
f 1977 1978 2058
f 2058 2059 2139
f 2139 2140 2220
f 2220 2221 2301
f 2301 2302 2382
f 2382 2383 2463
f 2463 2464 2544
f 2544 2545 2625
f 2625 2626 2706
f 2706 2707 2787
f 2787 2788 2868
f 2868 2869 2949
f 2949 2950 3030
f 3030 3031 3111
f 3111 3112 3192
f 3192 3193 3273
f 3273 3274 3354
f 3354 3355 3435
f 3435 3436 3516
f 3516 3517 3597
f 3597 3598 3678
f 3678 3679 3759
f 3759 3760 3840
f 3840 3841 3921
f 3921 3922 4002
f 4002 4003 4083
f 4083 4084 4164
f 4164 4165 4245
f 4245 4246 4326
f 4326 4327 4407
f 4407 4408 4488
f 4488 4489 4569
f 4569 4570 4650
f 4650 4651 4731
f 4731 4732 4812
f 4812 4813 4893
f 4893 4894 4974
f 4974 4975 5055
f 5055 5056 5136
f 5136 5137 5217
f 5217 5218 5298
f 5298 5299 5379
f 5379 5380 5460
f 5460 5461 5541
f 5541 5542 5622
f 5622 5623 5703
f 5703 5704 5784
f 5784 5785 5865
f 5865 5866 5946
f 5946 5947 6027
f 6027 6028 6108
f 6108 6109 6189
f 6189 6190 6270
f 6270 6271 6351
f 6351 6352 6432
f 6432 6433 6513
f 34 35 115
f 115 116 196
f 196 197 277
f 277 278 358
f 358 359 439
f 439 440 520
f 520 521 601
f 601 602 682
f 682 683 763
f 763 764 844
f 844 845 925
f 925 926 1006
f 1006 1007 1087
f 1087 1088 1168
f 1168 1169 1249
f 1249 1250 1330
f 1330 1331 1411
f 1411 1412 1492
f 1492 1493 1573
f 1573 1574 1654
f 1654 1655 1735
f 1735 1736 1816
f 1816 1817 1897
f 1897 1898 1978
f 1978 1979 2059
f 2059 2060 2140
f 2140 2141 2221
f 2221 2222 2302
f 2302 2303 2383
f 2383 2384 2464
f 2464 2465 2545
f 2545 2546 2626
f 2626 2627 2707
f 2707 2708 2788
f 2788 2789 2869
f 2869 2870 2950
f 2950 2951 3031
f 3031 3032 3112
f 3112 3113 3193
f 3193 3194 3274
f 3274 3275 3355
f 3355 3356 3436
f 3436 3437 3517
f 3517 3518 3598
f 3598 3599 3679
f 3679 3680 3760
f 3760 3761 3841
f 3841 3842 3922
f 3922 3923 4003
f 4003 4004 4084
f 4084 4085 4165
f 4165 4166 4246
f 4246 4247 4327
f 4327 4328 4408
f 4408 4409 4489
f 4489 4490 4570
f 4570 4571 4651
f 4651 4652 4732
f 4732 4733 4813
f 4813 4814 4894
f 4894 4895 4975
f 4975 4976 5056
f 5056 5057 5137
f 5137 5138 5218
f 5218 5219 5299
f 5299 5300 5380
f 5380 5381 5461
f 5461 5462 5542
f 5542 5543 5623
f 5623 5624 5704
f 5704 5705 5785
f 5785 5786 5866
f 5866 5867 5947
f 5947 5948 6028
f 6028 6029 6109
f 6109 6110 6190
f 6190 6191 6271
f 6271 6272 6352
f 6352 6353 6433
f 6433 6434 6514
f 35 36 116
f 116 117 197
f 197 198 278
f 278 279 359
f 359 360 440
f 440 441 521
f 521 522 602
f 602 603 683
f 683 684 764
f 764 765 845
f 845 846 926
f 926 927 1007
f 1007 1008 1088
f 1088 1089 1169
f 1169 1170 1250
f 1250 1251 1331
f 1331 1332 1412
f 1412 1413 1493
f 1493 1494 1574
f 1574 1575 1655
f 1655 1656 1736
f 1736 1737 1817
f 1817 1818 1898
f 1898 1899 1979
f 1979 1980 2060
f 2060 2061 2141
f 2141 2142 2222
f 2222 2223 2303
f 2303 2304 2384
f 2384 2385 2465
f 2465 2466 2546
f 2546 2547 2627
f 2627 2628 2708
f 2708 2709 2789
f 2789 2790 2870
f 2870 2871 2951
f 2951 2952 3032
f 3032 3033 3113
f 3113 3114 3194
f 3194 3195 3275
f 3275 3276 3356
f 3356 3357 3437
f 3437 3438 3518
f 3518 3519 3599
f 3599 3600 3680
f 3680 3681 3761
f 3761 3762 3842
f 3842 3843 3923
f 3923 3924 4004
f 4004 4005 4085
f 4085 4086 4166
f 4166 4167 4247
f 4247 4248 4328
f 4328 4329 4409
f 4409 4410 4490
f 4490 4491 4571
f 4571 4572 4652
f 4652 4653 4733
f 4733 4734 4814
f 4814 4815 4895
f 4895 4896 4976
f 4976 4977 5057
f 5057 5058 5138
f 5138 5139 5219
f 5219 5220 5300
f 5300 5301 5381
f 5381 5382 5462
f 5462 5463 5543
f 5543 5544 5624
f 5624 5625 5705
f 5705 5706 5786
f 5786 5787 5867
f 5867 5868 5948
f 5948 5949 6029
f 6029 6030 6110
f 6110 6111 6191
f 6191 6192 6272
f 6272 6273 6353
f 6353 6354 6434
f 6434 6435 6515
f 36 37 117
f 117 118 198
f 198 199 279
f 279 280 360
f 360 361 441
f 441 442 522
f 522 523 603
f 603 604 684
f 684 685 765
f 765 766 846
f 846 847 927
f 927 928 1008
f 1008 1009 1089
f 1089 1090 1170
f 1170 1171 1251
f 1251 1252 1332
f 1332 1333 1413
f 1413 1414 1494
f 1494 1495 1575
f 1575 1576 1656
f 1656 1657 1737
f 1737 1738 1818
f 1818 1819 1899
f 1899 1900 1980
f 1980 1981 2061
f 2061 2062 2142
f 2142 2143 2223
f 2223 2224 2304
f 2304 2305 2385
f 2385 2386 2466
f 2466 2467 2547
f 2547 2548 2628
f 2628 2629 2709
f 2709 2710 2790
f 2790 2791 2871
f 2871 2872 2952
f 2952 2953 3033
f 3033 3034 3114
f 3114 3115 3195
f 3195 3196 3276
f 3276 3277 3357
f 3357 3358 3438
f 3438 3439 3519
f 3519 3520 3600
f 3600 3601 3681
f 3681 3682 3762
f 3762 3763 3843
f 3843 3844 3924
f 3924 3925 4005
f 4005 4006 4086
f 4086 4087 4167
f 4167 4168 4248
f 4248 4249 4329
f 4329 4330 4410
f 4410 4411 4491
f 4491 4492 4572
f 4572 4573 4653
f 4653 4654 4734
f 4734 4735 4815
f 4815 4816 4896
f 4896 4897 4977
f 4977 4978 5058
f 5058 5059 5139
f 5139 5140 5220
f 5220 5221 5301
f 5301 5302 5382
f 5382 5383 5463
f 5463 5464 5544
f 5544 5545 5625
f 5625 5626 5706
f 5706 5707 5787
f 5787 5788 5868
f 5868 5869 5949
f 5949 5950 6030
f 6030 6031 6111
f 6111 6112 6192
f 6192 6193 6273
f 6273 6274 6354
f 6354 6355 6435
f 6435 6436 6516
f 37 38 118
f 118 119 199
f 199 200 280
f 280 281 361
f 361 362 442
f 442 443 523
f 523 524 604
f 604 605 685
f 685 686 766
f 766 767 847
f 847 848 928
f 928 929 1009
f 1009 1010 1090
f 1090 1091 1171
f 1171 1172 1252
f 1252 1253 1333
f 1333 1334 1414
f 1414 1415 1495
f 1495 1496 1576
f 1576 1577 1657
f 1657 1658 1738
f 1738 1739 1819
f 1819 1820 1900
f 1900 1901 1981
f 1981 1982 2062
f 2062 2063 2143
f 2143 2144 2224
f 2224 2225 2305
f 2305 2306 2386
f 2386 2387 2467
f 2467 2468 2548
f 2548 2549 2629
f 2629 2630 2710
f 2710 2711 2791
f 2791 2792 2872
f 2872 2873 2953
f 2953 2954 3034
f 3034 3035 3115
f 3115 3116 3196
f 3196 3197 3277
f 3277 3278 3358
f 3358 3359 3439
f 3439 3440 3520
f 3520 3521 3601
f 3601 3602 3682
f 3682 3683 3763
f 3763 3764 3844
f 3844 3845 3925
f 3925 3926 4006
f 4006 4007 4087
f 4087 4088 4168
f 4168 4169 4249
f 4249 4250 4330
f 4330 4331 4411
f 4411 4412 4492
f 4492 4493 4573
f 4573 4574 4654
f 4654 4655 4735
f 4735 4736 4816
f 4816 4817 4897
f 4897 4898 4978
f 4978 4979 5059
f 5059 5060 5140
f 5140 5141 5221
f 5221 5222 5302
f 5302 5303 5383
f 5383 5384 5464
f 5464 5465 5545
f 5545 5546 5626
f 5626 5627 5707
f 5707 5708 5788
f 5788 5789 5869
f 5869 5870 5950
f 5950 5951 6031
f 6031 6032 6112
f 6112 6113 6193
f 6193 6194 6274
f 6274 6275 6355
f 6355 6356 6436
f 6436 6437 6517
f 38 39 119
f 119 120 200
f 200 201 281
f 281 282 362
f 362 363 443
f 443 444 524
f 524 525 605
f 605 606 686
f 686 687 767
f 767 768 848
f 848 849 929
f 929 930 1010
f 1010 1011 1091
f 1091 1092 1172
f 1172 1173 1253
f 1253 1254 1334
f 1334 1335 1415
f 1415 1416 1496
f 1496 1497 1577
f 1577 1578 1658
f 1658 1659 1739
f 1739 1740 1820
f 1820 1821 1901
f 1901 1902 1982
f 1982 1983 2063
f 2063 2064 2144
f 2144 2145 2225
f 2225 2226 2306
f 2306 2307 2387
f 2387 2388 2468
f 2468 2469 2549
f 2549 2550 2630
f 2630 2631 2711
f 2711 2712 2792
f 2792 2793 2873
f 2873 2874 2954
f 2954 2955 3035
f 3035 3036 3116
f 3116 3117 3197
f 3197 3198 3278
f 3278 3279 3359
f 3359 3360 3440
f 3440 3441 3521
f 3521 3522 3602
f 3602 3603 3683
f 3683 3684 3764
f 3764 3765 3845
f 3845 3846 3926
f 3926 3927 4007
f 4007 4008 4088
f 4088 4089 4169
f 4169 4170 4250
f 4250 4251 4331
f 4331 4332 4412
f 4412 4413 4493
f 4493 4494 4574
f 4574 4575 4655
f 4655 4656 4736
f 4736 4737 4817
f 4817 4818 4898
f 4898 4899 4979
f 4979 4980 5060
f 5060 5061 5141
f 5141 5142 5222
f 5222 5223 5303
f 5303 5304 5384
f 5384 5385 5465
f 5465 5466 5546
f 5546 5547 5627
f 5627 5628 5708
f 5708 5709 5789
f 5789 5790 5870
f 5870 5871 5951
f 5951 5952 6032
f 6032 6033 6113
f 6113 6114 6194
f 6194 6195 6275
f 6275 6276 6356
f 6356 6357 6437
f 6437 6438 6518
f 39 40 120
f 120 121 201
f 201 202 282
f 282 283 363
f 363 364 444
f 444 445 525
f 525 526 606
f 606 607 687
f 687 688 768
f 768 769 849
f 849 850 930
f 930 931 1011
f 1011 1012 1092
f 1092 1093 1173
f 1173 1174 1254
f 1254 1255 1335
f 1335 1336 1416
f 1416 1417 1497
f 1497 1498 1578
f 1578 1579 1659
f 1659 1660 1740
f 1740 1741 1821
f 1821 1822 1902
f 1902 1903 1983
f 1983 1984 2064
f 2064 2065 2145
f 2145 2146 2226
f 2226 2227 2307
f 2307 2308 2388
f 2388 2389 2469
f 2469 2470 2550
f 2550 2551 2631
f 2631 2632 2712
f 2712 2713 2793
f 2793 2794 2874
f 2874 2875 2955
f 2955 2956 3036
f 3036 3037 3117
f 3117 3118 3198
f 3198 3199 3279
f 3279 3280 3360
f 3360 3361 3441
f 3441 3442 3522
f 3522 3523 3603
f 3603 3604 3684
f 3684 3685 3765
f 3765 3766 3846
f 3846 3847 3927
f 3927 3928 4008
f 4008 4009 4089
f 4089 4090 4170
f 4170 4171 4251
f 4251 4252 4332
f 4332 4333 4413
f 4413 4414 4494
f 4494 4495 4575
f 4575 4576 4656
f 4656 4657 4737
f 4737 4738 4818
f 4818 4819 4899
f 4899 4900 4980
f 4980 4981 5061
f 5061 5062 5142
f 5142 5143 5223
f 5223 5224 5304
f 5304 5305 5385
f 5385 5386 5466
f 5466 5467 5547
f 5547 5548 5628
f 5628 5629 5709
f 5709 5710 5790
f 5790 5791 5871
f 5871 5872 5952
f 5952 5953 6033
f 6033 6034 6114
f 6114 6115 6195
f 6195 6196 6276
f 6276 6277 6357
f 6357 6358 6438
f 6438 6439 6519
f 40 41 121
f 121 122 202
f 202 203 283
f 283 284 364
f 364 365 445
f 445 446 526
f 526 527 607
f 607 608 688
f 688 689 769
f 769 770 850
f 850 851 931
f 931 932 1012
f 1012 1013 1093
f 1093 1094 1174
f 1174 1175 1255
f 1255 1256 1336
f 1336 1337 1417
f 1417 1418 1498
f 1498 1499 1579
f 1579 1580 1660
f 1660 1661 1741
f 1741 1742 1822
f 1822 1823 1903
f 1903 1904 1984
f 1984 1985 2065
f 2065 2066 2146
f 2146 2147 2227
f 2227 2228 2308
f 2308 2309 2389
f 2389 2390 2470
f 2470 2471 2551
f 2551 2552 2632
f 2632 2633 2713
f 2713 2714 2794
f 2794 2795 2875
f 2875 2876 2956
f 2956 2957 3037
f 3037 3038 3118
f 3118 3119 3199
f 3199 3200 3280
f 3280 3281 3361
f 3361 3362 3442
f 3442 3443 3523
f 3523 3524 3604
f 3604 3605 3685
f 3685 3686 3766
f 3766 3767 3847
f 3847 3848 3928
f 3928 3929 4009
f 4009 4010 4090
f 4090 4091 4171
f 4171 4172 4252
f 4252 4253 4333
f 4333 4334 4414
f 4414 4415 4495
f 4495 4496 4576
f 4576 4577 4657
f 4657 4658 4738
f 4738 4739 4819
f 4819 4820 4900
f 4900 4901 4981
f 4981 4982 5062
f 5062 5063 5143
f 5143 5144 5224
f 5224 5225 5305
f 5305 5306 5386
f 5386 5387 5467
f 5467 5468 5548
f 5548 5549 5629
f 5629 5630 5710
f 5710 5711 5791
f 5791 5792 5872
f 5872 5873 5953
f 5953 5954 6034
f 6034 6035 6115
f 6115 6116 6196
f 6196 6197 6277
f 6277 6278 6358
f 6358 6359 6439
f 6439 6440 6520
f 41 42 122
f 122 123 203
f 203 204 284
f 284 285 365
f 365 366 446
f 446 447 527
f 527 528 608
f 608 609 689
f 689 690 770
f 770 771 851
f 851 852 932
f 932 933 1013
f 1013 1014 1094
f 1094 1095 1175
f 1175 1176 1256
f 1256 1257 1337
f 1337 1338 1418
f 1418 1419 1499
f 1499 1500 1580
f 1580 1581 1661
f 1661 1662 1742
f 1742 1743 1823
f 1823 1824 1904
f 1904 1905 1985
f 1985 1986 2066
f 2066 2067 2147
f 2147 2148 2228
f 2228 2229 2309
f 2309 2310 2390
f 2390 2391 2471
f 2471 2472 2552
f 2552 2553 2633
f 2633 2634 2714
f 2714 2715 2795
f 2795 2796 2876
f 2876 2877 2957
f 2957 2958 3038
f 3038 3039 3119
f 3119 3120 3200
f 3200 3201 3281
f 3281 3282 3362
f 3362 3363 3443
f 3443 3444 3524
f 3524 3525 3605
f 3605 3606 3686
f 3686 3687 3767
f 3767 3768 3848
f 3848 3849 3929
f 3929 3930 4010
f 4010 4011 4091
f 4091 4092 4172
f 4172 4173 4253
f 4253 4254 4334
f 4334 4335 4415
f 4415 4416 4496
f 4496 4497 4577
f 4577 4578 4658
f 4658 4659 4739
f 4739 4740 4820
f 4820 4821 4901
f 4901 4902 4982
f 4982 4983 5063
f 5063 5064 5144
f 5144 5145 5225
f 5225 5226 5306
f 5306 5307 5387
f 5387 5388 5468
f 5468 5469 5549
f 5549 5550 5630
f 5630 5631 5711
f 5711 5712 5792
f 5792 5793 5873
f 5873 5874 5954
f 5954 5955 6035
f 6035 6036 6116
f 6116 6117 6197
f 6197 6198 6278
f 6278 6279 6359
f 6359 6360 6440
f 6440 6441 6521
f 42 43 123
f 123 124 204
f 204 205 285
f 285 286 366
f 366 367 447
f 447 448 528
f 528 529 609
f 609 610 690
f 690 691 771
f 771 772 852
f 852 853 933
f 933 934 1014
f 1014 1015 1095
f 1095 1096 1176
f 1176 1177 1257
f 1257 1258 1338
f 1338 1339 1419
f 1419 1420 1500
f 1500 1501 1581
f 1581 1582 1662
f 1662 1663 1743
f 1743 1744 1824
f 1824 1825 1905
f 1905 1906 1986
f 1986 1987 2067
f 2067 2068 2148
f 2148 2149 2229
f 2229 2230 2310
f 2310 2311 2391
f 2391 2392 2472
f 2472 2473 2553
f 2553 2554 2634
f 2634 2635 2715
f 2715 2716 2796
f 2796 2797 2877
f 2877 2878 2958
f 2958 2959 3039
f 3039 3040 3120
f 3120 3121 3201
f 3201 3202 3282
f 3282 3283 3363
f 3363 3364 3444
f 3444 3445 3525
f 3525 3526 3606
f 3606 3607 3687
f 3687 3688 3768
f 3768 3769 3849
f 3849 3850 3930
f 3930 3931 4011
f 4011 4012 4092
f 4092 4093 4173
f 4173 4174 4254
f 4254 4255 4335
f 4335 4336 4416
f 4416 4417 4497
f 4497 4498 4578
f 4578 4579 4659
f 4659 4660 4740
f 4740 4741 4821
f 4821 4822 4902
f 4902 4903 4983
f 4983 4984 5064
f 5064 5065 5145
f 5145 5146 5226
f 5226 5227 5307
f 5307 5308 5388
f 5388 5389 5469
f 5469 5470 5550
f 5550 5551 5631
f 5631 5632 5712
f 5712 5713 5793
f 5793 5794 5874
f 5874 5875 5955
f 5955 5956 6036
f 6036 6037 6117
f 6117 6118 6198
f 6198 6199 6279
f 6279 6280 6360
f 6360 6361 6441
f 6441 6442 6522
f 43 44 124
f 124 125 205
f 205 206 286
f 286 287 367
f 367 368 448
f 448 449 529
f 529 530 610
f 610 611 691
f 691 692 772
f 772 773 853
f 853 854 934
f 934 935 1015
f 1015 1016 1096
f 1096 1097 1177
f 1177 1178 1258
f 1258 1259 1339
f 1339 1340 1420
f 1420 1421 1501
f 1501 1502 1582
f 1582 1583 1663
f 1663 1664 1744
f 1744 1745 1825
f 1825 1826 1906
f 1906 1907 1987
f 1987 1988 2068
f 2068 2069 2149
f 2149 2150 2230
f 2230 2231 2311
f 2311 2312 2392
f 2392 2393 2473
f 2473 2474 2554
f 2554 2555 2635
f 2635 2636 2716
f 2716 2717 2797
f 2797 2798 2878
f 2878 2879 2959
f 2959 2960 3040
f 3040 3041 3121
f 3121 3122 3202
f 3202 3203 3283
f 3283 3284 3364
f 3364 3365 3445
f 3445 3446 3526
f 3526 3527 3607
f 3607 3608 3688
f 3688 3689 3769
f 3769 3770 3850
f 3850 3851 3931
f 3931 3932 4012
f 4012 4013 4093
f 4093 4094 4174
f 4174 4175 4255
f 4255 4256 4336
f 4336 4337 4417
f 4417 4418 4498
f 4498 4499 4579
f 4579 4580 4660
f 4660 4661 4741
f 4741 4742 4822
f 4822 4823 4903
f 4903 4904 4984
f 4984 4985 5065
f 5065 5066 5146
f 5146 5147 5227
f 5227 5228 5308
f 5308 5309 5389
f 5389 5390 5470
f 5470 5471 5551
f 5551 5552 5632
f 5632 5633 5713
f 5713 5714 5794
f 5794 5795 5875
f 5875 5876 5956
f 5956 5957 6037
f 6037 6038 6118
f 6118 6119 6199
f 6199 6200 6280
f 6280 6281 6361
f 6361 6362 6442
f 6442 6443 6523
f 44 45 125
f 125 126 206
f 206 207 287
f 287 288 368
f 368 369 449
f 449 450 530
f 530 531 611
f 611 612 692
f 692 693 773
f 773 774 854
f 854 855 935
f 935 936 1016
f 1016 1017 1097
f 1097 1098 1178
f 1178 1179 1259
f 1259 1260 1340
f 1340 1341 1421
f 1421 1422 1502
f 1502 1503 1583
f 1583 1584 1664
f 1664 1665 1745
f 1745 1746 1826
f 1826 1827 1907
f 1907 1908 1988
f 1988 1989 2069
f 2069 2070 2150
f 2150 2151 2231
f 2231 2232 2312
f 2312 2313 2393
f 2393 2394 2474
f 2474 2475 2555
f 2555 2556 2636
f 2636 2637 2717
f 2717 2718 2798
f 2798 2799 2879
f 2879 2880 2960
f 2960 2961 3041
f 3041 3042 3122
f 3122 3123 3203
f 3203 3204 3284
f 3284 3285 3365
f 3365 3366 3446
f 3446 3447 3527
f 3527 3528 3608
f 3608 3609 3689
f 3689 3690 3770
f 3770 3771 3851
f 3851 3852 3932
f 3932 3933 4013
f 4013 4014 4094
f 4094 4095 4175
f 4175 4176 4256
f 4256 4257 4337
f 4337 4338 4418
f 4418 4419 4499
f 4499 4500 4580
f 4580 4581 4661
f 4661 4662 4742
f 4742 4743 4823
f 4823 4824 4904
f 4904 4905 4985
f 4985 4986 5066
f 5066 5067 5147
f 5147 5148 5228
f 5228 5229 5309
f 5309 5310 5390
f 5390 5391 5471
f 5471 5472 5552
f 5552 5553 5633
f 5633 5634 5714
f 5714 5715 5795
f 5795 5796 5876
f 5876 5877 5957
f 5957 5958 6038
f 6038 6039 6119
f 6119 6120 6200
f 6200 6201 6281
f 6281 6282 6362
f 6362 6363 6443
f 6443 6444 6524
f 45 46 126
f 126 127 207
f 207 208 288
f 288 289 369
f 369 370 450
f 450 451 531
f 531 532 612
f 612 613 693
f 693 694 774
f 774 775 855
f 855 856 936
f 936 937 1017
f 1017 1018 1098
f 1098 1099 1179
f 1179 1180 1260
f 1260 1261 1341
f 1341 1342 1422
f 1422 1423 1503
f 1503 1504 1584
f 1584 1585 1665
f 1665 1666 1746
f 1746 1747 1827
f 1827 1828 1908
f 1908 1909 1989
f 1989 1990 2070
f 2070 2071 2151
f 2151 2152 2232
f 2232 2233 2313
f 2313 2314 2394
f 2394 2395 2475
f 2475 2476 2556
f 2556 2557 2637
f 2637 2638 2718
f 2718 2719 2799
f 2799 2800 2880
f 2880 2881 2961
f 2961 2962 3042
f 3042 3043 3123
f 3123 3124 3204
f 3204 3205 3285
f 3285 3286 3366
f 3366 3367 3447
f 3447 3448 3528
f 3528 3529 3609
f 3609 3610 3690
f 3690 3691 3771
f 3771 3772 3852
f 3852 3853 3933
f 3933 3934 4014
f 4014 4015 4095
f 4095 4096 4176
f 4176 4177 4257
f 4257 4258 4338
f 4338 4339 4419
f 4419 4420 4500
f 4500 4501 4581
f 4581 4582 4662
f 4662 4663 4743
f 4743 4744 4824
f 4824 4825 4905
f 4905 4906 4986
f 4986 4987 5067
f 5067 5068 5148
f 5148 5149 5229
f 5229 5230 5310
f 5310 5311 5391
f 5391 5392 5472
f 5472 5473 5553
f 5553 5554 5634
f 5634 5635 5715
f 5715 5716 5796
f 5796 5797 5877
f 5877 5878 5958
f 5958 5959 6039
f 6039 6040 6120
f 6120 6121 6201
f 6201 6202 6282
f 6282 6283 6363
f 6363 6364 6444
f 6444 6445 6525
f 46 47 127
f 127 128 208
f 208 209 289
f 289 290 370
f 370 371 451
f 451 452 532
f 532 533 613
f 613 614 694
f 694 695 775
f 775 776 856
f 856 857 937
f 937 938 1018
f 1018 1019 1099
f 1099 1100 1180
f 1180 1181 1261
f 1261 1262 1342
f 1342 1343 1423
f 1423 1424 1504
f 1504 1505 1585
f 1585 1586 1666
f 1666 1667 1747
f 1747 1748 1828
f 1828 1829 1909
f 1909 1910 1990
f 1990 1991 2071
f 2071 2072 2152
f 2152 2153 2233
f 2233 2234 2314
f 2314 2315 2395
f 2395 2396 2476
f 2476 2477 2557
f 2557 2558 2638
f 2638 2639 2719
f 2719 2720 2800
f 2800 2801 2881
f 2881 2882 2962
f 2962 2963 3043
f 3043 3044 3124
f 3124 3125 3205
f 3205 3206 3286
f 3286 3287 3367
f 3367 3368 3448
f 3448 3449 3529
f 3529 3530 3610
f 3610 3611 3691
f 3691 3692 3772
f 3772 3773 3853
f 3853 3854 3934
f 3934 3935 4015
f 4015 4016 4096
f 4096 4097 4177
f 4177 4178 4258
f 4258 4259 4339
f 4339 4340 4420
f 4420 4421 4501
f 4501 4502 4582
f 4582 4583 4663
f 4663 4664 4744
f 4744 4745 4825
f 4825 4826 4906
f 4906 4907 4987
f 4987 4988 5068
f 5068 5069 5149
f 5149 5150 5230
f 5230 5231 5311
f 5311 5312 5392
f 5392 5393 5473
f 5473 5474 5554
f 5554 5555 5635
f 5635 5636 5716
f 5716 5717 5797
f 5797 5798 5878
f 5878 5879 5959
f 5959 5960 6040
f 6040 6041 6121
f 6121 6122 6202
f 6202 6203 6283
f 6283 6284 6364
f 6364 6365 6445
f 6445 6446 6526
f 47 48 128
f 128 129 209
f 209 210 290
f 290 291 371
f 371 372 452
f 452 453 533
f 533 534 614
f 614 615 695
f 695 696 776
f 776 777 857
f 857 858 938
f 938 939 1019
f 1019 1020 1100
f 1100 1101 1181
f 1181 1182 1262
f 1262 1263 1343
f 1343 1344 1424
f 1424 1425 1505
f 1505 1506 1586
f 1586 1587 1667
f 1667 1668 1748
f 1748 1749 1829
f 1829 1830 1910
f 1910 1911 1991
f 1991 1992 2072
f 2072 2073 2153
f 2153 2154 2234
f 2234 2235 2315
f 2315 2316 2396
f 2396 2397 2477
f 2477 2478 2558
f 2558 2559 2639
f 2639 2640 2720
f 2720 2721 2801
f 2801 2802 2882
f 2882 2883 2963
f 2963 2964 3044
f 3044 3045 3125
f 3125 3126 3206
f 3206 3207 3287
f 3287 3288 3368
f 3368 3369 3449
f 3449 3450 3530
f 3530 3531 3611
f 3611 3612 3692
f 3692 3693 3773
f 3773 3774 3854
f 3854 3855 3935
f 3935 3936 4016
f 4016 4017 4097
f 4097 4098 4178
f 4178 4179 4259
f 4259 4260 4340
f 4340 4341 4421
f 4421 4422 4502
f 4502 4503 4583
f 4583 4584 4664
f 4664 4665 4745
f 4745 4746 4826
f 4826 4827 4907
f 4907 4908 4988
f 4988 4989 5069
f 5069 5070 5150
f 5150 5151 5231
f 5231 5232 5312
f 5312 5313 5393
f 5393 5394 5474
f 5474 5475 5555
f 5555 5556 5636
f 5636 5637 5717
f 5717 5718 5798
f 5798 5799 5879
f 5879 5880 5960
f 5960 5961 6041
f 6041 6042 6122
f 6122 6123 6203
f 6203 6204 6284
f 6284 6285 6365
f 6365 6366 6446
f 6446 6447 6527
f 48 49 129
f 129 130 210
f 210 211 291
f 291 292 372
f 372 373 453
f 453 454 534
f 534 535 615
f 615 616 696
f 696 697 777
f 777 778 858
f 858 859 939
f 939 940 1020
f 1020 1021 1101
f 1101 1102 1182
f 1182 1183 1263
f 1263 1264 1344
f 1344 1345 1425
f 1425 1426 1506
f 1506 1507 1587
f 1587 1588 1668
f 1668 1669 1749
f 1749 1750 1830
f 1830 1831 1911
f 1911 1912 1992
f 1992 1993 2073
f 2073 2074 2154
f 2154 2155 2235
f 2235 2236 2316
f 2316 2317 2397
f 2397 2398 2478
f 2478 2479 2559
f 2559 2560 2640
f 2640 2641 2721
f 2721 2722 2802
f 2802 2803 2883
f 2883 2884 2964
f 2964 2965 3045
f 3045 3046 3126
f 3126 3127 3207
f 3207 3208 3288
f 3288 3289 3369
f 3369 3370 3450
f 3450 3451 3531
f 3531 3532 3612
f 3612 3613 3693
f 3693 3694 3774
f 3774 3775 3855
f 3855 3856 3936
f 3936 3937 4017
f 4017 4018 4098
f 4098 4099 4179
f 4179 4180 4260
f 4260 4261 4341
f 4341 4342 4422
f 4422 4423 4503
f 4503 4504 4584
f 4584 4585 4665
f 4665 4666 4746
f 4746 4747 4827
f 4827 4828 4908
f 4908 4909 4989
f 4989 4990 5070
f 5070 5071 5151
f 5151 5152 5232
f 5232 5233 5313
f 5313 5314 5394
f 5394 5395 5475
f 5475 5476 5556
f 5556 5557 5637
f 5637 5638 5718
f 5718 5719 5799
f 5799 5800 5880
f 5880 5881 5961
f 5961 5962 6042
f 6042 6043 6123
f 6123 6124 6204
f 6204 6205 6285
f 6285 6286 6366
f 6366 6367 6447
f 6447 6448 6528
f 49 50 130
f 130 131 211
f 211 212 292
f 292 293 373
f 373 374 454
f 454 455 535
f 535 536 616
f 616 617 697
f 697 698 778
f 778 779 859
f 859 860 940
f 940 941 1021
f 1021 1022 1102
f 1102 1103 1183
f 1183 1184 1264
f 1264 1265 1345
f 1345 1346 1426
f 1426 1427 1507
f 1507 1508 1588
f 1588 1589 1669
f 1669 1670 1750
f 1750 1751 1831
f 1831 1832 1912
f 1912 1913 1993
f 1993 1994 2074
f 2074 2075 2155
f 2155 2156 2236
f 2236 2237 2317
f 2317 2318 2398
f 2398 2399 2479
f 2479 2480 2560
f 2560 2561 2641
f 2641 2642 2722
f 2722 2723 2803
f 2803 2804 2884
f 2884 2885 2965
f 2965 2966 3046
f 3046 3047 3127
f 3127 3128 3208
f 3208 3209 3289
f 3289 3290 3370
f 3370 3371 3451
f 3451 3452 3532
f 3532 3533 3613
f 3613 3614 3694
f 3694 3695 3775
f 3775 3776 3856
f 3856 3857 3937
f 3937 3938 4018
f 4018 4019 4099
f 4099 4100 4180
f 4180 4181 4261
f 4261 4262 4342
f 4342 4343 4423
f 4423 4424 4504
f 4504 4505 4585
f 4585 4586 4666
f 4666 4667 4747
f 4747 4748 4828
f 4828 4829 4909
f 4909 4910 4990
f 4990 4991 5071
f 5071 5072 5152
f 5152 5153 5233
f 5233 5234 5314
f 5314 5315 5395
f 5395 5396 5476
f 5476 5477 5557
f 5557 5558 5638
f 5638 5639 5719
f 5719 5720 5800
f 5800 5801 5881
f 5881 5882 5962
f 5962 5963 6043
f 6043 6044 6124
f 6124 6125 6205
f 6205 6206 6286
f 6286 6287 6367
f 6367 6368 6448
f 6448 6449 6529
f 50 51 131
f 131 132 212
f 212 213 293
f 293 294 374
f 374 375 455
f 455 456 536
f 536 537 617
f 617 618 698
f 698 699 779
f 779 780 860
f 860 861 941
f 941 942 1022
f 1022 1023 1103
f 1103 1104 1184
f 1184 1185 1265
f 1265 1266 1346
f 1346 1347 1427
f 1427 1428 1508
f 1508 1509 1589
f 1589 1590 1670
f 1670 1671 1751
f 1751 1752 1832
f 1832 1833 1913
f 1913 1914 1994
f 1994 1995 2075
f 2075 2076 2156
f 2156 2157 2237
f 2237 2238 2318
f 2318 2319 2399
f 2399 2400 2480
f 2480 2481 2561
f 2561 2562 2642
f 2642 2643 2723
f 2723 2724 2804
f 2804 2805 2885
f 2885 2886 2966
f 2966 2967 3047
f 3047 3048 3128
f 3128 3129 3209
f 3209 3210 3290
f 3290 3291 3371
f 3371 3372 3452
f 3452 3453 3533
f 3533 3534 3614
f 3614 3615 3695
f 3695 3696 3776
f 3776 3777 3857
f 3857 3858 3938
f 3938 3939 4019
f 4019 4020 4100
f 4100 4101 4181
f 4181 4182 4262
f 4262 4263 4343
f 4343 4344 4424
f 4424 4425 4505
f 4505 4506 4586
f 4586 4587 4667
f 4667 4668 4748
f 4748 4749 4829
f 4829 4830 4910
f 4910 4911 4991
f 4991 4992 5072
f 5072 5073 5153
f 5153 5154 5234
f 5234 5235 5315
f 5315 5316 5396
f 5396 5397 5477
f 5477 5478 5558
f 5558 5559 5639
f 5639 5640 5720
f 5720 5721 5801
f 5801 5802 5882
f 5882 5883 5963
f 5963 5964 6044
f 6044 6045 6125
f 6125 6126 6206
f 6206 6207 6287
f 6287 6288 6368
f 6368 6369 6449
f 6449 6450 6530
f 51 52 132
f 132 133 213
f 213 214 294
f 294 295 375
f 375 376 456
f 456 457 537
f 537 538 618
f 618 619 699
f 699 700 780
f 780 781 861
f 861 862 942
f 942 943 1023
f 1023 1024 1104
f 1104 1105 1185
f 1185 1186 1266
f 1266 1267 1347
f 1347 1348 1428
f 1428 1429 1509
f 1509 1510 1590
f 1590 1591 1671
f 1671 1672 1752
f 1752 1753 1833
f 1833 1834 1914
f 1914 1915 1995
f 1995 1996 2076
f 2076 2077 2157
f 2157 2158 2238
f 2238 2239 2319
f 2319 2320 2400
f 2400 2401 2481
f 2481 2482 2562
f 2562 2563 2643
f 2643 2644 2724
f 2724 2725 2805
f 2805 2806 2886
f 2886 2887 2967
f 2967 2968 3048
f 3048 3049 3129
f 3129 3130 3210
f 3210 3211 3291
f 3291 3292 3372
f 3372 3373 3453
f 3453 3454 3534
f 3534 3535 3615
f 3615 3616 3696
f 3696 3697 3777
f 3777 3778 3858
f 3858 3859 3939
f 3939 3940 4020
f 4020 4021 4101
f 4101 4102 4182
f 4182 4183 4263
f 4263 4264 4344
f 4344 4345 4425
f 4425 4426 4506
f 4506 4507 4587
f 4587 4588 4668
f 4668 4669 4749
f 4749 4750 4830
f 4830 4831 4911
f 4911 4912 4992
f 4992 4993 5073
f 5073 5074 5154
f 5154 5155 5235
f 5235 5236 5316
f 5316 5317 5397
f 5397 5398 5478
f 5478 5479 5559
f 5559 5560 5640
f 5640 5641 5721
f 5721 5722 5802
f 5802 5803 5883
f 5883 5884 5964
f 5964 5965 6045
f 6045 6046 6126
f 6126 6127 6207
f 6207 6208 6288
f 6288 6289 6369
f 6369 6370 6450
f 6450 6451 6531
f 52 53 133
f 133 134 214
f 214 215 295
f 295 296 376
f 376 377 457
f 457 458 538
f 538 539 619
f 619 620 700
f 700 701 781
f 781 782 862
f 862 863 943
f 943 944 1024
f 1024 1025 1105
f 1105 1106 1186
f 1186 1187 1267
f 1267 1268 1348
f 1348 1349 1429
f 1429 1430 1510
f 1510 1511 1591
f 1591 1592 1672
f 1672 1673 1753
f 1753 1754 1834
f 1834 1835 1915
f 1915 1916 1996
f 1996 1997 2077
f 2077 2078 2158
f 2158 2159 2239
f 2239 2240 2320
f 2320 2321 2401
f 2401 2402 2482
f 2482 2483 2563
f 2563 2564 2644
f 2644 2645 2725
f 2725 2726 2806
f 2806 2807 2887
f 2887 2888 2968
f 2968 2969 3049
f 3049 3050 3130
f 3130 3131 3211
f 3211 3212 3292
f 3292 3293 3373
f 3373 3374 3454
f 3454 3455 3535
f 3535 3536 3616
f 3616 3617 3697
f 3697 3698 3778
f 3778 3779 3859
f 3859 3860 3940
f 3940 3941 4021
f 4021 4022 4102
f 4102 4103 4183
f 4183 4184 4264
f 4264 4265 4345
f 4345 4346 4426
f 4426 4427 4507
f 4507 4508 4588
f 4588 4589 4669
f 4669 4670 4750
f 4750 4751 4831
f 4831 4832 4912
f 4912 4913 4993
f 4993 4994 5074
f 5074 5075 5155
f 5155 5156 5236
f 5236 5237 5317
f 5317 5318 5398
f 5398 5399 5479
f 5479 5480 5560
f 5560 5561 5641
f 5641 5642 5722
f 5722 5723 5803
f 5803 5804 5884
f 5884 5885 5965
f 5965 5966 6046
f 6046 6047 6127
f 6127 6128 6208
f 6208 6209 6289
f 6289 6290 6370
f 6370 6371 6451
f 6451 6452 6532
f 53 54 134
f 134 135 215
f 215 216 296
f 296 297 377
f 377 378 458
f 458 459 539
f 539 540 620
f 620 621 701
f 701 702 782
f 782 783 863
f 863 864 944
f 944 945 1025
f 1025 1026 1106
f 1106 1107 1187
f 1187 1188 1268
f 1268 1269 1349
f 1349 1350 1430
f 1430 1431 1511
f 1511 1512 1592
f 1592 1593 1673
f 1673 1674 1754
f 1754 1755 1835
f 1835 1836 1916
f 1916 1917 1997
f 1997 1998 2078
f 2078 2079 2159
f 2159 2160 2240
f 2240 2241 2321
f 2321 2322 2402
f 2402 2403 2483
f 2483 2484 2564
f 2564 2565 2645
f 2645 2646 2726
f 2726 2727 2807
f 2807 2808 2888
f 2888 2889 2969
f 2969 2970 3050
f 3050 3051 3131
f 3131 3132 3212
f 3212 3213 3293
f 3293 3294 3374
f 3374 3375 3455
f 3455 3456 3536
f 3536 3537 3617
f 3617 3618 3698
f 3698 3699 3779
f 3779 3780 3860
f 3860 3861 3941
f 3941 3942 4022
f 4022 4023 4103
f 4103 4104 4184
f 4184 4185 4265
f 4265 4266 4346
f 4346 4347 4427
f 4427 4428 4508
f 4508 4509 4589
f 4589 4590 4670
f 4670 4671 4751
f 4751 4752 4832
f 4832 4833 4913
f 4913 4914 4994
f 4994 4995 5075
f 5075 5076 5156
f 5156 5157 5237
f 5237 5238 5318
f 5318 5319 5399
f 5399 5400 5480
f 5480 5481 5561
f 5561 5562 5642
f 5642 5643 5723
f 5723 5724 5804
f 5804 5805 5885
f 5885 5886 5966
f 5966 5967 6047
f 6047 6048 6128
f 6128 6129 6209
f 6209 6210 6290
f 6290 6291 6371
f 6371 6372 6452
f 6452 6453 6533
f 54 55 135
f 135 136 216
f 216 217 297
f 297 298 378
f 378 379 459
f 459 460 540
f 540 541 621
f 621 622 702
f 702 703 783
f 783 784 864
f 864 865 945
f 945 946 1026
f 1026 1027 1107
f 1107 1108 1188
f 1188 1189 1269
f 1269 1270 1350
f 1350 1351 1431
f 1431 1432 1512
f 1512 1513 1593
f 1593 1594 1674
f 1674 1675 1755
f 1755 1756 1836
f 1836 1837 1917
f 1917 1918 1998
f 1998 1999 2079
f 2079 2080 2160
f 2160 2161 2241
f 2241 2242 2322
f 2322 2323 2403
f 2403 2404 2484
f 2484 2485 2565
f 2565 2566 2646
f 2646 2647 2727
f 2727 2728 2808
f 2808 2809 2889
f 2889 2890 2970
f 2970 2971 3051
f 3051 3052 3132
f 3132 3133 3213
f 3213 3214 3294
f 3294 3295 3375
f 3375 3376 3456
f 3456 3457 3537
f 3537 3538 3618
f 3618 3619 3699
f 3699 3700 3780
f 3780 3781 3861
f 3861 3862 3942
f 3942 3943 4023
f 4023 4024 4104
f 4104 4105 4185
f 4185 4186 4266
f 4266 4267 4347
f 4347 4348 4428
f 4428 4429 4509
f 4509 4510 4590
f 4590 4591 4671
f 4671 4672 4752
f 4752 4753 4833
f 4833 4834 4914
f 4914 4915 4995
f 4995 4996 5076
f 5076 5077 5157
f 5157 5158 5238
f 5238 5239 5319
f 5319 5320 5400
f 5400 5401 5481
f 5481 5482 5562
f 5562 5563 5643
f 5643 5644 5724
f 5724 5725 5805
f 5805 5806 5886
f 5886 5887 5967
f 5967 5968 6048
f 6048 6049 6129
f 6129 6130 6210
f 6210 6211 6291
f 6291 6292 6372
f 6372 6373 6453
f 6453 6454 6534
f 55 56 136
f 136 137 217
f 217 218 298
f 298 299 379
f 379 380 460
f 460 461 541
f 541 542 622
f 622 623 703
f 703 704 784
f 784 785 865
f 865 866 946
f 946 947 1027
f 1027 1028 1108
f 1108 1109 1189
f 1189 1190 1270
f 1270 1271 1351
f 1351 1352 1432
f 1432 1433 1513
f 1513 1514 1594
f 1594 1595 1675
f 1675 1676 1756
f 1756 1757 1837
f 1837 1838 1918
f 1918 1919 1999
f 1999 2000 2080
f 2080 2081 2161
f 2161 2162 2242
f 2242 2243 2323
f 2323 2324 2404
f 2404 2405 2485
f 2485 2486 2566
f 2566 2567 2647
f 2647 2648 2728
f 2728 2729 2809
f 2809 2810 2890
f 2890 2891 2971
f 2971 2972 3052
f 3052 3053 3133
f 3133 3134 3214
f 3214 3215 3295
f 3295 3296 3376
f 3376 3377 3457
f 3457 3458 3538
f 3538 3539 3619
f 3619 3620 3700
f 3700 3701 3781
f 3781 3782 3862
f 3862 3863 3943
f 3943 3944 4024
f 4024 4025 4105
f 4105 4106 4186
f 4186 4187 4267
f 4267 4268 4348
f 4348 4349 4429
f 4429 4430 4510
f 4510 4511 4591
f 4591 4592 4672
f 4672 4673 4753
f 4753 4754 4834
f 4834 4835 4915
f 4915 4916 4996
f 4996 4997 5077
f 5077 5078 5158
f 5158 5159 5239
f 5239 5240 5320
f 5320 5321 5401
f 5401 5402 5482
f 5482 5483 5563
f 5563 5564 5644
f 5644 5645 5725
f 5725 5726 5806
f 5806 5807 5887
f 5887 5888 5968
f 5968 5969 6049
f 6049 6050 6130
f 6130 6131 6211
f 6211 6212 6292
f 6292 6293 6373
f 6373 6374 6454
f 6454 6455 6535
f 56 57 137
f 137 138 218
f 218 219 299
f 299 300 380
f 380 381 461
f 461 462 542
f 542 543 623
f 623 624 704
f 704 705 785
f 785 786 866
f 866 867 947
f 947 948 1028
f 1028 1029 1109
f 1109 1110 1190
f 1190 1191 1271
f 1271 1272 1352
f 1352 1353 1433
f 1433 1434 1514
f 1514 1515 1595
f 1595 1596 1676
f 1676 1677 1757
f 1757 1758 1838
f 1838 1839 1919
f 1919 1920 2000
f 2000 2001 2081
f 2081 2082 2162
f 2162 2163 2243
f 2243 2244 2324
f 2324 2325 2405
f 2405 2406 2486
f 2486 2487 2567
f 2567 2568 2648
f 2648 2649 2729
f 2729 2730 2810
f 2810 2811 2891
f 2891 2892 2972
f 2972 2973 3053
f 3053 3054 3134
f 3134 3135 3215
f 3215 3216 3296
f 3296 3297 3377
f 3377 3378 3458
f 3458 3459 3539
f 3539 3540 3620
f 3620 3621 3701
f 3701 3702 3782
f 3782 3783 3863
f 3863 3864 3944
f 3944 3945 4025
f 4025 4026 4106
f 4106 4107 4187
f 4187 4188 4268
f 4268 4269 4349
f 4349 4350 4430
f 4430 4431 4511
f 4511 4512 4592
f 4592 4593 4673
f 4673 4674 4754
f 4754 4755 4835
f 4835 4836 4916
f 4916 4917 4997
f 4997 4998 5078
f 5078 5079 5159
f 5159 5160 5240
f 5240 5241 5321
f 5321 5322 5402
f 5402 5403 5483
f 5483 5484 5564
f 5564 5565 5645
f 5645 5646 5726
f 5726 5727 5807
f 5807 5808 5888
f 5888 5889 5969
f 5969 5970 6050
f 6050 6051 6131
f 6131 6132 6212
f 6212 6213 6293
f 6293 6294 6374
f 6374 6375 6455
f 6455 6456 6536
f 57 58 138
f 138 139 219
f 219 220 300
f 300 301 381
f 381 382 462
f 462 463 543
f 543 544 624
f 624 625 705
f 705 706 786
f 786 787 867
f 867 868 948
f 948 949 1029
f 1029 1030 1110
f 1110 1111 1191
f 1191 1192 1272
f 1272 1273 1353
f 1353 1354 1434
f 1434 1435 1515
f 1515 1516 1596
f 1596 1597 1677
f 1677 1678 1758
f 1758 1759 1839
f 1839 1840 1920
f 1920 1921 2001
f 2001 2002 2082
f 2082 2083 2163
f 2163 2164 2244
f 2244 2245 2325
f 2325 2326 2406
f 2406 2407 2487
f 2487 2488 2568
f 2568 2569 2649
f 2649 2650 2730
f 2730 2731 2811
f 2811 2812 2892
f 2892 2893 2973
f 2973 2974 3054
f 3054 3055 3135
f 3135 3136 3216
f 3216 3217 3297
f 3297 3298 3378
f 3378 3379 3459
f 3459 3460 3540
f 3540 3541 3621
f 3621 3622 3702
f 3702 3703 3783
f 3783 3784 3864
f 3864 3865 3945
f 3945 3946 4026
f 4026 4027 4107
f 4107 4108 4188
f 4188 4189 4269
f 4269 4270 4350
f 4350 4351 4431
f 4431 4432 4512
f 4512 4513 4593
f 4593 4594 4674
f 4674 4675 4755
f 4755 4756 4836
f 4836 4837 4917
f 4917 4918 4998
f 4998 4999 5079
f 5079 5080 5160
f 5160 5161 5241
f 5241 5242 5322
f 5322 5323 5403
f 5403 5404 5484
f 5484 5485 5565
f 5565 5566 5646
f 5646 5647 5727
f 5727 5728 5808
f 5808 5809 5889
f 5889 5890 5970
f 5970 5971 6051
f 6051 6052 6132
f 6132 6133 6213
f 6213 6214 6294
f 6294 6295 6375
f 6375 6376 6456
f 6456 6457 6537
f 58 59 139
f 139 140 220
f 220 221 301
f 301 302 382
f 382 383 463
f 463 464 544
f 544 545 625
f 625 626 706
f 706 707 787
f 787 788 868
f 868 869 949
f 949 950 1030
f 1030 1031 1111
f 1111 1112 1192
f 1192 1193 1273
f 1273 1274 1354
f 1354 1355 1435
f 1435 1436 1516
f 1516 1517 1597
f 1597 1598 1678
f 1678 1679 1759
f 1759 1760 1840
f 1840 1841 1921
f 1921 1922 2002
f 2002 2003 2083
f 2083 2084 2164
f 2164 2165 2245
f 2245 2246 2326
f 2326 2327 2407
f 2407 2408 2488
f 2488 2489 2569
f 2569 2570 2650
f 2650 2651 2731
f 2731 2732 2812
f 2812 2813 2893
f 2893 2894 2974
f 2974 2975 3055
f 3055 3056 3136
f 3136 3137 3217
f 3217 3218 3298
f 3298 3299 3379
f 3379 3380 3460
f 3460 3461 3541
f 3541 3542 3622
f 3622 3623 3703
f 3703 3704 3784
f 3784 3785 3865
f 3865 3866 3946
f 3946 3947 4027
f 4027 4028 4108
f 4108 4109 4189
f 4189 4190 4270
f 4270 4271 4351
f 4351 4352 4432
f 4432 4433 4513
f 4513 4514 4594
f 4594 4595 4675
f 4675 4676 4756
f 4756 4757 4837
f 4837 4838 4918
f 4918 4919 4999
f 4999 5000 5080
f 5080 5081 5161
f 5161 5162 5242
f 5242 5243 5323
f 5323 5324 5404
f 5404 5405 5485
f 5485 5486 5566
f 5566 5567 5647
f 5647 5648 5728
f 5728 5729 5809
f 5809 5810 5890
f 5890 5891 5971
f 5971 5972 6052
f 6052 6053 6133
f 6133 6134 6214
f 6214 6215 6295
f 6295 6296 6376
f 6376 6377 6457
f 6457 6458 6538
f 59 60 140
f 140 141 221
f 221 222 302
f 302 303 383
f 383 384 464
f 464 465 545
f 545 546 626
f 626 627 707
f 707 708 788
f 788 789 869
f 869 870 950
f 950 951 1031
f 1031 1032 1112
f 1112 1113 1193
f 1193 1194 1274
f 1274 1275 1355
f 1355 1356 1436
f 1436 1437 1517
f 1517 1518 1598
f 1598 1599 1679
f 1679 1680 1760
f 1760 1761 1841
f 1841 1842 1922
f 1922 1923 2003
f 2003 2004 2084
f 2084 2085 2165
f 2165 2166 2246
f 2246 2247 2327
f 2327 2328 2408
f 2408 2409 2489
f 2489 2490 2570
f 2570 2571 2651
f 2651 2652 2732
f 2732 2733 2813
f 2813 2814 2894
f 2894 2895 2975
f 2975 2976 3056
f 3056 3057 3137
f 3137 3138 3218
f 3218 3219 3299
f 3299 3300 3380
f 3380 3381 3461
f 3461 3462 3542
f 3542 3543 3623
f 3623 3624 3704
f 3704 3705 3785
f 3785 3786 3866
f 3866 3867 3947
f 3947 3948 4028
f 4028 4029 4109
f 4109 4110 4190
f 4190 4191 4271
f 4271 4272 4352
f 4352 4353 4433
f 4433 4434 4514
f 4514 4515 4595
f 4595 4596 4676
f 4676 4677 4757
f 4757 4758 4838
f 4838 4839 4919
f 4919 4920 5000
f 5000 5001 5081
f 5081 5082 5162
f 5162 5163 5243
f 5243 5244 5324
f 5324 5325 5405
f 5405 5406 5486
f 5486 5487 5567
f 5567 5568 5648
f 5648 5649 5729
f 5729 5730 5810
f 5810 5811 5891
f 5891 5892 5972
f 5972 5973 6053
f 6053 6054 6134
f 6134 6135 6215
f 6215 6216 6296
f 6296 6297 6377
f 6377 6378 6458
f 6458 6459 6539
f 60 61 141
f 141 142 222
f 222 223 303
f 303 304 384
f 384 385 465
f 465 466 546
f 546 547 627
f 627 628 708
f 708 709 789
f 789 790 870
f 870 871 951
f 951 952 1032
f 1032 1033 1113
f 1113 1114 1194
f 1194 1195 1275
f 1275 1276 1356
f 1356 1357 1437
f 1437 1438 1518
f 1518 1519 1599
f 1599 1600 1680
f 1680 1681 1761
f 1761 1762 1842
f 1842 1843 1923
f 1923 1924 2004
f 2004 2005 2085
f 2085 2086 2166
f 2166 2167 2247
f 2247 2248 2328
f 2328 2329 2409
f 2409 2410 2490
f 2490 2491 2571
f 2571 2572 2652
f 2652 2653 2733
f 2733 2734 2814
f 2814 2815 2895
f 2895 2896 2976
f 2976 2977 3057
f 3057 3058 3138
f 3138 3139 3219
f 3219 3220 3300
f 3300 3301 3381
f 3381 3382 3462
f 3462 3463 3543
f 3543 3544 3624
f 3624 3625 3705
f 3705 3706 3786
f 3786 3787 3867
f 3867 3868 3948
f 3948 3949 4029
f 4029 4030 4110
f 4110 4111 4191
f 4191 4192 4272
f 4272 4273 4353
f 4353 4354 4434
f 4434 4435 4515
f 4515 4516 4596
f 4596 4597 4677
f 4677 4678 4758
f 4758 4759 4839
f 4839 4840 4920
f 4920 4921 5001
f 5001 5002 5082
f 5082 5083 5163
f 5163 5164 5244
f 5244 5245 5325
f 5325 5326 5406
f 5406 5407 5487
f 5487 5488 5568
f 5568 5569 5649
f 5649 5650 5730
f 5730 5731 5811
f 5811 5812 5892
f 5892 5893 5973
f 5973 5974 6054
f 6054 6055 6135
f 6135 6136 6216
f 6216 6217 6297
f 6297 6298 6378
f 6378 6379 6459
f 6459 6460 6540
f 61 62 142
f 142 143 223
f 223 224 304
f 304 305 385
f 385 386 466
f 466 467 547
f 547 548 628
f 628 629 709
f 709 710 790
f 790 791 871
f 871 872 952
f 952 953 1033
f 1033 1034 1114
f 1114 1115 1195
f 1195 1196 1276
f 1276 1277 1357
f 1357 1358 1438
f 1438 1439 1519
f 1519 1520 1600
f 1600 1601 1681
f 1681 1682 1762
f 1762 1763 1843
f 1843 1844 1924
f 1924 1925 2005
f 2005 2006 2086
f 2086 2087 2167
f 2167 2168 2248
f 2248 2249 2329
f 2329 2330 2410
f 2410 2411 2491
f 2491 2492 2572
f 2572 2573 2653
f 2653 2654 2734
f 2734 2735 2815
f 2815 2816 2896
f 2896 2897 2977
f 2977 2978 3058
f 3058 3059 3139
f 3139 3140 3220
f 3220 3221 3301
f 3301 3302 3382
f 3382 3383 3463
f 3463 3464 3544
f 3544 3545 3625
f 3625 3626 3706
f 3706 3707 3787
f 3787 3788 3868
f 3868 3869 3949
f 3949 3950 4030
f 4030 4031 4111
f 4111 4112 4192
f 4192 4193 4273
f 4273 4274 4354
f 4354 4355 4435
f 4435 4436 4516
f 4516 4517 4597
f 4597 4598 4678
f 4678 4679 4759
f 4759 4760 4840
f 4840 4841 4921
f 4921 4922 5002
f 5002 5003 5083
f 5083 5084 5164
f 5164 5165 5245
f 5245 5246 5326
f 5326 5327 5407
f 5407 5408 5488
f 5488 5489 5569
f 5569 5570 5650
f 5650 5651 5731
f 5731 5732 5812
f 5812 5813 5893
f 5893 5894 5974
f 5974 5975 6055
f 6055 6056 6136
f 6136 6137 6217
f 6217 6218 6298
f 6298 6299 6379
f 6379 6380 6460
f 6460 6461 6541
f 62 63 143
f 143 144 224
f 224 225 305
f 305 306 386
f 386 387 467
f 467 468 548
f 548 549 629
f 629 630 710
f 710 711 791
f 791 792 872
f 872 873 953
f 953 954 1034
f 1034 1035 1115
f 1115 1116 1196
f 1196 1197 1277
f 1277 1278 1358
f 1358 1359 1439
f 1439 1440 1520
f 1520 1521 1601
f 1601 1602 1682
f 1682 1683 1763
f 1763 1764 1844
f 1844 1845 1925
f 1925 1926 2006
f 2006 2007 2087
f 2087 2088 2168
f 2168 2169 2249
f 2249 2250 2330
f 2330 2331 2411
f 2411 2412 2492
f 2492 2493 2573
f 2573 2574 2654
f 2654 2655 2735
f 2735 2736 2816
f 2816 2817 2897
f 2897 2898 2978
f 2978 2979 3059
f 3059 3060 3140
f 3140 3141 3221
f 3221 3222 3302
f 3302 3303 3383
f 3383 3384 3464
f 3464 3465 3545
f 3545 3546 3626
f 3626 3627 3707
f 3707 3708 3788
f 3788 3789 3869
f 3869 3870 3950
f 3950 3951 4031
f 4031 4032 4112
f 4112 4113 4193
f 4193 4194 4274
f 4274 4275 4355
f 4355 4356 4436
f 4436 4437 4517
f 4517 4518 4598
f 4598 4599 4679
f 4679 4680 4760
f 4760 4761 4841
f 4841 4842 4922
f 4922 4923 5003
f 5003 5004 5084
f 5084 5085 5165
f 5165 5166 5246
f 5246 5247 5327
f 5327 5328 5408
f 5408 5409 5489
f 5489 5490 5570
f 5570 5571 5651
f 5651 5652 5732
f 5732 5733 5813
f 5813 5814 5894
f 5894 5895 5975
f 5975 5976 6056
f 6056 6057 6137
f 6137 6138 6218
f 6218 6219 6299
f 6299 6300 6380
f 6380 6381 6461
f 6461 6462 6542
f 63 64 144
f 144 145 225
f 225 226 306
f 306 307 387
f 387 388 468
f 468 469 549
f 549 550 630
f 630 631 711
f 711 712 792
f 792 793 873
f 873 874 954
f 954 955 1035
f 1035 1036 1116
f 1116 1117 1197
f 1197 1198 1278
f 1278 1279 1359
f 1359 1360 1440
f 1440 1441 1521
f 1521 1522 1602
f 1602 1603 1683
f 1683 1684 1764
f 1764 1765 1845
f 1845 1846 1926
f 1926 1927 2007
f 2007 2008 2088
f 2088 2089 2169
f 2169 2170 2250
f 2250 2251 2331
f 2331 2332 2412
f 2412 2413 2493
f 2493 2494 2574
f 2574 2575 2655
f 2655 2656 2736
f 2736 2737 2817
f 2817 2818 2898
f 2898 2899 2979
f 2979 2980 3060
f 3060 3061 3141
f 3141 3142 3222
f 3222 3223 3303
f 3303 3304 3384
f 3384 3385 3465
f 3465 3466 3546
f 3546 3547 3627
f 3627 3628 3708
f 3708 3709 3789
f 3789 3790 3870
f 3870 3871 3951
f 3951 3952 4032
f 4032 4033 4113
f 4113 4114 4194
f 4194 4195 4275
f 4275 4276 4356
f 4356 4357 4437
f 4437 4438 4518
f 4518 4519 4599
f 4599 4600 4680
f 4680 4681 4761
f 4761 4762 4842
f 4842 4843 4923
f 4923 4924 5004
f 5004 5005 5085
f 5085 5086 5166
f 5166 5167 5247
f 5247 5248 5328
f 5328 5329 5409
f 5409 5410 5490
f 5490 5491 5571
f 5571 5572 5652
f 5652 5653 5733
f 5733 5734 5814
f 5814 5815 5895
f 5895 5896 5976
f 5976 5977 6057
f 6057 6058 6138
f 6138 6139 6219
f 6219 6220 6300
f 6300 6301 6381
f 6381 6382 6462
f 6462 6463 6543
f 64 65 145
f 145 146 226
f 226 227 307
f 307 308 388
f 388 389 469
f 469 470 550
f 550 551 631
f 631 632 712
f 712 713 793
f 793 794 874
f 874 875 955
f 955 956 1036
f 1036 1037 1117
f 1117 1118 1198
f 1198 1199 1279
f 1279 1280 1360
f 1360 1361 1441
f 1441 1442 1522
f 1522 1523 1603
f 1603 1604 1684
f 1684 1685 1765
f 1765 1766 1846
f 1846 1847 1927
f 1927 1928 2008
f 2008 2009 2089
f 2089 2090 2170
f 2170 2171 2251
f 2251 2252 2332
f 2332 2333 2413
f 2413 2414 2494
f 2494 2495 2575
f 2575 2576 2656
f 2656 2657 2737
f 2737 2738 2818
f 2818 2819 2899
f 2899 2900 2980
f 2980 2981 3061
f 3061 3062 3142
f 3142 3143 3223
f 3223 3224 3304
f 3304 3305 3385
f 3385 3386 3466
f 3466 3467 3547
f 3547 3548 3628
f 3628 3629 3709
f 3709 3710 3790
f 3790 3791 3871
f 3871 3872 3952
f 3952 3953 4033
f 4033 4034 4114
f 4114 4115 4195
f 4195 4196 4276
f 4276 4277 4357
f 4357 4358 4438
f 4438 4439 4519
f 4519 4520 4600
f 4600 4601 4681
f 4681 4682 4762
f 4762 4763 4843
f 4843 4844 4924
f 4924 4925 5005
f 5005 5006 5086
f 5086 5087 5167
f 5167 5168 5248
f 5248 5249 5329
f 5329 5330 5410
f 5410 5411 5491
f 5491 5492 5572
f 5572 5573 5653
f 5653 5654 5734
f 5734 5735 5815
f 5815 5816 5896
f 5896 5897 5977
f 5977 5978 6058
f 6058 6059 6139
f 6139 6140 6220
f 6220 6221 6301
f 6301 6302 6382
f 6382 6383 6463
f 6463 6464 6544
f 65 66 146
f 146 147 227
f 227 228 308
f 308 309 389
f 389 390 470
f 470 471 551
f 551 552 632
f 632 633 713
f 713 714 794
f 794 795 875
f 875 876 956
f 956 957 1037
f 1037 1038 1118
f 1118 1119 1199
f 1199 1200 1280
f 1280 1281 1361
f 1361 1362 1442
f 1442 1443 1523
f 1523 1524 1604
f 1604 1605 1685
f 1685 1686 1766
f 1766 1767 1847
f 1847 1848 1928
f 1928 1929 2009
f 2009 2010 2090
f 2090 2091 2171
f 2171 2172 2252
f 2252 2253 2333
f 2333 2334 2414
f 2414 2415 2495
f 2495 2496 2576
f 2576 2577 2657
f 2657 2658 2738
f 2738 2739 2819
f 2819 2820 2900
f 2900 2901 2981
f 2981 2982 3062
f 3062 3063 3143
f 3143 3144 3224
f 3224 3225 3305
f 3305 3306 3386
f 3386 3387 3467
f 3467 3468 3548
f 3548 3549 3629
f 3629 3630 3710
f 3710 3711 3791
f 3791 3792 3872
f 3872 3873 3953
f 3953 3954 4034
f 4034 4035 4115
f 4115 4116 4196
f 4196 4197 4277
f 4277 4278 4358
f 4358 4359 4439
f 4439 4440 4520
f 4520 4521 4601
f 4601 4602 4682
f 4682 4683 4763
f 4763 4764 4844
f 4844 4845 4925
f 4925 4926 5006
f 5006 5007 5087
f 5087 5088 5168
f 5168 5169 5249
f 5249 5250 5330
f 5330 5331 5411
f 5411 5412 5492
f 5492 5493 5573
f 5573 5574 5654
f 5654 5655 5735
f 5735 5736 5816
f 5816 5817 5897
f 5897 5898 5978
f 5978 5979 6059
f 6059 6060 6140
f 6140 6141 6221
f 6221 6222 6302
f 6302 6303 6383
f 6383 6384 6464
f 6464 6465 6545
f 66 67 147
f 147 148 228
f 228 229 309
f 309 310 390
f 390 391 471
f 471 472 552
f 552 553 633
f 633 634 714
f 714 715 795
f 795 796 876
f 876 877 957
f 957 958 1038
f 1038 1039 1119
f 1119 1120 1200
f 1200 1201 1281
f 1281 1282 1362
f 1362 1363 1443
f 1443 1444 1524
f 1524 1525 1605
f 1605 1606 1686
f 1686 1687 1767
f 1767 1768 1848
f 1848 1849 1929
f 1929 1930 2010
f 2010 2011 2091
f 2091 2092 2172
f 2172 2173 2253
f 2253 2254 2334
f 2334 2335 2415
f 2415 2416 2496
f 2496 2497 2577
f 2577 2578 2658
f 2658 2659 2739
f 2739 2740 2820
f 2820 2821 2901
f 2901 2902 2982
f 2982 2983 3063
f 3063 3064 3144
f 3144 3145 3225
f 3225 3226 3306
f 3306 3307 3387
f 3387 3388 3468
f 3468 3469 3549
f 3549 3550 3630
f 3630 3631 3711
f 3711 3712 3792
f 3792 3793 3873
f 3873 3874 3954
f 3954 3955 4035
f 4035 4036 4116
f 4116 4117 4197
f 4197 4198 4278
f 4278 4279 4359
f 4359 4360 4440
f 4440 4441 4521
f 4521 4522 4602
f 4602 4603 4683
f 4683 4684 4764
f 4764 4765 4845
f 4845 4846 4926
f 4926 4927 5007
f 5007 5008 5088
f 5088 5089 5169
f 5169 5170 5250
f 5250 5251 5331
f 5331 5332 5412
f 5412 5413 5493
f 5493 5494 5574
f 5574 5575 5655
f 5655 5656 5736
f 5736 5737 5817
f 5817 5818 5898
f 5898 5899 5979
f 5979 5980 6060
f 6060 6061 6141
f 6141 6142 6222
f 6222 6223 6303
f 6303 6304 6384
f 6384 6385 6465
f 6465 6466 6546
f 67 68 148
f 148 149 229
f 229 230 310
f 310 311 391
f 391 392 472
f 472 473 553
f 553 554 634
f 634 635 715
f 715 716 796
f 796 797 877
f 877 878 958
f 958 959 1039
f 1039 1040 1120
f 1120 1121 1201
f 1201 1202 1282
f 1282 1283 1363
f 1363 1364 1444
f 1444 1445 1525
f 1525 1526 1606
f 1606 1607 1687
f 1687 1688 1768
f 1768 1769 1849
f 1849 1850 1930
f 1930 1931 2011
f 2011 2012 2092
f 2092 2093 2173
f 2173 2174 2254
f 2254 2255 2335
f 2335 2336 2416
f 2416 2417 2497
f 2497 2498 2578
f 2578 2579 2659
f 2659 2660 2740
f 2740 2741 2821
f 2821 2822 2902
f 2902 2903 2983
f 2983 2984 3064
f 3064 3065 3145
f 3145 3146 3226
f 3226 3227 3307
f 3307 3308 3388
f 3388 3389 3469
f 3469 3470 3550
f 3550 3551 3631
f 3631 3632 3712
f 3712 3713 3793
f 3793 3794 3874
f 3874 3875 3955
f 3955 3956 4036
f 4036 4037 4117
f 4117 4118 4198
f 4198 4199 4279
f 4279 4280 4360
f 4360 4361 4441
f 4441 4442 4522
f 4522 4523 4603
f 4603 4604 4684
f 4684 4685 4765
f 4765 4766 4846
f 4846 4847 4927
f 4927 4928 5008
f 5008 5009 5089
f 5089 5090 5170
f 5170 5171 5251
f 5251 5252 5332
f 5332 5333 5413
f 5413 5414 5494
f 5494 5495 5575
f 5575 5576 5656
f 5656 5657 5737
f 5737 5738 5818
f 5818 5819 5899
f 5899 5900 5980
f 5980 5981 6061
f 6061 6062 6142
f 6142 6143 6223
f 6223 6224 6304
f 6304 6305 6385
f 6385 6386 6466
f 6466 6467 6547
f 68 69 149
f 149 150 230
f 230 231 311
f 311 312 392
f 392 393 473
f 473 474 554
f 554 555 635
f 635 636 716
f 716 717 797
f 797 798 878
f 878 879 959
f 959 960 1040
f 1040 1041 1121
f 1121 1122 1202
f 1202 1203 1283
f 1283 1284 1364
f 1364 1365 1445
f 1445 1446 1526
f 1526 1527 1607
f 1607 1608 1688
f 1688 1689 1769
f 1769 1770 1850
f 1850 1851 1931
f 1931 1932 2012
f 2012 2013 2093
f 2093 2094 2174
f 2174 2175 2255
f 2255 2256 2336
f 2336 2337 2417
f 2417 2418 2498
f 2498 2499 2579
f 2579 2580 2660
f 2660 2661 2741
f 2741 2742 2822
f 2822 2823 2903
f 2903 2904 2984
f 2984 2985 3065
f 3065 3066 3146
f 3146 3147 3227
f 3227 3228 3308
f 3308 3309 3389
f 3389 3390 3470
f 3470 3471 3551
f 3551 3552 3632
f 3632 3633 3713
f 3713 3714 3794
f 3794 3795 3875
f 3875 3876 3956
f 3956 3957 4037
f 4037 4038 4118
f 4118 4119 4199
f 4199 4200 4280
f 4280 4281 4361
f 4361 4362 4442
f 4442 4443 4523
f 4523 4524 4604
f 4604 4605 4685
f 4685 4686 4766
f 4766 4767 4847
f 4847 4848 4928
f 4928 4929 5009
f 5009 5010 5090
f 5090 5091 5171
f 5171 5172 5252
f 5252 5253 5333
f 5333 5334 5414
f 5414 5415 5495
f 5495 5496 5576
f 5576 5577 5657
f 5657 5658 5738
f 5738 5739 5819
f 5819 5820 5900
f 5900 5901 5981
f 5981 5982 6062
f 6062 6063 6143
f 6143 6144 6224
f 6224 6225 6305
f 6305 6306 6386
f 6386 6387 6467
f 6467 6468 6548
f 69 70 150
f 150 151 231
f 231 232 312
f 312 313 393
f 393 394 474
f 474 475 555
f 555 556 636
f 636 637 717
f 717 718 798
f 798 799 879
f 879 880 960
f 960 961 1041
f 1041 1042 1122
f 1122 1123 1203
f 1203 1204 1284
f 1284 1285 1365
f 1365 1366 1446
f 1446 1447 1527
f 1527 1528 1608
f 1608 1609 1689
f 1689 1690 1770
f 1770 1771 1851
f 1851 1852 1932
f 1932 1933 2013
f 2013 2014 2094
f 2094 2095 2175
f 2175 2176 2256
f 2256 2257 2337
f 2337 2338 2418
f 2418 2419 2499
f 2499 2500 2580
f 2580 2581 2661
f 2661 2662 2742
f 2742 2743 2823
f 2823 2824 2904
f 2904 2905 2985
f 2985 2986 3066
f 3066 3067 3147
f 3147 3148 3228
f 3228 3229 3309
f 3309 3310 3390
f 3390 3391 3471
f 3471 3472 3552
f 3552 3553 3633
f 3633 3634 3714
f 3714 3715 3795
f 3795 3796 3876
f 3876 3877 3957
f 3957 3958 4038
f 4038 4039 4119
f 4119 4120 4200
f 4200 4201 4281
f 4281 4282 4362
f 4362 4363 4443
f 4443 4444 4524
f 4524 4525 4605
f 4605 4606 4686
f 4686 4687 4767
f 4767 4768 4848
f 4848 4849 4929
f 4929 4930 5010
f 5010 5011 5091
f 5091 5092 5172
f 5172 5173 5253
f 5253 5254 5334
f 5334 5335 5415
f 5415 5416 5496
f 5496 5497 5577
f 5577 5578 5658
f 5658 5659 5739
f 5739 5740 5820
f 5820 5821 5901
f 5901 5902 5982
f 5982 5983 6063
f 6063 6064 6144
f 6144 6145 6225
f 6225 6226 6306
f 6306 6307 6387
f 6387 6388 6468
f 6468 6469 6549
f 70 71 151
f 151 152 232
f 232 233 313
f 313 314 394
f 394 395 475
f 475 476 556
f 556 557 637
f 637 638 718
f 718 719 799
f 799 800 880
f 880 881 961
f 961 962 1042
f 1042 1043 1123
f 1123 1124 1204
f 1204 1205 1285
f 1285 1286 1366
f 1366 1367 1447
f 1447 1448 1528
f 1528 1529 1609
f 1609 1610 1690
f 1690 1691 1771
f 1771 1772 1852
f 1852 1853 1933
f 1933 1934 2014
f 2014 2015 2095
f 2095 2096 2176
f 2176 2177 2257
f 2257 2258 2338
f 2338 2339 2419
f 2419 2420 2500
f 2500 2501 2581
f 2581 2582 2662
f 2662 2663 2743
f 2743 2744 2824
f 2824 2825 2905
f 2905 2906 2986
f 2986 2987 3067
f 3067 3068 3148
f 3148 3149 3229
f 3229 3230 3310
f 3310 3311 3391
f 3391 3392 3472
f 3472 3473 3553
f 3553 3554 3634
f 3634 3635 3715
f 3715 3716 3796
f 3796 3797 3877
f 3877 3878 3958
f 3958 3959 4039
f 4039 4040 4120
f 4120 4121 4201
f 4201 4202 4282
f 4282 4283 4363
f 4363 4364 4444
f 4444 4445 4525
f 4525 4526 4606
f 4606 4607 4687
f 4687 4688 4768
f 4768 4769 4849
f 4849 4850 4930
f 4930 4931 5011
f 5011 5012 5092
f 5092 5093 5173
f 5173 5174 5254
f 5254 5255 5335
f 5335 5336 5416
f 5416 5417 5497
f 5497 5498 5578
f 5578 5579 5659
f 5659 5660 5740
f 5740 5741 5821
f 5821 5822 5902
f 5902 5903 5983
f 5983 5984 6064
f 6064 6065 6145
f 6145 6146 6226
f 6226 6227 6307
f 6307 6308 6388
f 6388 6389 6469
f 6469 6470 6550
f 71 72 152
f 152 153 233
f 233 234 314
f 314 315 395
f 395 396 476
f 476 477 557
f 557 558 638
f 638 639 719
f 719 720 800
f 800 801 881
f 881 882 962
f 962 963 1043
f 1043 1044 1124
f 1124 1125 1205
f 1205 1206 1286
f 1286 1287 1367
f 1367 1368 1448
f 1448 1449 1529
f 1529 1530 1610
f 1610 1611 1691
f 1691 1692 1772
f 1772 1773 1853
f 1853 1854 1934
f 1934 1935 2015
f 2015 2016 2096
f 2096 2097 2177
f 2177 2178 2258
f 2258 2259 2339
f 2339 2340 2420
f 2420 2421 2501
f 2501 2502 2582
f 2582 2583 2663
f 2663 2664 2744
f 2744 2745 2825
f 2825 2826 2906
f 2906 2907 2987
f 2987 2988 3068
f 3068 3069 3149
f 3149 3150 3230
f 3230 3231 3311
f 3311 3312 3392
f 3392 3393 3473
f 3473 3474 3554
f 3554 3555 3635
f 3635 3636 3716
f 3716 3717 3797
f 3797 3798 3878
f 3878 3879 3959
f 3959 3960 4040
f 4040 4041 4121
f 4121 4122 4202
f 4202 4203 4283
f 4283 4284 4364
f 4364 4365 4445
f 4445 4446 4526
f 4526 4527 4607
f 4607 4608 4688
f 4688 4689 4769
f 4769 4770 4850
f 4850 4851 4931
f 4931 4932 5012
f 5012 5013 5093
f 5093 5094 5174
f 5174 5175 5255
f 5255 5256 5336
f 5336 5337 5417
f 5417 5418 5498
f 5498 5499 5579
f 5579 5580 5660
f 5660 5661 5741
f 5741 5742 5822
f 5822 5823 5903
f 5903 5904 5984
f 5984 5985 6065
f 6065 6066 6146
f 6146 6147 6227
f 6227 6228 6308
f 6308 6309 6389
f 6389 6390 6470
f 6470 6471 6551
f 72 73 153
f 153 154 234
f 234 235 315
f 315 316 396
f 396 397 477
f 477 478 558
f 558 559 639
f 639 640 720
f 720 721 801
f 801 802 882
f 882 883 963
f 963 964 1044
f 1044 1045 1125
f 1125 1126 1206
f 1206 1207 1287
f 1287 1288 1368
f 1368 1369 1449
f 1449 1450 1530
f 1530 1531 1611
f 1611 1612 1692
f 1692 1693 1773
f 1773 1774 1854
f 1854 1855 1935
f 1935 1936 2016
f 2016 2017 2097
f 2097 2098 2178
f 2178 2179 2259
f 2259 2260 2340
f 2340 2341 2421
f 2421 2422 2502
f 2502 2503 2583
f 2583 2584 2664
f 2664 2665 2745
f 2745 2746 2826
f 2826 2827 2907
f 2907 2908 2988
f 2988 2989 3069
f 3069 3070 3150
f 3150 3151 3231
f 3231 3232 3312
f 3312 3313 3393
f 3393 3394 3474
f 3474 3475 3555
f 3555 3556 3636
f 3636 3637 3717
f 3717 3718 3798
f 3798 3799 3879
f 3879 3880 3960
f 3960 3961 4041
f 4041 4042 4122
f 4122 4123 4203
f 4203 4204 4284
f 4284 4285 4365
f 4365 4366 4446
f 4446 4447 4527
f 4527 4528 4608
f 4608 4609 4689
f 4689 4690 4770
f 4770 4771 4851
f 4851 4852 4932
f 4932 4933 5013
f 5013 5014 5094
f 5094 5095 5175
f 5175 5176 5256
f 5256 5257 5337
f 5337 5338 5418
f 5418 5419 5499
f 5499 5500 5580
f 5580 5581 5661
f 5661 5662 5742
f 5742 5743 5823
f 5823 5824 5904
f 5904 5905 5985
f 5985 5986 6066
f 6066 6067 6147
f 6147 6148 6228
f 6228 6229 6309
f 6309 6310 6390
f 6390 6391 6471
f 6471 6472 6552
f 73 74 154
f 154 155 235
f 235 236 316
f 316 317 397
f 397 398 478
f 478 479 559
f 559 560 640
f 640 641 721
f 721 722 802
f 802 803 883
f 883 884 964
f 964 965 1045
f 1045 1046 1126
f 1126 1127 1207
f 1207 1208 1288
f 1288 1289 1369
f 1369 1370 1450
f 1450 1451 1531
f 1531 1532 1612
f 1612 1613 1693
f 1693 1694 1774
f 1774 1775 1855
f 1855 1856 1936
f 1936 1937 2017
f 2017 2018 2098
f 2098 2099 2179
f 2179 2180 2260
f 2260 2261 2341
f 2341 2342 2422
f 2422 2423 2503
f 2503 2504 2584
f 2584 2585 2665
f 2665 2666 2746
f 2746 2747 2827
f 2827 2828 2908
f 2908 2909 2989
f 2989 2990 3070
f 3070 3071 3151
f 3151 3152 3232
f 3232 3233 3313
f 3313 3314 3394
f 3394 3395 3475
f 3475 3476 3556
f 3556 3557 3637
f 3637 3638 3718
f 3718 3719 3799
f 3799 3800 3880
f 3880 3881 3961
f 3961 3962 4042
f 4042 4043 4123
f 4123 4124 4204
f 4204 4205 4285
f 4285 4286 4366
f 4366 4367 4447
f 4447 4448 4528
f 4528 4529 4609
f 4609 4610 4690
f 4690 4691 4771
f 4771 4772 4852
f 4852 4853 4933
f 4933 4934 5014
f 5014 5015 5095
f 5095 5096 5176
f 5176 5177 5257
f 5257 5258 5338
f 5338 5339 5419
f 5419 5420 5500
f 5500 5501 5581
f 5581 5582 5662
f 5662 5663 5743
f 5743 5744 5824
f 5824 5825 5905
f 5905 5906 5986
f 5986 5987 6067
f 6067 6068 6148
f 6148 6149 6229
f 6229 6230 6310
f 6310 6311 6391
f 6391 6392 6472
f 6472 6473 6553
f 74 75 155
f 155 156 236
f 236 237 317
f 317 318 398
f 398 399 479
f 479 480 560
f 560 561 641
f 641 642 722
f 722 723 803
f 803 804 884
f 884 885 965
f 965 966 1046
f 1046 1047 1127
f 1127 1128 1208
f 1208 1209 1289
f 1289 1290 1370
f 1370 1371 1451
f 1451 1452 1532
f 1532 1533 1613
f 1613 1614 1694
f 1694 1695 1775
f 1775 1776 1856
f 1856 1857 1937
f 1937 1938 2018
f 2018 2019 2099
f 2099 2100 2180
f 2180 2181 2261
f 2261 2262 2342
f 2342 2343 2423
f 2423 2424 2504
f 2504 2505 2585
f 2585 2586 2666
f 2666 2667 2747
f 2747 2748 2828
f 2828 2829 2909
f 2909 2910 2990
f 2990 2991 3071
f 3071 3072 3152
f 3152 3153 3233
f 3233 3234 3314
f 3314 3315 3395
f 3395 3396 3476
f 3476 3477 3557
f 3557 3558 3638
f 3638 3639 3719
f 3719 3720 3800
f 3800 3801 3881
f 3881 3882 3962
f 3962 3963 4043
f 4043 4044 4124
f 4124 4125 4205
f 4205 4206 4286
f 4286 4287 4367
f 4367 4368 4448
f 4448 4449 4529
f 4529 4530 4610
f 4610 4611 4691
f 4691 4692 4772
f 4772 4773 4853
f 4853 4854 4934
f 4934 4935 5015
f 5015 5016 5096
f 5096 5097 5177
f 5177 5178 5258
f 5258 5259 5339
f 5339 5340 5420
f 5420 5421 5501
f 5501 5502 5582
f 5582 5583 5663
f 5663 5664 5744
f 5744 5745 5825
f 5825 5826 5906
f 5906 5907 5987
f 5987 5988 6068
f 6068 6069 6149
f 6149 6150 6230
f 6230 6231 6311
f 6311 6312 6392
f 6392 6393 6473
f 6473 6474 6554
f 75 76 156
f 156 157 237
f 237 238 318
f 318 319 399
f 399 400 480
f 480 481 561
f 561 562 642
f 642 643 723
f 723 724 804
f 804 805 885
f 885 886 966
f 966 967 1047
f 1047 1048 1128
f 1128 1129 1209
f 1209 1210 1290
f 1290 1291 1371
f 1371 1372 1452
f 1452 1453 1533
f 1533 1534 1614
f 1614 1615 1695
f 1695 1696 1776
f 1776 1777 1857
f 1857 1858 1938
f 1938 1939 2019
f 2019 2020 2100
f 2100 2101 2181
f 2181 2182 2262
f 2262 2263 2343
f 2343 2344 2424
f 2424 2425 2505
f 2505 2506 2586
f 2586 2587 2667
f 2667 2668 2748
f 2748 2749 2829
f 2829 2830 2910
f 2910 2911 2991
f 2991 2992 3072
f 3072 3073 3153
f 3153 3154 3234
f 3234 3235 3315
f 3315 3316 3396
f 3396 3397 3477
f 3477 3478 3558
f 3558 3559 3639
f 3639 3640 3720
f 3720 3721 3801
f 3801 3802 3882
f 3882 3883 3963
f 3963 3964 4044
f 4044 4045 4125
f 4125 4126 4206
f 4206 4207 4287
f 4287 4288 4368
f 4368 4369 4449
f 4449 4450 4530
f 4530 4531 4611
f 4611 4612 4692
f 4692 4693 4773
f 4773 4774 4854
f 4854 4855 4935
f 4935 4936 5016
f 5016 5017 5097
f 5097 5098 5178
f 5178 5179 5259
f 5259 5260 5340
f 5340 5341 5421
f 5421 5422 5502
f 5502 5503 5583
f 5583 5584 5664
f 5664 5665 5745
f 5745 5746 5826
f 5826 5827 5907
f 5907 5908 5988
f 5988 5989 6069
f 6069 6070 6150
f 6150 6151 6231
f 6231 6232 6312
f 6312 6313 6393
f 6393 6394 6474
f 6474 6475 6555
f 76 77 157
f 157 158 238
f 238 239 319
f 319 320 400
f 400 401 481
f 481 482 562
f 562 563 643
f 643 644 724
f 724 725 805
f 805 806 886
f 886 887 967
f 967 968 1048
f 1048 1049 1129
f 1129 1130 1210
f 1210 1211 1291
f 1291 1292 1372
f 1372 1373 1453
f 1453 1454 1534
f 1534 1535 1615
f 1615 1616 1696
f 1696 1697 1777
f 1777 1778 1858
f 1858 1859 1939
f 1939 1940 2020
f 2020 2021 2101
f 2101 2102 2182
f 2182 2183 2263
f 2263 2264 2344
f 2344 2345 2425
f 2425 2426 2506
f 2506 2507 2587
f 2587 2588 2668
f 2668 2669 2749
f 2749 2750 2830
f 2830 2831 2911
f 2911 2912 2992
f 2992 2993 3073
f 3073 3074 3154
f 3154 3155 3235
f 3235 3236 3316
f 3316 3317 3397
f 3397 3398 3478
f 3478 3479 3559
f 3559 3560 3640
f 3640 3641 3721
f 3721 3722 3802
f 3802 3803 3883
f 3883 3884 3964
f 3964 3965 4045
f 4045 4046 4126
f 4126 4127 4207
f 4207 4208 4288
f 4288 4289 4369
f 4369 4370 4450
f 4450 4451 4531
f 4531 4532 4612
f 4612 4613 4693
f 4693 4694 4774
f 4774 4775 4855
f 4855 4856 4936
f 4936 4937 5017
f 5017 5018 5098
f 5098 5099 5179
f 5179 5180 5260
f 5260 5261 5341
f 5341 5342 5422
f 5422 5423 5503
f 5503 5504 5584
f 5584 5585 5665
f 5665 5666 5746
f 5746 5747 5827
f 5827 5828 5908
f 5908 5909 5989
f 5989 5990 6070
f 6070 6071 6151
f 6151 6152 6232
f 6232 6233 6313
f 6313 6314 6394
f 6394 6395 6475
f 6475 6476 6556
f 77 78 158
f 158 159 239
f 239 240 320
f 320 321 401
f 401 402 482
f 482 483 563
f 563 564 644
f 644 645 725
f 725 726 806
f 806 807 887
f 887 888 968
f 968 969 1049
f 1049 1050 1130
f 1130 1131 1211
f 1211 1212 1292
f 1292 1293 1373
f 1373 1374 1454
f 1454 1455 1535
f 1535 1536 1616
f 1616 1617 1697
f 1697 1698 1778
f 1778 1779 1859
f 1859 1860 1940
f 1940 1941 2021
f 2021 2022 2102
f 2102 2103 2183
f 2183 2184 2264
f 2264 2265 2345
f 2345 2346 2426
f 2426 2427 2507
f 2507 2508 2588
f 2588 2589 2669
f 2669 2670 2750
f 2750 2751 2831
f 2831 2832 2912
f 2912 2913 2993
f 2993 2994 3074
f 3074 3075 3155
f 3155 3156 3236
f 3236 3237 3317
f 3317 3318 3398
f 3398 3399 3479
f 3479 3480 3560
f 3560 3561 3641
f 3641 3642 3722
f 3722 3723 3803
f 3803 3804 3884
f 3884 3885 3965
f 3965 3966 4046
f 4046 4047 4127
f 4127 4128 4208
f 4208 4209 4289
f 4289 4290 4370
f 4370 4371 4451
f 4451 4452 4532
f 4532 4533 4613
f 4613 4614 4694
f 4694 4695 4775
f 4775 4776 4856
f 4856 4857 4937
f 4937 4938 5018
f 5018 5019 5099
f 5099 5100 5180
f 5180 5181 5261
f 5261 5262 5342
f 5342 5343 5423
f 5423 5424 5504
f 5504 5505 5585
f 5585 5586 5666
f 5666 5667 5747
f 5747 5748 5828
f 5828 5829 5909
f 5909 5910 5990
f 5990 5991 6071
f 6071 6072 6152
f 6152 6153 6233
f 6233 6234 6314
f 6314 6315 6395
f 6395 6396 6476
f 6476 6477 6557
f 78 79 159
f 159 160 240
f 240 241 321
f 321 322 402
f 402 403 483
f 483 484 564
f 564 565 645
f 645 646 726
f 726 727 807
f 807 808 888
f 888 889 969
f 969 970 1050
f 1050 1051 1131
f 1131 1132 1212
f 1212 1213 1293
f 1293 1294 1374
f 1374 1375 1455
f 1455 1456 1536
f 1536 1537 1617
f 1617 1618 1698
f 1698 1699 1779
f 1779 1780 1860
f 1860 1861 1941
f 1941 1942 2022
f 2022 2023 2103
f 2103 2104 2184
f 2184 2185 2265
f 2265 2266 2346
f 2346 2347 2427
f 2427 2428 2508
f 2508 2509 2589
f 2589 2590 2670
f 2670 2671 2751
f 2751 2752 2832
f 2832 2833 2913
f 2913 2914 2994
f 2994 2995 3075
f 3075 3076 3156
f 3156 3157 3237
f 3237 3238 3318
f 3318 3319 3399
f 3399 3400 3480
f 3480 3481 3561
f 3561 3562 3642
f 3642 3643 3723
f 3723 3724 3804
f 3804 3805 3885
f 3885 3886 3966
f 3966 3967 4047
f 4047 4048 4128
f 4128 4129 4209
f 4209 4210 4290
f 4290 4291 4371
f 4371 4372 4452
f 4452 4453 4533
f 4533 4534 4614
f 4614 4615 4695
f 4695 4696 4776
f 4776 4777 4857
f 4857 4858 4938
f 4938 4939 5019
f 5019 5020 5100
f 5100 5101 5181
f 5181 5182 5262
f 5262 5263 5343
f 5343 5344 5424
f 5424 5425 5505
f 5505 5506 5586
f 5586 5587 5667
f 5667 5668 5748
f 5748 5749 5829
f 5829 5830 5910
f 5910 5911 5991
f 5991 5992 6072
f 6072 6073 6153
f 6153 6154 6234
f 6234 6235 6315
f 6315 6316 6396
f 6396 6397 6477
f 6477 6478 6558
f 79 80 160
f 160 161 241
f 241 242 322
f 322 323 403
f 403 404 484
f 484 485 565
f 565 566 646
f 646 647 727
f 727 728 808
f 808 809 889
f 889 890 970
f 970 971 1051
f 1051 1052 1132
f 1132 1133 1213
f 1213 1214 1294
f 1294 1295 1375
f 1375 1376 1456
f 1456 1457 1537
f 1537 1538 1618
f 1618 1619 1699
f 1699 1700 1780
f 1780 1781 1861
f 1861 1862 1942
f 1942 1943 2023
f 2023 2024 2104
f 2104 2105 2185
f 2185 2186 2266
f 2266 2267 2347
f 2347 2348 2428
f 2428 2429 2509
f 2509 2510 2590
f 2590 2591 2671
f 2671 2672 2752
f 2752 2753 2833
f 2833 2834 2914
f 2914 2915 2995
f 2995 2996 3076
f 3076 3077 3157
f 3157 3158 3238
f 3238 3239 3319
f 3319 3320 3400
f 3400 3401 3481
f 3481 3482 3562
f 3562 3563 3643
f 3643 3644 3724
f 3724 3725 3805
f 3805 3806 3886
f 3886 3887 3967
f 3967 3968 4048
f 4048 4049 4129
f 4129 4130 4210
f 4210 4211 4291
f 4291 4292 4372
f 4372 4373 4453
f 4453 4454 4534
f 4534 4535 4615
f 4615 4616 4696
f 4696 4697 4777
f 4777 4778 4858
f 4858 4859 4939
f 4939 4940 5020
f 5020 5021 5101
f 5101 5102 5182
f 5182 5183 5263
f 5263 5264 5344
f 5344 5345 5425
f 5425 5426 5506
f 5506 5507 5587
f 5587 5588 5668
f 5668 5669 5749
f 5749 5750 5830
f 5830 5831 5911
f 5911 5912 5992
f 5992 5993 6073
f 6073 6074 6154
f 6154 6155 6235
f 6235 6236 6316
f 6316 6317 6397
f 6397 6398 6478
f 6478 6479 6559
f 80 81 161
f 161 162 242
f 242 243 323
f 323 324 404
f 404 405 485
f 485 486 566
f 566 567 647
f 647 648 728
f 728 729 809
f 809 810 890
f 890 891 971
f 971 972 1052
f 1052 1053 1133
f 1133 1134 1214
f 1214 1215 1295
f 1295 1296 1376
f 1376 1377 1457
f 1457 1458 1538
f 1538 1539 1619
f 1619 1620 1700
f 1700 1701 1781
f 1781 1782 1862
f 1862 1863 1943
f 1943 1944 2024
f 2024 2025 2105
f 2105 2106 2186
f 2186 2187 2267
f 2267 2268 2348
f 2348 2349 2429
f 2429 2430 2510
f 2510 2511 2591
f 2591 2592 2672
f 2672 2673 2753
f 2753 2754 2834
f 2834 2835 2915
f 2915 2916 2996
f 2996 2997 3077
f 3077 3078 3158
f 3158 3159 3239
f 3239 3240 3320
f 3320 3321 3401
f 3401 3402 3482
f 3482 3483 3563
f 3563 3564 3644
f 3644 3645 3725
f 3725 3726 3806
f 3806 3807 3887
f 3887 3888 3968
f 3968 3969 4049
f 4049 4050 4130
f 4130 4131 4211
f 4211 4212 4292
f 4292 4293 4373
f 4373 4374 4454
f 4454 4455 4535
f 4535 4536 4616
f 4616 4617 4697
f 4697 4698 4778
f 4778 4779 4859
f 4859 4860 4940
f 4940 4941 5021
f 5021 5022 5102
f 5102 5103 5183
f 5183 5184 5264
f 5264 5265 5345
f 5345 5346 5426
f 5426 5427 5507
f 5507 5508 5588
f 5588 5589 5669
f 5669 5670 5750
f 5750 5751 5831
f 5831 5832 5912
f 5912 5913 5993
f 5993 5994 6074
f 6074 6075 6155
f 6155 6156 6236
f 6236 6237 6317
f 6317 6318 6398
f 6398 6399 6479
f 6479 6480 6560
f 83 82 2
f 164 163 83
f 245 244 164
f 326 325 245
f 407 406 326
f 488 487 407
f 569 568 488
f 650 649 569
f 731 730 650
f 812 811 731
f 893 892 812
f 974 973 893
f 1055 1054 974
f 1136 1135 1055
f 1217 1216 1136
f 1298 1297 1217
f 1379 1378 1298
f 1460 1459 1379
f 1541 1540 1460
f 1622 1621 1541
f 1703 1702 1622
f 1784 1783 1703
f 1865 1864 1784
f 1946 1945 1865
f 2027 2026 1946
f 2108 2107 2027
f 2189 2188 2108
f 2270 2269 2189
f 2351 2350 2270
f 2432 2431 2351
f 2513 2512 2432
f 2594 2593 2513
f 2675 2674 2594
f 2756 2755 2675
f 2837 2836 2756
f 2918 2917 2837
f 2999 2998 2918
f 3080 3079 2999
f 3161 3160 3080
f 3242 3241 3161
f 3323 3322 3242
f 3404 3403 3323
f 3485 3484 3404
f 3566 3565 3485
f 3647 3646 3566
f 3728 3727 3647
f 3809 3808 3728
f 3890 3889 3809
f 3971 3970 3890
f 4052 4051 3971
f 4133 4132 4052
f 4214 4213 4133
f 4295 4294 4214
f 4376 4375 4295
f 4457 4456 4376
f 4538 4537 4457
f 4619 4618 4538
f 4700 4699 4619
f 4781 4780 4700
f 4862 4861 4781
f 4943 4942 4862
f 5024 5023 4943
f 5105 5104 5024
f 5186 5185 5105
f 5267 5266 5186
f 5348 5347 5267
f 5429 5428 5348
f 5510 5509 5429
f 5591 5590 5510
f 5672 5671 5591
f 5753 5752 5672
f 5834 5833 5753
f 5915 5914 5834
f 5996 5995 5915
f 6077 6076 5996
f 6158 6157 6077
f 6239 6238 6158
f 6320 6319 6239
f 6401 6400 6320
f 6482 6481 6401
f 84 83 3
f 165 164 84
f 246 245 165
f 327 326 246
f 408 407 327
f 489 488 408
f 570 569 489
f 651 650 570
f 732 731 651
f 813 812 732
f 894 893 813
f 975 974 894
f 1056 1055 975
f 1137 1136 1056
f 1218 1217 1137
f 1299 1298 1218
f 1380 1379 1299
f 1461 1460 1380
f 1542 1541 1461
f 1623 1622 1542
f 1704 1703 1623
f 1785 1784 1704
f 1866 1865 1785
f 1947 1946 1866
f 2028 2027 1947
f 2109 2108 2028
f 2190 2189 2109
f 2271 2270 2190
f 2352 2351 2271
f 2433 2432 2352
f 2514 2513 2433
f 2595 2594 2514
f 2676 2675 2595
f 2757 2756 2676
f 2838 2837 2757
f 2919 2918 2838
f 3000 2999 2919
f 3081 3080 3000
f 3162 3161 3081
f 3243 3242 3162
f 3324 3323 3243
f 3405 3404 3324
f 3486 3485 3405
f 3567 3566 3486
f 3648 3647 3567
f 3729 3728 3648
f 3810 3809 3729
f 3891 3890 3810
f 3972 3971 3891
f 4053 4052 3972
f 4134 4133 4053
f 4215 4214 4134
f 4296 4295 4215
f 4377 4376 4296
f 4458 4457 4377
f 4539 4538 4458
f 4620 4619 4539
f 4701 4700 4620
f 4782 4781 4701
f 4863 4862 4782
f 4944 4943 4863
f 5025 5024 4944
f 5106 5105 5025
f 5187 5186 5106
f 5268 5267 5187
f 5349 5348 5268
f 5430 5429 5349
f 5511 5510 5430
f 5592 5591 5511
f 5673 5672 5592
f 5754 5753 5673
f 5835 5834 5754
f 5916 5915 5835
f 5997 5996 5916
f 6078 6077 5997
f 6159 6158 6078
f 6240 6239 6159
f 6321 6320 6240
f 6402 6401 6321
f 6483 6482 6402
f 85 84 4
f 166 165 85
f 247 246 166
f 328 327 247
f 409 408 328
f 490 489 409
f 571 570 490
f 652 651 571
f 733 732 652
f 814 813 733
f 895 894 814
f 976 975 895
f 1057 1056 976
f 1138 1137 1057
f 1219 1218 1138
f 1300 1299 1219
f 1381 1380 1300
f 1462 1461 1381
f 1543 1542 1462
f 1624 1623 1543
f 1705 1704 1624
f 1786 1785 1705
f 1867 1866 1786
f 1948 1947 1867
f 2029 2028 1948
f 2110 2109 2029
f 2191 2190 2110
f 2272 2271 2191
f 2353 2352 2272
f 2434 2433 2353
f 2515 2514 2434
f 2596 2595 2515
f 2677 2676 2596
f 2758 2757 2677
f 2839 2838 2758
f 2920 2919 2839
f 3001 3000 2920
f 3082 3081 3001
f 3163 3162 3082
f 3244 3243 3163
f 3325 3324 3244
f 3406 3405 3325
f 3487 3486 3406
f 3568 3567 3487
f 3649 3648 3568
f 3730 3729 3649
f 3811 3810 3730
f 3892 3891 3811
f 3973 3972 3892
f 4054 4053 3973
f 4135 4134 4054
f 4216 4215 4135
f 4297 4296 4216
f 4378 4377 4297
f 4459 4458 4378
f 4540 4539 4459
f 4621 4620 4540
f 4702 4701 4621
f 4783 4782 4702
f 4864 4863 4783
f 4945 4944 4864
f 5026 5025 4945
f 5107 5106 5026
f 5188 5187 5107
f 5269 5268 5188
f 5350 5349 5269
f 5431 5430 5350
f 5512 5511 5431
f 5593 5592 5512
f 5674 5673 5593
f 5755 5754 5674
f 5836 5835 5755
f 5917 5916 5836
f 5998 5997 5917
f 6079 6078 5998
f 6160 6159 6079
f 6241 6240 6160
f 6322 6321 6241
f 6403 6402 6322
f 6484 6483 6403
f 86 85 5
f 167 166 86
f 248 247 167
f 329 328 248
f 410 409 329
f 491 490 410
f 572 571 491
f 653 652 572
f 734 733 653
f 815 814 734
f 896 895 815
f 977 976 896
f 1058 1057 977
f 1139 1138 1058
f 1220 1219 1139
f 1301 1300 1220
f 1382 1381 1301
f 1463 1462 1382
f 1544 1543 1463
f 1625 1624 1544
f 1706 1705 1625
f 1787 1786 1706
f 1868 1867 1787
f 1949 1948 1868
f 2030 2029 1949
f 2111 2110 2030
f 2192 2191 2111
f 2273 2272 2192
f 2354 2353 2273
f 2435 2434 2354
f 2516 2515 2435
f 2597 2596 2516
f 2678 2677 2597
f 2759 2758 2678
f 2840 2839 2759
f 2921 2920 2840
f 3002 3001 2921
f 3083 3082 3002
f 3164 3163 3083
f 3245 3244 3164
f 3326 3325 3245
f 3407 3406 3326
f 3488 3487 3407
f 3569 3568 3488
f 3650 3649 3569
f 3731 3730 3650
f 3812 3811 3731
f 3893 3892 3812
f 3974 3973 3893
f 4055 4054 3974
f 4136 4135 4055
f 4217 4216 4136
f 4298 4297 4217
f 4379 4378 4298
f 4460 4459 4379
f 4541 4540 4460
f 4622 4621 4541
f 4703 4702 4622
f 4784 4783 4703
f 4865 4864 4784
f 4946 4945 4865
f 5027 5026 4946
f 5108 5107 5027
f 5189 5188 5108
f 5270 5269 5189
f 5351 5350 5270
f 5432 5431 5351
f 5513 5512 5432
f 5594 5593 5513
f 5675 5674 5594
f 5756 5755 5675
f 5837 5836 5756
f 5918 5917 5837
f 5999 5998 5918
f 6080 6079 5999
f 6161 6160 6080
f 6242 6241 6161
f 6323 6322 6242
f 6404 6403 6323
f 6485 6484 6404
f 87 86 6
f 168 167 87
f 249 248 168
f 330 329 249
f 411 410 330
f 492 491 411
f 573 572 492
f 654 653 573
f 735 734 654
f 816 815 735
f 897 896 816
f 978 977 897
f 1059 1058 978
f 1140 1139 1059
f 1221 1220 1140
f 1302 1301 1221
f 1383 1382 1302
f 1464 1463 1383
f 1545 1544 1464
f 1626 1625 1545
f 1707 1706 1626
f 1788 1787 1707
f 1869 1868 1788
f 1950 1949 1869
f 2031 2030 1950
f 2112 2111 2031
f 2193 2192 2112
f 2274 2273 2193
f 2355 2354 2274
f 2436 2435 2355
f 2517 2516 2436
f 2598 2597 2517
f 2679 2678 2598
f 2760 2759 2679
f 2841 2840 2760
f 2922 2921 2841
f 3003 3002 2922
f 3084 3083 3003
f 3165 3164 3084
f 3246 3245 3165
f 3327 3326 3246
f 3408 3407 3327
f 3489 3488 3408
f 3570 3569 3489
f 3651 3650 3570
f 3732 3731 3651
f 3813 3812 3732
f 3894 3893 3813
f 3975 3974 3894
f 4056 4055 3975
f 4137 4136 4056
f 4218 4217 4137
f 4299 4298 4218
f 4380 4379 4299
f 4461 4460 4380
f 4542 4541 4461
f 4623 4622 4542
f 4704 4703 4623
f 4785 4784 4704
f 4866 4865 4785
f 4947 4946 4866
f 5028 5027 4947
f 5109 5108 5028
f 5190 5189 5109
f 5271 5270 5190
f 5352 5351 5271
f 5433 5432 5352
f 5514 5513 5433
f 5595 5594 5514
f 5676 5675 5595
f 5757 5756 5676
f 5838 5837 5757
f 5919 5918 5838
f 6000 5999 5919
f 6081 6080 6000
f 6162 6161 6081
f 6243 6242 6162
f 6324 6323 6243
f 6405 6404 6324
f 6486 6485 6405
f 88 87 7
f 169 168 88
f 250 249 169
f 331 330 250
f 412 411 331
f 493 492 412
f 574 573 493
f 655 654 574
f 736 735 655
f 817 816 736
f 898 897 817
f 979 978 898
f 1060 1059 979
f 1141 1140 1060
f 1222 1221 1141
f 1303 1302 1222
f 1384 1383 1303
f 1465 1464 1384
f 1546 1545 1465
f 1627 1626 1546
f 1708 1707 1627
f 1789 1788 1708
f 1870 1869 1789
f 1951 1950 1870
f 2032 2031 1951
f 2113 2112 2032
f 2194 2193 2113
f 2275 2274 2194
f 2356 2355 2275
f 2437 2436 2356
f 2518 2517 2437
f 2599 2598 2518
f 2680 2679 2599
f 2761 2760 2680
f 2842 2841 2761
f 2923 2922 2842
f 3004 3003 2923
f 3085 3084 3004
f 3166 3165 3085
f 3247 3246 3166
f 3328 3327 3247
f 3409 3408 3328
f 3490 3489 3409
f 3571 3570 3490
f 3652 3651 3571
f 3733 3732 3652
f 3814 3813 3733
f 3895 3894 3814
f 3976 3975 3895
f 4057 4056 3976
f 4138 4137 4057
f 4219 4218 4138
f 4300 4299 4219
f 4381 4380 4300
f 4462 4461 4381
f 4543 4542 4462
f 4624 4623 4543
f 4705 4704 4624
f 4786 4785 4705
f 4867 4866 4786
f 4948 4947 4867
f 5029 5028 4948
f 5110 5109 5029
f 5191 5190 5110
f 5272 5271 5191
f 5353 5352 5272
f 5434 5433 5353
f 5515 5514 5434
f 5596 5595 5515
f 5677 5676 5596
f 5758 5757 5677
f 5839 5838 5758
f 5920 5919 5839
f 6001 6000 5920
f 6082 6081 6001
f 6163 6162 6082
f 6244 6243 6163
f 6325 6324 6244
f 6406 6405 6325
f 6487 6486 6406
f 89 88 8
f 170 169 89
f 251 250 170
f 332 331 251
f 413 412 332
f 494 493 413
f 575 574 494
f 656 655 575
f 737 736 656
f 818 817 737
f 899 898 818
f 980 979 899
f 1061 1060 980
f 1142 1141 1061
f 1223 1222 1142
f 1304 1303 1223
f 1385 1384 1304
f 1466 1465 1385
f 1547 1546 1466
f 1628 1627 1547
f 1709 1708 1628
f 1790 1789 1709
f 1871 1870 1790
f 1952 1951 1871
f 2033 2032 1952
f 2114 2113 2033
f 2195 2194 2114
f 2276 2275 2195
f 2357 2356 2276
f 2438 2437 2357
f 2519 2518 2438
f 2600 2599 2519
f 2681 2680 2600
f 2762 2761 2681
f 2843 2842 2762
f 2924 2923 2843
f 3005 3004 2924
f 3086 3085 3005
f 3167 3166 3086
f 3248 3247 3167
f 3329 3328 3248
f 3410 3409 3329
f 3491 3490 3410
f 3572 3571 3491
f 3653 3652 3572
f 3734 3733 3653
f 3815 3814 3734
f 3896 3895 3815
f 3977 3976 3896
f 4058 4057 3977
f 4139 4138 4058
f 4220 4219 4139
f 4301 4300 4220
f 4382 4381 4301
f 4463 4462 4382
f 4544 4543 4463
f 4625 4624 4544
f 4706 4705 4625
f 4787 4786 4706
f 4868 4867 4787
f 4949 4948 4868
f 5030 5029 4949
f 5111 5110 5030
f 5192 5191 5111
f 5273 5272 5192
f 5354 5353 5273
f 5435 5434 5354
f 5516 5515 5435
f 5597 5596 5516
f 5678 5677 5597
f 5759 5758 5678
f 5840 5839 5759
f 5921 5920 5840
f 6002 6001 5921
f 6083 6082 6002
f 6164 6163 6083
f 6245 6244 6164
f 6326 6325 6245
f 6407 6406 6326
f 6488 6487 6407
f 90 89 9
f 171 170 90
f 252 251 171
f 333 332 252
f 414 413 333
f 495 494 414
f 576 575 495
f 657 656 576
f 738 737 657
f 819 818 738
f 900 899 819
f 981 980 900
f 1062 1061 981
f 1143 1142 1062
f 1224 1223 1143
f 1305 1304 1224
f 1386 1385 1305
f 1467 1466 1386
f 1548 1547 1467
f 1629 1628 1548
f 1710 1709 1629
f 1791 1790 1710
f 1872 1871 1791
f 1953 1952 1872
f 2034 2033 1953
f 2115 2114 2034
f 2196 2195 2115
f 2277 2276 2196
f 2358 2357 2277
f 2439 2438 2358
f 2520 2519 2439
f 2601 2600 2520
f 2682 2681 2601
f 2763 2762 2682
f 2844 2843 2763
f 2925 2924 2844
f 3006 3005 2925
f 3087 3086 3006
f 3168 3167 3087
f 3249 3248 3168
f 3330 3329 3249
f 3411 3410 3330
f 3492 3491 3411
f 3573 3572 3492
f 3654 3653 3573
f 3735 3734 3654
f 3816 3815 3735
f 3897 3896 3816
f 3978 3977 3897
f 4059 4058 3978
f 4140 4139 4059
f 4221 4220 4140
f 4302 4301 4221
f 4383 4382 4302
f 4464 4463 4383
f 4545 4544 4464
f 4626 4625 4545
f 4707 4706 4626
f 4788 4787 4707
f 4869 4868 4788
f 4950 4949 4869
f 5031 5030 4950
f 5112 5111 5031
f 5193 5192 5112
f 5274 5273 5193
f 5355 5354 5274
f 5436 5435 5355
f 5517 5516 5436
f 5598 5597 5517
f 5679 5678 5598
f 5760 5759 5679
f 5841 5840 5760
f 5922 5921 5841
f 6003 6002 5922
f 6084 6083 6003
f 6165 6164 6084
f 6246 6245 6165
f 6327 6326 6246
f 6408 6407 6327
f 6489 6488 6408
f 91 90 10
f 172 171 91
f 253 252 172
f 334 333 253
f 415 414 334
f 496 495 415
f 577 576 496
f 658 657 577
f 739 738 658
f 820 819 739
f 901 900 820
f 982 981 901
f 1063 1062 982
f 1144 1143 1063
f 1225 1224 1144
f 1306 1305 1225
f 1387 1386 1306
f 1468 1467 1387
f 1549 1548 1468
f 1630 1629 1549
f 1711 1710 1630
f 1792 1791 1711
f 1873 1872 1792
f 1954 1953 1873
f 2035 2034 1954
f 2116 2115 2035
f 2197 2196 2116
f 2278 2277 2197
f 2359 2358 2278
f 2440 2439 2359
f 2521 2520 2440
f 2602 2601 2521
f 2683 2682 2602
f 2764 2763 2683
f 2845 2844 2764
f 2926 2925 2845
f 3007 3006 2926
f 3088 3087 3007
f 3169 3168 3088
f 3250 3249 3169
f 3331 3330 3250
f 3412 3411 3331
f 3493 3492 3412
f 3574 3573 3493
f 3655 3654 3574
f 3736 3735 3655
f 3817 3816 3736
f 3898 3897 3817
f 3979 3978 3898
f 4060 4059 3979
f 4141 4140 4060
f 4222 4221 4141
f 4303 4302 4222
f 4384 4383 4303
f 4465 4464 4384
f 4546 4545 4465
f 4627 4626 4546
f 4708 4707 4627
f 4789 4788 4708
f 4870 4869 4789
f 4951 4950 4870
f 5032 5031 4951
f 5113 5112 5032
f 5194 5193 5113
f 5275 5274 5194
f 5356 5355 5275
f 5437 5436 5356
f 5518 5517 5437
f 5599 5598 5518
f 5680 5679 5599
f 5761 5760 5680
f 5842 5841 5761
f 5923 5922 5842
f 6004 6003 5923
f 6085 6084 6004
f 6166 6165 6085
f 6247 6246 6166
f 6328 6327 6247
f 6409 6408 6328
f 6490 6489 6409
f 92 91 11
f 173 172 92
f 254 253 173
f 335 334 254
f 416 415 335
f 497 496 416
f 578 577 497
f 659 658 578
f 740 739 659
f 821 820 740
f 902 901 821
f 983 982 902
f 1064 1063 983
f 1145 1144 1064
f 1226 1225 1145
f 1307 1306 1226
f 1388 1387 1307
f 1469 1468 1388
f 1550 1549 1469
f 1631 1630 1550
f 1712 1711 1631
f 1793 1792 1712
f 1874 1873 1793
f 1955 1954 1874
f 2036 2035 1955
f 2117 2116 2036
f 2198 2197 2117
f 2279 2278 2198
f 2360 2359 2279
f 2441 2440 2360
f 2522 2521 2441
f 2603 2602 2522
f 2684 2683 2603
f 2765 2764 2684
f 2846 2845 2765
f 2927 2926 2846
f 3008 3007 2927
f 3089 3088 3008
f 3170 3169 3089
f 3251 3250 3170
f 3332 3331 3251
f 3413 3412 3332
f 3494 3493 3413
f 3575 3574 3494
f 3656 3655 3575
f 3737 3736 3656
f 3818 3817 3737
f 3899 3898 3818
f 3980 3979 3899
f 4061 4060 3980
f 4142 4141 4061
f 4223 4222 4142
f 4304 4303 4223
f 4385 4384 4304
f 4466 4465 4385
f 4547 4546 4466
f 4628 4627 4547
f 4709 4708 4628
f 4790 4789 4709
f 4871 4870 4790
f 4952 4951 4871
f 5033 5032 4952
f 5114 5113 5033
f 5195 5194 5114
f 5276 5275 5195
f 5357 5356 5276
f 5438 5437 5357
f 5519 5518 5438
f 5600 5599 5519
f 5681 5680 5600
f 5762 5761 5681
f 5843 5842 5762
f 5924 5923 5843
f 6005 6004 5924
f 6086 6085 6005
f 6167 6166 6086
f 6248 6247 6167
f 6329 6328 6248
f 6410 6409 6329
f 6491 6490 6410
f 93 92 12
f 174 173 93
f 255 254 174
f 336 335 255
f 417 416 336
f 498 497 417
f 579 578 498
f 660 659 579
f 741 740 660
f 822 821 741
f 903 902 822
f 984 983 903
f 1065 1064 984
f 1146 1145 1065
f 1227 1226 1146
f 1308 1307 1227
f 1389 1388 1308
f 1470 1469 1389
f 1551 1550 1470
f 1632 1631 1551
f 1713 1712 1632
f 1794 1793 1713
f 1875 1874 1794
f 1956 1955 1875
f 2037 2036 1956
f 2118 2117 2037
f 2199 2198 2118
f 2280 2279 2199
f 2361 2360 2280
f 2442 2441 2361
f 2523 2522 2442
f 2604 2603 2523
f 2685 2684 2604
f 2766 2765 2685
f 2847 2846 2766
f 2928 2927 2847
f 3009 3008 2928
f 3090 3089 3009
f 3171 3170 3090
f 3252 3251 3171
f 3333 3332 3252
f 3414 3413 3333
f 3495 3494 3414
f 3576 3575 3495
f 3657 3656 3576
f 3738 3737 3657
f 3819 3818 3738
f 3900 3899 3819
f 3981 3980 3900
f 4062 4061 3981
f 4143 4142 4062
f 4224 4223 4143
f 4305 4304 4224
f 4386 4385 4305
f 4467 4466 4386
f 4548 4547 4467
f 4629 4628 4548
f 4710 4709 4629
f 4791 4790 4710
f 4872 4871 4791
f 4953 4952 4872
f 5034 5033 4953
f 5115 5114 5034
f 5196 5195 5115
f 5277 5276 5196
f 5358 5357 5277
f 5439 5438 5358
f 5520 5519 5439
f 5601 5600 5520
f 5682 5681 5601
f 5763 5762 5682
f 5844 5843 5763
f 5925 5924 5844
f 6006 6005 5925
f 6087 6086 6006
f 6168 6167 6087
f 6249 6248 6168
f 6330 6329 6249
f 6411 6410 6330
f 6492 6491 6411
f 94 93 13
f 175 174 94
f 256 255 175
f 337 336 256
f 418 417 337
f 499 498 418
f 580 579 499
f 661 660 580
f 742 741 661
f 823 822 742
f 904 903 823
f 985 984 904
f 1066 1065 985
f 1147 1146 1066
f 1228 1227 1147
f 1309 1308 1228
f 1390 1389 1309
f 1471 1470 1390
f 1552 1551 1471
f 1633 1632 1552
f 1714 1713 1633
f 1795 1794 1714
f 1876 1875 1795
f 1957 1956 1876
f 2038 2037 1957
f 2119 2118 2038
f 2200 2199 2119
f 2281 2280 2200
f 2362 2361 2281
f 2443 2442 2362
f 2524 2523 2443
f 2605 2604 2524
f 2686 2685 2605
f 2767 2766 2686
f 2848 2847 2767
f 2929 2928 2848
f 3010 3009 2929
f 3091 3090 3010
f 3172 3171 3091
f 3253 3252 3172
f 3334 3333 3253
f 3415 3414 3334
f 3496 3495 3415
f 3577 3576 3496
f 3658 3657 3577
f 3739 3738 3658
f 3820 3819 3739
f 3901 3900 3820
f 3982 3981 3901
f 4063 4062 3982
f 4144 4143 4063
f 4225 4224 4144
f 4306 4305 4225
f 4387 4386 4306
f 4468 4467 4387
f 4549 4548 4468
f 4630 4629 4549
f 4711 4710 4630
f 4792 4791 4711
f 4873 4872 4792
f 4954 4953 4873
f 5035 5034 4954
f 5116 5115 5035
f 5197 5196 5116
f 5278 5277 5197
f 5359 5358 5278
f 5440 5439 5359
f 5521 5520 5440
f 5602 5601 5521
f 5683 5682 5602
f 5764 5763 5683
f 5845 5844 5764
f 5926 5925 5845
f 6007 6006 5926
f 6088 6087 6007
f 6169 6168 6088
f 6250 6249 6169
f 6331 6330 6250
f 6412 6411 6331
f 6493 6492 6412
f 95 94 14
f 176 175 95
f 257 256 176
f 338 337 257
f 419 418 338
f 500 499 419
f 581 580 500
f 662 661 581
f 743 742 662
f 824 823 743
f 905 904 824
f 986 985 905
f 1067 1066 986
f 1148 1147 1067
f 1229 1228 1148
f 1310 1309 1229
f 1391 1390 1310
f 1472 1471 1391
f 1553 1552 1472
f 1634 1633 1553
f 1715 1714 1634
f 1796 1795 1715
f 1877 1876 1796
f 1958 1957 1877
f 2039 2038 1958
f 2120 2119 2039
f 2201 2200 2120
f 2282 2281 2201
f 2363 2362 2282
f 2444 2443 2363
f 2525 2524 2444
f 2606 2605 2525
f 2687 2686 2606
f 2768 2767 2687
f 2849 2848 2768
f 2930 2929 2849
f 3011 3010 2930
f 3092 3091 3011
f 3173 3172 3092
f 3254 3253 3173
f 3335 3334 3254
f 3416 3415 3335
f 3497 3496 3416
f 3578 3577 3497
f 3659 3658 3578
f 3740 3739 3659
f 3821 3820 3740
f 3902 3901 3821
f 3983 3982 3902
f 4064 4063 3983
f 4145 4144 4064
f 4226 4225 4145
f 4307 4306 4226
f 4388 4387 4307
f 4469 4468 4388
f 4550 4549 4469
f 4631 4630 4550
f 4712 4711 4631
f 4793 4792 4712
f 4874 4873 4793
f 4955 4954 4874
f 5036 5035 4955
f 5117 5116 5036
f 5198 5197 5117
f 5279 5278 5198
f 5360 5359 5279
f 5441 5440 5360
f 5522 5521 5441
f 5603 5602 5522
f 5684 5683 5603
f 5765 5764 5684
f 5846 5845 5765
f 5927 5926 5846
f 6008 6007 5927
f 6089 6088 6008
f 6170 6169 6089
f 6251 6250 6170
f 6332 6331 6251
f 6413 6412 6332
f 6494 6493 6413
f 96 95 15
f 177 176 96
f 258 257 177
f 339 338 258
f 420 419 339
f 501 500 420
f 582 581 501
f 663 662 582
f 744 743 663
f 825 824 744
f 906 905 825
f 987 986 906
f 1068 1067 987
f 1149 1148 1068
f 1230 1229 1149
f 1311 1310 1230
f 1392 1391 1311
f 1473 1472 1392
f 1554 1553 1473
f 1635 1634 1554
f 1716 1715 1635
f 1797 1796 1716
f 1878 1877 1797
f 1959 1958 1878
f 2040 2039 1959
f 2121 2120 2040
f 2202 2201 2121
f 2283 2282 2202
f 2364 2363 2283
f 2445 2444 2364
f 2526 2525 2445
f 2607 2606 2526
f 2688 2687 2607
f 2769 2768 2688
f 2850 2849 2769
f 2931 2930 2850
f 3012 3011 2931
f 3093 3092 3012
f 3174 3173 3093
f 3255 3254 3174
f 3336 3335 3255
f 3417 3416 3336
f 3498 3497 3417
f 3579 3578 3498
f 3660 3659 3579
f 3741 3740 3660
f 3822 3821 3741
f 3903 3902 3822
f 3984 3983 3903
f 4065 4064 3984
f 4146 4145 4065
f 4227 4226 4146
f 4308 4307 4227
f 4389 4388 4308
f 4470 4469 4389
f 4551 4550 4470
f 4632 4631 4551
f 4713 4712 4632
f 4794 4793 4713
f 4875 4874 4794
f 4956 4955 4875
f 5037 5036 4956
f 5118 5117 5037
f 5199 5198 5118
f 5280 5279 5199
f 5361 5360 5280
f 5442 5441 5361
f 5523 5522 5442
f 5604 5603 5523
f 5685 5684 5604
f 5766 5765 5685
f 5847 5846 5766
f 5928 5927 5847
f 6009 6008 5928
f 6090 6089 6009
f 6171 6170 6090
f 6252 6251 6171
f 6333 6332 6252
f 6414 6413 6333
f 6495 6494 6414
f 97 96 16
f 178 177 97
f 259 258 178
f 340 339 259
f 421 420 340
f 502 501 421
f 583 582 502
f 664 663 583
f 745 744 664
f 826 825 745
f 907 906 826
f 988 987 907
f 1069 1068 988
f 1150 1149 1069
f 1231 1230 1150
f 1312 1311 1231
f 1393 1392 1312
f 1474 1473 1393
f 1555 1554 1474
f 1636 1635 1555
f 1717 1716 1636
f 1798 1797 1717
f 1879 1878 1798
f 1960 1959 1879
f 2041 2040 1960
f 2122 2121 2041
f 2203 2202 2122
f 2284 2283 2203
f 2365 2364 2284
f 2446 2445 2365
f 2527 2526 2446
f 2608 2607 2527
f 2689 2688 2608
f 2770 2769 2689
f 2851 2850 2770
f 2932 2931 2851
f 3013 3012 2932
f 3094 3093 3013
f 3175 3174 3094
f 3256 3255 3175
f 3337 3336 3256
f 3418 3417 3337
f 3499 3498 3418
f 3580 3579 3499
f 3661 3660 3580
f 3742 3741 3661
f 3823 3822 3742
f 3904 3903 3823
f 3985 3984 3904
f 4066 4065 3985
f 4147 4146 4066
f 4228 4227 4147
f 4309 4308 4228
f 4390 4389 4309
f 4471 4470 4390
f 4552 4551 4471
f 4633 4632 4552
f 4714 4713 4633
f 4795 4794 4714
f 4876 4875 4795
f 4957 4956 4876
f 5038 5037 4957
f 5119 5118 5038
f 5200 5199 5119
f 5281 5280 5200
f 5362 5361 5281
f 5443 5442 5362
f 5524 5523 5443
f 5605 5604 5524
f 5686 5685 5605
f 5767 5766 5686
f 5848 5847 5767
f 5929 5928 5848
f 6010 6009 5929
f 6091 6090 6010
f 6172 6171 6091
f 6253 6252 6172
f 6334 6333 6253
f 6415 6414 6334
f 6496 6495 6415
f 98 97 17
f 179 178 98
f 260 259 179
f 341 340 260
f 422 421 341
f 503 502 422
f 584 583 503
f 665 664 584
f 746 745 665
f 827 826 746
f 908 907 827
f 989 988 908
f 1070 1069 989
f 1151 1150 1070
f 1232 1231 1151
f 1313 1312 1232
f 1394 1393 1313
f 1475 1474 1394
f 1556 1555 1475
f 1637 1636 1556
f 1718 1717 1637
f 1799 1798 1718
f 1880 1879 1799
f 1961 1960 1880
f 2042 2041 1961
f 2123 2122 2042
f 2204 2203 2123
f 2285 2284 2204
f 2366 2365 2285
f 2447 2446 2366
f 2528 2527 2447
f 2609 2608 2528
f 2690 2689 2609
f 2771 2770 2690
f 2852 2851 2771
f 2933 2932 2852
f 3014 3013 2933
f 3095 3094 3014
f 3176 3175 3095
f 3257 3256 3176
f 3338 3337 3257
f 3419 3418 3338
f 3500 3499 3419
f 3581 3580 3500
f 3662 3661 3581
f 3743 3742 3662
f 3824 3823 3743
f 3905 3904 3824
f 3986 3985 3905
f 4067 4066 3986
f 4148 4147 4067
f 4229 4228 4148
f 4310 4309 4229
f 4391 4390 4310
f 4472 4471 4391
f 4553 4552 4472
f 4634 4633 4553
f 4715 4714 4634
f 4796 4795 4715
f 4877 4876 4796
f 4958 4957 4877
f 5039 5038 4958
f 5120 5119 5039
f 5201 5200 5120
f 5282 5281 5201
f 5363 5362 5282
f 5444 5443 5363
f 5525 5524 5444
f 5606 5605 5525
f 5687 5686 5606
f 5768 5767 5687
f 5849 5848 5768
f 5930 5929 5849
f 6011 6010 5930
f 6092 6091 6011
f 6173 6172 6092
f 6254 6253 6173
f 6335 6334 6254
f 6416 6415 6335
f 6497 6496 6416
f 99 98 18
f 180 179 99
f 261 260 180
f 342 341 261
f 423 422 342
f 504 503 423
f 585 584 504
f 666 665 585
f 747 746 666
f 828 827 747
f 909 908 828
f 990 989 909
f 1071 1070 990
f 1152 1151 1071
f 1233 1232 1152
f 1314 1313 1233
f 1395 1394 1314
f 1476 1475 1395
f 1557 1556 1476
f 1638 1637 1557
f 1719 1718 1638
f 1800 1799 1719
f 1881 1880 1800
f 1962 1961 1881
f 2043 2042 1962
f 2124 2123 2043
f 2205 2204 2124
f 2286 2285 2205
f 2367 2366 2286
f 2448 2447 2367
f 2529 2528 2448
f 2610 2609 2529
f 2691 2690 2610
f 2772 2771 2691
f 2853 2852 2772
f 2934 2933 2853
f 3015 3014 2934
f 3096 3095 3015
f 3177 3176 3096
f 3258 3257 3177
f 3339 3338 3258
f 3420 3419 3339
f 3501 3500 3420
f 3582 3581 3501
f 3663 3662 3582
f 3744 3743 3663
f 3825 3824 3744
f 3906 3905 3825
f 3987 3986 3906
f 4068 4067 3987
f 4149 4148 4068
f 4230 4229 4149
f 4311 4310 4230
f 4392 4391 4311
f 4473 4472 4392
f 4554 4553 4473
f 4635 4634 4554
f 4716 4715 4635
f 4797 4796 4716
f 4878 4877 4797
f 4959 4958 4878
f 5040 5039 4959
f 5121 5120 5040
f 5202 5201 5121
f 5283 5282 5202
f 5364 5363 5283
f 5445 5444 5364
f 5526 5525 5445
f 5607 5606 5526
f 5688 5687 5607
f 5769 5768 5688
f 5850 5849 5769
f 5931 5930 5850
f 6012 6011 5931
f 6093 6092 6012
f 6174 6173 6093
f 6255 6254 6174
f 6336 6335 6255
f 6417 6416 6336
f 6498 6497 6417
f 100 99 19
f 181 180 100
f 262 261 181
f 343 342 262
f 424 423 343
f 505 504 424
f 586 585 505
f 667 666 586
f 748 747 667
f 829 828 748
f 910 909 829
f 991 990 910
f 1072 1071 991
f 1153 1152 1072
f 1234 1233 1153
f 1315 1314 1234
f 1396 1395 1315
f 1477 1476 1396
f 1558 1557 1477
f 1639 1638 1558
f 1720 1719 1639
f 1801 1800 1720
f 1882 1881 1801
f 1963 1962 1882
f 2044 2043 1963
f 2125 2124 2044
f 2206 2205 2125
f 2287 2286 2206
f 2368 2367 2287
f 2449 2448 2368
f 2530 2529 2449
f 2611 2610 2530
f 2692 2691 2611
f 2773 2772 2692
f 2854 2853 2773
f 2935 2934 2854
f 3016 3015 2935
f 3097 3096 3016
f 3178 3177 3097
f 3259 3258 3178
f 3340 3339 3259
f 3421 3420 3340
f 3502 3501 3421
f 3583 3582 3502
f 3664 3663 3583
f 3745 3744 3664
f 3826 3825 3745
f 3907 3906 3826
f 3988 3987 3907
f 4069 4068 3988
f 4150 4149 4069
f 4231 4230 4150
f 4312 4311 4231
f 4393 4392 4312
f 4474 4473 4393
f 4555 4554 4474
f 4636 4635 4555
f 4717 4716 4636
f 4798 4797 4717
f 4879 4878 4798
f 4960 4959 4879
f 5041 5040 4960
f 5122 5121 5041
f 5203 5202 5122
f 5284 5283 5203
f 5365 5364 5284
f 5446 5445 5365
f 5527 5526 5446
f 5608 5607 5527
f 5689 5688 5608
f 5770 5769 5689
f 5851 5850 5770
f 5932 5931 5851
f 6013 6012 5932
f 6094 6093 6013
f 6175 6174 6094
f 6256 6255 6175
f 6337 6336 6256
f 6418 6417 6337
f 6499 6498 6418
f 101 100 20
f 182 181 101
f 263 262 182
f 344 343 263
f 425 424 344
f 506 505 425
f 587 586 506
f 668 667 587
f 749 748 668
f 830 829 749
f 911 910 830
f 992 991 911
f 1073 1072 992
f 1154 1153 1073
f 1235 1234 1154
f 1316 1315 1235
f 1397 1396 1316
f 1478 1477 1397
f 1559 1558 1478
f 1640 1639 1559
f 1721 1720 1640
f 1802 1801 1721
f 1883 1882 1802
f 1964 1963 1883
f 2045 2044 1964
f 2126 2125 2045
f 2207 2206 2126
f 2288 2287 2207
f 2369 2368 2288
f 2450 2449 2369
f 2531 2530 2450
f 2612 2611 2531
f 2693 2692 2612
f 2774 2773 2693
f 2855 2854 2774
f 2936 2935 2855
f 3017 3016 2936
f 3098 3097 3017
f 3179 3178 3098
f 3260 3259 3179
f 3341 3340 3260
f 3422 3421 3341
f 3503 3502 3422
f 3584 3583 3503
f 3665 3664 3584
f 3746 3745 3665
f 3827 3826 3746
f 3908 3907 3827
f 3989 3988 3908
f 4070 4069 3989
f 4151 4150 4070
f 4232 4231 4151
f 4313 4312 4232
f 4394 4393 4313
f 4475 4474 4394
f 4556 4555 4475
f 4637 4636 4556
f 4718 4717 4637
f 4799 4798 4718
f 4880 4879 4799
f 4961 4960 4880
f 5042 5041 4961
f 5123 5122 5042
f 5204 5203 5123
f 5285 5284 5204
f 5366 5365 5285
f 5447 5446 5366
f 5528 5527 5447
f 5609 5608 5528
f 5690 5689 5609
f 5771 5770 5690
f 5852 5851 5771
f 5933 5932 5852
f 6014 6013 5933
f 6095 6094 6014
f 6176 6175 6095
f 6257 6256 6176
f 6338 6337 6257
f 6419 6418 6338
f 6500 6499 6419
f 102 101 21
f 183 182 102
f 264 263 183
f 345 344 264
f 426 425 345
f 507 506 426
f 588 587 507
f 669 668 588
f 750 749 669
f 831 830 750
f 912 911 831
f 993 992 912
f 1074 1073 993
f 1155 1154 1074
f 1236 1235 1155
f 1317 1316 1236
f 1398 1397 1317
f 1479 1478 1398
f 1560 1559 1479
f 1641 1640 1560
f 1722 1721 1641
f 1803 1802 1722
f 1884 1883 1803
f 1965 1964 1884
f 2046 2045 1965
f 2127 2126 2046
f 2208 2207 2127
f 2289 2288 2208
f 2370 2369 2289
f 2451 2450 2370
f 2532 2531 2451
f 2613 2612 2532
f 2694 2693 2613
f 2775 2774 2694
f 2856 2855 2775
f 2937 2936 2856
f 3018 3017 2937
f 3099 3098 3018
f 3180 3179 3099
f 3261 3260 3180
f 3342 3341 3261
f 3423 3422 3342
f 3504 3503 3423
f 3585 3584 3504
f 3666 3665 3585
f 3747 3746 3666
f 3828 3827 3747
f 3909 3908 3828
f 3990 3989 3909
f 4071 4070 3990
f 4152 4151 4071
f 4233 4232 4152
f 4314 4313 4233
f 4395 4394 4314
f 4476 4475 4395
f 4557 4556 4476
f 4638 4637 4557
f 4719 4718 4638
f 4800 4799 4719
f 4881 4880 4800
f 4962 4961 4881
f 5043 5042 4962
f 5124 5123 5043
f 5205 5204 5124
f 5286 5285 5205
f 5367 5366 5286
f 5448 5447 5367
f 5529 5528 5448
f 5610 5609 5529
f 5691 5690 5610
f 5772 5771 5691
f 5853 5852 5772
f 5934 5933 5853
f 6015 6014 5934
f 6096 6095 6015
f 6177 6176 6096
f 6258 6257 6177
f 6339 6338 6258
f 6420 6419 6339
f 6501 6500 6420
f 103 102 22
f 184 183 103
f 265 264 184
f 346 345 265
f 427 426 346
f 508 507 427
f 589 588 508
f 670 669 589
f 751 750 670
f 832 831 751
f 913 912 832
f 994 993 913
f 1075 1074 994
f 1156 1155 1075
f 1237 1236 1156
f 1318 1317 1237
f 1399 1398 1318
f 1480 1479 1399
f 1561 1560 1480
f 1642 1641 1561
f 1723 1722 1642
f 1804 1803 1723
f 1885 1884 1804
f 1966 1965 1885
f 2047 2046 1966
f 2128 2127 2047
f 2209 2208 2128
f 2290 2289 2209
f 2371 2370 2290
f 2452 2451 2371
f 2533 2532 2452
f 2614 2613 2533
f 2695 2694 2614
f 2776 2775 2695
f 2857 2856 2776
f 2938 2937 2857
f 3019 3018 2938
f 3100 3099 3019
f 3181 3180 3100
f 3262 3261 3181
f 3343 3342 3262
f 3424 3423 3343
f 3505 3504 3424
f 3586 3585 3505
f 3667 3666 3586
f 3748 3747 3667
f 3829 3828 3748
f 3910 3909 3829
f 3991 3990 3910
f 4072 4071 3991
f 4153 4152 4072
f 4234 4233 4153
f 4315 4314 4234
f 4396 4395 4315
f 4477 4476 4396
f 4558 4557 4477
f 4639 4638 4558
f 4720 4719 4639
f 4801 4800 4720
f 4882 4881 4801
f 4963 4962 4882
f 5044 5043 4963
f 5125 5124 5044
f 5206 5205 5125
f 5287 5286 5206
f 5368 5367 5287
f 5449 5448 5368
f 5530 5529 5449
f 5611 5610 5530
f 5692 5691 5611
f 5773 5772 5692
f 5854 5853 5773
f 5935 5934 5854
f 6016 6015 5935
f 6097 6096 6016
f 6178 6177 6097
f 6259 6258 6178
f 6340 6339 6259
f 6421 6420 6340
f 6502 6501 6421
f 104 103 23
f 185 184 104
f 266 265 185
f 347 346 266
f 428 427 347
f 509 508 428
f 590 589 509
f 671 670 590
f 752 751 671
f 833 832 752
f 914 913 833
f 995 994 914
f 1076 1075 995
f 1157 1156 1076
f 1238 1237 1157
f 1319 1318 1238
f 1400 1399 1319
f 1481 1480 1400
f 1562 1561 1481
f 1643 1642 1562
f 1724 1723 1643
f 1805 1804 1724
f 1886 1885 1805
f 1967 1966 1886
f 2048 2047 1967
f 2129 2128 2048
f 2210 2209 2129
f 2291 2290 2210
f 2372 2371 2291
f 2453 2452 2372
f 2534 2533 2453
f 2615 2614 2534
f 2696 2695 2615
f 2777 2776 2696
f 2858 2857 2777
f 2939 2938 2858
f 3020 3019 2939
f 3101 3100 3020
f 3182 3181 3101
f 3263 3262 3182
f 3344 3343 3263
f 3425 3424 3344
f 3506 3505 3425
f 3587 3586 3506
f 3668 3667 3587
f 3749 3748 3668
f 3830 3829 3749
f 3911 3910 3830
f 3992 3991 3911
f 4073 4072 3992
f 4154 4153 4073
f 4235 4234 4154
f 4316 4315 4235
f 4397 4396 4316
f 4478 4477 4397
f 4559 4558 4478
f 4640 4639 4559
f 4721 4720 4640
f 4802 4801 4721
f 4883 4882 4802
f 4964 4963 4883
f 5045 5044 4964
f 5126 5125 5045
f 5207 5206 5126
f 5288 5287 5207
f 5369 5368 5288
f 5450 5449 5369
f 5531 5530 5450
f 5612 5611 5531
f 5693 5692 5612
f 5774 5773 5693
f 5855 5854 5774
f 5936 5935 5855
f 6017 6016 5936
f 6098 6097 6017
f 6179 6178 6098
f 6260 6259 6179
f 6341 6340 6260
f 6422 6421 6341
f 6503 6502 6422
f 105 104 24
f 186 185 105
f 267 266 186
f 348 347 267
f 429 428 348
f 510 509 429
f 591 590 510
f 672 671 591
f 753 752 672
f 834 833 753
f 915 914 834
f 996 995 915
f 1077 1076 996
f 1158 1157 1077
f 1239 1238 1158
f 1320 1319 1239
f 1401 1400 1320
f 1482 1481 1401
f 1563 1562 1482
f 1644 1643 1563
f 1725 1724 1644
f 1806 1805 1725
f 1887 1886 1806
f 1968 1967 1887
f 2049 2048 1968
f 2130 2129 2049
f 2211 2210 2130
f 2292 2291 2211
f 2373 2372 2292
f 2454 2453 2373
f 2535 2534 2454
f 2616 2615 2535
f 2697 2696 2616
f 2778 2777 2697
f 2859 2858 2778
f 2940 2939 2859
f 3021 3020 2940
f 3102 3101 3021
f 3183 3182 3102
f 3264 3263 3183
f 3345 3344 3264
f 3426 3425 3345
f 3507 3506 3426
f 3588 3587 3507
f 3669 3668 3588
f 3750 3749 3669
f 3831 3830 3750
f 3912 3911 3831
f 3993 3992 3912
f 4074 4073 3993
f 4155 4154 4074
f 4236 4235 4155
f 4317 4316 4236
f 4398 4397 4317
f 4479 4478 4398
f 4560 4559 4479
f 4641 4640 4560
f 4722 4721 4641
f 4803 4802 4722
f 4884 4883 4803
f 4965 4964 4884
f 5046 5045 4965
f 5127 5126 5046
f 5208 5207 5127
f 5289 5288 5208
f 5370 5369 5289
f 5451 5450 5370
f 5532 5531 5451
f 5613 5612 5532
f 5694 5693 5613
f 5775 5774 5694
f 5856 5855 5775
f 5937 5936 5856
f 6018 6017 5937
f 6099 6098 6018
f 6180 6179 6099
f 6261 6260 6180
f 6342 6341 6261
f 6423 6422 6342
f 6504 6503 6423
f 106 105 25
f 187 186 106
f 268 267 187
f 349 348 268
f 430 429 349
f 511 510 430
f 592 591 511
f 673 672 592
f 754 753 673
f 835 834 754
f 916 915 835
f 997 996 916
f 1078 1077 997
f 1159 1158 1078
f 1240 1239 1159
f 1321 1320 1240
f 1402 1401 1321
f 1483 1482 1402
f 1564 1563 1483
f 1645 1644 1564
f 1726 1725 1645
f 1807 1806 1726
f 1888 1887 1807
f 1969 1968 1888
f 2050 2049 1969
f 2131 2130 2050
f 2212 2211 2131
f 2293 2292 2212
f 2374 2373 2293
f 2455 2454 2374
f 2536 2535 2455
f 2617 2616 2536
f 2698 2697 2617
f 2779 2778 2698
f 2860 2859 2779
f 2941 2940 2860
f 3022 3021 2941
f 3103 3102 3022
f 3184 3183 3103
f 3265 3264 3184
f 3346 3345 3265
f 3427 3426 3346
f 3508 3507 3427
f 3589 3588 3508
f 3670 3669 3589
f 3751 3750 3670
f 3832 3831 3751
f 3913 3912 3832
f 3994 3993 3913
f 4075 4074 3994
f 4156 4155 4075
f 4237 4236 4156
f 4318 4317 4237
f 4399 4398 4318
f 4480 4479 4399
f 4561 4560 4480
f 4642 4641 4561
f 4723 4722 4642
f 4804 4803 4723
f 4885 4884 4804
f 4966 4965 4885
f 5047 5046 4966
f 5128 5127 5047
f 5209 5208 5128
f 5290 5289 5209
f 5371 5370 5290
f 5452 5451 5371
f 5533 5532 5452
f 5614 5613 5533
f 5695 5694 5614
f 5776 5775 5695
f 5857 5856 5776
f 5938 5937 5857
f 6019 6018 5938
f 6100 6099 6019
f 6181 6180 6100
f 6262 6261 6181
f 6343 6342 6262
f 6424 6423 6343
f 6505 6504 6424
f 107 106 26
f 188 187 107
f 269 268 188
f 350 349 269
f 431 430 350
f 512 511 431
f 593 592 512
f 674 673 593
f 755 754 674
f 836 835 755
f 917 916 836
f 998 997 917
f 1079 1078 998
f 1160 1159 1079
f 1241 1240 1160
f 1322 1321 1241
f 1403 1402 1322
f 1484 1483 1403
f 1565 1564 1484
f 1646 1645 1565
f 1727 1726 1646
f 1808 1807 1727
f 1889 1888 1808
f 1970 1969 1889
f 2051 2050 1970
f 2132 2131 2051
f 2213 2212 2132
f 2294 2293 2213
f 2375 2374 2294
f 2456 2455 2375
f 2537 2536 2456
f 2618 2617 2537
f 2699 2698 2618
f 2780 2779 2699
f 2861 2860 2780
f 2942 2941 2861
f 3023 3022 2942
f 3104 3103 3023
f 3185 3184 3104
f 3266 3265 3185
f 3347 3346 3266
f 3428 3427 3347
f 3509 3508 3428
f 3590 3589 3509
f 3671 3670 3590
f 3752 3751 3671
f 3833 3832 3752
f 3914 3913 3833
f 3995 3994 3914
f 4076 4075 3995
f 4157 4156 4076
f 4238 4237 4157
f 4319 4318 4238
f 4400 4399 4319
f 4481 4480 4400
f 4562 4561 4481
f 4643 4642 4562
f 4724 4723 4643
f 4805 4804 4724
f 4886 4885 4805
f 4967 4966 4886
f 5048 5047 4967
f 5129 5128 5048
f 5210 5209 5129
f 5291 5290 5210
f 5372 5371 5291
f 5453 5452 5372
f 5534 5533 5453
f 5615 5614 5534
f 5696 5695 5615
f 5777 5776 5696
f 5858 5857 5777
f 5939 5938 5858
f 6020 6019 5939
f 6101 6100 6020
f 6182 6181 6101
f 6263 6262 6182
f 6344 6343 6263
f 6425 6424 6344
f 6506 6505 6425
f 108 107 27
f 189 188 108
f 270 269 189
f 351 350 270
f 432 431 351
f 513 512 432
f 594 593 513
f 675 674 594
f 756 755 675
f 837 836 756
f 918 917 837
f 999 998 918
f 1080 1079 999
f 1161 1160 1080
f 1242 1241 1161
f 1323 1322 1242
f 1404 1403 1323
f 1485 1484 1404
f 1566 1565 1485
f 1647 1646 1566
f 1728 1727 1647
f 1809 1808 1728
f 1890 1889 1809
f 1971 1970 1890
f 2052 2051 1971
f 2133 2132 2052
f 2214 2213 2133
f 2295 2294 2214
f 2376 2375 2295
f 2457 2456 2376
f 2538 2537 2457
f 2619 2618 2538
f 2700 2699 2619
f 2781 2780 2700
f 2862 2861 2781
f 2943 2942 2862
f 3024 3023 2943
f 3105 3104 3024
f 3186 3185 3105
f 3267 3266 3186
f 3348 3347 3267
f 3429 3428 3348
f 3510 3509 3429
f 3591 3590 3510
f 3672 3671 3591
f 3753 3752 3672
f 3834 3833 3753
f 3915 3914 3834
f 3996 3995 3915
f 4077 4076 3996
f 4158 4157 4077
f 4239 4238 4158
f 4320 4319 4239
f 4401 4400 4320
f 4482 4481 4401
f 4563 4562 4482
f 4644 4643 4563
f 4725 4724 4644
f 4806 4805 4725
f 4887 4886 4806
f 4968 4967 4887
f 5049 5048 4968
f 5130 5129 5049
f 5211 5210 5130
f 5292 5291 5211
f 5373 5372 5292
f 5454 5453 5373
f 5535 5534 5454
f 5616 5615 5535
f 5697 5696 5616
f 5778 5777 5697
f 5859 5858 5778
f 5940 5939 5859
f 6021 6020 5940
f 6102 6101 6021
f 6183 6182 6102
f 6264 6263 6183
f 6345 6344 6264
f 6426 6425 6345
f 6507 6506 6426
f 109 108 28
f 190 189 109
f 271 270 190
f 352 351 271
f 433 432 352
f 514 513 433
f 595 594 514
f 676 675 595
f 757 756 676
f 838 837 757
f 919 918 838
f 1000 999 919
f 1081 1080 1000
f 1162 1161 1081
f 1243 1242 1162
f 1324 1323 1243
f 1405 1404 1324
f 1486 1485 1405
f 1567 1566 1486
f 1648 1647 1567
f 1729 1728 1648
f 1810 1809 1729
f 1891 1890 1810
f 1972 1971 1891
f 2053 2052 1972
f 2134 2133 2053
f 2215 2214 2134
f 2296 2295 2215
f 2377 2376 2296
f 2458 2457 2377
f 2539 2538 2458
f 2620 2619 2539
f 2701 2700 2620
f 2782 2781 2701
f 2863 2862 2782
f 2944 2943 2863
f 3025 3024 2944
f 3106 3105 3025
f 3187 3186 3106
f 3268 3267 3187
f 3349 3348 3268
f 3430 3429 3349
f 3511 3510 3430
f 3592 3591 3511
f 3673 3672 3592
f 3754 3753 3673
f 3835 3834 3754
f 3916 3915 3835
f 3997 3996 3916
f 4078 4077 3997
f 4159 4158 4078
f 4240 4239 4159
f 4321 4320 4240
f 4402 4401 4321
f 4483 4482 4402
f 4564 4563 4483
f 4645 4644 4564
f 4726 4725 4645
f 4807 4806 4726
f 4888 4887 4807
f 4969 4968 4888
f 5050 5049 4969
f 5131 5130 5050
f 5212 5211 5131
f 5293 5292 5212
f 5374 5373 5293
f 5455 5454 5374
f 5536 5535 5455
f 5617 5616 5536
f 5698 5697 5617
f 5779 5778 5698
f 5860 5859 5779
f 5941 5940 5860
f 6022 6021 5941
f 6103 6102 6022
f 6184 6183 6103
f 6265 6264 6184
f 6346 6345 6265
f 6427 6426 6346
f 6508 6507 6427
f 110 109 29
f 191 190 110
f 272 271 191
f 353 352 272
f 434 433 353
f 515 514 434
f 596 595 515
f 677 676 596
f 758 757 677
f 839 838 758
f 920 919 839
f 1001 1000 920
f 1082 1081 1001
f 1163 1162 1082
f 1244 1243 1163
f 1325 1324 1244
f 1406 1405 1325
f 1487 1486 1406
f 1568 1567 1487
f 1649 1648 1568
f 1730 1729 1649
f 1811 1810 1730
f 1892 1891 1811
f 1973 1972 1892
f 2054 2053 1973
f 2135 2134 2054
f 2216 2215 2135
f 2297 2296 2216
f 2378 2377 2297
f 2459 2458 2378
f 2540 2539 2459
f 2621 2620 2540
f 2702 2701 2621
f 2783 2782 2702
f 2864 2863 2783
f 2945 2944 2864
f 3026 3025 2945
f 3107 3106 3026
f 3188 3187 3107
f 3269 3268 3188
f 3350 3349 3269
f 3431 3430 3350
f 3512 3511 3431
f 3593 3592 3512
f 3674 3673 3593
f 3755 3754 3674
f 3836 3835 3755
f 3917 3916 3836
f 3998 3997 3917
f 4079 4078 3998
f 4160 4159 4079
f 4241 4240 4160
f 4322 4321 4241
f 4403 4402 4322
f 4484 4483 4403
f 4565 4564 4484
f 4646 4645 4565
f 4727 4726 4646
f 4808 4807 4727
f 4889 4888 4808
f 4970 4969 4889
f 5051 5050 4970
f 5132 5131 5051
f 5213 5212 5132
f 5294 5293 5213
f 5375 5374 5294
f 5456 5455 5375
f 5537 5536 5456
f 5618 5617 5537
f 5699 5698 5618
f 5780 5779 5699
f 5861 5860 5780
f 5942 5941 5861
f 6023 6022 5942
f 6104 6103 6023
f 6185 6184 6104
f 6266 6265 6185
f 6347 6346 6266
f 6428 6427 6347
f 6509 6508 6428
f 111 110 30
f 192 191 111
f 273 272 192
f 354 353 273
f 435 434 354
f 516 515 435
f 597 596 516
f 678 677 597
f 759 758 678
f 840 839 759
f 921 920 840
f 1002 1001 921
f 1083 1082 1002
f 1164 1163 1083
f 1245 1244 1164
f 1326 1325 1245
f 1407 1406 1326
f 1488 1487 1407
f 1569 1568 1488
f 1650 1649 1569
f 1731 1730 1650
f 1812 1811 1731
f 1893 1892 1812
f 1974 1973 1893
f 2055 2054 1974
f 2136 2135 2055
f 2217 2216 2136
f 2298 2297 2217
f 2379 2378 2298
f 2460 2459 2379
f 2541 2540 2460
f 2622 2621 2541
f 2703 2702 2622
f 2784 2783 2703
f 2865 2864 2784
f 2946 2945 2865
f 3027 3026 2946
f 3108 3107 3027
f 3189 3188 3108
f 3270 3269 3189
f 3351 3350 3270
f 3432 3431 3351
f 3513 3512 3432
f 3594 3593 3513
f 3675 3674 3594
f 3756 3755 3675
f 3837 3836 3756
f 3918 3917 3837
f 3999 3998 3918
f 4080 4079 3999
f 4161 4160 4080
f 4242 4241 4161
f 4323 4322 4242
f 4404 4403 4323
f 4485 4484 4404
f 4566 4565 4485
f 4647 4646 4566
f 4728 4727 4647
f 4809 4808 4728
f 4890 4889 4809
f 4971 4970 4890
f 5052 5051 4971
f 5133 5132 5052
f 5214 5213 5133
f 5295 5294 5214
f 5376 5375 5295
f 5457 5456 5376
f 5538 5537 5457
f 5619 5618 5538
f 5700 5699 5619
f 5781 5780 5700
f 5862 5861 5781
f 5943 5942 5862
f 6024 6023 5943
f 6105 6104 6024
f 6186 6185 6105
f 6267 6266 6186
f 6348 6347 6267
f 6429 6428 6348
f 6510 6509 6429
f 112 111 31
f 193 192 112
f 274 273 193
f 355 354 274
f 436 435 355
f 517 516 436
f 598 597 517
f 679 678 598
f 760 759 679
f 841 840 760
f 922 921 841
f 1003 1002 922
f 1084 1083 1003
f 1165 1164 1084
f 1246 1245 1165
f 1327 1326 1246
f 1408 1407 1327
f 1489 1488 1408
f 1570 1569 1489
f 1651 1650 1570
f 1732 1731 1651
f 1813 1812 1732
f 1894 1893 1813
f 1975 1974 1894
f 2056 2055 1975
f 2137 2136 2056
f 2218 2217 2137
f 2299 2298 2218
f 2380 2379 2299
f 2461 2460 2380
f 2542 2541 2461
f 2623 2622 2542
f 2704 2703 2623
f 2785 2784 2704
f 2866 2865 2785
f 2947 2946 2866
f 3028 3027 2947
f 3109 3108 3028
f 3190 3189 3109
f 3271 3270 3190
f 3352 3351 3271
f 3433 3432 3352
f 3514 3513 3433
f 3595 3594 3514
f 3676 3675 3595
f 3757 3756 3676
f 3838 3837 3757
f 3919 3918 3838
f 4000 3999 3919
f 4081 4080 4000
f 4162 4161 4081
f 4243 4242 4162
f 4324 4323 4243
f 4405 4404 4324
f 4486 4485 4405
f 4567 4566 4486
f 4648 4647 4567
f 4729 4728 4648
f 4810 4809 4729
f 4891 4890 4810
f 4972 4971 4891
f 5053 5052 4972
f 5134 5133 5053
f 5215 5214 5134
f 5296 5295 5215
f 5377 5376 5296
f 5458 5457 5377
f 5539 5538 5458
f 5620 5619 5539
f 5701 5700 5620
f 5782 5781 5701
f 5863 5862 5782
f 5944 5943 5863
f 6025 6024 5944
f 6106 6105 6025
f 6187 6186 6106
f 6268 6267 6187
f 6349 6348 6268
f 6430 6429 6349
f 6511 6510 6430
f 113 112 32
f 194 193 113
f 275 274 194
f 356 355 275
f 437 436 356
f 518 517 437
f 599 598 518
f 680 679 599
f 761 760 680
f 842 841 761
f 923 922 842
f 1004 1003 923
f 1085 1084 1004
f 1166 1165 1085
f 1247 1246 1166
f 1328 1327 1247
f 1409 1408 1328
f 1490 1489 1409
f 1571 1570 1490
f 1652 1651 1571
f 1733 1732 1652
f 1814 1813 1733
f 1895 1894 1814
f 1976 1975 1895
f 2057 2056 1976
f 2138 2137 2057
f 2219 2218 2138
f 2300 2299 2219
f 2381 2380 2300
f 2462 2461 2381
f 2543 2542 2462
f 2624 2623 2543
f 2705 2704 2624
f 2786 2785 2705
f 2867 2866 2786
f 2948 2947 2867
f 3029 3028 2948
f 3110 3109 3029
f 3191 3190 3110
f 3272 3271 3191
f 3353 3352 3272
f 3434 3433 3353
f 3515 3514 3434
f 3596 3595 3515
f 3677 3676 3596
f 3758 3757 3677
f 3839 3838 3758
f 3920 3919 3839
f 4001 4000 3920
f 4082 4081 4001
f 4163 4162 4082
f 4244 4243 4163
f 4325 4324 4244
f 4406 4405 4325
f 4487 4486 4406
f 4568 4567 4487
f 4649 4648 4568
f 4730 4729 4649
f 4811 4810 4730
f 4892 4891 4811
f 4973 4972 4892
f 5054 5053 4973
f 5135 5134 5054
f 5216 5215 5135
f 5297 5296 5216
f 5378 5377 5297
f 5459 5458 5378
f 5540 5539 5459
f 5621 5620 5540
f 5702 5701 5621
f 5783 5782 5702
f 5864 5863 5783
f 5945 5944 5864
f 6026 6025 5945
f 6107 6106 6026
f 6188 6187 6107
f 6269 6268 6188
f 6350 6349 6269
f 6431 6430 6350
f 6512 6511 6431
f 114 113 33
f 195 194 114
f 276 275 195
f 357 356 276
f 438 437 357
f 519 518 438
f 600 599 519
f 681 680 600
f 762 761 681
f 843 842 762
f 924 923 843
f 1005 1004 924
f 1086 1085 1005
f 1167 1166 1086
f 1248 1247 1167
f 1329 1328 1248
f 1410 1409 1329
f 1491 1490 1410
f 1572 1571 1491
f 1653 1652 1572
f 1734 1733 1653
f 1815 1814 1734
f 1896 1895 1815
f 1977 1976 1896
f 2058 2057 1977
f 2139 2138 2058
f 2220 2219 2139
f 2301 2300 2220
f 2382 2381 2301
f 2463 2462 2382
f 2544 2543 2463
f 2625 2624 2544
f 2706 2705 2625
f 2787 2786 2706
f 2868 2867 2787
f 2949 2948 2868
f 3030 3029 2949
f 3111 3110 3030
f 3192 3191 3111
f 3273 3272 3192
f 3354 3353 3273
f 3435 3434 3354
f 3516 3515 3435
f 3597 3596 3516
f 3678 3677 3597
f 3759 3758 3678
f 3840 3839 3759
f 3921 3920 3840
f 4002 4001 3921
f 4083 4082 4002
f 4164 4163 4083
f 4245 4244 4164
f 4326 4325 4245
f 4407 4406 4326
f 4488 4487 4407
f 4569 4568 4488
f 4650 4649 4569
f 4731 4730 4650
f 4812 4811 4731
f 4893 4892 4812
f 4974 4973 4893
f 5055 5054 4974
f 5136 5135 5055
f 5217 5216 5136
f 5298 5297 5217
f 5379 5378 5298
f 5460 5459 5379
f 5541 5540 5460
f 5622 5621 5541
f 5703 5702 5622
f 5784 5783 5703
f 5865 5864 5784
f 5946 5945 5865
f 6027 6026 5946
f 6108 6107 6027
f 6189 6188 6108
f 6270 6269 6189
f 6351 6350 6270
f 6432 6431 6351
f 6513 6512 6432
f 115 114 34
f 196 195 115
f 277 276 196
f 358 357 277
f 439 438 358
f 520 519 439
f 601 600 520
f 682 681 601
f 763 762 682
f 844 843 763
f 925 924 844
f 1006 1005 925
f 1087 1086 1006
f 1168 1167 1087
f 1249 1248 1168
f 1330 1329 1249
f 1411 1410 1330
f 1492 1491 1411
f 1573 1572 1492
f 1654 1653 1573
f 1735 1734 1654
f 1816 1815 1735
f 1897 1896 1816
f 1978 1977 1897
f 2059 2058 1978
f 2140 2139 2059
f 2221 2220 2140
f 2302 2301 2221
f 2383 2382 2302
f 2464 2463 2383
f 2545 2544 2464
f 2626 2625 2545
f 2707 2706 2626
f 2788 2787 2707
f 2869 2868 2788
f 2950 2949 2869
f 3031 3030 2950
f 3112 3111 3031
f 3193 3192 3112
f 3274 3273 3193
f 3355 3354 3274
f 3436 3435 3355
f 3517 3516 3436
f 3598 3597 3517
f 3679 3678 3598
f 3760 3759 3679
f 3841 3840 3760
f 3922 3921 3841
f 4003 4002 3922
f 4084 4083 4003
f 4165 4164 4084
f 4246 4245 4165
f 4327 4326 4246
f 4408 4407 4327
f 4489 4488 4408
f 4570 4569 4489
f 4651 4650 4570
f 4732 4731 4651
f 4813 4812 4732
f 4894 4893 4813
f 4975 4974 4894
f 5056 5055 4975
f 5137 5136 5056
f 5218 5217 5137
f 5299 5298 5218
f 5380 5379 5299
f 5461 5460 5380
f 5542 5541 5461
f 5623 5622 5542
f 5704 5703 5623
f 5785 5784 5704
f 5866 5865 5785
f 5947 5946 5866
f 6028 6027 5947
f 6109 6108 6028
f 6190 6189 6109
f 6271 6270 6190
f 6352 6351 6271
f 6433 6432 6352
f 6514 6513 6433
f 116 115 35
f 197 196 116
f 278 277 197
f 359 358 278
f 440 439 359
f 521 520 440
f 602 601 521
f 683 682 602
f 764 763 683
f 845 844 764
f 926 925 845
f 1007 1006 926
f 1088 1087 1007
f 1169 1168 1088
f 1250 1249 1169
f 1331 1330 1250
f 1412 1411 1331
f 1493 1492 1412
f 1574 1573 1493
f 1655 1654 1574
f 1736 1735 1655
f 1817 1816 1736
f 1898 1897 1817
f 1979 1978 1898
f 2060 2059 1979
f 2141 2140 2060
f 2222 2221 2141
f 2303 2302 2222
f 2384 2383 2303
f 2465 2464 2384
f 2546 2545 2465
f 2627 2626 2546
f 2708 2707 2627
f 2789 2788 2708
f 2870 2869 2789
f 2951 2950 2870
f 3032 3031 2951
f 3113 3112 3032
f 3194 3193 3113
f 3275 3274 3194
f 3356 3355 3275
f 3437 3436 3356
f 3518 3517 3437
f 3599 3598 3518
f 3680 3679 3599
f 3761 3760 3680
f 3842 3841 3761
f 3923 3922 3842
f 4004 4003 3923
f 4085 4084 4004
f 4166 4165 4085
f 4247 4246 4166
f 4328 4327 4247
f 4409 4408 4328
f 4490 4489 4409
f 4571 4570 4490
f 4652 4651 4571
f 4733 4732 4652
f 4814 4813 4733
f 4895 4894 4814
f 4976 4975 4895
f 5057 5056 4976
f 5138 5137 5057
f 5219 5218 5138
f 5300 5299 5219
f 5381 5380 5300
f 5462 5461 5381
f 5543 5542 5462
f 5624 5623 5543
f 5705 5704 5624
f 5786 5785 5705
f 5867 5866 5786
f 5948 5947 5867
f 6029 6028 5948
f 6110 6109 6029
f 6191 6190 6110
f 6272 6271 6191
f 6353 6352 6272
f 6434 6433 6353
f 6515 6514 6434
f 117 116 36
f 198 197 117
f 279 278 198
f 360 359 279
f 441 440 360
f 522 521 441
f 603 602 522
f 684 683 603
f 765 764 684
f 846 845 765
f 927 926 846
f 1008 1007 927
f 1089 1088 1008
f 1170 1169 1089
f 1251 1250 1170
f 1332 1331 1251
f 1413 1412 1332
f 1494 1493 1413
f 1575 1574 1494
f 1656 1655 1575
f 1737 1736 1656
f 1818 1817 1737
f 1899 1898 1818
f 1980 1979 1899
f 2061 2060 1980
f 2142 2141 2061
f 2223 2222 2142
f 2304 2303 2223
f 2385 2384 2304
f 2466 2465 2385
f 2547 2546 2466
f 2628 2627 2547
f 2709 2708 2628
f 2790 2789 2709
f 2871 2870 2790
f 2952 2951 2871
f 3033 3032 2952
f 3114 3113 3033
f 3195 3194 3114
f 3276 3275 3195
f 3357 3356 3276
f 3438 3437 3357
f 3519 3518 3438
f 3600 3599 3519
f 3681 3680 3600
f 3762 3761 3681
f 3843 3842 3762
f 3924 3923 3843
f 4005 4004 3924
f 4086 4085 4005
f 4167 4166 4086
f 4248 4247 4167
f 4329 4328 4248
f 4410 4409 4329
f 4491 4490 4410
f 4572 4571 4491
f 4653 4652 4572
f 4734 4733 4653
f 4815 4814 4734
f 4896 4895 4815
f 4977 4976 4896
f 5058 5057 4977
f 5139 5138 5058
f 5220 5219 5139
f 5301 5300 5220
f 5382 5381 5301
f 5463 5462 5382
f 5544 5543 5463
f 5625 5624 5544
f 5706 5705 5625
f 5787 5786 5706
f 5868 5867 5787
f 5949 5948 5868
f 6030 6029 5949
f 6111 6110 6030
f 6192 6191 6111
f 6273 6272 6192
f 6354 6353 6273
f 6435 6434 6354
f 6516 6515 6435
f 118 117 37
f 199 198 118
f 280 279 199
f 361 360 280
f 442 441 361
f 523 522 442
f 604 603 523
f 685 684 604
f 766 765 685
f 847 846 766
f 928 927 847
f 1009 1008 928
f 1090 1089 1009
f 1171 1170 1090
f 1252 1251 1171
f 1333 1332 1252
f 1414 1413 1333
f 1495 1494 1414
f 1576 1575 1495
f 1657 1656 1576
f 1738 1737 1657
f 1819 1818 1738
f 1900 1899 1819
f 1981 1980 1900
f 2062 2061 1981
f 2143 2142 2062
f 2224 2223 2143
f 2305 2304 2224
f 2386 2385 2305
f 2467 2466 2386
f 2548 2547 2467
f 2629 2628 2548
f 2710 2709 2629
f 2791 2790 2710
f 2872 2871 2791
f 2953 2952 2872
f 3034 3033 2953
f 3115 3114 3034
f 3196 3195 3115
f 3277 3276 3196
f 3358 3357 3277
f 3439 3438 3358
f 3520 3519 3439
f 3601 3600 3520
f 3682 3681 3601
f 3763 3762 3682
f 3844 3843 3763
f 3925 3924 3844
f 4006 4005 3925
f 4087 4086 4006
f 4168 4167 4087
f 4249 4248 4168
f 4330 4329 4249
f 4411 4410 4330
f 4492 4491 4411
f 4573 4572 4492
f 4654 4653 4573
f 4735 4734 4654
f 4816 4815 4735
f 4897 4896 4816
f 4978 4977 4897
f 5059 5058 4978
f 5140 5139 5059
f 5221 5220 5140
f 5302 5301 5221
f 5383 5382 5302
f 5464 5463 5383
f 5545 5544 5464
f 5626 5625 5545
f 5707 5706 5626
f 5788 5787 5707
f 5869 5868 5788
f 5950 5949 5869
f 6031 6030 5950
f 6112 6111 6031
f 6193 6192 6112
f 6274 6273 6193
f 6355 6354 6274
f 6436 6435 6355
f 6517 6516 6436
f 119 118 38
f 200 199 119
f 281 280 200
f 362 361 281
f 443 442 362
f 524 523 443
f 605 604 524
f 686 685 605
f 767 766 686
f 848 847 767
f 929 928 848
f 1010 1009 929
f 1091 1090 1010
f 1172 1171 1091
f 1253 1252 1172
f 1334 1333 1253
f 1415 1414 1334
f 1496 1495 1415
f 1577 1576 1496
f 1658 1657 1577
f 1739 1738 1658
f 1820 1819 1739
f 1901 1900 1820
f 1982 1981 1901
f 2063 2062 1982
f 2144 2143 2063
f 2225 2224 2144
f 2306 2305 2225
f 2387 2386 2306
f 2468 2467 2387
f 2549 2548 2468
f 2630 2629 2549
f 2711 2710 2630
f 2792 2791 2711
f 2873 2872 2792
f 2954 2953 2873
f 3035 3034 2954
f 3116 3115 3035
f 3197 3196 3116
f 3278 3277 3197
f 3359 3358 3278
f 3440 3439 3359
f 3521 3520 3440
f 3602 3601 3521
f 3683 3682 3602
f 3764 3763 3683
f 3845 3844 3764
f 3926 3925 3845
f 4007 4006 3926
f 4088 4087 4007
f 4169 4168 4088
f 4250 4249 4169
f 4331 4330 4250
f 4412 4411 4331
f 4493 4492 4412
f 4574 4573 4493
f 4655 4654 4574
f 4736 4735 4655
f 4817 4816 4736
f 4898 4897 4817
f 4979 4978 4898
f 5060 5059 4979
f 5141 5140 5060
f 5222 5221 5141
f 5303 5302 5222
f 5384 5383 5303
f 5465 5464 5384
f 5546 5545 5465
f 5627 5626 5546
f 5708 5707 5627
f 5789 5788 5708
f 5870 5869 5789
f 5951 5950 5870
f 6032 6031 5951
f 6113 6112 6032
f 6194 6193 6113
f 6275 6274 6194
f 6356 6355 6275
f 6437 6436 6356
f 6518 6517 6437
f 120 119 39
f 201 200 120
f 282 281 201
f 363 362 282
f 444 443 363
f 525 524 444
f 606 605 525
f 687 686 606
f 768 767 687
f 849 848 768
f 930 929 849
f 1011 1010 930
f 1092 1091 1011
f 1173 1172 1092
f 1254 1253 1173
f 1335 1334 1254
f 1416 1415 1335
f 1497 1496 1416
f 1578 1577 1497
f 1659 1658 1578
f 1740 1739 1659
f 1821 1820 1740
f 1902 1901 1821
f 1983 1982 1902
f 2064 2063 1983
f 2145 2144 2064
f 2226 2225 2145
f 2307 2306 2226
f 2388 2387 2307
f 2469 2468 2388
f 2550 2549 2469
f 2631 2630 2550
f 2712 2711 2631
f 2793 2792 2712
f 2874 2873 2793
f 2955 2954 2874
f 3036 3035 2955
f 3117 3116 3036
f 3198 3197 3117
f 3279 3278 3198
f 3360 3359 3279
f 3441 3440 3360
f 3522 3521 3441
f 3603 3602 3522
f 3684 3683 3603
f 3765 3764 3684
f 3846 3845 3765
f 3927 3926 3846
f 4008 4007 3927
f 4089 4088 4008
f 4170 4169 4089
f 4251 4250 4170
f 4332 4331 4251
f 4413 4412 4332
f 4494 4493 4413
f 4575 4574 4494
f 4656 4655 4575
f 4737 4736 4656
f 4818 4817 4737
f 4899 4898 4818
f 4980 4979 4899
f 5061 5060 4980
f 5142 5141 5061
f 5223 5222 5142
f 5304 5303 5223
f 5385 5384 5304
f 5466 5465 5385
f 5547 5546 5466
f 5628 5627 5547
f 5709 5708 5628
f 5790 5789 5709
f 5871 5870 5790
f 5952 5951 5871
f 6033 6032 5952
f 6114 6113 6033
f 6195 6194 6114
f 6276 6275 6195
f 6357 6356 6276
f 6438 6437 6357
f 6519 6518 6438
f 121 120 40
f 202 201 121
f 283 282 202
f 364 363 283
f 445 444 364
f 526 525 445
f 607 606 526
f 688 687 607
f 769 768 688
f 850 849 769
f 931 930 850
f 1012 1011 931
f 1093 1092 1012
f 1174 1173 1093
f 1255 1254 1174
f 1336 1335 1255
f 1417 1416 1336
f 1498 1497 1417
f 1579 1578 1498
f 1660 1659 1579
f 1741 1740 1660
f 1822 1821 1741
f 1903 1902 1822
f 1984 1983 1903
f 2065 2064 1984
f 2146 2145 2065
f 2227 2226 2146
f 2308 2307 2227
f 2389 2388 2308
f 2470 2469 2389
f 2551 2550 2470
f 2632 2631 2551
f 2713 2712 2632
f 2794 2793 2713
f 2875 2874 2794
f 2956 2955 2875
f 3037 3036 2956
f 3118 3117 3037
f 3199 3198 3118
f 3280 3279 3199
f 3361 3360 3280
f 3442 3441 3361
f 3523 3522 3442
f 3604 3603 3523
f 3685 3684 3604
f 3766 3765 3685
f 3847 3846 3766
f 3928 3927 3847
f 4009 4008 3928
f 4090 4089 4009
f 4171 4170 4090
f 4252 4251 4171
f 4333 4332 4252
f 4414 4413 4333
f 4495 4494 4414
f 4576 4575 4495
f 4657 4656 4576
f 4738 4737 4657
f 4819 4818 4738
f 4900 4899 4819
f 4981 4980 4900
f 5062 5061 4981
f 5143 5142 5062
f 5224 5223 5143
f 5305 5304 5224
f 5386 5385 5305
f 5467 5466 5386
f 5548 5547 5467
f 5629 5628 5548
f 5710 5709 5629
f 5791 5790 5710
f 5872 5871 5791
f 5953 5952 5872
f 6034 6033 5953
f 6115 6114 6034
f 6196 6195 6115
f 6277 6276 6196
f 6358 6357 6277
f 6439 6438 6358
f 6520 6519 6439
f 122 121 41
f 203 202 122
f 284 283 203
f 365 364 284
f 446 445 365
f 527 526 446
f 608 607 527
f 689 688 608
f 770 769 689
f 851 850 770
f 932 931 851
f 1013 1012 932
f 1094 1093 1013
f 1175 1174 1094
f 1256 1255 1175
f 1337 1336 1256
f 1418 1417 1337
f 1499 1498 1418
f 1580 1579 1499
f 1661 1660 1580
f 1742 1741 1661
f 1823 1822 1742
f 1904 1903 1823
f 1985 1984 1904
f 2066 2065 1985
f 2147 2146 2066
f 2228 2227 2147
f 2309 2308 2228
f 2390 2389 2309
f 2471 2470 2390
f 2552 2551 2471
f 2633 2632 2552
f 2714 2713 2633
f 2795 2794 2714
f 2876 2875 2795
f 2957 2956 2876
f 3038 3037 2957
f 3119 3118 3038
f 3200 3199 3119
f 3281 3280 3200
f 3362 3361 3281
f 3443 3442 3362
f 3524 3523 3443
f 3605 3604 3524
f 3686 3685 3605
f 3767 3766 3686
f 3848 3847 3767
f 3929 3928 3848
f 4010 4009 3929
f 4091 4090 4010
f 4172 4171 4091
f 4253 4252 4172
f 4334 4333 4253
f 4415 4414 4334
f 4496 4495 4415
f 4577 4576 4496
f 4658 4657 4577
f 4739 4738 4658
f 4820 4819 4739
f 4901 4900 4820
f 4982 4981 4901
f 5063 5062 4982
f 5144 5143 5063
f 5225 5224 5144
f 5306 5305 5225
f 5387 5386 5306
f 5468 5467 5387
f 5549 5548 5468
f 5630 5629 5549
f 5711 5710 5630
f 5792 5791 5711
f 5873 5872 5792
f 5954 5953 5873
f 6035 6034 5954
f 6116 6115 6035
f 6197 6196 6116
f 6278 6277 6197
f 6359 6358 6278
f 6440 6439 6359
f 6521 6520 6440
f 123 122 42
f 204 203 123
f 285 284 204
f 366 365 285
f 447 446 366
f 528 527 447
f 609 608 528
f 690 689 609
f 771 770 690
f 852 851 771
f 933 932 852
f 1014 1013 933
f 1095 1094 1014
f 1176 1175 1095
f 1257 1256 1176
f 1338 1337 1257
f 1419 1418 1338
f 1500 1499 1419
f 1581 1580 1500
f 1662 1661 1581
f 1743 1742 1662
f 1824 1823 1743
f 1905 1904 1824
f 1986 1985 1905
f 2067 2066 1986
f 2148 2147 2067
f 2229 2228 2148
f 2310 2309 2229
f 2391 2390 2310
f 2472 2471 2391
f 2553 2552 2472
f 2634 2633 2553
f 2715 2714 2634
f 2796 2795 2715
f 2877 2876 2796
f 2958 2957 2877
f 3039 3038 2958
f 3120 3119 3039
f 3201 3200 3120
f 3282 3281 3201
f 3363 3362 3282
f 3444 3443 3363
f 3525 3524 3444
f 3606 3605 3525
f 3687 3686 3606
f 3768 3767 3687
f 3849 3848 3768
f 3930 3929 3849
f 4011 4010 3930
f 4092 4091 4011
f 4173 4172 4092
f 4254 4253 4173
f 4335 4334 4254
f 4416 4415 4335
f 4497 4496 4416
f 4578 4577 4497
f 4659 4658 4578
f 4740 4739 4659
f 4821 4820 4740
f 4902 4901 4821
f 4983 4982 4902
f 5064 5063 4983
f 5145 5144 5064
f 5226 5225 5145
f 5307 5306 5226
f 5388 5387 5307
f 5469 5468 5388
f 5550 5549 5469
f 5631 5630 5550
f 5712 5711 5631
f 5793 5792 5712
f 5874 5873 5793
f 5955 5954 5874
f 6036 6035 5955
f 6117 6116 6036
f 6198 6197 6117
f 6279 6278 6198
f 6360 6359 6279
f 6441 6440 6360
f 6522 6521 6441
f 124 123 43
f 205 204 124
f 286 285 205
f 367 366 286
f 448 447 367
f 529 528 448
f 610 609 529
f 691 690 610
f 772 771 691
f 853 852 772
f 934 933 853
f 1015 1014 934
f 1096 1095 1015
f 1177 1176 1096
f 1258 1257 1177
f 1339 1338 1258
f 1420 1419 1339
f 1501 1500 1420
f 1582 1581 1501
f 1663 1662 1582
f 1744 1743 1663
f 1825 1824 1744
f 1906 1905 1825
f 1987 1986 1906
f 2068 2067 1987
f 2149 2148 2068
f 2230 2229 2149
f 2311 2310 2230
f 2392 2391 2311
f 2473 2472 2392
f 2554 2553 2473
f 2635 2634 2554
f 2716 2715 2635
f 2797 2796 2716
f 2878 2877 2797
f 2959 2958 2878
f 3040 3039 2959
f 3121 3120 3040
f 3202 3201 3121
f 3283 3282 3202
f 3364 3363 3283
f 3445 3444 3364
f 3526 3525 3445
f 3607 3606 3526
f 3688 3687 3607
f 3769 3768 3688
f 3850 3849 3769
f 3931 3930 3850
f 4012 4011 3931
f 4093 4092 4012
f 4174 4173 4093
f 4255 4254 4174
f 4336 4335 4255
f 4417 4416 4336
f 4498 4497 4417
f 4579 4578 4498
f 4660 4659 4579
f 4741 4740 4660
f 4822 4821 4741
f 4903 4902 4822
f 4984 4983 4903
f 5065 5064 4984
f 5146 5145 5065
f 5227 5226 5146
f 5308 5307 5227
f 5389 5388 5308
f 5470 5469 5389
f 5551 5550 5470
f 5632 5631 5551
f 5713 5712 5632
f 5794 5793 5713
f 5875 5874 5794
f 5956 5955 5875
f 6037 6036 5956
f 6118 6117 6037
f 6199 6198 6118
f 6280 6279 6199
f 6361 6360 6280
f 6442 6441 6361
f 6523 6522 6442
f 125 124 44
f 206 205 125
f 287 286 206
f 368 367 287
f 449 448 368
f 530 529 449
f 611 610 530
f 692 691 611
f 773 772 692
f 854 853 773
f 935 934 854
f 1016 1015 935
f 1097 1096 1016
f 1178 1177 1097
f 1259 1258 1178
f 1340 1339 1259
f 1421 1420 1340
f 1502 1501 1421
f 1583 1582 1502
f 1664 1663 1583
f 1745 1744 1664
f 1826 1825 1745
f 1907 1906 1826
f 1988 1987 1907
f 2069 2068 1988
f 2150 2149 2069
f 2231 2230 2150
f 2312 2311 2231
f 2393 2392 2312
f 2474 2473 2393
f 2555 2554 2474
f 2636 2635 2555
f 2717 2716 2636
f 2798 2797 2717
f 2879 2878 2798
f 2960 2959 2879
f 3041 3040 2960
f 3122 3121 3041
f 3203 3202 3122
f 3284 3283 3203
f 3365 3364 3284
f 3446 3445 3365
f 3527 3526 3446
f 3608 3607 3527
f 3689 3688 3608
f 3770 3769 3689
f 3851 3850 3770
f 3932 3931 3851
f 4013 4012 3932
f 4094 4093 4013
f 4175 4174 4094
f 4256 4255 4175
f 4337 4336 4256
f 4418 4417 4337
f 4499 4498 4418
f 4580 4579 4499
f 4661 4660 4580
f 4742 4741 4661
f 4823 4822 4742
f 4904 4903 4823
f 4985 4984 4904
f 5066 5065 4985
f 5147 5146 5066
f 5228 5227 5147
f 5309 5308 5228
f 5390 5389 5309
f 5471 5470 5390
f 5552 5551 5471
f 5633 5632 5552
f 5714 5713 5633
f 5795 5794 5714
f 5876 5875 5795
f 5957 5956 5876
f 6038 6037 5957
f 6119 6118 6038
f 6200 6199 6119
f 6281 6280 6200
f 6362 6361 6281
f 6443 6442 6362
f 6524 6523 6443
f 126 125 45
f 207 206 126
f 288 287 207
f 369 368 288
f 450 449 369
f 531 530 450
f 612 611 531
f 693 692 612
f 774 773 693
f 855 854 774
f 936 935 855
f 1017 1016 936
f 1098 1097 1017
f 1179 1178 1098
f 1260 1259 1179
f 1341 1340 1260
f 1422 1421 1341
f 1503 1502 1422
f 1584 1583 1503
f 1665 1664 1584
f 1746 1745 1665
f 1827 1826 1746
f 1908 1907 1827
f 1989 1988 1908
f 2070 2069 1989
f 2151 2150 2070
f 2232 2231 2151
f 2313 2312 2232
f 2394 2393 2313
f 2475 2474 2394
f 2556 2555 2475
f 2637 2636 2556
f 2718 2717 2637
f 2799 2798 2718
f 2880 2879 2799
f 2961 2960 2880
f 3042 3041 2961
f 3123 3122 3042
f 3204 3203 3123
f 3285 3284 3204
f 3366 3365 3285
f 3447 3446 3366
f 3528 3527 3447
f 3609 3608 3528
f 3690 3689 3609
f 3771 3770 3690
f 3852 3851 3771
f 3933 3932 3852
f 4014 4013 3933
f 4095 4094 4014
f 4176 4175 4095
f 4257 4256 4176
f 4338 4337 4257
f 4419 4418 4338
f 4500 4499 4419
f 4581 4580 4500
f 4662 4661 4581
f 4743 4742 4662
f 4824 4823 4743
f 4905 4904 4824
f 4986 4985 4905
f 5067 5066 4986
f 5148 5147 5067
f 5229 5228 5148
f 5310 5309 5229
f 5391 5390 5310
f 5472 5471 5391
f 5553 5552 5472
f 5634 5633 5553
f 5715 5714 5634
f 5796 5795 5715
f 5877 5876 5796
f 5958 5957 5877
f 6039 6038 5958
f 6120 6119 6039
f 6201 6200 6120
f 6282 6281 6201
f 6363 6362 6282
f 6444 6443 6363
f 6525 6524 6444
f 127 126 46
f 208 207 127
f 289 288 208
f 370 369 289
f 451 450 370
f 532 531 451
f 613 612 532
f 694 693 613
f 775 774 694
f 856 855 775
f 937 936 856
f 1018 1017 937
f 1099 1098 1018
f 1180 1179 1099
f 1261 1260 1180
f 1342 1341 1261
f 1423 1422 1342
f 1504 1503 1423
f 1585 1584 1504
f 1666 1665 1585
f 1747 1746 1666
f 1828 1827 1747
f 1909 1908 1828
f 1990 1989 1909
f 2071 2070 1990
f 2152 2151 2071
f 2233 2232 2152
f 2314 2313 2233
f 2395 2394 2314
f 2476 2475 2395
f 2557 2556 2476
f 2638 2637 2557
f 2719 2718 2638
f 2800 2799 2719
f 2881 2880 2800
f 2962 2961 2881
f 3043 3042 2962
f 3124 3123 3043
f 3205 3204 3124
f 3286 3285 3205
f 3367 3366 3286
f 3448 3447 3367
f 3529 3528 3448
f 3610 3609 3529
f 3691 3690 3610
f 3772 3771 3691
f 3853 3852 3772
f 3934 3933 3853
f 4015 4014 3934
f 4096 4095 4015
f 4177 4176 4096
f 4258 4257 4177
f 4339 4338 4258
f 4420 4419 4339
f 4501 4500 4420
f 4582 4581 4501
f 4663 4662 4582
f 4744 4743 4663
f 4825 4824 4744
f 4906 4905 4825
f 4987 4986 4906
f 5068 5067 4987
f 5149 5148 5068
f 5230 5229 5149
f 5311 5310 5230
f 5392 5391 5311
f 5473 5472 5392
f 5554 5553 5473
f 5635 5634 5554
f 5716 5715 5635
f 5797 5796 5716
f 5878 5877 5797
f 5959 5958 5878
f 6040 6039 5959
f 6121 6120 6040
f 6202 6201 6121
f 6283 6282 6202
f 6364 6363 6283
f 6445 6444 6364
f 6526 6525 6445
f 128 127 47
f 209 208 128
f 290 289 209
f 371 370 290
f 452 451 371
f 533 532 452
f 614 613 533
f 695 694 614
f 776 775 695
f 857 856 776
f 938 937 857
f 1019 1018 938
f 1100 1099 1019
f 1181 1180 1100
f 1262 1261 1181
f 1343 1342 1262
f 1424 1423 1343
f 1505 1504 1424
f 1586 1585 1505
f 1667 1666 1586
f 1748 1747 1667
f 1829 1828 1748
f 1910 1909 1829
f 1991 1990 1910
f 2072 2071 1991
f 2153 2152 2072
f 2234 2233 2153
f 2315 2314 2234
f 2396 2395 2315
f 2477 2476 2396
f 2558 2557 2477
f 2639 2638 2558
f 2720 2719 2639
f 2801 2800 2720
f 2882 2881 2801
f 2963 2962 2882
f 3044 3043 2963
f 3125 3124 3044
f 3206 3205 3125
f 3287 3286 3206
f 3368 3367 3287
f 3449 3448 3368
f 3530 3529 3449
f 3611 3610 3530
f 3692 3691 3611
f 3773 3772 3692
f 3854 3853 3773
f 3935 3934 3854
f 4016 4015 3935
f 4097 4096 4016
f 4178 4177 4097
f 4259 4258 4178
f 4340 4339 4259
f 4421 4420 4340
f 4502 4501 4421
f 4583 4582 4502
f 4664 4663 4583
f 4745 4744 4664
f 4826 4825 4745
f 4907 4906 4826
f 4988 4987 4907
f 5069 5068 4988
f 5150 5149 5069
f 5231 5230 5150
f 5312 5311 5231
f 5393 5392 5312
f 5474 5473 5393
f 5555 5554 5474
f 5636 5635 5555
f 5717 5716 5636
f 5798 5797 5717
f 5879 5878 5798
f 5960 5959 5879
f 6041 6040 5960
f 6122 6121 6041
f 6203 6202 6122
f 6284 6283 6203
f 6365 6364 6284
f 6446 6445 6365
f 6527 6526 6446
f 129 128 48
f 210 209 129
f 291 290 210
f 372 371 291
f 453 452 372
f 534 533 453
f 615 614 534
f 696 695 615
f 777 776 696
f 858 857 777
f 939 938 858
f 1020 1019 939
f 1101 1100 1020
f 1182 1181 1101
f 1263 1262 1182
f 1344 1343 1263
f 1425 1424 1344
f 1506 1505 1425
f 1587 1586 1506
f 1668 1667 1587
f 1749 1748 1668
f 1830 1829 1749
f 1911 1910 1830
f 1992 1991 1911
f 2073 2072 1992
f 2154 2153 2073
f 2235 2234 2154
f 2316 2315 2235
f 2397 2396 2316
f 2478 2477 2397
f 2559 2558 2478
f 2640 2639 2559
f 2721 2720 2640
f 2802 2801 2721
f 2883 2882 2802
f 2964 2963 2883
f 3045 3044 2964
f 3126 3125 3045
f 3207 3206 3126
f 3288 3287 3207
f 3369 3368 3288
f 3450 3449 3369
f 3531 3530 3450
f 3612 3611 3531
f 3693 3692 3612
f 3774 3773 3693
f 3855 3854 3774
f 3936 3935 3855
f 4017 4016 3936
f 4098 4097 4017
f 4179 4178 4098
f 4260 4259 4179
f 4341 4340 4260
f 4422 4421 4341
f 4503 4502 4422
f 4584 4583 4503
f 4665 4664 4584
f 4746 4745 4665
f 4827 4826 4746
f 4908 4907 4827
f 4989 4988 4908
f 5070 5069 4989
f 5151 5150 5070
f 5232 5231 5151
f 5313 5312 5232
f 5394 5393 5313
f 5475 5474 5394
f 5556 5555 5475
f 5637 5636 5556
f 5718 5717 5637
f 5799 5798 5718
f 5880 5879 5799
f 5961 5960 5880
f 6042 6041 5961
f 6123 6122 6042
f 6204 6203 6123
f 6285 6284 6204
f 6366 6365 6285
f 6447 6446 6366
f 6528 6527 6447
f 130 129 49
f 211 210 130
f 292 291 211
f 373 372 292
f 454 453 373
f 535 534 454
f 616 615 535
f 697 696 616
f 778 777 697
f 859 858 778
f 940 939 859
f 1021 1020 940
f 1102 1101 1021
f 1183 1182 1102
f 1264 1263 1183
f 1345 1344 1264
f 1426 1425 1345
f 1507 1506 1426
f 1588 1587 1507
f 1669 1668 1588
f 1750 1749 1669
f 1831 1830 1750
f 1912 1911 1831
f 1993 1992 1912
f 2074 2073 1993
f 2155 2154 2074
f 2236 2235 2155
f 2317 2316 2236
f 2398 2397 2317
f 2479 2478 2398
f 2560 2559 2479
f 2641 2640 2560
f 2722 2721 2641
f 2803 2802 2722
f 2884 2883 2803
f 2965 2964 2884
f 3046 3045 2965
f 3127 3126 3046
f 3208 3207 3127
f 3289 3288 3208
f 3370 3369 3289
f 3451 3450 3370
f 3532 3531 3451
f 3613 3612 3532
f 3694 3693 3613
f 3775 3774 3694
f 3856 3855 3775
f 3937 3936 3856
f 4018 4017 3937
f 4099 4098 4018
f 4180 4179 4099
f 4261 4260 4180
f 4342 4341 4261
f 4423 4422 4342
f 4504 4503 4423
f 4585 4584 4504
f 4666 4665 4585
f 4747 4746 4666
f 4828 4827 4747
f 4909 4908 4828
f 4990 4989 4909
f 5071 5070 4990
f 5152 5151 5071
f 5233 5232 5152
f 5314 5313 5233
f 5395 5394 5314
f 5476 5475 5395
f 5557 5556 5476
f 5638 5637 5557
f 5719 5718 5638
f 5800 5799 5719
f 5881 5880 5800
f 5962 5961 5881
f 6043 6042 5962
f 6124 6123 6043
f 6205 6204 6124
f 6286 6285 6205
f 6367 6366 6286
f 6448 6447 6367
f 6529 6528 6448
f 131 130 50
f 212 211 131
f 293 292 212
f 374 373 293
f 455 454 374
f 536 535 455
f 617 616 536
f 698 697 617
f 779 778 698
f 860 859 779
f 941 940 860
f 1022 1021 941
f 1103 1102 1022
f 1184 1183 1103
f 1265 1264 1184
f 1346 1345 1265
f 1427 1426 1346
f 1508 1507 1427
f 1589 1588 1508
f 1670 1669 1589
f 1751 1750 1670
f 1832 1831 1751
f 1913 1912 1832
f 1994 1993 1913
f 2075 2074 1994
f 2156 2155 2075
f 2237 2236 2156
f 2318 2317 2237
f 2399 2398 2318
f 2480 2479 2399
f 2561 2560 2480
f 2642 2641 2561
f 2723 2722 2642
f 2804 2803 2723
f 2885 2884 2804
f 2966 2965 2885
f 3047 3046 2966
f 3128 3127 3047
f 3209 3208 3128
f 3290 3289 3209
f 3371 3370 3290
f 3452 3451 3371
f 3533 3532 3452
f 3614 3613 3533
f 3695 3694 3614
f 3776 3775 3695
f 3857 3856 3776
f 3938 3937 3857
f 4019 4018 3938
f 4100 4099 4019
f 4181 4180 4100
f 4262 4261 4181
f 4343 4342 4262
f 4424 4423 4343
f 4505 4504 4424
f 4586 4585 4505
f 4667 4666 4586
f 4748 4747 4667
f 4829 4828 4748
f 4910 4909 4829
f 4991 4990 4910
f 5072 5071 4991
f 5153 5152 5072
f 5234 5233 5153
f 5315 5314 5234
f 5396 5395 5315
f 5477 5476 5396
f 5558 5557 5477
f 5639 5638 5558
f 5720 5719 5639
f 5801 5800 5720
f 5882 5881 5801
f 5963 5962 5882
f 6044 6043 5963
f 6125 6124 6044
f 6206 6205 6125
f 6287 6286 6206
f 6368 6367 6287
f 6449 6448 6368
f 6530 6529 6449
f 132 131 51
f 213 212 132
f 294 293 213
f 375 374 294
f 456 455 375
f 537 536 456
f 618 617 537
f 699 698 618
f 780 779 699
f 861 860 780
f 942 941 861
f 1023 1022 942
f 1104 1103 1023
f 1185 1184 1104
f 1266 1265 1185
f 1347 1346 1266
f 1428 1427 1347
f 1509 1508 1428
f 1590 1589 1509
f 1671 1670 1590
f 1752 1751 1671
f 1833 1832 1752
f 1914 1913 1833
f 1995 1994 1914
f 2076 2075 1995
f 2157 2156 2076
f 2238 2237 2157
f 2319 2318 2238
f 2400 2399 2319
f 2481 2480 2400
f 2562 2561 2481
f 2643 2642 2562
f 2724 2723 2643
f 2805 2804 2724
f 2886 2885 2805
f 2967 2966 2886
f 3048 3047 2967
f 3129 3128 3048
f 3210 3209 3129
f 3291 3290 3210
f 3372 3371 3291
f 3453 3452 3372
f 3534 3533 3453
f 3615 3614 3534
f 3696 3695 3615
f 3777 3776 3696
f 3858 3857 3777
f 3939 3938 3858
f 4020 4019 3939
f 4101 4100 4020
f 4182 4181 4101
f 4263 4262 4182
f 4344 4343 4263
f 4425 4424 4344
f 4506 4505 4425
f 4587 4586 4506
f 4668 4667 4587
f 4749 4748 4668
f 4830 4829 4749
f 4911 4910 4830
f 4992 4991 4911
f 5073 5072 4992
f 5154 5153 5073
f 5235 5234 5154
f 5316 5315 5235
f 5397 5396 5316
f 5478 5477 5397
f 5559 5558 5478
f 5640 5639 5559
f 5721 5720 5640
f 5802 5801 5721
f 5883 5882 5802
f 5964 5963 5883
f 6045 6044 5964
f 6126 6125 6045
f 6207 6206 6126
f 6288 6287 6207
f 6369 6368 6288
f 6450 6449 6369
f 6531 6530 6450
f 133 132 52
f 214 213 133
f 295 294 214
f 376 375 295
f 457 456 376
f 538 537 457
f 619 618 538
f 700 699 619
f 781 780 700
f 862 861 781
f 943 942 862
f 1024 1023 943
f 1105 1104 1024
f 1186 1185 1105
f 1267 1266 1186
f 1348 1347 1267
f 1429 1428 1348
f 1510 1509 1429
f 1591 1590 1510
f 1672 1671 1591
f 1753 1752 1672
f 1834 1833 1753
f 1915 1914 1834
f 1996 1995 1915
f 2077 2076 1996
f 2158 2157 2077
f 2239 2238 2158
f 2320 2319 2239
f 2401 2400 2320
f 2482 2481 2401
f 2563 2562 2482
f 2644 2643 2563
f 2725 2724 2644
f 2806 2805 2725
f 2887 2886 2806
f 2968 2967 2887
f 3049 3048 2968
f 3130 3129 3049
f 3211 3210 3130
f 3292 3291 3211
f 3373 3372 3292
f 3454 3453 3373
f 3535 3534 3454
f 3616 3615 3535
f 3697 3696 3616
f 3778 3777 3697
f 3859 3858 3778
f 3940 3939 3859
f 4021 4020 3940
f 4102 4101 4021
f 4183 4182 4102
f 4264 4263 4183
f 4345 4344 4264
f 4426 4425 4345
f 4507 4506 4426
f 4588 4587 4507
f 4669 4668 4588
f 4750 4749 4669
f 4831 4830 4750
f 4912 4911 4831
f 4993 4992 4912
f 5074 5073 4993
f 5155 5154 5074
f 5236 5235 5155
f 5317 5316 5236
f 5398 5397 5317
f 5479 5478 5398
f 5560 5559 5479
f 5641 5640 5560
f 5722 5721 5641
f 5803 5802 5722
f 5884 5883 5803
f 5965 5964 5884
f 6046 6045 5965
f 6127 6126 6046
f 6208 6207 6127
f 6289 6288 6208
f 6370 6369 6289
f 6451 6450 6370
f 6532 6531 6451
f 134 133 53
f 215 214 134
f 296 295 215
f 377 376 296
f 458 457 377
f 539 538 458
f 620 619 539
f 701 700 620
f 782 781 701
f 863 862 782
f 944 943 863
f 1025 1024 944
f 1106 1105 1025
f 1187 1186 1106
f 1268 1267 1187
f 1349 1348 1268
f 1430 1429 1349
f 1511 1510 1430
f 1592 1591 1511
f 1673 1672 1592
f 1754 1753 1673
f 1835 1834 1754
f 1916 1915 1835
f 1997 1996 1916
f 2078 2077 1997
f 2159 2158 2078
f 2240 2239 2159
f 2321 2320 2240
f 2402 2401 2321
f 2483 2482 2402
f 2564 2563 2483
f 2645 2644 2564
f 2726 2725 2645
f 2807 2806 2726
f 2888 2887 2807
f 2969 2968 2888
f 3050 3049 2969
f 3131 3130 3050
f 3212 3211 3131
f 3293 3292 3212
f 3374 3373 3293
f 3455 3454 3374
f 3536 3535 3455
f 3617 3616 3536
f 3698 3697 3617
f 3779 3778 3698
f 3860 3859 3779
f 3941 3940 3860
f 4022 4021 3941
f 4103 4102 4022
f 4184 4183 4103
f 4265 4264 4184
f 4346 4345 4265
f 4427 4426 4346
f 4508 4507 4427
f 4589 4588 4508
f 4670 4669 4589
f 4751 4750 4670
f 4832 4831 4751
f 4913 4912 4832
f 4994 4993 4913
f 5075 5074 4994
f 5156 5155 5075
f 5237 5236 5156
f 5318 5317 5237
f 5399 5398 5318
f 5480 5479 5399
f 5561 5560 5480
f 5642 5641 5561
f 5723 5722 5642
f 5804 5803 5723
f 5885 5884 5804
f 5966 5965 5885
f 6047 6046 5966
f 6128 6127 6047
f 6209 6208 6128
f 6290 6289 6209
f 6371 6370 6290
f 6452 6451 6371
f 6533 6532 6452
f 135 134 54
f 216 215 135
f 297 296 216
f 378 377 297
f 459 458 378
f 540 539 459
f 621 620 540
f 702 701 621
f 783 782 702
f 864 863 783
f 945 944 864
f 1026 1025 945
f 1107 1106 1026
f 1188 1187 1107
f 1269 1268 1188
f 1350 1349 1269
f 1431 1430 1350
f 1512 1511 1431
f 1593 1592 1512
f 1674 1673 1593
f 1755 1754 1674
f 1836 1835 1755
f 1917 1916 1836
f 1998 1997 1917
f 2079 2078 1998
f 2160 2159 2079
f 2241 2240 2160
f 2322 2321 2241
f 2403 2402 2322
f 2484 2483 2403
f 2565 2564 2484
f 2646 2645 2565
f 2727 2726 2646
f 2808 2807 2727
f 2889 2888 2808
f 2970 2969 2889
f 3051 3050 2970
f 3132 3131 3051
f 3213 3212 3132
f 3294 3293 3213
f 3375 3374 3294
f 3456 3455 3375
f 3537 3536 3456
f 3618 3617 3537
f 3699 3698 3618
f 3780 3779 3699
f 3861 3860 3780
f 3942 3941 3861
f 4023 4022 3942
f 4104 4103 4023
f 4185 4184 4104
f 4266 4265 4185
f 4347 4346 4266
f 4428 4427 4347
f 4509 4508 4428
f 4590 4589 4509
f 4671 4670 4590
f 4752 4751 4671
f 4833 4832 4752
f 4914 4913 4833
f 4995 4994 4914
f 5076 5075 4995
f 5157 5156 5076
f 5238 5237 5157
f 5319 5318 5238
f 5400 5399 5319
f 5481 5480 5400
f 5562 5561 5481
f 5643 5642 5562
f 5724 5723 5643
f 5805 5804 5724
f 5886 5885 5805
f 5967 5966 5886
f 6048 6047 5967
f 6129 6128 6048
f 6210 6209 6129
f 6291 6290 6210
f 6372 6371 6291
f 6453 6452 6372
f 6534 6533 6453
f 136 135 55
f 217 216 136
f 298 297 217
f 379 378 298
f 460 459 379
f 541 540 460
f 622 621 541
f 703 702 622
f 784 783 703
f 865 864 784
f 946 945 865
f 1027 1026 946
f 1108 1107 1027
f 1189 1188 1108
f 1270 1269 1189
f 1351 1350 1270
f 1432 1431 1351
f 1513 1512 1432
f 1594 1593 1513
f 1675 1674 1594
f 1756 1755 1675
f 1837 1836 1756
f 1918 1917 1837
f 1999 1998 1918
f 2080 2079 1999
f 2161 2160 2080
f 2242 2241 2161
f 2323 2322 2242
f 2404 2403 2323
f 2485 2484 2404
f 2566 2565 2485
f 2647 2646 2566
f 2728 2727 2647
f 2809 2808 2728
f 2890 2889 2809
f 2971 2970 2890
f 3052 3051 2971
f 3133 3132 3052
f 3214 3213 3133
f 3295 3294 3214
f 3376 3375 3295
f 3457 3456 3376
f 3538 3537 3457
f 3619 3618 3538
f 3700 3699 3619
f 3781 3780 3700
f 3862 3861 3781
f 3943 3942 3862
f 4024 4023 3943
f 4105 4104 4024
f 4186 4185 4105
f 4267 4266 4186
f 4348 4347 4267
f 4429 4428 4348
f 4510 4509 4429
f 4591 4590 4510
f 4672 4671 4591
f 4753 4752 4672
f 4834 4833 4753
f 4915 4914 4834
f 4996 4995 4915
f 5077 5076 4996
f 5158 5157 5077
f 5239 5238 5158
f 5320 5319 5239
f 5401 5400 5320
f 5482 5481 5401
f 5563 5562 5482
f 5644 5643 5563
f 5725 5724 5644
f 5806 5805 5725
f 5887 5886 5806
f 5968 5967 5887
f 6049 6048 5968
f 6130 6129 6049
f 6211 6210 6130
f 6292 6291 6211
f 6373 6372 6292
f 6454 6453 6373
f 6535 6534 6454
f 137 136 56
f 218 217 137
f 299 298 218
f 380 379 299
f 461 460 380
f 542 541 461
f 623 622 542
f 704 703 623
f 785 784 704
f 866 865 785
f 947 946 866
f 1028 1027 947
f 1109 1108 1028
f 1190 1189 1109
f 1271 1270 1190
f 1352 1351 1271
f 1433 1432 1352
f 1514 1513 1433
f 1595 1594 1514
f 1676 1675 1595
f 1757 1756 1676
f 1838 1837 1757
f 1919 1918 1838
f 2000 1999 1919
f 2081 2080 2000
f 2162 2161 2081
f 2243 2242 2162
f 2324 2323 2243
f 2405 2404 2324
f 2486 2485 2405
f 2567 2566 2486
f 2648 2647 2567
f 2729 2728 2648
f 2810 2809 2729
f 2891 2890 2810
f 2972 2971 2891
f 3053 3052 2972
f 3134 3133 3053
f 3215 3214 3134
f 3296 3295 3215
f 3377 3376 3296
f 3458 3457 3377
f 3539 3538 3458
f 3620 3619 3539
f 3701 3700 3620
f 3782 3781 3701
f 3863 3862 3782
f 3944 3943 3863
f 4025 4024 3944
f 4106 4105 4025
f 4187 4186 4106
f 4268 4267 4187
f 4349 4348 4268
f 4430 4429 4349
f 4511 4510 4430
f 4592 4591 4511
f 4673 4672 4592
f 4754 4753 4673
f 4835 4834 4754
f 4916 4915 4835
f 4997 4996 4916
f 5078 5077 4997
f 5159 5158 5078
f 5240 5239 5159
f 5321 5320 5240
f 5402 5401 5321
f 5483 5482 5402
f 5564 5563 5483
f 5645 5644 5564
f 5726 5725 5645
f 5807 5806 5726
f 5888 5887 5807
f 5969 5968 5888
f 6050 6049 5969
f 6131 6130 6050
f 6212 6211 6131
f 6293 6292 6212
f 6374 6373 6293
f 6455 6454 6374
f 6536 6535 6455
f 138 137 57
f 219 218 138
f 300 299 219
f 381 380 300
f 462 461 381
f 543 542 462
f 624 623 543
f 705 704 624
f 786 785 705
f 867 866 786
f 948 947 867
f 1029 1028 948
f 1110 1109 1029
f 1191 1190 1110
f 1272 1271 1191
f 1353 1352 1272
f 1434 1433 1353
f 1515 1514 1434
f 1596 1595 1515
f 1677 1676 1596
f 1758 1757 1677
f 1839 1838 1758
f 1920 1919 1839
f 2001 2000 1920
f 2082 2081 2001
f 2163 2162 2082
f 2244 2243 2163
f 2325 2324 2244
f 2406 2405 2325
f 2487 2486 2406
f 2568 2567 2487
f 2649 2648 2568
f 2730 2729 2649
f 2811 2810 2730
f 2892 2891 2811
f 2973 2972 2892
f 3054 3053 2973
f 3135 3134 3054
f 3216 3215 3135
f 3297 3296 3216
f 3378 3377 3297
f 3459 3458 3378
f 3540 3539 3459
f 3621 3620 3540
f 3702 3701 3621
f 3783 3782 3702
f 3864 3863 3783
f 3945 3944 3864
f 4026 4025 3945
f 4107 4106 4026
f 4188 4187 4107
f 4269 4268 4188
f 4350 4349 4269
f 4431 4430 4350
f 4512 4511 4431
f 4593 4592 4512
f 4674 4673 4593
f 4755 4754 4674
f 4836 4835 4755
f 4917 4916 4836
f 4998 4997 4917
f 5079 5078 4998
f 5160 5159 5079
f 5241 5240 5160
f 5322 5321 5241
f 5403 5402 5322
f 5484 5483 5403
f 5565 5564 5484
f 5646 5645 5565
f 5727 5726 5646
f 5808 5807 5727
f 5889 5888 5808
f 5970 5969 5889
f 6051 6050 5970
f 6132 6131 6051
f 6213 6212 6132
f 6294 6293 6213
f 6375 6374 6294
f 6456 6455 6375
f 6537 6536 6456
f 139 138 58
f 220 219 139
f 301 300 220
f 382 381 301
f 463 462 382
f 544 543 463
f 625 624 544
f 706 705 625
f 787 786 706
f 868 867 787
f 949 948 868
f 1030 1029 949
f 1111 1110 1030
f 1192 1191 1111
f 1273 1272 1192
f 1354 1353 1273
f 1435 1434 1354
f 1516 1515 1435
f 1597 1596 1516
f 1678 1677 1597
f 1759 1758 1678
f 1840 1839 1759
f 1921 1920 1840
f 2002 2001 1921
f 2083 2082 2002
f 2164 2163 2083
f 2245 2244 2164
f 2326 2325 2245
f 2407 2406 2326
f 2488 2487 2407
f 2569 2568 2488
f 2650 2649 2569
f 2731 2730 2650
f 2812 2811 2731
f 2893 2892 2812
f 2974 2973 2893
f 3055 3054 2974
f 3136 3135 3055
f 3217 3216 3136
f 3298 3297 3217
f 3379 3378 3298
f 3460 3459 3379
f 3541 3540 3460
f 3622 3621 3541
f 3703 3702 3622
f 3784 3783 3703
f 3865 3864 3784
f 3946 3945 3865
f 4027 4026 3946
f 4108 4107 4027
f 4189 4188 4108
f 4270 4269 4189
f 4351 4350 4270
f 4432 4431 4351
f 4513 4512 4432
f 4594 4593 4513
f 4675 4674 4594
f 4756 4755 4675
f 4837 4836 4756
f 4918 4917 4837
f 4999 4998 4918
f 5080 5079 4999
f 5161 5160 5080
f 5242 5241 5161
f 5323 5322 5242
f 5404 5403 5323
f 5485 5484 5404
f 5566 5565 5485
f 5647 5646 5566
f 5728 5727 5647
f 5809 5808 5728
f 5890 5889 5809
f 5971 5970 5890
f 6052 6051 5971
f 6133 6132 6052
f 6214 6213 6133
f 6295 6294 6214
f 6376 6375 6295
f 6457 6456 6376
f 6538 6537 6457
f 140 139 59
f 221 220 140
f 302 301 221
f 383 382 302
f 464 463 383
f 545 544 464
f 626 625 545
f 707 706 626
f 788 787 707
f 869 868 788
f 950 949 869
f 1031 1030 950
f 1112 1111 1031
f 1193 1192 1112
f 1274 1273 1193
f 1355 1354 1274
f 1436 1435 1355
f 1517 1516 1436
f 1598 1597 1517
f 1679 1678 1598
f 1760 1759 1679
f 1841 1840 1760
f 1922 1921 1841
f 2003 2002 1922
f 2084 2083 2003
f 2165 2164 2084
f 2246 2245 2165
f 2327 2326 2246
f 2408 2407 2327
f 2489 2488 2408
f 2570 2569 2489
f 2651 2650 2570
f 2732 2731 2651
f 2813 2812 2732
f 2894 2893 2813
f 2975 2974 2894
f 3056 3055 2975
f 3137 3136 3056
f 3218 3217 3137
f 3299 3298 3218
f 3380 3379 3299
f 3461 3460 3380
f 3542 3541 3461
f 3623 3622 3542
f 3704 3703 3623
f 3785 3784 3704
f 3866 3865 3785
f 3947 3946 3866
f 4028 4027 3947
f 4109 4108 4028
f 4190 4189 4109
f 4271 4270 4190
f 4352 4351 4271
f 4433 4432 4352
f 4514 4513 4433
f 4595 4594 4514
f 4676 4675 4595
f 4757 4756 4676
f 4838 4837 4757
f 4919 4918 4838
f 5000 4999 4919
f 5081 5080 5000
f 5162 5161 5081
f 5243 5242 5162
f 5324 5323 5243
f 5405 5404 5324
f 5486 5485 5405
f 5567 5566 5486
f 5648 5647 5567
f 5729 5728 5648
f 5810 5809 5729
f 5891 5890 5810
f 5972 5971 5891
f 6053 6052 5972
f 6134 6133 6053
f 6215 6214 6134
f 6296 6295 6215
f 6377 6376 6296
f 6458 6457 6377
f 6539 6538 6458
f 141 140 60
f 222 221 141
f 303 302 222
f 384 383 303
f 465 464 384
f 546 545 465
f 627 626 546
f 708 707 627
f 789 788 708
f 870 869 789
f 951 950 870
f 1032 1031 951
f 1113 1112 1032
f 1194 1193 1113
f 1275 1274 1194
f 1356 1355 1275
f 1437 1436 1356
f 1518 1517 1437
f 1599 1598 1518
f 1680 1679 1599
f 1761 1760 1680
f 1842 1841 1761
f 1923 1922 1842
f 2004 2003 1923
f 2085 2084 2004
f 2166 2165 2085
f 2247 2246 2166
f 2328 2327 2247
f 2409 2408 2328
f 2490 2489 2409
f 2571 2570 2490
f 2652 2651 2571
f 2733 2732 2652
f 2814 2813 2733
f 2895 2894 2814
f 2976 2975 2895
f 3057 3056 2976
f 3138 3137 3057
f 3219 3218 3138
f 3300 3299 3219
f 3381 3380 3300
f 3462 3461 3381
f 3543 3542 3462
f 3624 3623 3543
f 3705 3704 3624
f 3786 3785 3705
f 3867 3866 3786
f 3948 3947 3867
f 4029 4028 3948
f 4110 4109 4029
f 4191 4190 4110
f 4272 4271 4191
f 4353 4352 4272
f 4434 4433 4353
f 4515 4514 4434
f 4596 4595 4515
f 4677 4676 4596
f 4758 4757 4677
f 4839 4838 4758
f 4920 4919 4839
f 5001 5000 4920
f 5082 5081 5001
f 5163 5162 5082
f 5244 5243 5163
f 5325 5324 5244
f 5406 5405 5325
f 5487 5486 5406
f 5568 5567 5487
f 5649 5648 5568
f 5730 5729 5649
f 5811 5810 5730
f 5892 5891 5811
f 5973 5972 5892
f 6054 6053 5973
f 6135 6134 6054
f 6216 6215 6135
f 6297 6296 6216
f 6378 6377 6297
f 6459 6458 6378
f 6540 6539 6459
f 142 141 61
f 223 222 142
f 304 303 223
f 385 384 304
f 466 465 385
f 547 546 466
f 628 627 547
f 709 708 628
f 790 789 709
f 871 870 790
f 952 951 871
f 1033 1032 952
f 1114 1113 1033
f 1195 1194 1114
f 1276 1275 1195
f 1357 1356 1276
f 1438 1437 1357
f 1519 1518 1438
f 1600 1599 1519
f 1681 1680 1600
f 1762 1761 1681
f 1843 1842 1762
f 1924 1923 1843
f 2005 2004 1924
f 2086 2085 2005
f 2167 2166 2086
f 2248 2247 2167
f 2329 2328 2248
f 2410 2409 2329
f 2491 2490 2410
f 2572 2571 2491
f 2653 2652 2572
f 2734 2733 2653
f 2815 2814 2734
f 2896 2895 2815
f 2977 2976 2896
f 3058 3057 2977
f 3139 3138 3058
f 3220 3219 3139
f 3301 3300 3220
f 3382 3381 3301
f 3463 3462 3382
f 3544 3543 3463
f 3625 3624 3544
f 3706 3705 3625
f 3787 3786 3706
f 3868 3867 3787
f 3949 3948 3868
f 4030 4029 3949
f 4111 4110 4030
f 4192 4191 4111
f 4273 4272 4192
f 4354 4353 4273
f 4435 4434 4354
f 4516 4515 4435
f 4597 4596 4516
f 4678 4677 4597
f 4759 4758 4678
f 4840 4839 4759
f 4921 4920 4840
f 5002 5001 4921
f 5083 5082 5002
f 5164 5163 5083
f 5245 5244 5164
f 5326 5325 5245
f 5407 5406 5326
f 5488 5487 5407
f 5569 5568 5488
f 5650 5649 5569
f 5731 5730 5650
f 5812 5811 5731
f 5893 5892 5812
f 5974 5973 5893
f 6055 6054 5974
f 6136 6135 6055
f 6217 6216 6136
f 6298 6297 6217
f 6379 6378 6298
f 6460 6459 6379
f 6541 6540 6460
f 143 142 62
f 224 223 143
f 305 304 224
f 386 385 305
f 467 466 386
f 548 547 467
f 629 628 548
f 710 709 629
f 791 790 710
f 872 871 791
f 953 952 872
f 1034 1033 953
f 1115 1114 1034
f 1196 1195 1115
f 1277 1276 1196
f 1358 1357 1277
f 1439 1438 1358
f 1520 1519 1439
f 1601 1600 1520
f 1682 1681 1601
f 1763 1762 1682
f 1844 1843 1763
f 1925 1924 1844
f 2006 2005 1925
f 2087 2086 2006
f 2168 2167 2087
f 2249 2248 2168
f 2330 2329 2249
f 2411 2410 2330
f 2492 2491 2411
f 2573 2572 2492
f 2654 2653 2573
f 2735 2734 2654
f 2816 2815 2735
f 2897 2896 2816
f 2978 2977 2897
f 3059 3058 2978
f 3140 3139 3059
f 3221 3220 3140
f 3302 3301 3221
f 3383 3382 3302
f 3464 3463 3383
f 3545 3544 3464
f 3626 3625 3545
f 3707 3706 3626
f 3788 3787 3707
f 3869 3868 3788
f 3950 3949 3869
f 4031 4030 3950
f 4112 4111 4031
f 4193 4192 4112
f 4274 4273 4193
f 4355 4354 4274
f 4436 4435 4355
f 4517 4516 4436
f 4598 4597 4517
f 4679 4678 4598
f 4760 4759 4679
f 4841 4840 4760
f 4922 4921 4841
f 5003 5002 4922
f 5084 5083 5003
f 5165 5164 5084
f 5246 5245 5165
f 5327 5326 5246
f 5408 5407 5327
f 5489 5488 5408
f 5570 5569 5489
f 5651 5650 5570
f 5732 5731 5651
f 5813 5812 5732
f 5894 5893 5813
f 5975 5974 5894
f 6056 6055 5975
f 6137 6136 6056
f 6218 6217 6137
f 6299 6298 6218
f 6380 6379 6299
f 6461 6460 6380
f 6542 6541 6461
f 144 143 63
f 225 224 144
f 306 305 225
f 387 386 306
f 468 467 387
f 549 548 468
f 630 629 549
f 711 710 630
f 792 791 711
f 873 872 792
f 954 953 873
f 1035 1034 954
f 1116 1115 1035
f 1197 1196 1116
f 1278 1277 1197
f 1359 1358 1278
f 1440 1439 1359
f 1521 1520 1440
f 1602 1601 1521
f 1683 1682 1602
f 1764 1763 1683
f 1845 1844 1764
f 1926 1925 1845
f 2007 2006 1926
f 2088 2087 2007
f 2169 2168 2088
f 2250 2249 2169
f 2331 2330 2250
f 2412 2411 2331
f 2493 2492 2412
f 2574 2573 2493
f 2655 2654 2574
f 2736 2735 2655
f 2817 2816 2736
f 2898 2897 2817
f 2979 2978 2898
f 3060 3059 2979
f 3141 3140 3060
f 3222 3221 3141
f 3303 3302 3222
f 3384 3383 3303
f 3465 3464 3384
f 3546 3545 3465
f 3627 3626 3546
f 3708 3707 3627
f 3789 3788 3708
f 3870 3869 3789
f 3951 3950 3870
f 4032 4031 3951
f 4113 4112 4032
f 4194 4193 4113
f 4275 4274 4194
f 4356 4355 4275
f 4437 4436 4356
f 4518 4517 4437
f 4599 4598 4518
f 4680 4679 4599
f 4761 4760 4680
f 4842 4841 4761
f 4923 4922 4842
f 5004 5003 4923
f 5085 5084 5004
f 5166 5165 5085
f 5247 5246 5166
f 5328 5327 5247
f 5409 5408 5328
f 5490 5489 5409
f 5571 5570 5490
f 5652 5651 5571
f 5733 5732 5652
f 5814 5813 5733
f 5895 5894 5814
f 5976 5975 5895
f 6057 6056 5976
f 6138 6137 6057
f 6219 6218 6138
f 6300 6299 6219
f 6381 6380 6300
f 6462 6461 6381
f 6543 6542 6462
f 145 144 64
f 226 225 145
f 307 306 226
f 388 387 307
f 469 468 388
f 550 549 469
f 631 630 550
f 712 711 631
f 793 792 712
f 874 873 793
f 955 954 874
f 1036 1035 955
f 1117 1116 1036
f 1198 1197 1117
f 1279 1278 1198
f 1360 1359 1279
f 1441 1440 1360
f 1522 1521 1441
f 1603 1602 1522
f 1684 1683 1603
f 1765 1764 1684
f 1846 1845 1765
f 1927 1926 1846
f 2008 2007 1927
f 2089 2088 2008
f 2170 2169 2089
f 2251 2250 2170
f 2332 2331 2251
f 2413 2412 2332
f 2494 2493 2413
f 2575 2574 2494
f 2656 2655 2575
f 2737 2736 2656
f 2818 2817 2737
f 2899 2898 2818
f 2980 2979 2899
f 3061 3060 2980
f 3142 3141 3061
f 3223 3222 3142
f 3304 3303 3223
f 3385 3384 3304
f 3466 3465 3385
f 3547 3546 3466
f 3628 3627 3547
f 3709 3708 3628
f 3790 3789 3709
f 3871 3870 3790
f 3952 3951 3871
f 4033 4032 3952
f 4114 4113 4033
f 4195 4194 4114
f 4276 4275 4195
f 4357 4356 4276
f 4438 4437 4357
f 4519 4518 4438
f 4600 4599 4519
f 4681 4680 4600
f 4762 4761 4681
f 4843 4842 4762
f 4924 4923 4843
f 5005 5004 4924
f 5086 5085 5005
f 5167 5166 5086
f 5248 5247 5167
f 5329 5328 5248
f 5410 5409 5329
f 5491 5490 5410
f 5572 5571 5491
f 5653 5652 5572
f 5734 5733 5653
f 5815 5814 5734
f 5896 5895 5815
f 5977 5976 5896
f 6058 6057 5977
f 6139 6138 6058
f 6220 6219 6139
f 6301 6300 6220
f 6382 6381 6301
f 6463 6462 6382
f 6544 6543 6463
f 146 145 65
f 227 226 146
f 308 307 227
f 389 388 308
f 470 469 389
f 551 550 470
f 632 631 551
f 713 712 632
f 794 793 713
f 875 874 794
f 956 955 875
f 1037 1036 956
f 1118 1117 1037
f 1199 1198 1118
f 1280 1279 1199
f 1361 1360 1280
f 1442 1441 1361
f 1523 1522 1442
f 1604 1603 1523
f 1685 1684 1604
f 1766 1765 1685
f 1847 1846 1766
f 1928 1927 1847
f 2009 2008 1928
f 2090 2089 2009
f 2171 2170 2090
f 2252 2251 2171
f 2333 2332 2252
f 2414 2413 2333
f 2495 2494 2414
f 2576 2575 2495
f 2657 2656 2576
f 2738 2737 2657
f 2819 2818 2738
f 2900 2899 2819
f 2981 2980 2900
f 3062 3061 2981
f 3143 3142 3062
f 3224 3223 3143
f 3305 3304 3224
f 3386 3385 3305
f 3467 3466 3386
f 3548 3547 3467
f 3629 3628 3548
f 3710 3709 3629
f 3791 3790 3710
f 3872 3871 3791
f 3953 3952 3872
f 4034 4033 3953
f 4115 4114 4034
f 4196 4195 4115
f 4277 4276 4196
f 4358 4357 4277
f 4439 4438 4358
f 4520 4519 4439
f 4601 4600 4520
f 4682 4681 4601
f 4763 4762 4682
f 4844 4843 4763
f 4925 4924 4844
f 5006 5005 4925
f 5087 5086 5006
f 5168 5167 5087
f 5249 5248 5168
f 5330 5329 5249
f 5411 5410 5330
f 5492 5491 5411
f 5573 5572 5492
f 5654 5653 5573
f 5735 5734 5654
f 5816 5815 5735
f 5897 5896 5816
f 5978 5977 5897
f 6059 6058 5978
f 6140 6139 6059
f 6221 6220 6140
f 6302 6301 6221
f 6383 6382 6302
f 6464 6463 6383
f 6545 6544 6464
f 147 146 66
f 228 227 147
f 309 308 228
f 390 389 309
f 471 470 390
f 552 551 471
f 633 632 552
f 714 713 633
f 795 794 714
f 876 875 795
f 957 956 876
f 1038 1037 957
f 1119 1118 1038
f 1200 1199 1119
f 1281 1280 1200
f 1362 1361 1281
f 1443 1442 1362
f 1524 1523 1443
f 1605 1604 1524
f 1686 1685 1605
f 1767 1766 1686
f 1848 1847 1767
f 1929 1928 1848
f 2010 2009 1929
f 2091 2090 2010
f 2172 2171 2091
f 2253 2252 2172
f 2334 2333 2253
f 2415 2414 2334
f 2496 2495 2415
f 2577 2576 2496
f 2658 2657 2577
f 2739 2738 2658
f 2820 2819 2739
f 2901 2900 2820
f 2982 2981 2901
f 3063 3062 2982
f 3144 3143 3063
f 3225 3224 3144
f 3306 3305 3225
f 3387 3386 3306
f 3468 3467 3387
f 3549 3548 3468
f 3630 3629 3549
f 3711 3710 3630
f 3792 3791 3711
f 3873 3872 3792
f 3954 3953 3873
f 4035 4034 3954
f 4116 4115 4035
f 4197 4196 4116
f 4278 4277 4197
f 4359 4358 4278
f 4440 4439 4359
f 4521 4520 4440
f 4602 4601 4521
f 4683 4682 4602
f 4764 4763 4683
f 4845 4844 4764
f 4926 4925 4845
f 5007 5006 4926
f 5088 5087 5007
f 5169 5168 5088
f 5250 5249 5169
f 5331 5330 5250
f 5412 5411 5331
f 5493 5492 5412
f 5574 5573 5493
f 5655 5654 5574
f 5736 5735 5655
f 5817 5816 5736
f 5898 5897 5817
f 5979 5978 5898
f 6060 6059 5979
f 6141 6140 6060
f 6222 6221 6141
f 6303 6302 6222
f 6384 6383 6303
f 6465 6464 6384
f 6546 6545 6465
f 148 147 67
f 229 228 148
f 310 309 229
f 391 390 310
f 472 471 391
f 553 552 472
f 634 633 553
f 715 714 634
f 796 795 715
f 877 876 796
f 958 957 877
f 1039 1038 958
f 1120 1119 1039
f 1201 1200 1120
f 1282 1281 1201
f 1363 1362 1282
f 1444 1443 1363
f 1525 1524 1444
f 1606 1605 1525
f 1687 1686 1606
f 1768 1767 1687
f 1849 1848 1768
f 1930 1929 1849
f 2011 2010 1930
f 2092 2091 2011
f 2173 2172 2092
f 2254 2253 2173
f 2335 2334 2254
f 2416 2415 2335
f 2497 2496 2416
f 2578 2577 2497
f 2659 2658 2578
f 2740 2739 2659
f 2821 2820 2740
f 2902 2901 2821
f 2983 2982 2902
f 3064 3063 2983
f 3145 3144 3064
f 3226 3225 3145
f 3307 3306 3226
f 3388 3387 3307
f 3469 3468 3388
f 3550 3549 3469
f 3631 3630 3550
f 3712 3711 3631
f 3793 3792 3712
f 3874 3873 3793
f 3955 3954 3874
f 4036 4035 3955
f 4117 4116 4036
f 4198 4197 4117
f 4279 4278 4198
f 4360 4359 4279
f 4441 4440 4360
f 4522 4521 4441
f 4603 4602 4522
f 4684 4683 4603
f 4765 4764 4684
f 4846 4845 4765
f 4927 4926 4846
f 5008 5007 4927
f 5089 5088 5008
f 5170 5169 5089
f 5251 5250 5170
f 5332 5331 5251
f 5413 5412 5332
f 5494 5493 5413
f 5575 5574 5494
f 5656 5655 5575
f 5737 5736 5656
f 5818 5817 5737
f 5899 5898 5818
f 5980 5979 5899
f 6061 6060 5980
f 6142 6141 6061
f 6223 6222 6142
f 6304 6303 6223
f 6385 6384 6304
f 6466 6465 6385
f 6547 6546 6466
f 149 148 68
f 230 229 149
f 311 310 230
f 392 391 311
f 473 472 392
f 554 553 473
f 635 634 554
f 716 715 635
f 797 796 716
f 878 877 797
f 959 958 878
f 1040 1039 959
f 1121 1120 1040
f 1202 1201 1121
f 1283 1282 1202
f 1364 1363 1283
f 1445 1444 1364
f 1526 1525 1445
f 1607 1606 1526
f 1688 1687 1607
f 1769 1768 1688
f 1850 1849 1769
f 1931 1930 1850
f 2012 2011 1931
f 2093 2092 2012
f 2174 2173 2093
f 2255 2254 2174
f 2336 2335 2255
f 2417 2416 2336
f 2498 2497 2417
f 2579 2578 2498
f 2660 2659 2579
f 2741 2740 2660
f 2822 2821 2741
f 2903 2902 2822
f 2984 2983 2903
f 3065 3064 2984
f 3146 3145 3065
f 3227 3226 3146
f 3308 3307 3227
f 3389 3388 3308
f 3470 3469 3389
f 3551 3550 3470
f 3632 3631 3551
f 3713 3712 3632
f 3794 3793 3713
f 3875 3874 3794
f 3956 3955 3875
f 4037 4036 3956
f 4118 4117 4037
f 4199 4198 4118
f 4280 4279 4199
f 4361 4360 4280
f 4442 4441 4361
f 4523 4522 4442
f 4604 4603 4523
f 4685 4684 4604
f 4766 4765 4685
f 4847 4846 4766
f 4928 4927 4847
f 5009 5008 4928
f 5090 5089 5009
f 5171 5170 5090
f 5252 5251 5171
f 5333 5332 5252
f 5414 5413 5333
f 5495 5494 5414
f 5576 5575 5495
f 5657 5656 5576
f 5738 5737 5657
f 5819 5818 5738
f 5900 5899 5819
f 5981 5980 5900
f 6062 6061 5981
f 6143 6142 6062
f 6224 6223 6143
f 6305 6304 6224
f 6386 6385 6305
f 6467 6466 6386
f 6548 6547 6467
f 150 149 69
f 231 230 150
f 312 311 231
f 393 392 312
f 474 473 393
f 555 554 474
f 636 635 555
f 717 716 636
f 798 797 717
f 879 878 798
f 960 959 879
f 1041 1040 960
f 1122 1121 1041
f 1203 1202 1122
f 1284 1283 1203
f 1365 1364 1284
f 1446 1445 1365
f 1527 1526 1446
f 1608 1607 1527
f 1689 1688 1608
f 1770 1769 1689
f 1851 1850 1770
f 1932 1931 1851
f 2013 2012 1932
f 2094 2093 2013
f 2175 2174 2094
f 2256 2255 2175
f 2337 2336 2256
f 2418 2417 2337
f 2499 2498 2418
f 2580 2579 2499
f 2661 2660 2580
f 2742 2741 2661
f 2823 2822 2742
f 2904 2903 2823
f 2985 2984 2904
f 3066 3065 2985
f 3147 3146 3066
f 3228 3227 3147
f 3309 3308 3228
f 3390 3389 3309
f 3471 3470 3390
f 3552 3551 3471
f 3633 3632 3552
f 3714 3713 3633
f 3795 3794 3714
f 3876 3875 3795
f 3957 3956 3876
f 4038 4037 3957
f 4119 4118 4038
f 4200 4199 4119
f 4281 4280 4200
f 4362 4361 4281
f 4443 4442 4362
f 4524 4523 4443
f 4605 4604 4524
f 4686 4685 4605
f 4767 4766 4686
f 4848 4847 4767
f 4929 4928 4848
f 5010 5009 4929
f 5091 5090 5010
f 5172 5171 5091
f 5253 5252 5172
f 5334 5333 5253
f 5415 5414 5334
f 5496 5495 5415
f 5577 5576 5496
f 5658 5657 5577
f 5739 5738 5658
f 5820 5819 5739
f 5901 5900 5820
f 5982 5981 5901
f 6063 6062 5982
f 6144 6143 6063
f 6225 6224 6144
f 6306 6305 6225
f 6387 6386 6306
f 6468 6467 6387
f 6549 6548 6468
f 151 150 70
f 232 231 151
f 313 312 232
f 394 393 313
f 475 474 394
f 556 555 475
f 637 636 556
f 718 717 637
f 799 798 718
f 880 879 799
f 961 960 880
f 1042 1041 961
f 1123 1122 1042
f 1204 1203 1123
f 1285 1284 1204
f 1366 1365 1285
f 1447 1446 1366
f 1528 1527 1447
f 1609 1608 1528
f 1690 1689 1609
f 1771 1770 1690
f 1852 1851 1771
f 1933 1932 1852
f 2014 2013 1933
f 2095 2094 2014
f 2176 2175 2095
f 2257 2256 2176
f 2338 2337 2257
f 2419 2418 2338
f 2500 2499 2419
f 2581 2580 2500
f 2662 2661 2581
f 2743 2742 2662
f 2824 2823 2743
f 2905 2904 2824
f 2986 2985 2905
f 3067 3066 2986
f 3148 3147 3067
f 3229 3228 3148
f 3310 3309 3229
f 3391 3390 3310
f 3472 3471 3391
f 3553 3552 3472
f 3634 3633 3553
f 3715 3714 3634
f 3796 3795 3715
f 3877 3876 3796
f 3958 3957 3877
f 4039 4038 3958
f 4120 4119 4039
f 4201 4200 4120
f 4282 4281 4201
f 4363 4362 4282
f 4444 4443 4363
f 4525 4524 4444
f 4606 4605 4525
f 4687 4686 4606
f 4768 4767 4687
f 4849 4848 4768
f 4930 4929 4849
f 5011 5010 4930
f 5092 5091 5011
f 5173 5172 5092
f 5254 5253 5173
f 5335 5334 5254
f 5416 5415 5335
f 5497 5496 5416
f 5578 5577 5497
f 5659 5658 5578
f 5740 5739 5659
f 5821 5820 5740
f 5902 5901 5821
f 5983 5982 5902
f 6064 6063 5983
f 6145 6144 6064
f 6226 6225 6145
f 6307 6306 6226
f 6388 6387 6307
f 6469 6468 6388
f 6550 6549 6469
f 152 151 71
f 233 232 152
f 314 313 233
f 395 394 314
f 476 475 395
f 557 556 476
f 638 637 557
f 719 718 638
f 800 799 719
f 881 880 800
f 962 961 881
f 1043 1042 962
f 1124 1123 1043
f 1205 1204 1124
f 1286 1285 1205
f 1367 1366 1286
f 1448 1447 1367
f 1529 1528 1448
f 1610 1609 1529
f 1691 1690 1610
f 1772 1771 1691
f 1853 1852 1772
f 1934 1933 1853
f 2015 2014 1934
f 2096 2095 2015
f 2177 2176 2096
f 2258 2257 2177
f 2339 2338 2258
f 2420 2419 2339
f 2501 2500 2420
f 2582 2581 2501
f 2663 2662 2582
f 2744 2743 2663
f 2825 2824 2744
f 2906 2905 2825
f 2987 2986 2906
f 3068 3067 2987
f 3149 3148 3068
f 3230 3229 3149
f 3311 3310 3230
f 3392 3391 3311
f 3473 3472 3392
f 3554 3553 3473
f 3635 3634 3554
f 3716 3715 3635
f 3797 3796 3716
f 3878 3877 3797
f 3959 3958 3878
f 4040 4039 3959
f 4121 4120 4040
f 4202 4201 4121
f 4283 4282 4202
f 4364 4363 4283
f 4445 4444 4364
f 4526 4525 4445
f 4607 4606 4526
f 4688 4687 4607
f 4769 4768 4688
f 4850 4849 4769
f 4931 4930 4850
f 5012 5011 4931
f 5093 5092 5012
f 5174 5173 5093
f 5255 5254 5174
f 5336 5335 5255
f 5417 5416 5336
f 5498 5497 5417
f 5579 5578 5498
f 5660 5659 5579
f 5741 5740 5660
f 5822 5821 5741
f 5903 5902 5822
f 5984 5983 5903
f 6065 6064 5984
f 6146 6145 6065
f 6227 6226 6146
f 6308 6307 6227
f 6389 6388 6308
f 6470 6469 6389
f 6551 6550 6470
f 153 152 72
f 234 233 153
f 315 314 234
f 396 395 315
f 477 476 396
f 558 557 477
f 639 638 558
f 720 719 639
f 801 800 720
f 882 881 801
f 963 962 882
f 1044 1043 963
f 1125 1124 1044
f 1206 1205 1125
f 1287 1286 1206
f 1368 1367 1287
f 1449 1448 1368
f 1530 1529 1449
f 1611 1610 1530
f 1692 1691 1611
f 1773 1772 1692
f 1854 1853 1773
f 1935 1934 1854
f 2016 2015 1935
f 2097 2096 2016
f 2178 2177 2097
f 2259 2258 2178
f 2340 2339 2259
f 2421 2420 2340
f 2502 2501 2421
f 2583 2582 2502
f 2664 2663 2583
f 2745 2744 2664
f 2826 2825 2745
f 2907 2906 2826
f 2988 2987 2907
f 3069 3068 2988
f 3150 3149 3069
f 3231 3230 3150
f 3312 3311 3231
f 3393 3392 3312
f 3474 3473 3393
f 3555 3554 3474
f 3636 3635 3555
f 3717 3716 3636
f 3798 3797 3717
f 3879 3878 3798
f 3960 3959 3879
f 4041 4040 3960
f 4122 4121 4041
f 4203 4202 4122
f 4284 4283 4203
f 4365 4364 4284
f 4446 4445 4365
f 4527 4526 4446
f 4608 4607 4527
f 4689 4688 4608
f 4770 4769 4689
f 4851 4850 4770
f 4932 4931 4851
f 5013 5012 4932
f 5094 5093 5013
f 5175 5174 5094
f 5256 5255 5175
f 5337 5336 5256
f 5418 5417 5337
f 5499 5498 5418
f 5580 5579 5499
f 5661 5660 5580
f 5742 5741 5661
f 5823 5822 5742
f 5904 5903 5823
f 5985 5984 5904
f 6066 6065 5985
f 6147 6146 6066
f 6228 6227 6147
f 6309 6308 6228
f 6390 6389 6309
f 6471 6470 6390
f 6552 6551 6471
f 154 153 73
f 235 234 154
f 316 315 235
f 397 396 316
f 478 477 397
f 559 558 478
f 640 639 559
f 721 720 640
f 802 801 721
f 883 882 802
f 964 963 883
f 1045 1044 964
f 1126 1125 1045
f 1207 1206 1126
f 1288 1287 1207
f 1369 1368 1288
f 1450 1449 1369
f 1531 1530 1450
f 1612 1611 1531
f 1693 1692 1612
f 1774 1773 1693
f 1855 1854 1774
f 1936 1935 1855
f 2017 2016 1936
f 2098 2097 2017
f 2179 2178 2098
f 2260 2259 2179
f 2341 2340 2260
f 2422 2421 2341
f 2503 2502 2422
f 2584 2583 2503
f 2665 2664 2584
f 2746 2745 2665
f 2827 2826 2746
f 2908 2907 2827
f 2989 2988 2908
f 3070 3069 2989
f 3151 3150 3070
f 3232 3231 3151
f 3313 3312 3232
f 3394 3393 3313
f 3475 3474 3394
f 3556 3555 3475
f 3637 3636 3556
f 3718 3717 3637
f 3799 3798 3718
f 3880 3879 3799
f 3961 3960 3880
f 4042 4041 3961
f 4123 4122 4042
f 4204 4203 4123
f 4285 4284 4204
f 4366 4365 4285
f 4447 4446 4366
f 4528 4527 4447
f 4609 4608 4528
f 4690 4689 4609
f 4771 4770 4690
f 4852 4851 4771
f 4933 4932 4852
f 5014 5013 4933
f 5095 5094 5014
f 5176 5175 5095
f 5257 5256 5176
f 5338 5337 5257
f 5419 5418 5338
f 5500 5499 5419
f 5581 5580 5500
f 5662 5661 5581
f 5743 5742 5662
f 5824 5823 5743
f 5905 5904 5824
f 5986 5985 5905
f 6067 6066 5986
f 6148 6147 6067
f 6229 6228 6148
f 6310 6309 6229
f 6391 6390 6310
f 6472 6471 6391
f 6553 6552 6472
f 155 154 74
f 236 235 155
f 317 316 236
f 398 397 317
f 479 478 398
f 560 559 479
f 641 640 560
f 722 721 641
f 803 802 722
f 884 883 803
f 965 964 884
f 1046 1045 965
f 1127 1126 1046
f 1208 1207 1127
f 1289 1288 1208
f 1370 1369 1289
f 1451 1450 1370
f 1532 1531 1451
f 1613 1612 1532
f 1694 1693 1613
f 1775 1774 1694
f 1856 1855 1775
f 1937 1936 1856
f 2018 2017 1937
f 2099 2098 2018
f 2180 2179 2099
f 2261 2260 2180
f 2342 2341 2261
f 2423 2422 2342
f 2504 2503 2423
f 2585 2584 2504
f 2666 2665 2585
f 2747 2746 2666
f 2828 2827 2747
f 2909 2908 2828
f 2990 2989 2909
f 3071 3070 2990
f 3152 3151 3071
f 3233 3232 3152
f 3314 3313 3233
f 3395 3394 3314
f 3476 3475 3395
f 3557 3556 3476
f 3638 3637 3557
f 3719 3718 3638
f 3800 3799 3719
f 3881 3880 3800
f 3962 3961 3881
f 4043 4042 3962
f 4124 4123 4043
f 4205 4204 4124
f 4286 4285 4205
f 4367 4366 4286
f 4448 4447 4367
f 4529 4528 4448
f 4610 4609 4529
f 4691 4690 4610
f 4772 4771 4691
f 4853 4852 4772
f 4934 4933 4853
f 5015 5014 4934
f 5096 5095 5015
f 5177 5176 5096
f 5258 5257 5177
f 5339 5338 5258
f 5420 5419 5339
f 5501 5500 5420
f 5582 5581 5501
f 5663 5662 5582
f 5744 5743 5663
f 5825 5824 5744
f 5906 5905 5825
f 5987 5986 5906
f 6068 6067 5987
f 6149 6148 6068
f 6230 6229 6149
f 6311 6310 6230
f 6392 6391 6311
f 6473 6472 6392
f 6554 6553 6473
f 156 155 75
f 237 236 156
f 318 317 237
f 399 398 318
f 480 479 399
f 561 560 480
f 642 641 561
f 723 722 642
f 804 803 723
f 885 884 804
f 966 965 885
f 1047 1046 966
f 1128 1127 1047
f 1209 1208 1128
f 1290 1289 1209
f 1371 1370 1290
f 1452 1451 1371
f 1533 1532 1452
f 1614 1613 1533
f 1695 1694 1614
f 1776 1775 1695
f 1857 1856 1776
f 1938 1937 1857
f 2019 2018 1938
f 2100 2099 2019
f 2181 2180 2100
f 2262 2261 2181
f 2343 2342 2262
f 2424 2423 2343
f 2505 2504 2424
f 2586 2585 2505
f 2667 2666 2586
f 2748 2747 2667
f 2829 2828 2748
f 2910 2909 2829
f 2991 2990 2910
f 3072 3071 2991
f 3153 3152 3072
f 3234 3233 3153
f 3315 3314 3234
f 3396 3395 3315
f 3477 3476 3396
f 3558 3557 3477
f 3639 3638 3558
f 3720 3719 3639
f 3801 3800 3720
f 3882 3881 3801
f 3963 3962 3882
f 4044 4043 3963
f 4125 4124 4044
f 4206 4205 4125
f 4287 4286 4206
f 4368 4367 4287
f 4449 4448 4368
f 4530 4529 4449
f 4611 4610 4530
f 4692 4691 4611
f 4773 4772 4692
f 4854 4853 4773
f 4935 4934 4854
f 5016 5015 4935
f 5097 5096 5016
f 5178 5177 5097
f 5259 5258 5178
f 5340 5339 5259
f 5421 5420 5340
f 5502 5501 5421
f 5583 5582 5502
f 5664 5663 5583
f 5745 5744 5664
f 5826 5825 5745
f 5907 5906 5826
f 5988 5987 5907
f 6069 6068 5988
f 6150 6149 6069
f 6231 6230 6150
f 6312 6311 6231
f 6393 6392 6312
f 6474 6473 6393
f 6555 6554 6474
f 157 156 76
f 238 237 157
f 319 318 238
f 400 399 319
f 481 480 400
f 562 561 481
f 643 642 562
f 724 723 643
f 805 804 724
f 886 885 805
f 967 966 886
f 1048 1047 967
f 1129 1128 1048
f 1210 1209 1129
f 1291 1290 1210
f 1372 1371 1291
f 1453 1452 1372
f 1534 1533 1453
f 1615 1614 1534
f 1696 1695 1615
f 1777 1776 1696
f 1858 1857 1777
f 1939 1938 1858
f 2020 2019 1939
f 2101 2100 2020
f 2182 2181 2101
f 2263 2262 2182
f 2344 2343 2263
f 2425 2424 2344
f 2506 2505 2425
f 2587 2586 2506
f 2668 2667 2587
f 2749 2748 2668
f 2830 2829 2749
f 2911 2910 2830
f 2992 2991 2911
f 3073 3072 2992
f 3154 3153 3073
f 3235 3234 3154
f 3316 3315 3235
f 3397 3396 3316
f 3478 3477 3397
f 3559 3558 3478
f 3640 3639 3559
f 3721 3720 3640
f 3802 3801 3721
f 3883 3882 3802
f 3964 3963 3883
f 4045 4044 3964
f 4126 4125 4045
f 4207 4206 4126
f 4288 4287 4207
f 4369 4368 4288
f 4450 4449 4369
f 4531 4530 4450
f 4612 4611 4531
f 4693 4692 4612
f 4774 4773 4693
f 4855 4854 4774
f 4936 4935 4855
f 5017 5016 4936
f 5098 5097 5017
f 5179 5178 5098
f 5260 5259 5179
f 5341 5340 5260
f 5422 5421 5341
f 5503 5502 5422
f 5584 5583 5503
f 5665 5664 5584
f 5746 5745 5665
f 5827 5826 5746
f 5908 5907 5827
f 5989 5988 5908
f 6070 6069 5989
f 6151 6150 6070
f 6232 6231 6151
f 6313 6312 6232
f 6394 6393 6313
f 6475 6474 6394
f 6556 6555 6475
f 158 157 77
f 239 238 158
f 320 319 239
f 401 400 320
f 482 481 401
f 563 562 482
f 644 643 563
f 725 724 644
f 806 805 725
f 887 886 806
f 968 967 887
f 1049 1048 968
f 1130 1129 1049
f 1211 1210 1130
f 1292 1291 1211
f 1373 1372 1292
f 1454 1453 1373
f 1535 1534 1454
f 1616 1615 1535
f 1697 1696 1616
f 1778 1777 1697
f 1859 1858 1778
f 1940 1939 1859
f 2021 2020 1940
f 2102 2101 2021
f 2183 2182 2102
f 2264 2263 2183
f 2345 2344 2264
f 2426 2425 2345
f 2507 2506 2426
f 2588 2587 2507
f 2669 2668 2588
f 2750 2749 2669
f 2831 2830 2750
f 2912 2911 2831
f 2993 2992 2912
f 3074 3073 2993
f 3155 3154 3074
f 3236 3235 3155
f 3317 3316 3236
f 3398 3397 3317
f 3479 3478 3398
f 3560 3559 3479
f 3641 3640 3560
f 3722 3721 3641
f 3803 3802 3722
f 3884 3883 3803
f 3965 3964 3884
f 4046 4045 3965
f 4127 4126 4046
f 4208 4207 4127
f 4289 4288 4208
f 4370 4369 4289
f 4451 4450 4370
f 4532 4531 4451
f 4613 4612 4532
f 4694 4693 4613
f 4775 4774 4694
f 4856 4855 4775
f 4937 4936 4856
f 5018 5017 4937
f 5099 5098 5018
f 5180 5179 5099
f 5261 5260 5180
f 5342 5341 5261
f 5423 5422 5342
f 5504 5503 5423
f 5585 5584 5504
f 5666 5665 5585
f 5747 5746 5666
f 5828 5827 5747
f 5909 5908 5828
f 5990 5989 5909
f 6071 6070 5990
f 6152 6151 6071
f 6233 6232 6152
f 6314 6313 6233
f 6395 6394 6314
f 6476 6475 6395
f 6557 6556 6476
f 159 158 78
f 240 239 159
f 321 320 240
f 402 401 321
f 483 482 402
f 564 563 483
f 645 644 564
f 726 725 645
f 807 806 726
f 888 887 807
f 969 968 888
f 1050 1049 969
f 1131 1130 1050
f 1212 1211 1131
f 1293 1292 1212
f 1374 1373 1293
f 1455 1454 1374
f 1536 1535 1455
f 1617 1616 1536
f 1698 1697 1617
f 1779 1778 1698
f 1860 1859 1779
f 1941 1940 1860
f 2022 2021 1941
f 2103 2102 2022
f 2184 2183 2103
f 2265 2264 2184
f 2346 2345 2265
f 2427 2426 2346
f 2508 2507 2427
f 2589 2588 2508
f 2670 2669 2589
f 2751 2750 2670
f 2832 2831 2751
f 2913 2912 2832
f 2994 2993 2913
f 3075 3074 2994
f 3156 3155 3075
f 3237 3236 3156
f 3318 3317 3237
f 3399 3398 3318
f 3480 3479 3399
f 3561 3560 3480
f 3642 3641 3561
f 3723 3722 3642
f 3804 3803 3723
f 3885 3884 3804
f 3966 3965 3885
f 4047 4046 3966
f 4128 4127 4047
f 4209 4208 4128
f 4290 4289 4209
f 4371 4370 4290
f 4452 4451 4371
f 4533 4532 4452
f 4614 4613 4533
f 4695 4694 4614
f 4776 4775 4695
f 4857 4856 4776
f 4938 4937 4857
f 5019 5018 4938
f 5100 5099 5019
f 5181 5180 5100
f 5262 5261 5181
f 5343 5342 5262
f 5424 5423 5343
f 5505 5504 5424
f 5586 5585 5505
f 5667 5666 5586
f 5748 5747 5667
f 5829 5828 5748
f 5910 5909 5829
f 5991 5990 5910
f 6072 6071 5991
f 6153 6152 6072
f 6234 6233 6153
f 6315 6314 6234
f 6396 6395 6315
f 6477 6476 6396
f 6558 6557 6477
f 160 159 79
f 241 240 160
f 322 321 241
f 403 402 322
f 484 483 403
f 565 564 484
f 646 645 565
f 727 726 646
f 808 807 727
f 889 888 808
f 970 969 889
f 1051 1050 970
f 1132 1131 1051
f 1213 1212 1132
f 1294 1293 1213
f 1375 1374 1294
f 1456 1455 1375
f 1537 1536 1456
f 1618 1617 1537
f 1699 1698 1618
f 1780 1779 1699
f 1861 1860 1780
f 1942 1941 1861
f 2023 2022 1942
f 2104 2103 2023
f 2185 2184 2104
f 2266 2265 2185
f 2347 2346 2266
f 2428 2427 2347
f 2509 2508 2428
f 2590 2589 2509
f 2671 2670 2590
f 2752 2751 2671
f 2833 2832 2752
f 2914 2913 2833
f 2995 2994 2914
f 3076 3075 2995
f 3157 3156 3076
f 3238 3237 3157
f 3319 3318 3238
f 3400 3399 3319
f 3481 3480 3400
f 3562 3561 3481
f 3643 3642 3562
f 3724 3723 3643
f 3805 3804 3724
f 3886 3885 3805
f 3967 3966 3886
f 4048 4047 3967
f 4129 4128 4048
f 4210 4209 4129
f 4291 4290 4210
f 4372 4371 4291
f 4453 4452 4372
f 4534 4533 4453
f 4615 4614 4534
f 4696 4695 4615
f 4777 4776 4696
f 4858 4857 4777
f 4939 4938 4858
f 5020 5019 4939
f 5101 5100 5020
f 5182 5181 5101
f 5263 5262 5182
f 5344 5343 5263
f 5425 5424 5344
f 5506 5505 5425
f 5587 5586 5506
f 5668 5667 5587
f 5749 5748 5668
f 5830 5829 5749
f 5911 5910 5830
f 5992 5991 5911
f 6073 6072 5992
f 6154 6153 6073
f 6235 6234 6154
f 6316 6315 6235
f 6397 6396 6316
f 6478 6477 6397
f 6559 6558 6478
f 161 160 80
f 242 241 161
f 323 322 242
f 404 403 323
f 485 484 404
f 566 565 485
f 647 646 566
f 728 727 647
f 809 808 728
f 890 889 809
f 971 970 890
f 1052 1051 971
f 1133 1132 1052
f 1214 1213 1133
f 1295 1294 1214
f 1376 1375 1295
f 1457 1456 1376
f 1538 1537 1457
f 1619 1618 1538
f 1700 1699 1619
f 1781 1780 1700
f 1862 1861 1781
f 1943 1942 1862
f 2024 2023 1943
f 2105 2104 2024
f 2186 2185 2105
f 2267 2266 2186
f 2348 2347 2267
f 2429 2428 2348
f 2510 2509 2429
f 2591 2590 2510
f 2672 2671 2591
f 2753 2752 2672
f 2834 2833 2753
f 2915 2914 2834
f 2996 2995 2915
f 3077 3076 2996
f 3158 3157 3077
f 3239 3238 3158
f 3320 3319 3239
f 3401 3400 3320
f 3482 3481 3401
f 3563 3562 3482
f 3644 3643 3563
f 3725 3724 3644
f 3806 3805 3725
f 3887 3886 3806
f 3968 3967 3887
f 4049 4048 3968
f 4130 4129 4049
f 4211 4210 4130
f 4292 4291 4211
f 4373 4372 4292
f 4454 4453 4373
f 4535 4534 4454
f 4616 4615 4535
f 4697 4696 4616
f 4778 4777 4697
f 4859 4858 4778
f 4940 4939 4859
f 5021 5020 4940
f 5102 5101 5021
f 5183 5182 5102
f 5264 5263 5183
f 5345 5344 5264
f 5426 5425 5345
f 5507 5506 5426
f 5588 5587 5507
f 5669 5668 5588
f 5750 5749 5669
f 5831 5830 5750
f 5912 5911 5831
f 5993 5992 5912
f 6074 6073 5993
f 6155 6154 6074
f 6236 6235 6155
f 6317 6316 6236
f 6398 6397 6317
f 6479 6478 6398
f 6560 6559 6479
f 162 161 81
f 243 242 162
f 324 323 243
f 405 404 324
f 486 485 405
f 567 566 486
f 648 647 567
f 729 728 648
f 810 809 729
f 891 890 810
f 972 971 891
f 1053 1052 972
f 1134 1133 1053
f 1215 1214 1134
f 1296 1295 1215
f 1377 1376 1296
f 1458 1457 1377
f 1539 1538 1458
f 1620 1619 1539
f 1701 1700 1620
f 1782 1781 1701
f 1863 1862 1782
f 1944 1943 1863
f 2025 2024 1944
f 2106 2105 2025
f 2187 2186 2106
f 2268 2267 2187
f 2349 2348 2268
f 2430 2429 2349
f 2511 2510 2430
f 2592 2591 2511
f 2673 2672 2592
f 2754 2753 2673
f 2835 2834 2754
f 2916 2915 2835
f 2997 2996 2916
f 3078 3077 2997
f 3159 3158 3078
f 3240 3239 3159
f 3321 3320 3240
f 3402 3401 3321
f 3483 3482 3402
f 3564 3563 3483
f 3645 3644 3564
f 3726 3725 3645
f 3807 3806 3726
f 3888 3887 3807
f 3969 3968 3888
f 4050 4049 3969
f 4131 4130 4050
f 4212 4211 4131
f 4293 4292 4212
f 4374 4373 4293
f 4455 4454 4374
f 4536 4535 4455
f 4617 4616 4536
f 4698 4697 4617
f 4779 4778 4698
f 4860 4859 4779
f 4941 4940 4860
f 5022 5021 4941
f 5103 5102 5022
f 5184 5183 5103
f 5265 5264 5184
f 5346 5345 5265
f 5427 5426 5346
f 5508 5507 5427
f 5589 5588 5508
f 5670 5669 5589
f 5751 5750 5670
f 5832 5831 5751
f 5913 5912 5832
f 5994 5993 5913
f 6075 6074 5994
f 6156 6155 6075
f 6237 6236 6156
f 6318 6317 6237
f 6399 6398 6318
f 6480 6479 6399
f 6561 6560 6480
