v -0.5 -0.5 0.300389677286148
v -0.4875 -0.5 0.294651299715042
v -0.475 -0.5 0.289098739624023
v -0.4625 -0.5 0.283786445856094
v -0.45 -0.5 0.278753846883774
v -0.4375 -0.5 0.274057596921921
v -0.425 -0.5 0.269741266965866
v -0.4125 -0.5 0.265801638364792
v -0.4 -0.5 0.262185782194138
v -0.3875 -0.5 0.258915543556213
v -0.375 -0.5 0.256025046110153
v -0.3625 -0.5 0.253483057022095
v -0.35 -0.5 0.251447677612305
v -0.3375 -0.5 0.249924570322037
v -0.325 -0.5 0.248811885714531
v -0.3125 -0.5 0.248095870018005
v -0.3 -0.5 0.247829109430313
v -0.2875 -0.5 0.248038530349731
v -0.275 -0.5 0.248755171895027
v -0.2625 -0.5 0.249965667724609
v -0.25 -0.5 0.251715213060379
v -0.2375 -0.5 0.254080802202225
v -0.225 -0.5 0.257135212421417
v -0.2125 -0.5 0.260798305273056
v -0.2 -0.5 0.265177100896835
v -0.1875 -0.5 0.270311176776886
v -0.175 -0.5 0.276238054037094
v -0.1625 -0.5 0.282907873392105
v -0.15 -0.5 0.290304154157639
v -0.1375 -0.5 0.298234343528748
v -0.125 -0.5 0.306630820035934
v -0.1125 -0.5 0.315352022647858
v -0.0999999999999996 -0.5 0.324291229248047
v -0.0874999999999996 -0.5 0.333342134952545
v -0.0749999999999996 -0.5 0.342470794916153
v -0.0624999999999996 -0.5 0.351714134216309
v -0.0499999999999996 -0.5 0.36136332154274
v -0.0374999999999996 -0.5 0.372000306844711
v -0.0249999999999996 -0.5 0.384448975324631
v -0.0124999999999996 -0.5 0.399398535490036
v 4.44089209850063e-16 -0.5 0.416860014200211
v 0.0125000000000004 -0.5 0.43609544634819
v 0.0250000000000005 -0.5 0.455812931060791
v 0.0375000000000005 -0.5 0.474671334028244
v 0.0500000000000005 -0.5 0.491607874631882
v 0.0625000000000004 -0.5 0.505957245826721
v 0.0750000000000005 -0.5 0.51740950345993
v 0.0875000000000006 -0.5 0.525957524776459
v 0.100000000000001 -0.5 0.531780421733856
v 0.1125 -0.5 0.53511255979538
v 0.125000000000001 -0.5 0.536235868930817
v 0.137500000000001 -0.5 0.535427510738373
v 0.150000000000001 -0.5 0.533011496067047
v 0.162500000000001 -0.5 0.529313385486603
v 0.175000000000001 -0.5 0.524697482585907
v 0.187500000000001 -0.5 0.519459843635559
v 0.200000000000001 -0.5 0.513937652111053
v 0.212500000000001 -0.5 0.50843870639801
v 0.225000000000001 -0.5 0.503128468990326
v 0.237500000000001 -0.5 0.498218834400177
v 0.250000000000001 -0.5 0.493878036737442
v 0.262500000000001 -0.5 0.490222424268723
v 0.275000000000001 -0.5 0.48728409409523
v 0.287500000000001 -0.5 0.485056489706039
v 0.300000000000001 -0.5 0.483481019735336
v 0.312500000000001 -0.5 0.482466042041779
v 0.325000000000001 -0.5 0.481903165578842
v 0.337500000000001 -0.5 0.481696277856827
v 0.350000000000001 -0.5 0.481734365224838
v 0.362500000000001 -0.5 0.481949955224991
v 0.375000000000001 -0.5 0.482258230447769
v 0.387500000000001 -0.5 0.482614576816559
v 0.400000000000001 -0.5 0.48302373290062
v 0.412500000000001 -0.5 0.483465403318405
v 0.425000000000001 -0.5 0.483944267034531
v 0.437500000000001 -0.5 0.484474748373032
v 0.450000000000001 -0.5 0.485075950622559
v 0.462500000000001 -0.5 0.485762268304825
v 0.475000000000001 -0.5 0.486534982919693
v 0.487500000000001 -0.5 0.487382411956787
v 0.500000000000001 -0.5 0.488306969404221
v -0.5 -0.4875 0.296254307031631
v -0.4875 -0.4875 0.290464848279953
v -0.475 -0.4875 0.284895002841949
v -0.4625 -0.4875 0.279555141925812
v -0.45 -0.4875 0.274502128362656
v -0.4375 -0.4875 0.269750565290451
v -0.425 -0.4875 0.265325993299484
v -0.4125 -0.4875 0.26126629114151
v -0.4 -0.4875 0.257533073425293
v -0.3875 -0.4875 0.254115670919418
v -0.375 -0.4875 0.251072555780411
v -0.3625 -0.4875 0.248420193791389
v -0.35 -0.4875 0.246167466044426
v -0.3375 -0.4875 0.244535639882088
v -0.325 -0.4875 0.24328339099884
v -0.3125 -0.4875 0.242437168955803
v -0.3 -0.4875 0.242056831717491
v -0.2875 -0.4875 0.242184549570084
v -0.275 -0.4875 0.242858454585075
v -0.2625 -0.4875 0.244094803929329
v -0.25 -0.4875 0.246011182665825
v -0.2375 -0.4875 0.248585730791092
v -0.225 -0.4875 0.251838654279709
v -0.2125 -0.4875 0.255771547555923
v -0.2 -0.4875 0.260452479124069
v -0.1875 -0.4875 0.265893250703812
v -0.175 -0.4875 0.271913141012192
v -0.1625 -0.4875 0.27854511141777
v -0.15 -0.4875 0.285678535699844
v -0.1375 -0.4875 0.293210744857788
v -0.125 -0.4875 0.301034778356552
v -0.1125 -0.4875 0.309033125638962
v -0.0999999999999996 -0.4875 0.317091077566147
v -0.0874999999999996 -0.4875 0.325170516967773
v -0.0749999999999996 -0.4875 0.333263516426086
v -0.0624999999999996 -0.4875 0.341347515583038
v -0.0499999999999996 -0.4875 0.349601000547409
v -0.0374999999999996 -0.4875 0.358445167541504
v -0.0249999999999996 -0.4875 0.36840158700943
v -0.0124999999999996 -0.4875 0.379882454872131
v 4.44089209850063e-16 -0.4875 0.393148630857468
v 0.0125000000000004 -0.4875 0.407873064279556
v 0.0250000000000005 -0.4875 0.423306077718735
v 0.0375000000000005 -0.4875 0.438750833272934
v 0.0500000000000005 -0.4875 0.453418642282486
v 0.0625000000000004 -0.4875 0.46666607260704
v 0.0750000000000005 -0.4875 0.478167444467545
v 0.0875000000000006 -0.4875 0.487742155790329
v 0.100000000000001 -0.4875 0.495330631732941
v 0.1125 -0.4875 0.501048982143402
v 0.125000000000001 -0.4875 0.505058884620667
v 0.137500000000001 -0.4875 0.507473409175873
v 0.150000000000001 -0.4875 0.508480727672577
v 0.162500000000001 -0.4875 0.50825309753418
v 0.175000000000001 -0.4875 0.507048189640045
v 0.187500000000001 -0.4875 0.504962623119354
v 0.200000000000001 -0.4875 0.502178311347961
v 0.212500000000001 -0.4875 0.498975366353989
v 0.225000000000001 -0.4875 0.495537668466568
v 0.237500000000001 -0.4875 0.492062091827393
v 0.250000000000001 -0.4875 0.488753408193588
v 0.262500000000001 -0.4875 0.4858058989048
v 0.275000000000001 -0.4875 0.483326524496078
v 0.287500000000001 -0.4875 0.481398642063141
v 0.300000000000001 -0.4875 0.480029195547104
v 0.312500000000001 -0.4875 0.479161262512207
v 0.325000000000001 -0.4875 0.478715002536774
v 0.337500000000001 -0.4875 0.478586435317993
v 0.350000000000001 -0.4875 0.478704661130905
v 0.362500000000001 -0.4875 0.478993147611618
v 0.375000000000001 -0.4875 0.479372709989548
v 0.387500000000001 -0.4875 0.479804664850235
v 0.400000000000001 -0.4875 0.480274438858032
v 0.412500000000001 -0.4875 0.480778425931931
v 0.425000000000001 -0.4875 0.481317043304443
v 0.437500000000001 -0.4875 0.481922626495361
v 0.450000000000001 -0.4875 0.482586473226547
v 0.462500000000001 -0.4875 0.483325570821762
v 0.475000000000001 -0.4875 0.484135538339615
v 0.487500000000001 -0.4875 0.4850172996521
v 0.500000000000001 -0.4875 0.485971212387085
v -0.5 -0.475 0.2925064265728
v -0.4875 -0.475 0.286686152219772
v -0.475 -0.475 0.281075298786163
v -0.4625 -0.475 0.275681048631668
v -0.45 -0.475 0.270520359277725
v -0.4375 -0.475 0.265660494565964
v -0.425 -0.475 0.261089563369751
v -0.4125 -0.475 0.256851404905319
v -0.4 -0.475 0.252950489521027
v -0.3875 -0.475 0.249355509877205
v -0.375 -0.475 0.246143817901611
v -0.3625 -0.475 0.243317246437073
v -0.35 -0.475 0.240950688719749
v -0.3375 -0.475 0.239176377654076
v -0.325 -0.475 0.23787522315979
v -0.3125 -0.475 0.236992985010147
v -0.3 -0.475 0.236606642603874
v -0.2875 -0.475 0.236805111169815
v -0.275 -0.475 0.237590551376343
v -0.2625 -0.475 0.239081501960754
v -0.25 -0.475 0.241164013743401
v -0.2375 -0.475 0.243945389986038
v -0.225 -0.475 0.247421905398369
v -0.2125 -0.475 0.251580387353897
v -0.2 -0.475 0.256385236978531
v -0.1875 -0.475 0.261669933795929
v -0.175 -0.475 0.267395734786987
v -0.1625 -0.475 0.273551791906357
v -0.15 -0.475 0.279961228370667
v -0.1375 -0.475 0.286643415689468
v -0.125 -0.475 0.29356437921524
v -0.1125 -0.475 0.300575017929077
v -0.0999999999999996 -0.475 0.307631492614746
v -0.0874999999999996 -0.475 0.314754217863083
v -0.0749999999999996 -0.475 0.322040885686874
v -0.0624999999999996 -0.475 0.329499453306198
v -0.0499999999999996 -0.475 0.337146013975143
v -0.0374999999999996 -0.475 0.345284134149551
v -0.0249999999999996 -0.475 0.354277998209
v -0.0124999999999996 -0.475 0.364417791366577
v 4.44089209850063e-16 -0.475 0.375708788633347
v 0.0125000000000004 -0.475 0.388058871030807
v 0.0250000000000005 -0.475 0.401032418012619
v 0.0375000000000005 -0.475 0.414282619953156
v 0.0500000000000005 -0.475 0.427202790975571
v 0.0625000000000004 -0.475 0.439352720975876
v 0.0750000000000005 -0.475 0.450434595346451
v 0.0875000000000006 -0.475 0.460180282592773
v 0.100000000000001 -0.475 0.468528002500534
v 0.1125 -0.475 0.475508272647858
v 0.125000000000001 -0.475 0.48120704293251
v 0.137500000000001 -0.475 0.485663414001465
v 0.150000000000001 -0.475 0.488944530487061
v 0.162500000000001 -0.475 0.491133779287338
v 0.175000000000001 -0.475 0.492314338684082
v 0.187500000000001 -0.475 0.492547571659088
v 0.200000000000001 -0.475 0.491911232471466
v 0.212500000000001 -0.475 0.490545123815536
v 0.225000000000001 -0.475 0.488665491342545
v 0.237500000000001 -0.475 0.486408054828644
v 0.250000000000001 -0.475 0.483984470367432
v 0.262500000000001 -0.475 0.481619566679001
v 0.275000000000001 -0.475 0.47951340675354
v 0.287500000000001 -0.475 0.477797359228134
v 0.300000000000001 -0.475 0.476563930511475
v 0.312500000000001 -0.475 0.475793570280075
v 0.325000000000001 -0.475 0.4754259288311
v 0.337500000000001 -0.475 0.475370317697525
v 0.350000000000001 -0.475 0.475547552108765
v 0.362500000000001 -0.475 0.475910753011703
v 0.375000000000001 -0.475 0.476379960775375
v 0.387500000000001 -0.475 0.476893424987793
v 0.400000000000001 -0.475 0.477453052997589
v 0.412500000000001 -0.475 0.478061884641647
v 0.425000000000001 -0.475 0.478717237710953
v 0.437500000000001 -0.475 0.479434639215469
v 0.450000000000001 -0.475 0.480207592248917
v 0.462500000000001 -0.475 0.481037229299545
v 0.475000000000001 -0.475 0.48193570971489
v 0.487500000000001 -0.475 0.482894241809845
v 0.500000000000001 -0.475 0.48393440246582
v -0.5 -0.4625 0.289193123579025
v -0.4875 -0.4625 0.283320754766464
v -0.475 -0.4625 0.277634710073471
v -0.4625 -0.4625 0.272138506174088
v -0.45 -0.4625 0.266850560903549
v -0.4375 -0.4625 0.26181960105896
v -0.425 -0.4625 0.257098525762558
v -0.4125 -0.4625 0.252640873193741
v -0.4 -0.4625 0.248515158891678
v -0.3875 -0.4625 0.244718074798584
v -0.375 -0.4625 0.241320714354515
v -0.3625 -0.4625 0.238357543945312
v -0.35 -0.4625 0.235942915081978
v -0.3375 -0.4625 0.2341128885746
v -0.325 -0.4625 0.232746839523315
v -0.3125 -0.4625 0.231886968016624
v -0.3 -0.4625 0.231598615646362
v -0.2875 -0.4625 0.232016235589981
v -0.275 -0.4625 0.23306941986084
v -0.2625 -0.4625 0.234700545668602
v -0.25 -0.4625 0.236906811594963
v -0.2375 -0.4625 0.239779159426689
v -0.225 -0.4625 0.243230804800987
v -0.2125 -0.4625 0.247204974293709
v -0.2 -0.4625 0.251577943563461
v -0.1875 -0.4625 0.25623631477356
v -0.175 -0.4625 0.261202871799469
v -0.1625 -0.4625 0.26642507314682
v -0.15 -0.4625 0.271877020597458
v -0.1375 -0.4625 0.277558654546738
v -0.125 -0.4625 0.28342604637146
v -0.1125 -0.4625 0.289493501186371
v -0.0999999999999996 -0.4625 0.295795172452927
v -0.0874999999999996 -0.4625 0.302348047494888
v -0.0749999999999996 -0.4625 0.309191107749939
v -0.0624999999999996 -0.4625 0.316327631473541
v -0.0499999999999996 -0.4625 0.323796600103378
v -0.0374999999999996 -0.4625 0.331847161054611
v -0.0249999999999996 -0.4625 0.340730249881744
v -0.0124999999999996 -0.4625 0.350435972213745
v 4.44089209850063e-16 -0.4625 0.361050099134445
v 0.0125000000000004 -0.4625 0.372434556484222
v 0.0250000000000005 -0.4625 0.384293735027313
v 0.0375000000000005 -0.4625 0.396315217018127
v 0.0500000000000005 -0.4625 0.408196538686752
v 0.0625000000000004 -0.4625 0.419570058584213
v 0.0750000000000005 -0.4625 0.430190622806549
v 0.0875000000000006 -0.4625 0.439817905426025
v 0.100000000000001 -0.4625 0.448390692472458
v 0.1125 -0.4625 0.455901443958282
v 0.125000000000001 -0.4625 0.462457865476608
v 0.137500000000001 -0.4625 0.468067795038223
v 0.150000000000001 -0.4625 0.472716152667999
v 0.162500000000001 -0.4625 0.476465433835983
v 0.175000000000001 -0.4625 0.479280382394791
v 0.187500000000001 -0.4625 0.481180965900421
v 0.200000000000001 -0.4625 0.482211887836456
v 0.212500000000001 -0.4625 0.482405036687851
v 0.225000000000001 -0.4625 0.481896132230759
v 0.237500000000001 -0.4625 0.480778217315674
v 0.250000000000001 -0.4625 0.479206383228302
v 0.262500000000001 -0.4625 0.477425664663315
v 0.275000000000001 -0.4625 0.47567954659462
v 0.287500000000001 -0.4625 0.474167317152023
v 0.300000000000001 -0.4625 0.473044872283936
v 0.312500000000001 -0.4625 0.472342222929001
v 0.325000000000001 -0.4625 0.472029507160187
v 0.337500000000001 -0.4625 0.472028106451035
v 0.350000000000001 -0.4625 0.472278416156769
v 0.362500000000001 -0.4625 0.472714632749557
v 0.375000000000001 -0.4625 0.473274558782578
v 0.387500000000001 -0.4625 0.473895311355591
v 0.400000000000001 -0.4625 0.474578946828842
v 0.412500000000001 -0.4625 0.475319117307663
v 0.425000000000001 -0.4625 0.476122438907623
v 0.437500000000001 -0.4625 0.476994514465332
v 0.450000000000001 -0.4625 0.477922827005386
v 0.462500000000001 -0.4625 0.478900343179703
v 0.475000000000001 -0.4625 0.479936093091965
v 0.487500000000001 -0.4625 0.481035530567169
v 0.500000000000001 -0.4625 0.482204973697662
v -0.5 -0.45 0.28621980547905
v -0.4875 -0.45 0.280315220355988
v -0.475 -0.45 0.274523586034775
v -0.4625 -0.45 0.268907159566879
v -0.45 -0.45 0.26349475979805
v -0.4375 -0.45 0.258310735225677
v -0.425 -0.45 0.253370374441147
v -0.4125 -0.45 0.248686239123344
v -0.4 -0.45 0.244325593113899
v -0.3875 -0.45 0.240390926599503
v -0.375 -0.45 0.236882835626602
v -0.3625 -0.45 0.233846351504326
v -0.35 -0.45 0.231389433145523
v -0.3375 -0.45 0.229547306895256
v -0.325 -0.45 0.228217169642448
v -0.3125 -0.45 0.227405652403831
v -0.3 -0.45 0.227235868573189
v -0.2875 -0.45 0.227824166417122
v -0.275 -0.45 0.228960618376732
v -0.2625 -0.45 0.230638414621353
v -0.25 -0.45 0.232807874679565
v -0.2375 -0.45 0.235397383570671
v -0.225 -0.45 0.238383963704109
v -0.2125 -0.45 0.241675332188606
v -0.2 -0.45 0.245241552591324
v -0.1875 -0.45 0.24894006550312
v -0.175 -0.45 0.252866089344025
v -0.1625 -0.45 0.257137954235077
v -0.15 -0.45 0.261636674404144
v -0.1375 -0.45 0.266389131546021
v -0.125 -0.45 0.271446794271469
v -0.1125 -0.45 0.276915341615677
v -0.0999999999999996 -0.45 0.282757848501205
v -0.0874999999999996 -0.45 0.28895115852356
v -0.0749999999999996 -0.45 0.29562845826149
v -0.0624999999999996 -0.45 0.302688926458359
v -0.0499999999999996 -0.45 0.310276836156845
v -0.0374999999999996 -0.45 0.318489342927933
v -0.0249999999999996 -0.45 0.32742777466774
v -0.0124999999999996 -0.45 0.337140411138535
v 4.44089209850063e-16 -0.45 0.347564071416855
v 0.0125000000000004 -0.45 0.358633995056152
v 0.0250000000000005 -0.45 0.370026916265488
v 0.0375000000000005 -0.45 0.381505459547043
v 0.0500000000000005 -0.45 0.39279180765152
v 0.0625000000000004 -0.45 0.403670459985733
v 0.0750000000000005 -0.45 0.413894861936569
v 0.0875000000000006 -0.45 0.423303693532944
v 0.100000000000001 -0.45 0.431808084249496
v 0.1125 -0.45 0.43942204117775
v 0.125000000000001 -0.45 0.446243971586227
v 0.137500000000001 -0.45 0.452331840991974
v 0.150000000000001 -0.45 0.457702934741974
v 0.162500000000001 -0.45 0.462338417768478
v 0.175000000000001 -0.45 0.466255247592926
v 0.187500000000001 -0.45 0.469435840845108
v 0.200000000000001 -0.45 0.471843153238297
v 0.212500000000001 -0.45 0.473461359739304
v 0.225000000000001 -0.45 0.474283128976822
v 0.237500000000001 -0.45 0.474368244409561
v 0.250000000000001 -0.45 0.473800867795944
v 0.262500000000001 -0.45 0.47279691696167
v 0.275000000000001 -0.45 0.471582621335983
v 0.287500000000001 -0.45 0.470399856567383
v 0.300000000000001 -0.45 0.469439804553986
v 0.312500000000001 -0.45 0.46883088350296
v 0.325000000000001 -0.45 0.468553394079208
v 0.337500000000001 -0.45 0.468586266040802
v 0.350000000000001 -0.45 0.468907833099365
v 0.362500000000001 -0.45 0.469428926706314
v 0.375000000000001 -0.45 0.470083773136139
v 0.387500000000001 -0.45 0.470833778381348
v 0.400000000000001 -0.45 0.471661895513535
v 0.412500000000001 -0.45 0.472570151090622
v 0.425000000000001 -0.45 0.473558247089386
v 0.437500000000001 -0.45 0.474623024463654
v 0.450000000000001 -0.45 0.475738197565079
v 0.462500000000001 -0.45 0.47690424323082
v 0.475000000000001 -0.45 0.478128880262375
v 0.487500000000001 -0.45 0.479417413473129
v 0.500000000000001 -0.45 0.480764597654343
v -0.5 -0.4375 0.283692717552185
v -0.4875 -0.4375 0.277750670909882
v -0.475 -0.4375 0.271871387958527
v -0.4625 -0.4375 0.26612576842308
v -0.45 -0.4375 0.260565668344498
v -0.4375 -0.4375 0.255239367485046
v -0.425 -0.4375 0.250126332044601
v -0.4125 -0.4375 0.245250508189201
v -0.4 -0.4375 0.240673303604126
v -0.3875 -0.4375 0.236627772450447
v -0.375 -0.4375 0.233069330453873
v -0.3625 -0.4375 0.229979440569878
v -0.35 -0.4375 0.227410838007927
v -0.3375 -0.4375 0.225482180714607
v -0.325 -0.4375 0.224200651049614
v -0.3125 -0.4375 0.223490282893181
v -0.3 -0.4375 0.223366603255272
v -0.2875 -0.4375 0.22386609017849
v -0.275 -0.4375 0.224909290671349
v -0.2625 -0.4375 0.226381406188011
v -0.25 -0.4375 0.228147074580193
v -0.2375 -0.4375 0.230145364999771
v -0.225 -0.4375 0.232363030314445
v -0.2125 -0.4375 0.234778836369514
v -0.2 -0.4375 0.237301334738731
v -0.1875 -0.4375 0.240015462040901
v -0.175 -0.4375 0.243017703294754
v -0.1625 -0.4375 0.246349558234215
v -0.15 -0.4375 0.25004169344902
v -0.1375 -0.4375 0.2541763484478
v -0.125 -0.4375 0.258763909339905
v -0.1125 -0.4375 0.263814836740494
v -0.0999999999999996 -0.4375 0.269356071949005
v -0.0874999999999996 -0.4375 0.275373309850693
v -0.0749999999999996 -0.4375 0.281949937343597
v -0.0624999999999996 -0.4375 0.289080142974854
v -0.0499999999999996 -0.4375 0.296738713979721
v -0.0374999999999996 -0.4375 0.30499193072319
v -0.0249999999999996 -0.4375 0.313978433609009
v -0.0124999999999996 -0.4375 0.323693841695786
v 4.44089209850063e-16 -0.4375 0.334028244018555
v 0.0125000000000004 -0.4375 0.344913721084595
v 0.0250000000000005 -0.4375 0.356087535619736
v 0.0375000000000005 -0.4375 0.367229372262955
v 0.0500000000000005 -0.4375 0.378131866455078
v 0.0625000000000004 -0.4375 0.388613075017929
v 0.0750000000000005 -0.4375 0.398507833480835
v 0.0875000000000006 -0.4375 0.407610654830933
v 0.100000000000001 -0.4375 0.415897756814957
v 0.1125 -0.4375 0.423411846160889
v 0.125000000000001 -0.4375 0.430226147174835
v 0.137500000000001 -0.4375 0.436394035816193
v 0.150000000000001 -0.4375 0.44200536608696
v 0.162500000000001 -0.4375 0.447103708982468
v 0.175000000000001 -0.4375 0.451732724905014
v 0.187500000000001 -0.4375 0.455905199050903
v 0.200000000000001 -0.4375 0.459534466266632
v 0.212500000000001 -0.4375 0.462516039609909
v 0.225000000000001 -0.4375 0.464795500040054
v 0.237500000000001 -0.4375 0.466341465711594
v 0.250000000000001 -0.4375 0.467110306024551
v 0.262500000000001 -0.4375 0.467227786779404
v 0.275000000000001 -0.4375 0.466868847608566
v 0.287500000000001 -0.4375 0.466277033090591
v 0.300000000000001 -0.4375 0.465669006109238
v 0.312500000000001 -0.4375 0.465236276388168
v 0.325000000000001 -0.4375 0.465069741010666
v 0.337500000000001 -0.4375 0.465175062417984
v 0.350000000000001 -0.4375 0.465545237064362
v 0.362500000000001 -0.4375 0.466128021478653
v 0.375000000000001 -0.4375 0.466874033212662
v 0.387500000000001 -0.4375 0.467735528945923
v 0.400000000000001 -0.4375 0.468739122152328
v 0.412500000000001 -0.4375 0.469846725463867
v 0.425000000000001 -0.4375 0.47104674577713
v 0.437500000000001 -0.4375 0.472328245639801
v 0.450000000000001 -0.4375 0.473672717809677
v 0.462500000000001 -0.4375 0.475075304508209
v 0.475000000000001 -0.4375 0.476532280445099
v 0.487500000000001 -0.4375 0.478056192398071
v 0.500000000000001 -0.4375 0.479644358158112
v -0.5 -0.425 0.281690746545792
v -0.4875 -0.425 0.275733858346939
v -0.475 -0.425 0.269786983728409
v -0.4625 -0.425 0.263974487781525
v -0.45 -0.425 0.258322775363922
v -0.4375 -0.425 0.252858966588974
v -0.425 -0.425 0.247593909502029
v -0.4125 -0.425 0.242579206824303
v -0.4 -0.425 0.237911462783813
v -0.3875 -0.425 0.233708620071411
v -0.375 -0.425 0.230017378926277
v -0.3625 -0.425 0.226764559745789
v -0.35 -0.425 0.224109813570976
v -0.3375 -0.425 0.222053527832031
v -0.325 -0.425 0.220691204071045
v -0.3125 -0.425 0.219902828335762
v -0.3 -0.425 0.219670489430428
v -0.2875 -0.425 0.219950824975967
v -0.275 -0.425 0.220582589507103
v -0.2625 -0.425 0.221516326069832
v -0.25 -0.425 0.222598224878311
v -0.2375 -0.425 0.223792031407356
v -0.225 -0.425 0.225161299109459
v -0.2125 -0.425 0.226674228906631
v -0.2 -0.425 0.22835698723793
v -0.1875 -0.425 0.230270743370056
v -0.175 -0.425 0.232438400387764
v -0.1625 -0.425 0.234995648264885
v -0.15 -0.425 0.238102912902832
v -0.1375 -0.425 0.241811901330948
v -0.125 -0.425 0.246038198471069
v -0.1125 -0.425 0.2507643699646
v -0.0999999999999996 -0.425 0.256004631519318
v -0.0874999999999996 -0.425 0.261817932128906
v -0.0749999999999996 -0.425 0.268304318189621
v -0.0624999999999996 -0.425 0.275300115346909
v -0.0499999999999996 -0.425 0.282826989889145
v -0.0374999999999996 -0.425 0.290986984968185
v -0.0249999999999996 -0.425 0.299882441759109
v -0.0124999999999996 -0.425 0.309488266706467
v 4.44089209850063e-16 -0.425 0.319669634103775
v 0.0125000000000004 -0.425 0.330264389514923
v 0.0250000000000005 -0.425 0.341090619564056
v 0.0375000000000005 -0.425 0.351861774921417
v 0.0500000000000005 -0.425 0.362411767244339
v 0.0625000000000004 -0.425 0.372569769620895
v 0.0750000000000005 -0.425 0.382152408361435
v 0.0875000000000006 -0.425 0.390979945659637
v 0.100000000000001 -0.425 0.399022072553635
v 0.1125 -0.425 0.406362533569336
v 0.125000000000001 -0.425 0.413048654794693
v 0.137500000000001 -0.425 0.419152408838272
v 0.150000000000001 -0.425 0.42479681968689
v 0.162500000000001 -0.425 0.430115908384323
v 0.175000000000001 -0.425 0.435222148895264
v 0.187500000000001 -0.425 0.440126717090607
v 0.200000000000001 -0.425 0.44478303194046
v 0.212500000000001 -0.425 0.449078172445297
v 0.225000000000001 -0.425 0.452937990427017
v 0.237500000000001 -0.425 0.456166177988052
v 0.250000000000001 -0.425 0.458641618490219
v 0.262500000000001 -0.425 0.460301160812378
v 0.275000000000001 -0.425 0.461229145526886
v 0.287500000000001 -0.425 0.461611419916153
v 0.300000000000001 -0.425 0.461651057004929
v 0.312500000000001 -0.425 0.461571604013443
v 0.325000000000001 -0.425 0.461590766906738
v 0.337500000000001 -0.425 0.461821794509888
v 0.350000000000001 -0.425 0.462251752614975
v 0.362500000000001 -0.425 0.462894260883331
v 0.375000000000001 -0.425 0.46372127532959
v 0.387500000000001 -0.425 0.464723974466324
v 0.400000000000001 -0.425 0.46590194106102
v 0.412500000000001 -0.425 0.467221647500992
v 0.425000000000001 -0.425 0.468655586242676
v 0.437500000000001 -0.425 0.470176130533218
v 0.450000000000001 -0.425 0.471772044897079
v 0.462500000000001 -0.425 0.473435610532761
v 0.475000000000001 -0.425 0.475163191556931
v 0.487500000000001 -0.425 0.476965516805649
v 0.500000000000001 -0.425 0.478811830282211
v -0.5 -0.4125 0.280331939458847
v -0.4875 -0.4125 0.274421989917755
v -0.475 -0.4125 0.268506735563278
v -0.4625 -0.4125 0.262643784284592
v -0.45 -0.4125 0.256890505552292
v -0.4375 -0.4125 0.251269668340683
v -0.425 -0.4125 0.245921760797501
v -0.4125 -0.4125 0.240845635533333
v -0.4 -0.4125 0.236078977584839
v -0.3875 -0.4125 0.231683477759361
v -0.375 -0.4125 0.227769285440445
v -0.3625 -0.4125 0.224334821105003
v -0.35 -0.4125 0.221524268388748
v -0.3375 -0.4125 0.219249472022057
v -0.325 -0.4125 0.217551589012146
v -0.3125 -0.4125 0.216374143958092
v -0.3 -0.4125 0.215778067708015
v -0.2875 -0.4125 0.215604409575462
v -0.275 -0.4125 0.215676099061966
v -0.2625 -0.4125 0.21585488319397
v -0.25 -0.4125 0.2161695510149
v -0.2375 -0.4125 0.216630056500435
v -0.225 -0.4125 0.217240557074547
v -0.2125 -0.4125 0.217970013618469
v -0.2 -0.4125 0.218911916017532
v -0.1875 -0.4125 0.220154449343681
v -0.175 -0.4125 0.221737414598465
v -0.1625 -0.4125 0.22376012802124
v -0.15 -0.4125 0.226300999522209
v -0.1375 -0.4125 0.229560658335686
v -0.125 -0.4125 0.233386158943176
v -0.1125 -0.4125 0.237765312194824
v -0.0999999999999996 -0.4125 0.242642983794212
v -0.0874999999999996 -0.4125 0.248157173395157
v -0.0749999999999996 -0.4125 0.254322350025177
v -0.0624999999999996 -0.4125 0.261020481586456
v -0.0499999999999996 -0.4125 0.268368810415268
v -0.0374999999999996 -0.4125 0.276398867368698
v -0.0249999999999996 -0.4125 0.285179793834686
v -0.0124999999999996 -0.4125 0.294557183980942
v 4.44089209850063e-16 -0.4125 0.304435402154922
v 0.0125000000000004 -0.4125 0.314670503139496
v 0.0250000000000005 -0.4125 0.32509571313858
v 0.0375000000000005 -0.4125 0.335483312606812
v 0.0500000000000005 -0.4125 0.345688343048096
v 0.0625000000000004 -0.4125 0.355533689260483
v 0.0750000000000005 -0.4125 0.364773839712143
v 0.0875000000000006 -0.4125 0.373308002948761
v 0.100000000000001 -0.4125 0.381111145019531
v 0.1125 -0.4125 0.388251632452011
v 0.125000000000001 -0.4125 0.394785761833191
v 0.137500000000001 -0.4125 0.400811433792114
v 0.150000000000001 -0.4125 0.406454861164093
v 0.162500000000001 -0.4125 0.411911576986313
v 0.175000000000001 -0.4125 0.417276233434677
v 0.187500000000001 -0.4125 0.422677516937256
v 0.200000000000001 -0.4125 0.428116053342819
v 0.212500000000001 -0.4125 0.433550357818604
v 0.225000000000001 -0.4125 0.438871622085571
v 0.237500000000001 -0.4125 0.44383430480957
v 0.250000000000001 -0.4125 0.448243826627731
v 0.262500000000001 -0.4125 0.451808750629425
v 0.275000000000001 -0.4125 0.454449623823166
v 0.287500000000001 -0.4125 0.456213772296906
v 0.300000000000001 -0.4125 0.457271188497543
v 0.312500000000001 -0.4125 0.457846254110336
v 0.325000000000001 -0.4125 0.458227545022964
v 0.337500000000001 -0.4125 0.458624929189682
v 0.350000000000001 -0.4125 0.459130674600601
v 0.362500000000001 -0.4125 0.459820717573166
v 0.375000000000001 -0.4125 0.460731655359268
v 0.387500000000001 -0.4125 0.461897850036621
v 0.400000000000001 -0.4125 0.463232666254044
v 0.412500000000001 -0.4125 0.464741796255112
v 0.425000000000001 -0.4125 0.466407150030136
v 0.437500000000001 -0.4125 0.468182235956192
v 0.450000000000001 -0.4125 0.470052719116211
v 0.462500000000001 -0.4125 0.472007423639297
v 0.475000000000001 -0.4125 0.474037647247314
v 0.487500000000001 -0.4125 0.476140588521957
v 0.500000000000001 -0.4125 0.478285789489746
v -0.5 -0.4 0.279860466718674
v -0.4875 -0.4 0.273952335119247
v -0.475 -0.4 0.268069744110107
v -0.4625 -0.4 0.262202620506287
v -0.45 -0.4 0.256436407566071
v -0.4375 -0.4 0.250773251056671
v -0.425 -0.4 0.245300397276878
v -0.4125 -0.4 0.240099027752876
v -0.4 -0.4 0.235130861401558
v -0.3875 -0.4 0.230586275458336
v -0.375 -0.4 0.226415783166885
v -0.3625 -0.4 0.222721859812737
v -0.35 -0.4 0.219561323523521
v -0.3375 -0.4 0.216824129223824
v -0.325 -0.4 0.214504241943359
v -0.3125 -0.4 0.212705537676811
v -0.3 -0.4 0.211459472775459
v -0.2875 -0.4 0.2106002420187
v -0.275 -0.4 0.209983110427856
v -0.2625 -0.4 0.209452033042908
v -0.25 -0.4 0.209121823310852
v -0.2375 -0.4 0.208907514810562
v -0.225 -0.4 0.208855733275414
v -0.2125 -0.4 0.208961203694344
v -0.2 -0.4 0.209269806742668
v -0.1875 -0.4 0.20992885529995
v -0.175 -0.4 0.211028292775154
v -0.1625 -0.4 0.212594792246819
v -0.15 -0.4 0.214657410979271
v -0.1375 -0.4 0.217318877577782
v -0.125 -0.4 0.220628544688225
v -0.1125 -0.4 0.224555537104607
v -0.0999999999999996 -0.4 0.229098603129387
v -0.0874999999999996 -0.4 0.234290987253189
v -0.0749999999999996 -0.4 0.240128204226494
v -0.0624999999999996 -0.4 0.246560201048851
v -0.0499999999999996 -0.4 0.25369992852211
v -0.0374999999999996 -0.4 0.26166296005249
v -0.0249999999999996 -0.4 0.270276755094528
v -0.0124999999999996 -0.4 0.279474318027496
v 4.44089209850063e-16 -0.4 0.289114505052567
v 0.0125000000000004 -0.4 0.29898676276207
v 0.0250000000000005 -0.4 0.309066116809845
v 0.0375000000000005 -0.4 0.319131046533585
v 0.0500000000000005 -0.4 0.329015344381332
v 0.0625000000000004 -0.4 0.338533908128738
v 0.0750000000000005 -0.4 0.347439765930176
v 0.0875000000000006 -0.4 0.355681747198105
v 0.100000000000001 -0.4 0.363255113363266
v 0.1125 -0.4 0.370194733142853
v 0.125000000000001 -0.4 0.376585334539413
v 0.137500000000001 -0.4 0.382529944181442
v 0.150000000000001 -0.4 0.388195008039474
v 0.162500000000001 -0.4 0.393693894147873
v 0.175000000000001 -0.4 0.3991719186306
v 0.187500000000001 -0.4 0.404805570840836
v 0.200000000000001 -0.4 0.410726696252823
v 0.212500000000001 -0.4 0.416946977376938
v 0.225000000000001 -0.4 0.423440754413605
v 0.237500000000001 -0.4 0.429971903562546
v 0.250000000000001 -0.4 0.436221897602081
v 0.262500000000001 -0.4 0.441838651895523
v 0.275000000000001 -0.4 0.446477741003036
v 0.287500000000001 -0.4 0.450003534555435
v 0.300000000000001 -0.4 0.452461004257202
v 0.312500000000001 -0.4 0.454035669565201
v 0.325000000000001 -0.4 0.45501920580864
v 0.337500000000001 -0.4 0.455687493085861
v 0.350000000000001 -0.4 0.456309884786606
v 0.362500000000001 -0.4 0.457063674926758
v 0.375000000000001 -0.4 0.458070486783981
v 0.387500000000001 -0.4 0.4593186378479
v 0.400000000000001 -0.4 0.460794299840927
v 0.412500000000001 -0.4 0.462499350309372
v 0.425000000000001 -0.4 0.464376449584961
v 0.437500000000001 -0.4 0.466402113437653
v 0.450000000000001 -0.4 0.468573093414307
v 0.462500000000001 -0.4 0.470843881368637
v 0.475000000000001 -0.4 0.473214238882065
v 0.487500000000001 -0.4 0.475631445646286
v 0.500000000000001 -0.4 0.478064119815826
v -0.5 -0.3875 0.280314266681671
v -0.4875 -0.3875 0.274492204189301
v -0.475 -0.3875 0.268655300140381
v -0.4625 -0.3875 0.262880086898804
v -0.45 -0.3875 0.257126003503799
v -0.4375 -0.3875 0.251416891813278
v -0.425 -0.3875 0.245834112167358
v -0.4125 -0.3875 0.240406513214111
v -0.4 -0.3875 0.235246881842613
v -0.3875 -0.3875 0.230361178517342
v -0.375 -0.3875 0.225785091519356
v -0.3625 -0.3875 0.221612140536308
v -0.35 -0.3875 0.217878207564354
v -0.3375 -0.3875 0.214489847421646
v -0.325 -0.3875 0.211476072669029
v -0.3125 -0.3875 0.208920508623123
v -0.3 -0.3875 0.206759601831436
v -0.2875 -0.3875 0.205040797591209
v -0.275 -0.3875 0.203647002577782
v -0.2625 -0.3875 0.202474936842918
v -0.25 -0.3875 0.20149253308773
v -0.2375 -0.3875 0.200673848390579
v -0.225 -0.3875 0.200028702616692
v -0.2125 -0.3875 0.199561759829521
v -0.2 -0.3875 0.199388891458511
v -0.1875 -0.3875 0.199513718485832
v -0.175 -0.3875 0.200117468833923
v -0.1625 -0.3875 0.201229199767113
v -0.15 -0.3875 0.202822044491768
v -0.1375 -0.3875 0.204988822340965
v -0.125 -0.3875 0.207792118191719
v -0.1125 -0.3875 0.211204007267952
v -0.0999999999999996 -0.3875 0.215329080820084
v -0.0874999999999996 -0.3875 0.220228508114815
v -0.0749999999999996 -0.3875 0.225859507918358
v -0.0624999999999996 -0.3875 0.232217505574226
v -0.0499999999999996 -0.3875 0.239370584487915
v -0.0374999999999996 -0.3875 0.247349053621292
v -0.0249999999999996 -0.3875 0.255928486585617
v -0.0124999999999996 -0.3875 0.265047401189804
v 4.44089209850063e-16 -0.3875 0.274508625268936
v 0.0125000000000004 -0.3875 0.284201771020889
v 0.0250000000000005 -0.3875 0.294007420539856
v 0.0375000000000005 -0.3875 0.303798288106918
v 0.0500000000000005 -0.3875 0.313416421413422
v 0.0625000000000004 -0.3875 0.322638332843781
v 0.0750000000000005 -0.3875 0.331288576126099
v 0.0875000000000006 -0.3875 0.339320093393326
v 0.100000000000001 -0.3875 0.346716493368149
v 0.1125 -0.3875 0.353512674570084
v 0.125000000000001 -0.3875 0.359807223081589
v 0.137500000000001 -0.3875 0.365693330764771
v 0.150000000000001 -0.3875 0.371275216341019
v 0.162500000000001 -0.3875 0.376705020666122
v 0.175000000000001 -0.3875 0.382193475961685
v 0.187500000000001 -0.3875 0.387890130281448
v 0.200000000000001 -0.3875 0.393977016210556
v 0.212500000000001 -0.3875 0.400614738464355
v 0.225000000000001 -0.3875 0.407853603363037
v 0.237500000000001 -0.3875 0.415526628494263
v 0.250000000000001 -0.3875 0.423314243555069
v 0.262500000000001 -0.3875 0.430819511413574
v 0.275000000000001 -0.3875 0.437511056661606
v 0.287500000000001 -0.3875 0.443028837442398
v 0.300000000000001 -0.3875 0.447222143411636
v 0.312500000000001 -0.3875 0.450121313333511
v 0.325000000000001 -0.3875 0.451965630054474
v 0.337500000000001 -0.3875 0.453114807605743
v 0.350000000000001 -0.3875 0.453952223062515
v 0.362500000000001 -0.3875 0.454791843891144
v 0.375000000000001 -0.3875 0.45583114027977
v 0.387500000000001 -0.3875 0.457134157419205
v 0.400000000000001 -0.3875 0.458718359470367
v 0.412500000000001 -0.3875 0.460585325956345
v 0.425000000000001 -0.3875 0.462680727243423
v 0.437500000000001 -0.3875 0.464978218078613
v 0.450000000000001 -0.3875 0.467431783676147
v 0.462500000000001 -0.3875 0.470030039548874
v 0.475000000000001 -0.3875 0.472723573446274
v 0.487500000000001 -0.3875 0.475442379713058
v 0.500000000000001 -0.3875 0.478168785572052
v -0.5 -0.375 0.28179669380188
v -0.4875 -0.375 0.276153147220612
v -0.475 -0.375 0.270452052354813
v -0.4625 -0.375 0.26471933722496
v -0.45 -0.375 0.258967727422714
v -0.4375 -0.375 0.25322014093399
v -0.425 -0.375 0.247496128082275
v -0.4125 -0.375 0.241793185472488
v -0.4 -0.375 0.236201003193855
v -0.3875 -0.375 0.230840310454369
v -0.375 -0.375 0.225675687193871
v -0.3625 -0.375 0.220796540379524
v -0.35 -0.375 0.216222673654556
v -0.3375 -0.375 0.21204499900341
v -0.325 -0.375 0.208211898803711
v -0.3125 -0.375 0.204734474420547
v -0.3 -0.375 0.201653346419334
v -0.2875 -0.375 0.199081495404243
v -0.275 -0.375 0.196917369961739
v -0.2625 -0.375 0.195031493902206
v -0.25 -0.375 0.193378001451492
v -0.2375 -0.375 0.191954240202904
v -0.225 -0.375 0.190714865922928
v -0.2125 -0.375 0.189708277583122
v -0.2 -0.375 0.189051374793053
v -0.1875 -0.375 0.188737824559212
v -0.175 -0.375 0.188848257064819
v -0.1625 -0.375 0.189513966441154
v -0.15 -0.375 0.190628752112389
v -0.1375 -0.375 0.192320540547371
v -0.125 -0.375 0.194668650627136
v -0.1125 -0.375 0.197694674134254
v -0.0999999999999996 -0.375 0.201516538858414
v -0.0874999999999996 -0.375 0.206270843744278
v -0.0749999999999996 -0.375 0.211869150400162
v -0.0624999999999996 -0.375 0.218331292271614
v -0.0499999999999996 -0.375 0.225693508982658
v -0.0374999999999996 -0.375 0.23382206261158
v -0.0249999999999996 -0.375 0.242546796798706
v -0.0124999999999996 -0.375 0.251690775156021
v 4.44089209850063e-16 -0.375 0.261100769042969
v 0.0125000000000004 -0.375 0.270679414272308
v 0.0250000000000005 -0.375 0.280324459075928
v 0.0375000000000005 -0.375 0.28997790813446
v 0.0500000000000005 -0.375 0.299405574798584
v 0.0625000000000004 -0.375 0.308386594057083
v 0.0750000000000005 -0.375 0.316862195730209
v 0.0875000000000006 -0.375 0.324772477149963
v 0.100000000000001 -0.375 0.332091867923737
v 0.1125 -0.375 0.33891960978508
v 0.125000000000001 -0.375 0.345201104879379
v 0.137500000000001 -0.375 0.351025640964508
v 0.150000000000001 -0.375 0.356501698493958
v 0.162500000000001 -0.375 0.361833095550537
v 0.175000000000001 -0.375 0.367217302322388
v 0.187500000000001 -0.375 0.372854590415955
v 0.200000000000001 -0.375 0.37894931435585
v 0.212500000000001 -0.375 0.385685473680496
v 0.225000000000001 -0.375 0.393244534730911
v 0.237500000000001 -0.375 0.401590645313263
v 0.250000000000001 -0.375 0.410439938306808
v 0.262500000000001 -0.375 0.419441908597946
v 0.275000000000001 -0.375 0.427994638681412
v 0.287500000000001 -0.375 0.435516685247421
v 0.300000000000001 -0.375 0.441620081663132
v 0.312500000000001 -0.375 0.446111887693405
v 0.325000000000001 -0.375 0.449112981557846
v 0.337500000000001 -0.375 0.450977474451065
v 0.350000000000001 -0.375 0.452172100543976
v 0.362500000000001 -0.375 0.453121721744537
v 0.375000000000001 -0.375 0.454183667898178
v 0.387500000000001 -0.375 0.455508708953857
v 0.400000000000001 -0.375 0.457162111997604
v 0.412500000000001 -0.375 0.45916873216629
v 0.425000000000001 -0.375 0.461467117071152
v 0.437500000000001 -0.375 0.464008718729019
v 0.450000000000001 -0.375 0.466751307249069
v 0.462500000000001 -0.375 0.469646990299225
v 0.475000000000001 -0.375 0.472622454166412
v 0.487500000000001 -0.375 0.475625902414322
v 0.500000000000001 -0.375 0.478638857603073
v -0.5 -0.3625 0.284473031759262
v -0.4875 -0.3625 0.279021412134171
v -0.475 -0.3625 0.273488014936447
v -0.4625 -0.3625 0.267853558063507
v -0.45 -0.3625 0.262024253606796
v -0.4375 -0.3625 0.256159275770187
v -0.425 -0.3625 0.250158041715622
v -0.4125 -0.3625 0.244056701660156
v -0.4 -0.3625 0.237959817051888
v -0.3875 -0.3625 0.231858536601067
v -0.375 -0.3625 0.225835368037224
v -0.3625 -0.3625 0.220028445124626
v -0.35 -0.3625 0.214491203427315
v -0.3375 -0.3625 0.209271773695946
v -0.325 -0.3625 0.204443216323853
v -0.3125 -0.3625 0.200041890144348
v -0.3 -0.3625 0.196058854460716
v -0.2875 -0.3625 0.192730650305748
v -0.275 -0.3625 0.189783558249474
v -0.2625 -0.3625 0.187220022082329
v -0.25 -0.3625 0.184955403208733
v -0.2375 -0.3625 0.182924002408981
v -0.225 -0.3625 0.181041419506073
v -0.2125 -0.3625 0.179467245936394
v -0.2 -0.3625 0.178267449140549
v -0.1875 -0.3625 0.177496433258057
v -0.175 -0.3625 0.177167877554893
v -0.1625 -0.3625 0.177290663123131
v -0.15 -0.3625 0.177966862916946
v -0.1375 -0.3625 0.179299339652061
v -0.125 -0.3625 0.181313499808311
v -0.1125 -0.3625 0.184124425053596
v -0.0999999999999996 -0.3625 0.187859684228897
v -0.0874999999999996 -0.3625 0.192644625902176
v -0.0749999999999996 -0.3625 0.198453366756439
v -0.0624999999999996 -0.3625 0.205272227525711
v -0.0499999999999996 -0.3625 0.21293143928051
v -0.0374999999999996 -0.3625 0.2213184684515
v -0.0249999999999996 -0.3625 0.230199292302132
v -0.0124999999999996 -0.3625 0.239402770996094
v 4.44089209850063e-16 -0.3625 0.24883770942688
v 0.0125000000000004 -0.3625 0.258382946252823
v 0.0250000000000005 -0.3625 0.268011540174484
v 0.0375000000000005 -0.3625 0.277645468711853
v 0.0500000000000005 -0.3625 0.286968052387238
v 0.0625000000000004 -0.3625 0.295859754085541
v 0.0750000000000005 -0.3625 0.304261267185211
v 0.0875000000000006 -0.3625 0.312147796154022
v 0.100000000000001 -0.3625 0.319574564695358
v 0.1125 -0.3625 0.326470226049423
v 0.125000000000001 -0.3625 0.332799464464188
v 0.137500000000001 -0.3625 0.338659375905991
v 0.150000000000001 -0.3625 0.344142735004425
v 0.162500000000001 -0.3625 0.349405974149704
v 0.175000000000001 -0.3625 0.354659229516983
v 0.187500000000001 -0.3625 0.360166937112808
v 0.200000000000001 -0.3625 0.366156339645386
v 0.212500000000001 -0.3625 0.372829884290695
v 0.225000000000001 -0.3625 0.380408078432083
v 0.237500000000001 -0.3625 0.388969630002975
v 0.250000000000001 -0.3625 0.398403286933899
v 0.262500000000001 -0.3625 0.408369600772858
v 0.275000000000001 -0.3625 0.418398767709732
v 0.287500000000001 -0.3625 0.42775222659111
v 0.300000000000001 -0.3625 0.435771554708481
v 0.312500000000001 -0.3625 0.442047327756882
v 0.325000000000001 -0.3625 0.446482568979263
v 0.337500000000001 -0.3625 0.449317187070847
v 0.350000000000001 -0.3625 0.45102521777153
v 0.362500000000001 -0.3625 0.452196210622787
v 0.375000000000001 -0.3625 0.453300684690475
v 0.387500000000001 -0.3625 0.454622477293015
v 0.400000000000001 -0.3625 0.456318378448486
v 0.412500000000001 -0.3625 0.458438962697983
v 0.425000000000001 -0.3625 0.460908323526382
v 0.437500000000001 -0.3625 0.463667869567871
v 0.450000000000001 -0.3625 0.466638177633286
v 0.462500000000001 -0.3625 0.469788521528244
v 0.475000000000001 -0.3625 0.473026424646378
v 0.487500000000001 -0.3625 0.476287931203842
v 0.500000000000001 -0.3625 0.479543298482895
v -0.5 -0.35 0.288361132144928
v -0.4875 -0.35 0.283132404088974
v -0.475 -0.35 0.277727216482162
v -0.4625 -0.35 0.272095203399658
v -0.45 -0.35 0.266207665205002
v -0.4375 -0.35 0.260067045688629
v -0.425 -0.35 0.253678739070892
v -0.4125 -0.35 0.2470683157444
v -0.4 -0.35 0.240187749266624
v -0.3875 -0.35 0.233180910348892
v -0.375 -0.35 0.226167425513268
v -0.3625 -0.35 0.219199448823929
v -0.35 -0.35 0.212504103779793
v -0.3375 -0.35 0.206167340278625
v -0.325 -0.35 0.200346618890762
v -0.3125 -0.35 0.19495165348053
v -0.3 -0.35 0.190038964152336
v -0.2875 -0.35 0.185845941305161
v -0.275 -0.35 0.18214213848114
v -0.2625 -0.35 0.17880654335022
v -0.25 -0.35 0.175869688391685
v -0.2375 -0.35 0.173210248351097
v -0.225 -0.35 0.170768782496452
v -0.2125 -0.35 0.168679818511009
v -0.2 -0.35 0.166988372802734
v -0.1875 -0.35 0.165736347436905
v -0.175 -0.35 0.164939075708389
v -0.1625 -0.35 0.16467559337616
v -0.15 -0.35 0.16501958668232
v -0.1375 -0.35 0.166058227419853
v -0.125 -0.35 0.167871341109276
v -0.1125 -0.35 0.17073780298233
v -0.0999999999999996 -0.35 0.174575969576836
v -0.0874999999999996 -0.35 0.179605528712273
v -0.0749999999999996 -0.35 0.185869410634041
v -0.0624999999999996 -0.35 0.193071767687798
v -0.0499999999999996 -0.35 0.20104144513607
v -0.0374999999999996 -0.35 0.209646180272102
v -0.0249999999999996 -0.35 0.218745499849319
v -0.0124999999999996 -0.35 0.228107646107674
v 4.44089209850063e-16 -0.35 0.237624034285545
v 0.0125000000000004 -0.35 0.247250914573669
v 0.0250000000000005 -0.35 0.256974756717682
v 0.0375000000000005 -0.35 0.266570419073105
v 0.0500000000000005 -0.35 0.275832086801529
v 0.0625000000000004 -0.35 0.284710437059402
v 0.0750000000000005 -0.35 0.293172150850296
v 0.0875000000000006 -0.35 0.301179021596909
v 0.100000000000001 -0.35 0.308733910322189
v 0.1125 -0.35 0.31575733423233
v 0.125000000000001 -0.35 0.322254478931427
v 0.137500000000001 -0.35 0.328272342681885
v 0.150000000000001 -0.35 0.333888530731201
v 0.162500000000001 -0.35 0.33920893073082
v 0.175000000000001 -0.35 0.344428300857544
v 0.187500000000001 -0.35 0.349832862615585
v 0.200000000000001 -0.35 0.35567182302475
v 0.212500000000001 -0.35 0.362195312976837
v 0.225000000000001 -0.35 0.369598597288132
v 0.237500000000001 -0.35 0.37809094786644
v 0.250000000000001 -0.35 0.387701511383057
v 0.262500000000001 -0.35 0.398247390985489
v 0.275000000000001 -0.35 0.40926194190979
v 0.287500000000001 -0.35 0.420086473226547
v 0.300000000000001 -0.35 0.429899126291275
v 0.312500000000001 -0.35 0.438002824783325
v 0.325000000000001 -0.35 0.444039344787598
v 0.337500000000001 -0.35 0.448087215423584
v 0.350000000000001 -0.35 0.450549691915512
v 0.362500000000001 -0.35 0.452071964740753
v 0.375000000000001 -0.35 0.453294187784195
v 0.387500000000001 -0.35 0.454638481140137
v 0.400000000000001 -0.35 0.456357538700104
v 0.412500000000001 -0.35 0.458540916442871
v 0.425000000000001 -0.35 0.46115580201149
v 0.437500000000001 -0.35 0.464091360569
v 0.450000000000001 -0.35 0.467251121997833
v 0.462500000000001 -0.35 0.470593124628067
v 0.475000000000001 -0.35 0.474038183689117
v 0.487500000000001 -0.35 0.477512568235397
v 0.500000000000001 -0.35 0.480970114469528
v -0.5 -0.3375 0.293451368808746
v -0.4875 -0.3375 0.288365572690964
v -0.475 -0.3375 0.283063620328903
v -0.4625 -0.3375 0.277420848608017
v -0.45 -0.3375 0.271371841430664
v -0.4375 -0.3375 0.264897912740707
v -0.425 -0.3375 0.257982581853867
v -0.4125 -0.3375 0.250628024339676
v -0.4 -0.3375 0.242871806025505
v -0.3875 -0.3375 0.234852597117424
v -0.375 -0.3375 0.22662353515625
v -0.3625 -0.3375 0.218418553471565
v -0.35 -0.3375 0.210404947400093
v -0.3375 -0.3375 0.202792122960091
v -0.325 -0.3375 0.195839270949364
v -0.3125 -0.3375 0.189377695322037
v -0.3 -0.3375 0.18351137638092
v -0.2875 -0.3375 0.178438574075699
v -0.275 -0.3375 0.173929288983345
v -0.2625 -0.3375 0.16985234618187
v -0.25 -0.3375 0.166198328137398
v -0.2375 -0.3375 0.162890389561653
v -0.225 -0.3375 0.159946039319038
v -0.2125 -0.3375 0.1573556214571
v -0.2 -0.3375 0.155185610055923
v -0.1875 -0.3375 0.153440460562706
v -0.175 -0.3375 0.152291536331177
v -0.1625 -0.3375 0.151765868067741
v -0.15 -0.3375 0.151850610971451
v -0.1375 -0.3375 0.152779549360275
v -0.125 -0.3375 0.154665216803551
v -0.1125 -0.3375 0.157676056027412
v -0.0999999999999996 -0.3375 0.161823511123657
v -0.0874999999999996 -0.3375 0.167324110865593
v -0.0749999999999996 -0.3375 0.174079939723015
v -0.0624999999999996 -0.3375 0.181610509753227
v -0.0499999999999996 -0.3375 0.189872607588768
v -0.0374999999999996 -0.3375 0.198740527033806
v -0.0249999999999996 -0.3375 0.208063945174217
v -0.0124999999999996 -0.3375 0.217576026916504
v 4.44089209850063e-16 -0.3375 0.227319717407227
v 0.0125000000000004 -0.3375 0.237144038081169
v 0.0250000000000005 -0.3375 0.246864706277847
v 0.0375000000000005 -0.3375 0.256388485431671
v 0.0500000000000005 -0.3375 0.265691250562668
v 0.0625000000000004 -0.3375 0.274627655744553
v 0.0750000000000005 -0.3375 0.283190876245499
v 0.0875000000000006 -0.3375 0.2913818359375
v 0.100000000000001 -0.3375 0.299106270074844
v 0.1125 -0.3375 0.306347608566284
v 0.125000000000001 -0.3375 0.31309762597084
v 0.137500000000001 -0.3375 0.319377511739731
v 0.150000000000001 -0.3375 0.325246661901474
v 0.162500000000001 -0.3375 0.330775886774063
v 0.175000000000001 -0.3375 0.336117506027222
v 0.187500000000001 -0.3375 0.341525703668594
v 0.200000000000001 -0.3375 0.347249776124954
v 0.212500000000001 -0.3375 0.353571087121964
v 0.225000000000001 -0.3375 0.360760539770126
v 0.237500000000001 -0.3375 0.369046092033386
v 0.250000000000001 -0.3375 0.3786241710186
v 0.262500000000001 -0.3375 0.389375507831573
v 0.275000000000001 -0.3375 0.401003420352936
v 0.287500000000001 -0.3375 0.412932693958282
v 0.300000000000001 -0.3375 0.424244701862335
v 0.312500000000001 -0.3375 0.434082806110382
v 0.325000000000001 -0.3375 0.441806554794312
v 0.337500000000001 -0.3375 0.4472796022892
v 0.350000000000001 -0.3375 0.450736969709396
v 0.362500000000001 -0.3375 0.452811002731323
v 0.375000000000001 -0.3375 0.454272747039795
v 0.387500000000001 -0.3375 0.455688208341599
v 0.400000000000001 -0.3375 0.457426130771637
v 0.412500000000001 -0.3375 0.459676653146744
v 0.425000000000001 -0.3375 0.462378174066544
v 0.437500000000001 -0.3375 0.465428650379181
v 0.450000000000001 -0.3375 0.468729108572006
v 0.462500000000001 -0.3375 0.472205132246017
v 0.475000000000001 -0.3375 0.475768238306046
v 0.487500000000001 -0.3375 0.479372501373291
v 0.500000000000001 -0.3375 0.482962608337402
v -0.5 -0.325 0.299688011407852
v -0.4875 -0.325 0.29468846321106
v -0.475 -0.325 0.289438337087631
v -0.4625 -0.325 0.283795803785324
v -0.45 -0.325 0.277608871459961
v -0.4375 -0.325 0.270695924758911
v -0.425 -0.325 0.263178527355194
v -0.4125 -0.325 0.254911959171295
v -0.4 -0.325 0.246009707450867
v -0.3875 -0.325 0.236595779657364
v -0.375 -0.325 0.226959735155106
v -0.3625 -0.325 0.217421486973763
v -0.35 -0.325 0.208055540919304
v -0.3375 -0.325 0.199163109064102
v -0.325 -0.325 0.190999299287796
v -0.3125 -0.325 0.183470323681831
v -0.3 -0.325 0.176607847213745
v -0.2875 -0.325 0.17058376967907
v -0.275 -0.325 0.165168270468712
v -0.2625 -0.325 0.160303741693497
v -0.25 -0.325 0.155834287405014
v -0.2375 -0.325 0.151895672082901
v -0.225 -0.325 0.148500323295593
v -0.2125 -0.325 0.145499512553215
v -0.2 -0.325 0.142896324396133
v -0.1875 -0.325 0.140754073858261
v -0.175 -0.325 0.139325603842735
v -0.1625 -0.325 0.138606891036034
v -0.15 -0.325 0.138617992401123
v -0.1375 -0.325 0.139668568968773
v -0.125 -0.325 0.1418067663908
v -0.1125 -0.325 0.145153939723969
v -0.0999999999999996 -0.325 0.149758890271187
v -0.0874999999999996 -0.325 0.15583847463131
v -0.0749999999999996 -0.325 0.162959679961205
v -0.0624999999999996 -0.325 0.170785441994667
v -0.0499999999999996 -0.325 0.179385289549828
v -0.0374999999999996 -0.325 0.188590452075005
v -0.0249999999999996 -0.325 0.198124572634697
v -0.0124999999999996 -0.325 0.207918643951416
v 4.44089209850063e-16 -0.325 0.217828318476677
v 0.0125000000000004 -0.325 0.227738603949547
v 0.0250000000000005 -0.325 0.237496092915535
v 0.0375000000000005 -0.325 0.247021898627281
v 0.0500000000000005 -0.325 0.256332606077194
v 0.0625000000000004 -0.325 0.265347570180893
v 0.0750000000000005 -0.325 0.274069994688034
v 0.0875000000000006 -0.325 0.282425403594971
v 0.100000000000001 -0.325 0.290370851755142
v 0.1125 -0.325 0.297904223203659
v 0.125000000000001 -0.325 0.304969280958176
v 0.137500000000001 -0.325 0.311611711978912
v 0.150000000000001 -0.325 0.317807734012604
v 0.162500000000001 -0.325 0.323620915412903
v 0.175000000000001 -0.325 0.329223603010178
v 0.187500000000001 -0.325 0.33474799990654
v 0.200000000000001 -0.325 0.340460389852524
v 0.212500000000001 -0.325 0.346675127744675
v 0.225000000000001 -0.325 0.353672623634338
v 0.237500000000001 -0.325 0.361743956804276
v 0.250000000000001 -0.325 0.371160119771957
v 0.262500000000001 -0.325 0.381930828094482
v 0.275000000000001 -0.325 0.39390555024147
v 0.287500000000001 -0.325 0.406544119119644
v 0.300000000000001 -0.325 0.419048994779587
v 0.312500000000001 -0.325 0.43042203783989
v 0.325000000000001 -0.325 0.439838409423828
v 0.337500000000001 -0.325 0.44687819480896
v 0.350000000000001 -0.325 0.451558351516724
v 0.362500000000001 -0.325 0.45441409945488
v 0.375000000000001 -0.325 0.45626774430275
v 0.387500000000001 -0.325 0.457853764295578
v 0.400000000000001 -0.325 0.459677428007126
v 0.412500000000001 -0.325 0.461972922086716
v 0.425000000000001 -0.325 0.464739322662354
v 0.437500000000001 -0.325 0.467856019735336
v 0.450000000000001 -0.325 0.471221894025803
v 0.462500000000001 -0.325 0.47474804520607
v 0.475000000000001 -0.325 0.478338062763214
v 0.487500000000001 -0.325 0.48196879029274
v 0.500000000000001 -0.325 0.485590994358063
v -0.5 -0.3125 0.307079076766968
v -0.4875 -0.3125 0.302204191684723
v -0.475 -0.3125 0.297086238861084
v -0.4625 -0.3125 0.291448265314102
v -0.45 -0.3125 0.284960895776749
v -0.4375 -0.3125 0.277572631835938
v -0.425 -0.3125 0.269168674945831
v -0.4125 -0.3125 0.259700566530228
v -0.4 -0.3125 0.249408483505249
v -0.3875 -0.3125 0.238476470112801
v -0.375 -0.3125 0.227320671081543
v -0.3625 -0.3125 0.2162776440382
v -0.35 -0.3125 0.205502972006798
v -0.3375 -0.3125 0.195307850837708
v -0.325 -0.3125 0.185895964503288
v -0.3125 -0.3125 0.177258893847466
v -0.3 -0.3125 0.169424161314964
v -0.2875 -0.3125 0.162481293082237
v -0.275 -0.3125 0.156080931425095
v -0.2625 -0.3125 0.150278091430664
v -0.25 -0.3125 0.145035818219185
v -0.2375 -0.3125 0.140355542302132
v -0.225 -0.3125 0.136513859033585
v -0.2125 -0.3125 0.133140131831169
v -0.2 -0.3125 0.130196258425713
v -0.1875 -0.3125 0.127807661890984
v -0.175 -0.3125 0.12622532248497
v -0.1625 -0.3125 0.12535572052002
v -0.15 -0.3125 0.125470235943794
v -0.1375 -0.3125 0.126742988824844
v -0.125 -0.3125 0.129342243075371
v -0.1125 -0.3125 0.133168816566467
v -0.0999999999999996 -0.3125 0.138478681445122
v -0.0874999999999996 -0.3125 0.145083352923393
v -0.0749999999999996 -0.3125 0.152570351958275
v -0.0624999999999996 -0.3125 0.160784125328064
v -0.0499999999999996 -0.3125 0.169784739613533
v -0.0374999999999996 -0.3125 0.179215595126152
v -0.0249999999999996 -0.3125 0.18894350528717
v -0.0124999999999996 -0.3125 0.19890333712101
v 4.44089209850063e-16 -0.3125 0.208870276808739
v 0.0125000000000004 -0.3125 0.218831211328506
v 0.0250000000000005 -0.3125 0.228630945086479
v 0.0375000000000005 -0.3125 0.238185152411461
v 0.0500000000000005 -0.3125 0.247510954737663
v 0.0625000000000004 -0.3125 0.256630897521973
v 0.0750000000000005 -0.3125 0.265496402978897
v 0.0875000000000006 -0.3125 0.274066895246506
v 0.100000000000001 -0.3125 0.282277435064316
v 0.1125 -0.3125 0.290110617876053
v 0.125000000000001 -0.3125 0.297517776489258
v 0.137500000000001 -0.3125 0.304520398378372
v 0.150000000000001 -0.3125 0.311137169599533
v 0.162500000000001 -0.3125 0.317377001047134
v 0.175000000000001 -0.3125 0.323314756155014
v 0.187500000000001 -0.3125 0.329063057899475
v 0.200000000000001 -0.3125 0.334918975830078
v 0.212500000000001 -0.3125 0.341134160757065
v 0.225000000000001 -0.3125 0.348067611455917
v 0.237500000000001 -0.3125 0.356016457080841
v 0.250000000000001 -0.3125 0.365245550870895
v 0.262500000000001 -0.3125 0.375936299562454
v 0.275000000000001 -0.3125 0.388039231300354
v 0.287500000000001 -0.3125 0.401129543781281
v 0.300000000000001 -0.3125 0.414501339197159
v 0.312500000000001 -0.3125 0.42717781662941
v 0.325000000000001 -0.3125 0.438197046518326
v 0.337500000000001 -0.3125 0.446849793195724
v 0.350000000000001 -0.3125 0.45291194319725
v 0.362500000000001 -0.3125 0.456788629293442
v 0.375000000000001 -0.3125 0.459274381399155
v 0.387500000000001 -0.3125 0.461170643568039
v 0.400000000000001 -0.3125 0.463136970996857
v 0.412500000000001 -0.3125 0.465492159128189
v 0.425000000000001 -0.3125 0.468311548233032
v 0.437500000000001 -0.3125 0.4714694917202
v 0.450000000000001 -0.3125 0.474844604730606
v 0.462500000000001 -0.3125 0.478350460529327
v 0.475000000000001 -0.3125 0.481883853673935
v 0.487500000000001 -0.3125 0.485426008701324
v 0.500000000000001 -0.3125 0.488978117704391
v -0.5 -0.3 0.316083073616028
v -0.4875 -0.3 0.311294496059418
v -0.475 -0.3 0.306217551231384
v -0.4625 -0.3 0.300433099269867
v -0.45 -0.3 0.29366871714592
v -0.4375 -0.3 0.285589903593063
v -0.425 -0.3 0.276152461767197
v -0.4125 -0.3 0.265300661325455
v -0.4 -0.3 0.253345102071762
v -0.3875 -0.3 0.24069507420063
v -0.375 -0.3 0.227891832590103
v -0.3625 -0.3 0.215283259749413
v -0.35 -0.3 0.203082472085953
v -0.3375 -0.3 0.191539213061333
v -0.325 -0.3 0.180789232254028
v -0.3125 -0.3 0.170958206057549
v -0.3 -0.3 0.162059411406517
v -0.2875 -0.3 0.154079556465149
v -0.275 -0.3 0.146686717867851
v -0.2625 -0.3 0.139915466308594
v -0.25 -0.3 0.133842825889587
v -0.2375 -0.3 0.128513172268867
v -0.225 -0.3 0.124092951416969
v -0.2125 -0.3 0.120346002280712
v -0.2 -0.3 0.117227517068386
v -0.1875 -0.3 0.114704839885235
v -0.175 -0.3 0.112945199012756
v -0.1625 -0.3 0.112146213650703
v -0.15 -0.3 0.112426355481148
v -0.1375 -0.3 0.114193260669708
v -0.125 -0.3 0.117386043071747
v -0.1125 -0.3 0.121940530836582
v -0.0999999999999996 -0.3 0.127941533923149
v -0.0874999999999996 -0.3 0.134963437914848
v -0.0749999999999996 -0.3 0.142858505249023
v -0.0624999999999996 -0.3 0.151581570506096
v -0.0499999999999996 -0.3 0.160846158862114
v -0.0374999999999996 -0.3 0.170448377728462
v -0.0249999999999996 -0.3 0.180381014943123
v -0.0124999999999996 -0.3 0.190445244312286
v 4.44089209850063e-16 -0.3 0.200434789061546
v 0.0125000000000004 -0.3 0.210367366671562
v 0.0250000000000005 -0.3 0.220125541090965
v 0.0375000000000005 -0.3 0.229750394821167
v 0.0500000000000005 -0.3 0.239161998033524
v 0.0625000000000004 -0.3 0.248384639620781
v 0.0750000000000005 -0.3 0.257380455732346
v 0.0875000000000006 -0.3 0.266136139631271
v 0.100000000000001 -0.3 0.274611711502075
v 0.1125 -0.3 0.282738983631134
v 0.125000000000001 -0.3 0.290494292974472
v 0.137500000000001 -0.3 0.29791659116745
v 0.150000000000001 -0.3 0.304957240819931
v 0.162500000000001 -0.3 0.31166684627533
v 0.175000000000001 -0.3 0.318050473928452
v 0.187500000000001 -0.3 0.324209958314896
v 0.200000000000001 -0.3 0.330345034599304
v 0.212500000000001 -0.3 0.336695909500122
v 0.225000000000001 -0.3 0.343634724617004
v 0.237500000000001 -0.3 0.351520955562592
v 0.250000000000001 -0.3 0.36063426733017
v 0.262500000000001 -0.3 0.371239960193634
v 0.275000000000001 -0.3 0.38334932923317
v 0.287500000000001 -0.3 0.396704286336899
v 0.300000000000001 -0.3 0.410665988922119
v 0.312500000000001 -0.3 0.424411982297897
v 0.325000000000001 -0.3 0.436863243579865
v 0.337500000000001 -0.3 0.4471275806427
v 0.350000000000001 -0.3 0.454701393842697
v 0.362500000000001 -0.3 0.459767550230026
v 0.375000000000001 -0.3 0.463078796863556
v 0.387500000000001 -0.3 0.465492635965347
v 0.400000000000001 -0.3 0.467744916677475
v 0.412500000000001 -0.3 0.470258235931396
v 0.425000000000001 -0.3 0.473147869110107
v 0.437500000000001 -0.3 0.476334482431412
v 0.450000000000001 -0.3 0.479690372943878
v 0.462500000000001 -0.3 0.483090609312057
v 0.475000000000001 -0.3 0.486473947763443
v 0.487500000000001 -0.3 0.489850431680679
v 0.500000000000001 -0.3 0.493231266736984
v -0.5 -0.2875 0.3269202709198
v -0.4875 -0.2875 0.322054475545883
v -0.475 -0.2875 0.316876977682114
v -0.4625 -0.2875 0.310984134674072
v -0.45 -0.2875 0.303863525390625
v -0.4375 -0.2875 0.295073300600052
v -0.425 -0.2875 0.284465879201889
v -0.4125 -0.2875 0.272072553634644
v -0.4 -0.2875 0.258307665586472
v -0.3875 -0.2875 0.243774101138115
v -0.375 -0.2875 0.229095578193665
v -0.3625 -0.2875 0.214746877551079
v -0.35 -0.2875 0.200989589095116
v -0.3375 -0.2875 0.188066318631172
v -0.325 -0.2875 0.175953552126884
v -0.3125 -0.2875 0.164863184094429
v -0.3 -0.2875 0.154774650931358
v -0.2875 -0.2875 0.145635038614273
v -0.275 -0.2875 0.137162357568741
v -0.2625 -0.2875 0.129449516534805
v -0.25 -0.2875 0.122437015175819
v -0.2375 -0.2875 0.116395376622677
v -0.225 -0.2875 0.111454010009766
v -0.2125 -0.2875 0.107393622398376
v -0.2 -0.2875 0.10403199493885
v -0.1875 -0.2875 0.101386241614819
v -0.175 -0.2875 0.099588468670845
v -0.1625 -0.2875 0.0989794805645943
v -0.15 -0.2875 0.0997317060828209
v -0.1375 -0.2875 0.102193973958492
v -0.125 -0.2875 0.10613527148962
v -0.1125 -0.2875 0.111507132649422
v -0.0999999999999996 -0.2875 0.118126444518566
v -0.0874999999999996 -0.2875 0.125652000308037
v -0.0749999999999996 -0.2875 0.134077653288841
v -0.0624999999999996 -0.2875 0.143085613846779
v -0.0499999999999996 -0.2875 0.15254057943821
v -0.0374999999999996 -0.2875 0.162339851260185
v -0.0249999999999996 -0.2875 0.172366216778755
v -0.0124999999999996 -0.2875 0.18241348862648
v 4.44089209850063e-16 -0.2875 0.192432448267937
v 0.0125000000000004 -0.2875 0.202379301190376
v 0.0250000000000005 -0.2875 0.212135836482048
v 0.0375000000000005 -0.2875 0.22175732254982
v 0.0500000000000005 -0.2875 0.231179460883141
v 0.0625000000000004 -0.2875 0.240496441721916
v 0.0750000000000005 -0.2875 0.249674960970879
v 0.0875000000000006 -0.2875 0.258592903614044
v 0.100000000000001 -0.2875 0.267267048358917
v 0.1125 -0.2875 0.275668054819107
v 0.125000000000001 -0.2875 0.283768624067307
v 0.137500000000001 -0.2875 0.291561096906662
v 0.150000000000001 -0.2875 0.29904779791832
v 0.162500000000001 -0.2875 0.306245654821396
v 0.175000000000001 -0.2875 0.313117951154709
v 0.187500000000001 -0.2875 0.319765418767929
v 0.200000000000001 -0.2875 0.326315194368362
v 0.212500000000001 -0.2875 0.332956284284592
v 0.225000000000001 -0.2875 0.340037792921066
v 0.237500000000001 -0.2875 0.347957134246826
v 0.250000000000001 -0.2875 0.35701522231102
v 0.262500000000001 -0.2875 0.367539167404175
v 0.275000000000001 -0.2875 0.379651755094528
v 0.287500000000001 -0.2875 0.393177926540375
v 0.300000000000001 -0.2875 0.407616138458252
v 0.312500000000001 -0.2875 0.422185152769089
v 0.325000000000001 -0.2875 0.435862213373184
v 0.337500000000001 -0.2875 0.447617053985596
v 0.350000000000001 -0.2875 0.456712245941162
v 0.362500000000001 -0.2875 0.463129431009293
v 0.375000000000001 -0.2875 0.467482388019562
v 0.387500000000001 -0.2875 0.470625966787338
v 0.400000000000001 -0.2875 0.473363488912582
v 0.412500000000001 -0.2875 0.476186811923981
v 0.425000000000001 -0.2875 0.479247659444809
v 0.437500000000001 -0.2875 0.48249340057373
v 0.450000000000001 -0.2875 0.485785245895386
v 0.462500000000001 -0.2875 0.489027887582779
v 0.475000000000001 -0.2875 0.492199242115021
v 0.487500000000001 -0.2875 0.4953273832798
v 0.500000000000001 -0.2875 0.498422920703888
v -0.5 -0.275 0.340048342943192
v -0.4875 -0.275 0.335013210773468
v -0.475 -0.275 0.329727560281754
v -0.4625 -0.275 0.323672145605087
v -0.45 -0.275 0.316175401210785
v -0.4375 -0.275 0.306579321622849
v -0.425 -0.275 0.294726520776749
v -0.4125 -0.275 0.280683904886246
v -0.4 -0.275 0.264905691146851
v -0.3875 -0.275 0.248253345489502
v -0.375 -0.275 0.23146753013134
v -0.3625 -0.275 0.215072154998779
v -0.35 -0.275 0.199523091316223
v -0.3375 -0.275 0.185083419084549
v -0.325 -0.275 0.171551033854485
v -0.3125 -0.275 0.159077391028404
v -0.3 -0.275 0.147790774703026
v -0.2875 -0.275 0.137447997927666
v -0.275 -0.275 0.127945378422737
v -0.2625 -0.275 0.119184374809265
v -0.25 -0.275 0.111250832676888
v -0.2375 -0.275 0.104346059262753
v -0.225 -0.275 0.0988025888800621
v -0.2125 -0.275 0.0943763181567192
v -0.2 -0.275 0.0908018499612808
v -0.1875 -0.275 0.0880204141139984
v -0.175 -0.275 0.0863285586237907
v -0.1625 -0.275 0.0861275941133499
v -0.15 -0.275 0.0875073820352554
v -0.1375 -0.275 0.090882308781147
v -0.125 -0.275 0.0956051722168922
v -0.1125 -0.275 0.10184682905674
v -0.0999999999999996 -0.275 0.109176494181156
v -0.0874999999999996 -0.275 0.117322161793709
v -0.0749999999999996 -0.275 0.126121312379837
v -0.0624999999999996 -0.275 0.135430082678795
v -0.0499999999999996 -0.275 0.145131751894951
v -0.0374999999999996 -0.275 0.155064478516579
v -0.0249999999999996 -0.275 0.16502334177494
v -0.0124999999999996 -0.275 0.175090864300728
v 4.44089209850063e-16 -0.275 0.185062125325203
v 0.0125000000000004 -0.275 0.194899424910545
v 0.0250000000000005 -0.275 0.204583212733269
v 0.0375000000000005 -0.275 0.21414540708065
v 0.0500000000000005 -0.275 0.223598390817642
v 0.0625000000000004 -0.275 0.23300476372242
v 0.0750000000000005 -0.275 0.24227137863636
v 0.0875000000000006 -0.275 0.251325488090515
v 0.100000000000001 -0.275 0.260195255279541
v 0.1125 -0.275 0.268835812807083
v 0.125000000000001 -0.275 0.277217358350754
v 0.137500000000001 -0.275 0.285399973392487
v 0.150000000000001 -0.275 0.293326139450073
v 0.162500000000001 -0.275 0.300975203514099
v 0.175000000000001 -0.275 0.308341026306152
v 0.187500000000001 -0.275 0.315462499856949
v 0.200000000000001 -0.275 0.322489857673645
v 0.212500000000001 -0.275 0.329556703567505
v 0.225000000000001 -0.275 0.336923599243164
v 0.237500000000001 -0.275 0.344950497150421
v 0.250000000000001 -0.275 0.354073584079742
v 0.262500000000001 -0.275 0.364592969417572
v 0.275000000000001 -0.275 0.376702219247818
v 0.287500000000001 -0.275 0.390373200178146
v 0.300000000000001 -0.275 0.4051813185215
v 0.312500000000001 -0.275 0.420462816953659
v 0.325000000000001 -0.275 0.435177147388458
v 0.337500000000001 -0.275 0.448267787694931
v 0.350000000000001 -0.275 0.458853721618652
v 0.362500000000001 -0.275 0.466664046049118
v 0.375000000000001 -0.275 0.472212702035904
v 0.387500000000001 -0.275 0.476342886686325
v 0.400000000000001 -0.275 0.479832381010056
v 0.412500000000001 -0.275 0.483179956674576
v 0.425000000000001 -0.275 0.486596077680588
v 0.437500000000001 -0.275 0.489981085062027
v 0.450000000000001 -0.275 0.493214666843414
v 0.462500000000001 -0.275 0.496264040470123
v 0.475000000000001 -0.275 0.499164670705795
v 0.487500000000001 -0.275 0.501940667629242
v 0.500000000000001 -0.275 0.504659175872803
v -0.5 -0.2625 0.356194108724594
v -0.4875 -0.2625 0.351097166538239
v -0.475 -0.2625 0.345810413360596
v -0.4625 -0.2625 0.33969658613205
v -0.45 -0.2625 0.33189183473587
v -0.4375 -0.2625 0.321493268013
v -0.425 -0.2625 0.308184146881104
v -0.4125 -0.2625 0.292122334241867
v -0.4 -0.2625 0.274000555276871
v -0.3875 -0.2625 0.254829436540604
v -0.375 -0.2625 0.235538154840469
v -0.3625 -0.2625 0.21681509912014
v -0.35 -0.2625 0.199180945754051
v -0.3375 -0.2625 0.182818159461021
v -0.325 -0.2625 0.167695045471191
v -0.3125 -0.2625 0.153768315911293
v -0.3 -0.2625 0.141164928674698
v -0.2875 -0.2625 0.129657685756683
v -0.275 -0.2625 0.119069494307041
v -0.2625 -0.2625 0.109273009002209
v -0.25 -0.2625 0.100514367222786
v -0.2375 -0.2625 0.0926941931247711
v -0.225 -0.2625 0.0862995907664299
v -0.2125 -0.2625 0.0814050063490868
v -0.2 -0.2625 0.0775828212499619
v -0.1875 -0.2625 0.0747187286615372
v -0.175 -0.2625 0.0732346475124359
v -0.1625 -0.2625 0.0736517086625099
v -0.15 -0.2625 0.0759384110569954
v -0.1375 -0.2625 0.0802083760499954
v -0.125 -0.2625 0.0860245600342751
v -0.1125 -0.2625 0.0932196080684662
v -0.0999999999999996 -0.2625 0.101161383092403
v -0.0874999999999996 -0.2625 0.109880737960339
v -0.0749999999999996 -0.2625 0.119224429130554
v -0.0624999999999996 -0.2625 0.128896221518517
v -0.0499999999999996 -0.2625 0.138838037848473
v -0.0374999999999996 -0.2625 0.148822799324989
v -0.0249999999999996 -0.2625 0.158719807863235
v -0.0124999999999996 -0.2625 0.168607875704765
v 4.44089209850063e-16 -0.2625 0.178373321890831
v 0.0125000000000004 -0.2625 0.188067838549614
v 0.0250000000000005 -0.2625 0.197622612118721
v 0.0375000000000005 -0.2625 0.207050189375877
v 0.0500000000000005 -0.2625 0.216458514332771
v 0.0625000000000004 -0.2625 0.225851699709892
v 0.0750000000000005 -0.2625 0.235185623168945
v 0.0875000000000006 -0.2625 0.244354873895645
v 0.100000000000001 -0.2625 0.253409117460251
v 0.1125 -0.2625 0.262290686368942
v 0.125000000000001 -0.2625 0.27093032002449
v 0.137500000000001 -0.2625 0.27942281961441
v 0.150000000000001 -0.2625 0.287718147039413
v 0.162500000000001 -0.2625 0.295762121677399
v 0.175000000000001 -0.2625 0.303585886955261
v 0.187500000000001 -0.2625 0.311204731464386
v 0.200000000000001 -0.2625 0.318689852952957
v 0.212500000000001 -0.2625 0.326188772916794
v 0.225000000000001 -0.2625 0.333936899900436
v 0.237500000000001 -0.2625 0.342244565486908
v 0.250000000000001 -0.2625 0.351479202508926
v 0.262500000000001 -0.2625 0.362044125795364
v 0.275000000000001 -0.2625 0.374213397502899
v 0.287500000000001 -0.2625 0.388019412755966
v 0.300000000000001 -0.2625 0.403184413909912
v 0.312500000000001 -0.2625 0.419097155332565
v 0.325000000000001 -0.2625 0.43479523062706
v 0.337500000000001 -0.2625 0.449125498533249
v 0.350000000000001 -0.2625 0.461116641759872
v 0.362500000000001 -0.2625 0.470316141843796
v 0.375000000000001 -0.2625 0.477117359638214
v 0.387500000000001 -0.2625 0.482411295175552
v 0.400000000000001 -0.2625 0.486977189779282
v 0.412500000000001 -0.2625 0.491223782300949
v 0.425000000000001 -0.2625 0.495240122079849
v 0.437500000000001 -0.2625 0.498883724212646
v 0.450000000000001 -0.2625 0.502132534980774
v 0.462500000000001 -0.2625 0.504977345466614
v 0.475000000000001 -0.2625 0.507516205310822
v 0.487500000000001 -0.2625 0.509846866130829
v 0.500000000000001 -0.2625 0.512109696865082
v -0.5 -0.25 0.376481592655182
v -0.4875 -0.25 0.371858328580856
v -0.475 -0.25 0.366946697235107
v -0.4625 -0.25 0.361039102077484
v -0.45 -0.25 0.35299414396286
v -0.4375 -0.25 0.341710150241852
v -0.425 -0.25 0.326615244150162
v -0.4125 -0.25 0.308013439178467
v -0.4 -0.25 0.286800473928452
v -0.3875 -0.25 0.264326065778732
v -0.375 -0.25 0.24185585975647
v -0.3625 -0.25 0.220267683267593
v -0.35 -0.25 0.200277328491211
v -0.3375 -0.25 0.181944236159325
v -0.325 -0.25 0.165107578039169
v -0.3125 -0.25 0.149576649069786
v -0.3 -0.25 0.135361075401306
v -0.2875 -0.25 0.122476868331432
v -0.275 -0.25 0.110745839774609
v -0.2625 -0.25 0.100030779838562
v -0.25 -0.25 0.0903406515717506
v -0.2375 -0.25 0.0816363915801048
v -0.225 -0.25 0.0742973163723946
v -0.2125 -0.25 0.0685984119772911
v -0.2 -0.25 0.0644254013895988
v -0.1875 -0.25 0.0615684762597084
v -0.175 -0.25 0.060395885258913
v -0.1625 -0.25 0.0616379976272583
v -0.15 -0.25 0.0651968345046043
v -0.1375 -0.25 0.070577584207058
v -0.125 -0.25 0.0775188729166985
v -0.1125 -0.25 0.0854098275303841
v -0.0999999999999996 -0.25 0.0943314954638481
v -0.0874999999999996 -0.25 0.103774428367615
v -0.0749999999999996 -0.25 0.113582253456116
v -0.0624999999999996 -0.25 0.123540751636028
v -0.0499999999999996 -0.25 0.133472561836243
v -0.0374999999999996 -0.25 0.143371745944023
v -0.0249999999999996 -0.25 0.15317714214325
v -0.0124999999999996 -0.25 0.162838861346245
v 4.44089209850063e-16 -0.25 0.17239685356617
v 0.0125000000000004 -0.25 0.181873962283134
v 0.0250000000000005 -0.25 0.191245421767235
v 0.0375000000000005 -0.25 0.200512692332268
v 0.0500000000000005 -0.25 0.209783837199211
v 0.0625000000000004 -0.25 0.219099670648575
v 0.0750000000000005 -0.25 0.228450775146484
v 0.0875000000000006 -0.25 0.237711429595947
v 0.100000000000001 -0.25 0.246922045946121
v 0.1125 -0.25 0.255998820066452
v 0.125000000000001 -0.25 0.264887660741806
v 0.137500000000001 -0.25 0.273660719394684
v 0.150000000000001 -0.25 0.282237827777863
v 0.162500000000001 -0.25 0.290645748376846
v 0.175000000000001 -0.25 0.298893839120865
v 0.187500000000001 -0.25 0.306952595710754
v 0.200000000000001 -0.25 0.314889192581177
v 0.212500000000001 -0.25 0.322818726301193
v 0.225000000000001 -0.25 0.330968111753464
v 0.237500000000001 -0.25 0.339583158493042
v 0.250000000000001 -0.25 0.348987191915512
v 0.262500000000001 -0.25 0.359628021717072
v 0.275000000000001 -0.25 0.371841341257095
v 0.287500000000001 -0.25 0.38582369685173
v 0.300000000000001 -0.25 0.401359558105469
v 0.312500000000001 -0.25 0.417918980121613
v 0.325000000000001 -0.25 0.434622973203659
v 0.337500000000001 -0.25 0.45022389292717
v 0.350000000000001 -0.25 0.463604062795639
v 0.362500000000001 -0.25 0.474153906106949
v 0.375000000000001 -0.25 0.482233256101608
v 0.387500000000001 -0.25 0.488801389932632
v 0.400000000000001 -0.25 0.49471589922905
v 0.412500000000001 -0.25 0.500239789485931
v 0.425000000000001 -0.25 0.505197525024414
v 0.437500000000001 -0.25 0.509390950202942
v 0.450000000000001 -0.25 0.512737035751343
v 0.462500000000001 -0.25 0.515386998653412
v 0.475000000000001 -0.25 0.517520725727081
v 0.487500000000001 -0.25 0.519330441951752
v 0.500000000000001 -0.25 0.521023690700531
v -0.5 -0.2375 0.402006238698959
v -0.4875 -0.2375 0.398919194936752
v -0.475 -0.2375 0.395292371511459
v -0.4625 -0.2375 0.390186458826065
v -0.45 -0.2375 0.382239431142807
v -0.4375 -0.2375 0.369997948408127
v -0.425 -0.2375 0.352591753005981
v -0.4125 -0.2375 0.330401360988617
v -0.4 -0.2375 0.304878920316696
v -0.3875 -0.2375 0.277924656867981
v -0.375 -0.2375 0.251250058412552
v -0.3625 -0.2375 0.226197004318237
v -0.35 -0.2375 0.203220531344414
v -0.3375 -0.2375 0.182431653141975
v -0.325 -0.2375 0.163587376475334
v -0.3125 -0.2375 0.146443516016006
v -0.3 -0.2375 0.130853950977325
v -0.2875 -0.2375 0.116558887064457
v -0.275 -0.2375 0.10350140184164
v -0.2625 -0.2375 0.091572992503643
v -0.25 -0.2375 0.0808545351028442
v -0.2375 -0.2375 0.0712834373116493
v -0.225 -0.2375 0.0628858432173729
v -0.2125 -0.2375 0.0562464073300362
v -0.2 -0.2375 0.051503736525774
v -0.1875 -0.2375 0.0486599653959274
v -0.175 -0.2375 0.0481687970459461
v -0.1625 -0.2375 0.0504576861858368
v -0.15 -0.2375 0.0553158409893513
v -0.1375 -0.2375 0.0621186010539532
v -0.125 -0.2375 0.0701331421732903
v -0.1125 -0.2375 0.0791798010468483
v -0.0999999999999996 -0.2375 0.0888708457350731
v -0.0874999999999996 -0.2375 0.0988676846027374
v -0.0749999999999996 -0.2375 0.108895294368267
v -0.0624999999999996 -0.2375 0.11894591152668
v -0.0499999999999996 -0.2375 0.128903016448021
v -0.0374999999999996 -0.2375 0.138749048113823
v -0.0249999999999996 -0.2375 0.148442223668098
v -0.0124999999999996 -0.2375 0.157969266176224
v 4.44089209850063e-16 -0.2375 0.167321056127548
v 0.0125000000000004 -0.2375 0.176521643996239
v 0.0250000000000005 -0.2375 0.185570240020752
v 0.0375000000000005 -0.2375 0.194610789418221
v 0.0500000000000005 -0.2375 0.203709870576859
v 0.0625000000000004 -0.2375 0.212828993797302
v 0.0750000000000005 -0.2375 0.222100779414177
v 0.0875000000000006 -0.2375 0.231408461928368
v 0.100000000000001 -0.2375 0.240694910287857
v 0.1125 -0.2375 0.249923571944237
v 0.125000000000001 -0.2375 0.259064584970474
v 0.137500000000001 -0.2375 0.268114566802979
v 0.150000000000001 -0.2375 0.276991128921509
v 0.162500000000001 -0.2375 0.285706877708435
v 0.175000000000001 -0.2375 0.294280737638474
v 0.187500000000001 -0.2375 0.30272102355957
v 0.200000000000001 -0.2375 0.311065465211868
v 0.212500000000001 -0.2375 0.319431215524673
v 0.225000000000001 -0.2375 0.327956825494766
v 0.237500000000001 -0.2375 0.336889714002609
v 0.250000000000001 -0.2375 0.346520513296127
v 0.262500000000001 -0.2375 0.357251018285751
v 0.275000000000001 -0.2375 0.369504749774933
v 0.287500000000001 -0.2375 0.383574068546295
v 0.300000000000001 -0.2375 0.399477392435074
v 0.312500000000001 -0.2375 0.416716486215591
v 0.325000000000001 -0.2375 0.43445760011673
v 0.337500000000001 -0.2375 0.451481252908707
v 0.350000000000001 -0.2375 0.466380178928375
v 0.362500000000001 -0.2375 0.478383272886276
v 0.375000000000001 -0.2375 0.487786918878555
v 0.387500000000001 -0.2375 0.495654255151749
v 0.400000000000001 -0.2375 0.502991855144501
v 0.412500000000001 -0.2375 0.510034739971161
v 0.425000000000001 -0.2375 0.516306281089783
v 0.437500000000001 -0.2375 0.521365165710449
v 0.450000000000001 -0.2375 0.525074303150177
v 0.462500000000001 -0.2375 0.52762097120285
v 0.475000000000001 -0.2375 0.529341161251068
v 0.487500000000001 -0.2375 0.530587673187256
v 0.500000000000001 -0.2375 0.531630396842957
v -0.5 -0.225 0.432935237884521
v -0.4875 -0.225 0.433143764734268
v -0.475 -0.225 0.432596683502197
v -0.4625 -0.225 0.429716408252716
v -0.45 -0.225 0.422577917575836
v -0.4375 -0.225 0.409215450286865
v -0.425 -0.225 0.38863679766655
v -0.4125 -0.225 0.361377954483032
v -0.4 -0.225 0.329695910215378
v -0.3875 -0.225 0.296470016241074
v -0.375 -0.225 0.264269024133682
v -0.3625 -0.225 0.234498262405396
v -0.35 -0.225 0.207749277353287
v -0.3375 -0.225 0.184057518839836
v -0.325 -0.225 0.163049459457397
v -0.3125 -0.225 0.144375160336494
v -0.3 -0.225 0.127505704760551
v -0.2875 -0.225 0.111976586282253
v -0.275 -0.225 0.0976471304893494
v -0.2625 -0.225 0.0844717025756836
v -0.25 -0.225 0.0726119801402092
v -0.2375 -0.225 0.0618528127670288
v -0.225 -0.225 0.0523043945431709
v -0.2125 -0.225 0.0445238351821899
v -0.2 -0.225 0.0389680229127407
v -0.1875 -0.225 0.0360867641866207
v -0.175 -0.225 0.0365048497915268
v -0.1625 -0.225 0.0403185002505779
v -0.15 -0.225 0.0469887442886829
v -0.1375 -0.225 0.0551883466541767
v -0.125 -0.225 0.0644581913948059
v -0.1125 -0.225 0.0744205713272095
v -0.0999999999999996 -0.225 0.0846717581152916
v -0.0874999999999996 -0.225 0.0949153155088425
v -0.0749999999999996 -0.225 0.105087399482727
v -0.0624999999999996 -0.225 0.115195609629154
v -0.0499999999999996 -0.225 0.125165924429893
v -0.0374999999999996 -0.225 0.13503198325634
v -0.0249999999999996 -0.225 0.144703432917595
v -0.0124999999999996 -0.225 0.154062256217003
v 4.44089209850063e-16 -0.225 0.163111761212349
v 0.0125000000000004 -0.225 0.172021746635437
v 0.0250000000000005 -0.225 0.18078450858593
v 0.0375000000000005 -0.225 0.18950167298317
v 0.0500000000000005 -0.225 0.198197484016418
v 0.0625000000000004 -0.225 0.20707730948925
v 0.0750000000000005 -0.225 0.216221526265144
v 0.0875000000000006 -0.225 0.225533530116081
v 0.100000000000001 -0.225 0.234897375106812
v 0.1125 -0.225 0.244254395365715
v 0.125000000000001 -0.225 0.253566950559616
v 0.137500000000001 -0.225 0.262796491384506
v 0.150000000000001 -0.225 0.271912485361099
v 0.162500000000001 -0.225 0.280903309583664
v 0.175000000000001 -0.225 0.289772719144821
v 0.187500000000001 -0.225 0.298552513122559
v 0.200000000000001 -0.225 0.307260453701019
v 0.212500000000001 -0.225 0.315992683172226
v 0.225000000000001 -0.225 0.32491397857666
v 0.237500000000001 -0.225 0.334170788526535
v 0.250000000000001 -0.225 0.344070672988892
v 0.262500000000001 -0.225 0.354966640472412
v 0.275000000000001 -0.225 0.367230862379074
v 0.287500000000001 -0.225 0.381273955106735
v 0.300000000000001 -0.225 0.397382706403732
v 0.312500000000001 -0.225 0.41526672244072
v 0.325000000000001 -0.225 0.434111922979355
v 0.337500000000001 -0.225 0.452682167291641
v 0.350000000000001 -0.225 0.469425112009048
v 0.362500000000001 -0.225 0.483186930418015
v 0.375000000000001 -0.225 0.494063943624496
v 0.387500000000001 -0.225 0.503220975399017
v 0.400000000000001 -0.225 0.511896252632141
v 0.412500000000001 -0.225 0.520358741283417
v 0.425000000000001 -0.225 0.527993023395538
v 0.437500000000001 -0.225 0.534072577953339
v 0.450000000000001 -0.225 0.538361668586731
v 0.462500000000001 -0.225 0.541066229343414
v 0.475000000000001 -0.225 0.542571067810059
v 0.487500000000001 -0.225 0.54329788684845
v 0.500000000000001 -0.225 0.543660342693329
v -0.5 -0.2125 0.467509835958481
v -0.4875 -0.2125 0.473234742879868
v -0.475 -0.2125 0.478257387876511
v -0.4625 -0.2125 0.47999769449234
v -0.45 -0.2125 0.475129365921021
v -0.4375 -0.2125 0.461005121469498
v -0.425 -0.2125 0.436407417058945
v -0.4125 -0.2125 0.402459144592285
v -0.4 -0.2125 0.362441748380661
v -0.3875 -0.2125 0.320727735757828
v -0.375 -0.2125 0.281007200479507
v -0.3625 -0.2125 0.245236545801163
v -0.35 -0.2125 0.214036896824837
v -0.3375 -0.2125 0.187057048082352
v -0.325 -0.2125 0.163703247904778
v -0.3125 -0.2125 0.143332481384277
v -0.3 -0.2125 0.125146582722664
v -0.2875 -0.2125 0.108564712107182
v -0.275 -0.2125 0.0932980105280876
v -0.2625 -0.2125 0.0790513977408409
v -0.25 -0.2125 0.065851204097271
v -0.2375 -0.2125 0.0538322702050209
v -0.225 -0.2125 0.0430260263383389
v -0.2125 -0.2125 0.0337498039007187
v -0.2 -0.2125 0.0270243585109711
v -0.1875 -0.2125 0.0240019299089909
v -0.175 -0.2125 0.025782061740756
v -0.1625 -0.2125 0.0320444665849209
v -0.15 -0.2125 0.0405057407915592
v -0.1375 -0.2125 0.0502503886818886
v -0.125 -0.2125 0.0605057254433632
v -0.1125 -0.2125 0.0709738284349442
v -0.0999999999999996 -0.2125 0.0814669504761696
v -0.0874999999999996 -0.2125 0.0918518453836441
v -0.0749999999999996 -0.2125 0.102166645228863
v -0.0624999999999996 -0.2125 0.112364247441292
v -0.0499999999999996 -0.2125 0.122418008744717
v -0.0374999999999996 -0.2125 0.132154285907745
v -0.0249999999999996 -0.2125 0.141591414809227
v -0.0124999999999996 -0.2125 0.150706514716148
v 4.44089209850063e-16 -0.2125 0.159544691443443
v 0.0125000000000004 -0.2125 0.168167382478714
v 0.0250000000000005 -0.2125 0.176747277379036
v 0.0375000000000005 -0.2125 0.185221344232559
v 0.0500000000000005 -0.2125 0.193660825490952
v 0.0625000000000004 -0.2125 0.202165275812149
v 0.0750000000000005 -0.2125 0.211038738489151
v 0.0875000000000006 -0.2125 0.22025740146637
v 0.100000000000001 -0.2125 0.229585990309715
v 0.1125 -0.2125 0.239010199904442
v 0.125000000000001 -0.2125 0.248429298400879
v 0.137500000000001 -0.2125 0.257783830165863
v 0.150000000000001 -0.2125 0.267101287841797
v 0.162500000000001 -0.2125 0.276306867599487
v 0.175000000000001 -0.2125 0.285412281751633
v 0.187500000000001 -0.2125 0.29448339343071
v 0.200000000000001 -0.2125 0.30352383852005
v 0.212500000000001 -0.2125 0.312630176544189
v 0.225000000000001 -0.2125 0.321882039308548
v 0.237500000000001 -0.2125 0.331424564123154
v 0.250000000000001 -0.2125 0.341546982526779
v 0.262500000000001 -0.2125 0.352581024169922
v 0.275000000000001 -0.2125 0.364935368299484
v 0.287500000000001 -0.2125 0.379003703594208
v 0.300000000000001 -0.2125 0.395184248685837
v 0.312500000000001 -0.2125 0.413540661334991
v 0.325000000000001 -0.2125 0.433489143848419
v 0.337500000000001 -0.2125 0.453740984201431
v 0.350000000000001 -0.2125 0.47252368927002
v 0.362500000000001 -0.2125 0.488495498895645
v 0.375000000000001 -0.2125 0.501282155513763
v 0.387500000000001 -0.2125 0.511894583702087
v 0.400000000000001 -0.2125 0.521669387817383
v 0.412500000000001 -0.2125 0.531125485897064
v 0.425000000000001 -0.2125 0.539601147174835
v 0.437500000000001 -0.2125 0.546366393566132
v 0.450000000000001 -0.2125 0.551149427890778
v 0.462500000000001 -0.2125 0.554113447666168
v 0.475000000000001 -0.2125 0.555516362190247
v 0.487500000000001 -0.2125 0.555833458900452
v 0.500000000000001 -0.2125 0.555574417114258
v -0.5 -0.2 0.501559436321259
v -0.4875 -0.2 0.514509618282318
v -0.475 -0.2 0.527631521224976
v -0.4625 -0.2 0.536731660366058
v -0.45 -0.2 0.536748588085175
v -0.4375 -0.2 0.523365616798401
v -0.425 -0.2 0.494906902313232
v -0.4125 -0.2 0.45316156744957
v -0.4 -0.2 0.402960985898972
v -0.3875 -0.2 0.350594699382782
v -0.375 -0.2 0.301513403654099
v -0.3625 -0.2 0.258426904678345
v -0.35 -0.2 0.221900090575218
v -0.3375 -0.2 0.191262274980545
v -0.325 -0.2 0.165485918521881
v -0.3125 -0.2 0.143456742167473
v -0.3 -0.2 0.123977899551392
v -0.2875 -0.2 0.106356613337994
v -0.275 -0.2 0.0901819914579391
v -0.2625 -0.2 0.0751763209700584
v -0.25 -0.2 0.0610438250005245
v -0.2375 -0.2 0.0478824935853481
v -0.225 -0.2 0.0357281863689423
v -0.2125 -0.2 0.0248030945658684
v -0.2 -0.2 0.0159816890954971
v -0.1875 -0.2 0.0125006949529052
v -0.175 -0.2 0.017337528988719
v -0.1625 -0.2 0.02642079629004
v -0.15 -0.2 0.0366721153259277
v -0.1375 -0.2 0.0472988151013851
v -0.125 -0.2 0.0580218248069286
v -0.1125 -0.2 0.0687296688556671
v -0.0999999999999996 -0.2 0.0793536901473999
v -0.0874999999999996 -0.2 0.0898870825767517
v -0.0749999999999996 -0.2 0.10030335187912
v -0.0624999999999996 -0.2 0.110514953732491
v -0.0499999999999996 -0.2 0.120426177978516
v -0.0374999999999996 -0.2 0.129954859614372
v -0.0249999999999996 -0.2 0.139104202389717
v -0.0124999999999996 -0.2 0.147930070757866
v 4.44089209850063e-16 -0.2 0.156491070985794
v 0.0125000000000004 -0.2 0.164910435676575
v 0.0250000000000005 -0.2 0.173254415392876
v 0.0375000000000005 -0.2 0.181506395339966
v 0.0500000000000005 -0.2 0.189761444926262
v 0.0625000000000004 -0.2 0.198140144348145
v 0.0750000000000005 -0.2 0.206703811883926
v 0.0875000000000006 -0.2 0.215645894408226
v 0.100000000000001 -0.2 0.224825248122215
v 0.1125 -0.2 0.234250545501709
v 0.125000000000001 -0.2 0.243688777089119
v 0.137500000000001 -0.2 0.253143280744553
v 0.150000000000001 -0.2 0.262593626976013
v 0.162500000000001 -0.2 0.271969527006149
v 0.175000000000001 -0.2 0.281298339366913
v 0.187500000000001 -0.2 0.290609121322632
v 0.200000000000001 -0.2 0.299942284822464
v 0.212500000000001 -0.2 0.309310346841812
v 0.225000000000001 -0.2 0.318836778402328
v 0.237500000000001 -0.2 0.328634858131409
v 0.250000000000001 -0.2 0.338939249515533
v 0.262500000000001 -0.2 0.350108236074448
v 0.275000000000001 -0.2 0.362553477287292
v 0.287500000000001 -0.2 0.376691311597824
v 0.300000000000001 -0.2 0.392978429794312
v 0.312500000000001 -0.2 0.41170597076416
v 0.325000000000001 -0.2 0.432636588811874
v 0.337500000000001 -0.2 0.454568296670914
v 0.350000000000001 -0.2 0.475651472806931
v 0.362500000000001 -0.2 0.494147300720215
v 0.375000000000001 -0.2 0.509304702281952
v 0.387500000000001 -0.2 0.521721184253693
v 0.400000000000001 -0.2 0.532547116279602
v 0.412500000000001 -0.2 0.54235565662384
v 0.425000000000001 -0.2 0.550770938396454
v 0.437500000000001 -0.2 0.557329416275024
v 0.450000000000001 -0.2 0.561842083930969
v 0.462500000000001 -0.2 0.564414799213409
v 0.475000000000001 -0.2 0.565394580364227
v 0.487500000000001 -0.2 0.565189182758331
v 0.500000000000001 -0.2 0.564408361911774
v -0.5 -0.1875 0.52918016910553
v -0.4875 -0.1875 0.549377381801605
v -0.475 -0.1875 0.571512520313263
v -0.4625 -0.1875 0.590292155742645
v -0.45 -0.1875 0.598231792449951
v -0.4375 -0.1875 0.588587760925293
v -0.425 -0.1875 0.558313310146332
v -0.4125 -0.1875 0.509435653686523
v -0.4 -0.1875 0.448603063821793
v -0.3875 -0.1875 0.384551763534546
v -0.375 -0.1875 0.324770599603653
v -0.3625 -0.1875 0.273389756679535
v -0.35 -0.1875 0.230936482548714
v -0.3375 -0.1875 0.196371659636497
v -0.325 -0.1875 0.168028965592384
v -0.3125 -0.1875 0.144349709153175
v -0.3 -0.1875 0.123796463012695
v -0.2875 -0.1875 0.105374217033386
v -0.275 -0.1875 0.0885675251483917
v -0.2625 -0.1875 0.072947658598423
v -0.25 -0.1875 0.0583740249276161
v -0.2375 -0.1875 0.0446740239858627
v -0.225 -0.1875 0.0317942760884762
v -0.2125 -0.1875 0.0197037048637867
v -0.2 -0.1875 0.0083905728533864
v -0.1875 -0.1875 0.0036299133207649
v -0.175 -0.1875 0.0139670921489596
v -0.1625 -0.1875 0.0247795488685369
v -0.15 -0.1875 0.0356727428734303
v -0.1375 -0.1875 0.0465910919010639
v -0.125 -0.1875 0.0574589930474758
v -0.1125 -0.1875 0.0682411566376686
v -0.0999999999999996 -0.1875 0.0788532644510269
v -0.0874999999999996 -0.1875 0.089245580136776
v -0.0749999999999996 -0.1875 0.0994025692343712
v -0.0624999999999996 -0.1875 0.109279707074165
v -0.0499999999999996 -0.1875 0.118862442672253
v -0.0374999999999996 -0.1875 0.128151059150696
v -0.0249999999999996 -0.1875 0.13707534968853
v -0.0124999999999996 -0.1875 0.145685389637947
v 4.44089209850063e-16 -0.1875 0.154026865959167
v 0.0125000000000004 -0.1875 0.16221110522747
v 0.0250000000000005 -0.1875 0.170294523239136
v 0.0375000000000005 -0.1875 0.1783507168293
v 0.0500000000000005 -0.1875 0.186464667320251
v 0.0625000000000004 -0.1875 0.194700211286545
v 0.0750000000000005 -0.1875 0.203082665801048
v 0.0875000000000006 -0.1875 0.211737781763077
v 0.100000000000001 -0.1875 0.220735177397728
v 0.1125 -0.1875 0.230014368891716
v 0.125000000000001 -0.1875 0.239409595727921
v 0.137500000000001 -0.1875 0.248858258128166
v 0.150000000000001 -0.1875 0.258392333984375
v 0.162500000000001 -0.1875 0.267908066511154
v 0.175000000000001 -0.1875 0.27743211388588
v 0.187500000000001 -0.1875 0.286913186311722
v 0.200000000000001 -0.1875 0.296483814716339
v 0.212500000000001 -0.1875 0.306078881025314
v 0.225000000000001 -0.1875 0.315774768590927
v 0.237500000000001 -0.1875 0.32575598359108
v 0.250000000000001 -0.1875 0.336202353239059
v 0.262500000000001 -0.1875 0.347468674182892
v 0.275000000000001 -0.1875 0.360007286071777
v 0.287500000000001 -0.1875 0.374231785535812
v 0.300000000000001 -0.1875 0.390697687864304
v 0.312500000000001 -0.1875 0.409918129444122
v 0.325000000000001 -0.1875 0.43176132440567
v 0.337500000000001 -0.1875 0.455357164144516
v 0.350000000000001 -0.1875 0.478782653808594
v 0.362500000000001 -0.1875 0.500014245510101
v 0.375000000000001 -0.1875 0.517824292182922
v 0.387500000000001 -0.1875 0.532256007194519
v 0.400000000000001 -0.1875 0.544107615947723
v 0.412500000000001 -0.1875 0.553819477558136
v 0.425000000000001 -0.1875 0.561366975307465
v 0.437500000000001 -0.1875 0.566547989845276
v 0.450000000000001 -0.1875 0.569502770900726
v 0.462500000000001 -0.1875 0.570647239685059
v 0.475000000000001 -0.1875 0.570443332195282
v 0.487500000000001 -0.1875 0.569397866725922
v 0.500000000000001 -0.1875 0.568049371242523
v -0.5 -0.175 0.545194089412689
v -0.4875 -0.175 0.570135116577148
v -0.475 -0.175 0.599437832832336
v -0.4625 -0.175 0.627667725086212
v -0.45 -0.175 0.64557945728302
v -0.4375 -0.175 0.643577516078949
v -0.425 -0.175 0.615766763687134
v -0.4125 -0.175 0.56313145160675
v -0.4 -0.175 0.493634551763535
v -0.3875 -0.175 0.418761253356934
v -0.375 -0.175 0.348619967699051
v -0.3625 -0.175 0.288804829120636
v -0.35 -0.175 0.240430355072021
v -0.3375 -0.175 0.201979637145996
v -0.325 -0.175 0.171206131577492
v -0.3125 -0.175 0.146097213029861
v -0.3 -0.175 0.124642215669155
v -0.2875 -0.175 0.105734564363956
v -0.275 -0.175 0.0886228606104851
v -0.2625 -0.175 0.0729565843939781
v -0.25 -0.175 0.0584632530808449
v -0.2375 -0.175 0.044940110296011
v -0.225 -0.175 0.0324265249073505
v -0.2125 -0.175 0.0210266690701246
v -0.2 -0.175 0.0122590688988566
v -0.1875 -0.175 0.0113156968727708
v -0.175 -0.175 0.0183086674660444
v -0.1625 -0.175 0.0278530847281218
v -0.15 -0.175 0.0380110219120979
v -0.1375 -0.175 0.048420112580061
v -0.125 -0.175 0.058925237506628
v -0.1125 -0.175 0.0693644285202026
v -0.0999999999999996 -0.175 0.0795927718281746
v -0.0874999999999996 -0.175 0.0895791947841644
v -0.0749999999999996 -0.175 0.0993015095591545
v -0.0624999999999996 -0.175 0.108804278075695
v -0.0499999999999996 -0.175 0.1180424913764
v -0.0374999999999996 -0.175 0.126965910196304
v -0.0249999999999996 -0.175 0.135614797472954
v -0.0124999999999996 -0.175 0.144002512097359
v 4.44089209850063e-16 -0.175 0.152162238955498
v 0.0125000000000004 -0.175 0.160120353102684
v 0.0250000000000005 -0.175 0.168012946844101
v 0.0375000000000005 -0.175 0.175861388444901
v 0.0500000000000005 -0.175 0.18377497792244
v 0.0625000000000004 -0.175 0.191849648952484
v 0.0750000000000005 -0.175 0.200074389576912
v 0.0875000000000006 -0.175 0.208537608385086
v 0.100000000000001 -0.175 0.217339083552361
v 0.1125 -0.175 0.226434260606766
v 0.125000000000001 -0.175 0.235701903700829
v 0.137500000000001 -0.175 0.245089635252953
v 0.150000000000001 -0.175 0.254647314548492
v 0.162500000000001 -0.175 0.264224201440811
v 0.175000000000001 -0.175 0.273836314678192
v 0.187500000000001 -0.175 0.283468693494797
v 0.200000000000001 -0.175 0.29311928153038
v 0.212500000000001 -0.175 0.302820652723312
v 0.225000000000001 -0.175 0.312617987394333
v 0.237500000000001 -0.175 0.32265642285347
v 0.250000000000001 -0.175 0.333139896392822
v 0.262500000000001 -0.175 0.344450801610947
v 0.275000000000001 -0.175 0.356989353895187
v 0.287500000000001 -0.175 0.371309340000153
v 0.300000000000001 -0.175 0.388051480054855
v 0.312500000000001 -0.175 0.407751560211182
v 0.325000000000001 -0.175 0.430651038885117
v 0.337500000000001 -0.175 0.455876678228378
v 0.350000000000001 -0.175 0.481693238019943
v 0.362500000000001 -0.175 0.505697846412659
v 0.375000000000001 -0.175 0.526073753833771
v 0.387500000000001 -0.175 0.542372405529022
v 0.400000000000001 -0.175 0.554975390434265
v 0.412500000000001 -0.175 0.564238727092743
v 0.425000000000001 -0.175 0.570281505584717
v 0.437500000000001 -0.175 0.573365271091461
v 0.450000000000001 -0.175 0.573985517024994
v 0.462500000000001 -0.175 0.572946965694427
v 0.475000000000001 -0.175 0.570990204811096
v 0.487500000000001 -0.175 0.568782091140747
v 0.500000000000001 -0.175 0.566836059093475
v -0.5 -0.1625 0.547418594360352
v -0.4875 -0.1625 0.57318788766861
v -0.475 -0.1625 0.605073392391205
v -0.4625 -0.1625 0.638873279094696
v -0.45 -0.1625 0.665554225444794
v -0.4375 -0.1625 0.673549175262451
v -0.425 -0.1625 0.653316795825958
v -0.4125 -0.1625 0.602856934070587
v -0.4 -0.1625 0.529792487621307
v -0.3875 -0.1625 0.447695106267929
v -0.375 -0.1625 0.369433879852295
v -0.3625 -0.1625 0.302630692720413
v -0.35 -0.1625 0.249261096119881
v -0.3375 -0.1625 0.20758019387722
v -0.325 -0.1625 0.174770042300224
v -0.3125 -0.1625 0.148479253053665
v -0.3 -0.1625 0.126521751284599
v -0.2875 -0.1625 0.10737170279026
v -0.275 -0.1625 0.0903792828321457
v -0.2625 -0.1625 0.0749245658516884
v -0.25 -0.1625 0.0608178377151489
v -0.2375 -0.1625 0.0479773990809917
v -0.225 -0.1625 0.0366052500903606
v -0.2125 -0.1625 0.027565335854888
v -0.2 -0.1625 0.0224401038140059
v -0.1875 -0.1625 0.0226094666868448
v -0.175 -0.1625 0.0271751824766397
v -0.1625 -0.1625 0.0346620790660381
v -0.15 -0.1625 0.0434052161872387
v -0.1375 -0.1625 0.0527911186218262
v -0.125 -0.1625 0.0623050406575203
v -0.1125 -0.1625 0.0719384327530861
v -0.0999999999999996 -0.1625 0.0815634578466415
v -0.0874999999999996 -0.1625 0.0910992994904518
v -0.0749999999999996 -0.1625 0.100388400256634
v -0.0624999999999996 -0.1625 0.109415724873543
v -0.0499999999999996 -0.1625 0.118221335113049
v -0.0374999999999996 -0.1625 0.126740857958794
v -0.0249999999999996 -0.1625 0.135053619742393
v -0.0124999999999996 -0.1625 0.143120795488358
v 4.44089209850063e-16 -0.1625 0.150978252291679
v 0.0125000000000004 -0.1625 0.158744007349014
v 0.0250000000000005 -0.1625 0.166457340121269
v 0.0375000000000005 -0.1625 0.174129322171211
v 0.0500000000000005 -0.1625 0.181797295808792
v 0.0625000000000004 -0.1625 0.18960790336132
v 0.0750000000000005 -0.1625 0.19767002761364
v 0.0875000000000006 -0.1625 0.205988243222237
v 0.100000000000001 -0.1625 0.214627057313919
v 0.1125 -0.1625 0.223509654402733
v 0.125000000000001 -0.1625 0.232615694403648
v 0.137500000000001 -0.1625 0.241861924529076
v 0.150000000000001 -0.1625 0.251341253519058
v 0.162500000000001 -0.1625 0.260901302099228
v 0.175000000000001 -0.1625 0.270500123500824
v 0.187500000000001 -0.1625 0.280174165964127
v 0.200000000000001 -0.1625 0.289867579936981
v 0.212500000000001 -0.1625 0.299557834863663
v 0.225000000000001 -0.1625 0.309307187795639
v 0.237500000000001 -0.1625 0.319265067577362
v 0.250000000000001 -0.1625 0.329672068357468
v 0.262500000000001 -0.1625 0.340900480747223
v 0.275000000000001 -0.1625 0.35333725810051
v 0.287500000000001 -0.1625 0.367627650499344
v 0.300000000000001 -0.1625 0.38448104262352
v 0.312500000000001 -0.1625 0.404582411050797
v 0.325000000000001 -0.1625 0.428244888782501
v 0.337500000000001 -0.1625 0.454892367124557
v 0.350000000000001 -0.1625 0.48278084397316
v 0.362500000000001 -0.1625 0.509296894073486
v 0.375000000000001 -0.1625 0.532024085521698
v 0.387500000000001 -0.1625 0.549667835235596
v 0.400000000000001 -0.1625 0.562190532684326
v 0.412500000000001 -0.1625 0.570249021053314
v 0.425000000000001 -0.1625 0.574402749538422
v 0.437500000000001 -0.1625 0.57517284154892
v 0.450000000000001 -0.1625 0.57350218296051
v 0.462500000000001 -0.1625 0.570499837398529
v 0.475000000000001 -0.1625 0.567106902599335
v 0.487500000000001 -0.1625 0.564053535461426
v 0.500000000000001 -0.1625 0.561791002750397
v -0.5 -0.15 0.537528514862061
v -0.4875 -0.15 0.560630440711975
v -0.475 -0.15 0.590231418609619
v -0.4625 -0.15 0.623712182044983
v -0.45 -0.15 0.653994381427765
v -0.4375 -0.15 0.670011937618256
v -0.425 -0.15 0.65988290309906
v -0.4125 -0.15 0.617628157138824
v -0.4 -0.15 0.548220753669739
v -0.3875 -0.15 0.465304762125015
v -0.375 -0.15 0.383507639169693
v -0.3625 -0.15 0.312724322080612
v -0.35 -0.15 0.256142348051071
v -0.3375 -0.15 0.212334543466568
v -0.325 -0.15 0.178274229168892
v -0.3125 -0.15 0.151365622878075
v -0.3 -0.15 0.129040881991386
v -0.2875 -0.15 0.110111139714718
v -0.275 -0.15 0.0934744328260422
v -0.2625 -0.15 0.0785316005349159
v -0.25 -0.15 0.0652485489845276
v -0.2375 -0.15 0.0536625981330872
v -0.225 -0.15 0.0440605245530605
v -0.2125 -0.15 0.0371189378201962
v -0.2 -0.15 0.0340231768786907
v -0.1875 -0.15 0.0343696102499962
v -0.175 -0.15 0.0376623831689358
v -0.1625 -0.15 0.0433366410434246
v -0.15 -0.15 0.0507729947566986
v -0.1375 -0.15 0.0589783452451229
v -0.125 -0.15 0.067516565322876
v -0.1125 -0.15 0.0761824399232864
v -0.0999999999999996 -0.15 0.0849151834845543
v -0.0874999999999996 -0.15 0.0936440452933311
v -0.0749999999999996 -0.15 0.102326333522797
v -0.0624999999999996 -0.15 0.110826350748539
v -0.0499999999999996 -0.15 0.119193814694881
v -0.0374999999999996 -0.15 0.127378672361374
v -0.0249999999999996 -0.15 0.135299548506737
v -0.0124999999999996 -0.15 0.143004640936852
v 4.44089209850063e-16 -0.15 0.150616556406021
v 0.0125000000000004 -0.15 0.158204138278961
v 0.0250000000000005 -0.15 0.165706872940063
v 0.0375000000000005 -0.15 0.17315599322319
v 0.0500000000000005 -0.15 0.180616214871407
v 0.0625000000000004 -0.15 0.188198313117027
v 0.0750000000000005 -0.15 0.196002766489983
v 0.0875000000000006 -0.15 0.204136371612549
v 0.100000000000001 -0.15 0.212563276290894
v 0.1125 -0.15 0.221264585852623
v 0.125000000000001 -0.15 0.230176970362663
v 0.137500000000001 -0.15 0.23928701877594
v 0.150000000000001 -0.15 0.24858669936657
v 0.162500000000001 -0.15 0.258000284433365
v 0.175000000000001 -0.15 0.267514318227768
v 0.187500000000001 -0.15 0.277105838060379
v 0.200000000000001 -0.15 0.286700338125229
v 0.212500000000001 -0.15 0.296271413564682
v 0.225000000000001 -0.15 0.305852741003036
v 0.237500000000001 -0.15 0.31559893488884
v 0.250000000000001 -0.15 0.325834035873413
v 0.262500000000001 -0.15 0.336849451065063
v 0.275000000000001 -0.15 0.349092394113541
v 0.287500000000001 -0.15 0.363248944282532
v 0.300000000000001 -0.15 0.380024522542953
v 0.312500000000001 -0.15 0.400200366973877
v 0.325000000000001 -0.15 0.424113899469376
v 0.337500000000001 -0.15 0.451315641403198
v 0.350000000000001 -0.15 0.480261623859406
v 0.362500000000001 -0.15 0.508213996887207
v 0.375000000000001 -0.15 0.532255351543427
v 0.387500000000001 -0.15 0.550277650356293
v 0.400000000000001 -0.15 0.561706483364105
v 0.412500000000001 -0.15 0.56748765707016
v 0.425000000000001 -0.15 0.568964421749115
v 0.437500000000001 -0.15 0.56754457950592
v 0.450000000000001 -0.15 0.56434440612793
v 0.462500000000001 -0.15 0.560480535030365
v 0.475000000000001 -0.15 0.556844294071198
v 0.487500000000001 -0.15 0.554048836231232
v 0.500000000000001 -0.15 0.552396476268768
v -0.5 -0.1375 0.520282030105591
v -0.4875 -0.1375 0.538484334945679
v -0.475 -0.1375 0.562658965587616
v -0.4625 -0.1375 0.591177463531494
v -0.45 -0.1375 0.619060218334198
v -0.4375 -0.1375 0.637474119663239
v -0.425 -0.1375 0.635083496570587
v -0.4125 -0.1375 0.603518664836884
v -0.4 -0.1375 0.543866157531738
v -0.3875 -0.1375 0.467130661010742
v -0.375 -0.1375 0.387844949960709
v -0.3625 -0.1375 0.31732651591301
v -0.35 -0.1375 0.260096222162247
v -0.3375 -0.1375 0.215717121958733
v -0.325 -0.1375 0.181441128253937
v -0.3125 -0.1375 0.154540747404099
v -0.3 -0.1375 0.132558017969131
v -0.2875 -0.1375 0.114026449620724
v -0.275 -0.1375 0.0980089530348778
v -0.2625 -0.1375 0.0839943885803223
v -0.25 -0.1375 0.0718831270933151
v -0.2375 -0.1375 0.0617264211177826
v -0.225 -0.1375 0.0535992942750454
v -0.2125 -0.1375 0.0481266975402832
v -0.2 -0.1375 0.0459553450345993
v -0.1875 -0.1375 0.0464026890695095
v -0.175 -0.1375 0.0488140843808651
v -0.1625 -0.1375 0.0533936209976673
v -0.15 -0.1375 0.0593382231891155
v -0.1375 -0.1375 0.0664397701621056
v -0.125 -0.1375 0.0740624889731407
v -0.1125 -0.1375 0.0818985104560852
v -0.0999999999999996 -0.1375 0.0896978229284286
v -0.0874999999999996 -0.1375 0.0974892377853394
v -0.0749999999999996 -0.1375 0.105356074869633
v -0.0624999999999996 -0.1375 0.113179877400398
v -0.0499999999999996 -0.1375 0.120954051613808
v -0.0374999999999996 -0.1375 0.128723964095116
v -0.0249999999999996 -0.1375 0.136325404047966
v -0.0124999999999996 -0.1375 0.143745824694633
v 4.44089209850063e-16 -0.1375 0.15111780166626
v 0.0125000000000004 -0.1375 0.15843853354454
v 0.0250000000000005 -0.1375 0.165686562657356
v 0.0375000000000005 -0.1375 0.172934859991074
v 0.0500000000000005 -0.1375 0.180237337946892
v 0.0625000000000004 -0.1375 0.187638029456139
v 0.0750000000000005 -0.1375 0.195202052593231
v 0.0875000000000006 -0.1375 0.203072711825371
v 0.100000000000001 -0.1375 0.211293011903763
v 0.1125 -0.1375 0.219793513417244
v 0.125000000000001 -0.1375 0.228461533784866
v 0.137500000000001 -0.1375 0.237355574965477
v 0.150000000000001 -0.1375 0.246426567435265
v 0.162500000000001 -0.1375 0.255664974451065
v 0.175000000000001 -0.1375 0.264964401721954
v 0.187500000000001 -0.1375 0.274336248636246
v 0.200000000000001 -0.1375 0.283712863922119
v 0.212500000000001 -0.1375 0.293020099401474
v 0.225000000000001 -0.1375 0.302378505468369
v 0.237500000000001 -0.1375 0.311875879764557
v 0.250000000000001 -0.1375 0.321825295686722
v 0.262500000000001 -0.1375 0.332540690898895
v 0.275000000000001 -0.1375 0.344531685113907
v 0.287500000000001 -0.1375 0.35845011472702
v 0.300000000000001 -0.1375 0.374959945678711
v 0.312500000000001 -0.1375 0.394808858633041
v 0.325000000000001 -0.1375 0.418344885110855
v 0.337500000000001 -0.1375 0.445172399282455
v 0.350000000000001 -0.1375 0.473876863718033
v 0.362500000000001 -0.1375 0.501854717731476
v 0.375000000000001 -0.1375 0.525887191295624
v 0.387500000000001 -0.1375 0.5432009100914
v 0.400000000000001 -0.1375 0.552789390087128
v 0.412500000000001 -0.1375 0.555884957313538
v 0.425000000000001 -0.1375 0.554725408554077
v 0.437500000000001 -0.1375 0.551164329051971
v 0.450000000000001 -0.1375 0.546841263771057
v 0.462500000000001 -0.1375 0.542699456214905
v 0.475000000000001 -0.1375 0.539536416530609
v 0.487500000000001 -0.1375 0.537743866443634
v 0.500000000000001 -0.1375 0.537459552288055
v -0.5 -0.125 0.500950992107391
v -0.4875 -0.125 0.513490796089172
v -0.475 -0.125 0.530857264995575
v -0.4625 -0.125 0.552090764045715
v -0.45 -0.125 0.57374632358551
v -0.4375 -0.125 0.589389503002167
v -0.425 -0.125 0.589969456195831
v -0.4125 -0.125 0.567185819149017
v -0.4 -0.125 0.519225716590881
v -0.3875 -0.125 0.453347682952881
v -0.375 -0.125 0.381912708282471
v -0.3625 -0.125 0.315913766622543
v -0.35 -0.125 0.260957986116409
v -0.3375 -0.125 0.217662528157234
v -0.325 -0.125 0.184096857905388
v -0.3125 -0.125 0.1578429043293
v -0.3 -0.125 0.136865764856339
v -0.2875 -0.125 0.119315981864929
v -0.275 -0.125 0.104158006608486
v -0.2625 -0.125 0.0911629721522331
v -0.25 -0.125 0.080327682197094
v -0.2375 -0.125 0.0713272914290428
v -0.225 -0.125 0.0642860978841782
v -0.2125 -0.125 0.0600695908069611
v -0.2 -0.125 0.058249045163393
v -0.1875 -0.125 0.058682706207037
v -0.175 -0.125 0.0605800822377205
v -0.1625 -0.125 0.0641817823052406
v -0.15 -0.125 0.0690041109919548
v -0.1375 -0.125 0.07494106143713
v -0.125 -0.125 0.0815275833010674
v -0.1125 -0.125 0.0885321721434593
v -0.0999999999999996 -0.125 0.0956791192293167
v -0.0874999999999996 -0.125 0.102763749659061
v -0.0749999999999996 -0.125 0.10976018756628
v -0.0624999999999996 -0.125 0.116826079785824
v -0.0499999999999996 -0.125 0.123924925923347
v -0.0374999999999996 -0.125 0.131140574812889
v -0.0249999999999996 -0.125 0.138265445828438
v -0.0124999999999996 -0.125 0.145373836159706
v 4.44089209850063e-16 -0.125 0.152425527572632
v 0.0125000000000004 -0.125 0.159460887312889
v 0.0250000000000005 -0.125 0.16643463075161
v 0.0375000000000005 -0.125 0.17347264289856
v 0.0500000000000005 -0.125 0.180582106113434
v 0.0625000000000004 -0.125 0.18778395652771
v 0.0750000000000005 -0.125 0.195193007588387
v 0.0875000000000006 -0.125 0.202863648533821
v 0.100000000000001 -0.125 0.210864782333374
v 0.1125 -0.125 0.219133496284485
v 0.125000000000001 -0.125 0.227582931518555
v 0.137500000000001 -0.125 0.236188098788261
v 0.150000000000001 -0.125 0.244991764426231
v 0.162500000000001 -0.125 0.253904312849045
v 0.175000000000001 -0.125 0.262934446334839
v 0.187500000000001 -0.125 0.271973937749863
v 0.200000000000001 -0.125 0.281019389629364
v 0.212500000000001 -0.125 0.290064632892609
v 0.225000000000001 -0.125 0.299098789691925
v 0.237500000000001 -0.125 0.308284252882004
v 0.250000000000001 -0.125 0.317938089370728
v 0.262500000000001 -0.125 0.328382968902588
v 0.275000000000001 -0.125 0.340029060840607
v 0.287500000000001 -0.125 0.353547364473343
v 0.300000000000001 -0.125 0.369609355926514
v 0.312500000000001 -0.125 0.388860762119293
v 0.325000000000001 -0.125 0.411562263965607
v 0.337500000000001 -0.125 0.437372595071793
v 0.350000000000001 -0.125 0.464980185031891
v 0.362500000000001 -0.125 0.492097467184067
v 0.375000000000001 -0.125 0.515568912029266
v 0.387500000000001 -0.125 0.532371699810028
v 0.400000000000001 -0.125 0.541084825992584
v 0.412500000000001 -0.125 0.542843163013458
v 0.425000000000001 -0.125 0.54002445936203
v 0.437500000000001 -0.125 0.534847676753998
v 0.450000000000001 -0.125 0.529038369655609
v 0.462500000000001 -0.125 0.523900032043457
v 0.475000000000001 -0.125 0.520311772823334
v 0.487500000000001 -0.125 0.518667340278625
v 0.500000000000001 -0.125 0.519079506397247
v -0.5 -0.1125 0.482664674520493
v -0.4875 -0.1125 0.489968031644821
v -0.475 -0.1125 0.500658750534058
v -0.4625 -0.1125 0.51411497592926
v -0.45 -0.1125 0.528060615062714
v -0.4375 -0.1125 0.538143873214722
v -0.425 -0.1125 0.537823140621185
v -0.4125 -0.1125 0.520326375961304
v -0.4 -0.1125 0.482766926288605
v -0.3875 -0.1125 0.429006576538086
v -0.375 -0.1125 0.368301123380661
v -0.3625 -0.1125 0.309804290533066
v -0.35 -0.1125 0.259399384260178
v -0.3375 -0.1125 0.218774631619453
v -0.325 -0.1125 0.186736911535263
v -0.3125 -0.1125 0.162018954753876
v -0.3 -0.1125 0.142256796360016
v -0.2875 -0.1125 0.125714883208275
v -0.275 -0.1125 0.111604906618595
v -0.2625 -0.1125 0.099669948220253
v -0.25 -0.1125 0.0900626331567764
v -0.2375 -0.1125 0.0819380432367325
v -0.225 -0.1125 0.0758914276957512
v -0.2125 -0.1125 0.072404570877552
v -0.2 -0.1125 0.0708506628870964
v -0.1875 -0.1125 0.0711417496204376
v -0.175 -0.1125 0.0727071911096573
v -0.1625 -0.1125 0.0756200328469276
v -0.15 -0.1125 0.0795348063111305
v -0.1375 -0.1125 0.084399476647377
v -0.125 -0.1125 0.0900410413742065
v -0.1125 -0.1125 0.0961117669939995
v -0.0999999999999996 -0.1125 0.102515794336796
v -0.0874999999999996 -0.1125 0.108908586204052
v -0.0749999999999996 -0.1125 0.11530651897192
v -0.0624999999999996 -0.1125 0.121639482676983
v -0.0499999999999996 -0.1125 0.128139540553093
v -0.0374999999999996 -0.1125 0.134700864553452
v -0.0249999999999996 -0.1125 0.141382545232773
v -0.0124999999999996 -0.1125 0.148054048418999
v 4.44089209850063e-16 -0.1125 0.154730573296547
v 0.0125000000000004 -0.1125 0.161433681845665
v 0.0250000000000005 -0.1125 0.168127879500389
v 0.0375000000000005 -0.1125 0.174900203943253
v 0.0500000000000005 -0.1125 0.181803673505783
v 0.0625000000000004 -0.1125 0.188858553767204
v 0.0750000000000005 -0.1125 0.196074649691582
v 0.0875000000000006 -0.1125 0.203536942601204
v 0.100000000000001 -0.1125 0.211279794573784
v 0.1125 -0.1125 0.219221457839012
v 0.125000000000001 -0.1125 0.227390795946121
v 0.137500000000001 -0.1125 0.235705658793449
v 0.150000000000001 -0.1125 0.244220733642578
v 0.162500000000001 -0.1125 0.25283008813858
v 0.175000000000001 -0.1125 0.261427938938141
v 0.187500000000001 -0.1125 0.270124226808548
v 0.200000000000001 -0.1125 0.278818100690842
v 0.212500000000001 -0.1125 0.287484705448151
v 0.225000000000001 -0.1125 0.296181917190552
v 0.237500000000001 -0.1125 0.305047780275345
v 0.250000000000001 -0.1125 0.314435929059982
v 0.262500000000001 -0.1125 0.324573576450348
v 0.275000000000001 -0.1125 0.335898131132126
v 0.287500000000001 -0.1125 0.348973363637924
v 0.300000000000001 -0.1125 0.364474177360535
v 0.312500000000001 -0.1125 0.382955640554428
v 0.325000000000001 -0.1125 0.404573917388916
v 0.337500000000001 -0.1125 0.428920477628708
v 0.350000000000001 -0.1125 0.454802602529526
v 0.362500000000001 -0.1125 0.480348497629166
v 0.375000000000001 -0.1125 0.50277704000473
v 0.387500000000001 -0.1125 0.51924604177475
v 0.400000000000001 -0.1125 0.528362929821014
v 0.412500000000001 -0.1125 0.530845582485199
v 0.425000000000001 -0.1125 0.528584659099579
v 0.437500000000001 -0.1125 0.523595094680786
v 0.450000000000001 -0.1125 0.517446100711823
v 0.462500000000001 -0.1125 0.511450946331024
v 0.475000000000001 -0.1125 0.506674647331238
v 0.487500000000001 -0.1125 0.503863751888275
v 0.500000000000001 -0.1125 0.503306090831757
v -0.5 -0.0999999999999996 0.466721624135971
v -0.4875 -0.0999999999999996 0.469618707895279
v -0.475 -0.0999999999999996 0.474570900201797
v -0.4625 -0.0999999999999996 0.481002897024155
v -0.45 -0.0999999999999996 0.48741814494133
v -0.4375 -0.0999999999999996 0.4910688996315
v -0.425 -0.0999999999999996 0.487709522247314
v -0.4125 -0.0999999999999996 0.472671329975128
v -0.4 -0.0999999999999996 0.442990779876709
v -0.3875 -0.0999999999999996 0.400265038013458
v -0.375 -0.0999999999999996 0.350534677505493
v -0.3625 -0.0999999999999996 0.300994068384171
v -0.35 -0.0999999999999996 0.256638616323471
v -0.3375 -0.0999999999999996 0.219629675149918
v -0.325 -0.0999999999999996 0.190140709280968
v -0.3125 -0.0999999999999996 0.16697895526886
v -0.3 -0.0999999999999996 0.148463293910027
v -0.2875 -0.0999999999999996 0.133026659488678
v -0.275 -0.0999999999999996 0.120255880057812
v -0.2625 -0.0999999999999996 0.109582141041756
v -0.25 -0.0999999999999996 0.100659884512424
v -0.2375 -0.0999999999999996 0.0933217853307724
v -0.225 -0.0999999999999996 0.0882443338632584
v -0.2125 -0.0999999999999996 0.084969162940979
v -0.2 -0.0999999999999996 0.0836114585399628
v -0.1875 -0.0999999999999996 0.0837409198284149
v -0.175 -0.0999999999999996 0.0850217863917351
v -0.1625 -0.0999999999999996 0.0874341353774071
v -0.15 -0.0999999999999996 0.0906360074877739
v -0.1375 -0.0999999999999996 0.094561867415905
v -0.125 -0.0999999999999996 0.0993758589029312
v -0.1125 -0.0999999999999996 0.104657910764217
v -0.0999999999999996 -0.0999999999999996 0.110241822898388
v -0.0874999999999996 -0.0999999999999996 0.115975737571716
v -0.0749999999999996 -0.0999999999999996 0.121754817664623
v -0.0624999999999996 -0.0999999999999996 0.127551555633545
v -0.0499999999999996 -0.0999999999999996 0.133400559425354
v -0.0374999999999996 -0.0999999999999996 0.139431312680244
v -0.0249999999999996 -0.0999999999999996 0.145627900958061
v -0.0124999999999996 -0.0999999999999996 0.151803463697433
v 4.44089209850063e-16 -0.0999999999999996 0.158038005232811
v 0.0125000000000004 -0.0999999999999996 0.164401710033417
v 0.0250000000000005 -0.0999999999999996 0.170817896723747
v 0.0375000000000005 -0.0999999999999996 0.177378371357918
v 0.0500000000000005 -0.0999999999999996 0.184072360396385
v 0.0625000000000004 -0.0999999999999996 0.190890118479729
v 0.0750000000000005 -0.0999999999999996 0.19785875082016
v 0.0875000000000006 -0.0999999999999996 0.205020308494568
v 0.100000000000001 -0.0999999999999996 0.21241307258606
v 0.1125 -0.0999999999999996 0.220061615109444
v 0.125000000000001 -0.0999999999999996 0.227852135896683
v 0.137500000000001 -0.0999999999999996 0.235922455787659
v 0.150000000000001 -0.0999999999999996 0.24413488805294
v 0.162500000000001 -0.0999999999999996 0.252397119998932
v 0.175000000000001 -0.0999999999999996 0.260591417551041
v 0.187500000000001 -0.0999999999999996 0.268843352794647
v 0.200000000000001 -0.0999999999999996 0.277099043130875
v 0.212500000000001 -0.0999999999999996 0.285429656505585
v 0.225000000000001 -0.0999999999999996 0.293801307678223
v 0.237500000000001 -0.0999999999999996 0.302392095327377
v 0.250000000000001 -0.0999999999999996 0.311486810445786
v 0.262500000000001 -0.0999999999999996 0.321346372365952
v 0.275000000000001 -0.0999999999999996 0.332348018884659
v 0.287500000000001 -0.0999999999999996 0.345001369714737
v 0.300000000000001 -0.0999999999999996 0.359884560108185
v 0.312500000000001 -0.0999999999999996 0.377526253461838
v 0.325000000000001 -0.0999999999999996 0.397874921560287
v 0.337500000000001 -0.0999999999999996 0.42055144906044
v 0.350000000000001 -0.0999999999999996 0.444526970386505
v 0.362500000000001 -0.0999999999999996 0.468195825815201
v 0.375000000000001 -0.0999999999999996 0.489222258329391
v 0.387500000000001 -0.0999999999999996 0.505124509334564
v 0.400000000000001 -0.0999999999999996 0.514660835266113
v 0.412500000000001 -0.0999999999999996 0.518254399299622
v 0.425000000000001 -0.0999999999999996 0.517396211624146
v 0.437500000000001 -0.0999999999999996 0.513773918151855
v 0.450000000000001 -0.0999999999999996 0.50877058506012
v 0.462500000000001 -0.0999999999999996 0.503548264503479
v 0.475000000000001 -0.0999999999999996 0.498941510915756
v 0.487500000000001 -0.0999999999999996 0.495625734329224
v 0.500000000000001 -0.0999999999999996 0.493974834680557
v -0.5 -0.0874999999999996 0.453321039676666
v -0.4875 -0.0874999999999996 0.452662795782089
v -0.475 -0.0874999999999996 0.453019350767136
v -0.4625 -0.0874999999999996 0.45377779006958
v -0.45 -0.0874999999999996 0.453863143920898
v -0.4375 -0.0874999999999996 0.45159187912941
v -0.425 -0.0874999999999996 0.444543927907944
v -0.4125 -0.0874999999999996 0.430076509714127
v -0.4 -0.0874999999999996 0.405757993459702
v -0.3875 -0.0874999999999996 0.371919572353363
v -0.375 -0.0874999999999996 0.332131206989288
v -0.3625 -0.0874999999999996 0.291274875402451
v -0.35 -0.0874999999999996 0.253467291593552
v -0.3375 -0.0874999999999996 0.221012577414513
v -0.325 -0.0874999999999996 0.194377660751343
v -0.3125 -0.0874999999999996 0.172987028956413
v -0.3 -0.0874999999999996 0.155614972114563
v -0.2875 -0.0874999999999996 0.141525611281395
v -0.275 -0.0874999999999996 0.129897236824036
v -0.2625 -0.0874999999999996 0.120156049728394
v -0.25 -0.0874999999999996 0.111972473561764
v -0.2375 -0.0874999999999996 0.105421006679535
v -0.225 -0.0874999999999996 0.100964657962322
v -0.2125 -0.0874999999999996 0.0979010239243507
v -0.2 -0.0874999999999996 0.0965209975838661
v -0.1875 -0.0874999999999996 0.09641482681036
v -0.175 -0.0874999999999996 0.0974302813410759
v -0.1625 -0.0874999999999996 0.0993958041071892
v -0.15 -0.0874999999999996 0.102112345397472
v -0.1375 -0.0874999999999996 0.105347350239754
v -0.125 -0.0874999999999996 0.109310887753963
v -0.1125 -0.0874999999999996 0.113804869353771
v -0.0999999999999996 -0.0874999999999996 0.118739202618599
v -0.0874999999999996 -0.0874999999999996 0.123829245567322
v -0.0749999999999996 -0.0874999999999996 0.129033908247948
v -0.0624999999999996 -0.0874999999999996 0.13428883254528
v -0.0499999999999996 -0.0874999999999996 0.139619007706642
v -0.0374999999999996 -0.0874999999999996 0.145185485482216
v -0.0249999999999996 -0.0874999999999996 0.150880321860313
v -0.0124999999999996 -0.0874999999999996 0.156681761145592
v 4.44089209850063e-16 -0.0874999999999996 0.162542283535004
v 0.0125000000000004 -0.0874999999999996 0.16850845515728
v 0.0250000000000005 -0.0874999999999996 0.174645692110062
v 0.0375000000000005 -0.0874999999999996 0.180928990244865
v 0.0500000000000005 -0.0874999999999996 0.18730416893959
v 0.0625000000000004 -0.0874999999999996 0.193822279572487
v 0.0750000000000005 -0.0874999999999996 0.200489863753319
v 0.0875000000000006 -0.0874999999999996 0.207335516810417
v 0.100000000000001 -0.0874999999999996 0.214407131075859
v 0.1125 -0.0874999999999996 0.221685454249382
v 0.125000000000001 -0.0874999999999996 0.229192212224007
v 0.137500000000001 -0.0874999999999996 0.236852988600731
v 0.150000000000001 -0.0874999999999996 0.244693636894226
v 0.162500000000001 -0.0874999999999996 0.252545475959778
v 0.175000000000001 -0.0874999999999996 0.260369300842285
v 0.187500000000001 -0.0874999999999996 0.268188148736954
v 0.200000000000001 -0.0874999999999996 0.275986343622208
v 0.212500000000001 -0.0874999999999996 0.283915162086487
v 0.225000000000001 -0.0874999999999996 0.291978031396866
v 0.237500000000001 -0.0874999999999996 0.3003269135952
v 0.250000000000001 -0.0874999999999996 0.309176445007324
v 0.262500000000001 -0.0874999999999996 0.318778932094574
v 0.275000000000001 -0.0874999999999996 0.329475104808807
v 0.287500000000001 -0.0874999999999996 0.34171587228775
v 0.300000000000001 -0.0874999999999996 0.35598224401474
v 0.312500000000001 -0.0874999999999996 0.372696220874786
v 0.325000000000001 -0.0874999999999996 0.391815334558487
v 0.337500000000001 -0.0874999999999996 0.412894457578659
v 0.350000000000001 -0.0874999999999996 0.435107052326202
v 0.362500000000001 -0.0874999999999996 0.457019150257111
v 0.375000000000001 -0.0874999999999996 0.476571410894394
v 0.387500000000001 -0.0874999999999996 0.491778045892715
v 0.400000000000001 -0.0874999999999996 0.5015509724617
v 0.412500000000001 -0.0874999999999996 0.50608766078949
v 0.425000000000001 -0.0874999999999996 0.50653475522995
v 0.437500000000001 -0.0874999999999996 0.504312217235565
v 0.450000000000001 -0.0874999999999996 0.500660717487335
v 0.462500000000001 -0.0874999999999996 0.496604055166245
v 0.475000000000001 -0.0874999999999996 0.492934286594391
v 0.487500000000001 -0.0874999999999996 0.490173101425171
v 0.500000000000001 -0.0874999999999996 0.488591969013214
v -0.5 -0.0749999999999996 0.442347258329391
v -0.4875 -0.0749999999999996 0.438823699951172
v -0.475 -0.0749999999999996 0.435557097196579
v -0.4625 -0.0749999999999996 0.431999027729034
v -0.45 -0.0749999999999996 0.427280992269516
v -0.4375 -0.0749999999999996 0.420424520969391
v -0.425 -0.0749999999999996 0.41019806265831
v -0.4125 -0.0749999999999996 0.395219564437866
v -0.4 -0.0749999999999996 0.374257504940033
v -0.3875 -0.0749999999999996 0.347057104110718
v -0.375 -0.0749999999999996 0.315373182296753
v -0.3625 -0.0749999999999996 0.28224965929985
v -0.35 -0.0749999999999996 0.250801652669907
v -0.3375 -0.0749999999999996 0.222845986485481
v -0.325 -0.0749999999999996 0.199161231517792
v -0.3125 -0.0749999999999996 0.179822012782097
v -0.3 -0.0749999999999996 0.164045378565788
v -0.2875 -0.0749999999999996 0.151116013526917
v -0.275 -0.0749999999999996 0.140288770198822
v -0.2625 -0.0749999999999996 0.131310865283012
v -0.25 -0.0749999999999996 0.123911239206791
v -0.2375 -0.0749999999999996 0.118124820291996
v -0.225 -0.0749999999999996 0.113960742950439
v -0.2125 -0.0749999999999996 0.111014746129513
v -0.2 -0.0749999999999996 0.109486244618893
v -0.1875 -0.0749999999999996 0.109183572232723
v -0.175 -0.0749999999999996 0.109844855964184
v -0.1625 -0.0749999999999996 0.111404709517956
v -0.15 -0.0749999999999996 0.113685846328735
v -0.1375 -0.0749999999999996 0.116436995565891
v -0.125 -0.0749999999999996 0.119641065597534
v -0.1125 -0.0749999999999996 0.12354090064764
v -0.0999999999999996 -0.0749999999999996 0.12787900865078
v -0.0874999999999996 -0.0749999999999996 0.132433250546455
v -0.0749999999999996 -0.0749999999999996 0.137111067771912
v -0.0624999999999996 -0.0749999999999996 0.141898140311241
v -0.0499999999999996 -0.0749999999999996 0.14679266512394
v -0.0374999999999996 -0.0749999999999996 0.15190227329731
v -0.0249999999999996 -0.0749999999999996 0.157162040472031
v -0.0124999999999996 -0.0749999999999996 0.16259203851223
v 4.44089209850063e-16 -0.0749999999999996 0.168113514780998
v 0.0125000000000004 -0.0749999999999996 0.173786386847496
v 0.0250000000000005 -0.0749999999999996 0.179538294672966
v 0.0375000000000005 -0.0749999999999996 0.18543441593647
v 0.0500000000000005 -0.0749999999999996 0.191514641046524
v 0.0625000000000004 -0.0749999999999996 0.197710976004601
v 0.0750000000000005 -0.0749999999999996 0.204039245843887
v 0.0875000000000006 -0.0749999999999996 0.210547491908073
v 0.100000000000001 -0.0749999999999996 0.217281892895699
v 0.1125 -0.0749999999999996 0.224277213215828
v 0.125000000000001 -0.0749999999999996 0.231419041752815
v 0.137500000000001 -0.0749999999999996 0.238628849387169
v 0.150000000000001 -0.0749999999999996 0.245958849787712
v 0.162500000000001 -0.0749999999999996 0.25339213013649
v 0.175000000000001 -0.0749999999999996 0.260779827833176
v 0.187500000000001 -0.0749999999999996 0.268151044845581
v 0.200000000000001 -0.0749999999999996 0.275568693876266
v 0.212500000000001 -0.0749999999999996 0.283066004514694
v 0.225000000000001 -0.0749999999999996 0.290855795145035
v 0.237500000000001 -0.0749999999999996 0.298908919095993
v 0.250000000000001 -0.0749999999999996 0.307494223117828
v 0.262500000000001 -0.0749999999999996 0.316841423511505
v 0.275000000000001 -0.0749999999999996 0.327270984649658
v 0.287500000000001 -0.0749999999999996 0.339092075824738
v 0.300000000000001 -0.0749999999999996 0.352765649557114
v 0.312500000000001 -0.0749999999999996 0.368610620498657
v 0.325000000000001 -0.0749999999999996 0.386617541313171
v 0.337500000000001 -0.0749999999999996 0.406333267688751
v 0.350000000000001 -0.0749999999999996 0.426960557699203
v 0.362500000000001 -0.0749999999999996 0.4472935795784
v 0.375000000000001 -0.0749999999999996 0.465554803609848
v 0.387500000000001 -0.0749999999999996 0.48009118437767
v 0.400000000000001 -0.0749999999999996 0.489973992109299
v 0.412500000000001 -0.0749999999999996 0.495282649993896
v 0.425000000000001 -0.0749999999999996 0.496897786855698
v 0.437500000000001 -0.0749999999999996 0.495918333530426
v 0.450000000000001 -0.0749999999999996 0.4934361577034
v 0.462500000000001 -0.0749999999999996 0.490399837493896
v 0.475000000000001 -0.0749999999999996 0.487557232379913
v 0.487500000000001 -0.0749999999999996 0.485441356897354
v 0.500000000000001 -0.0749999999999996 0.484288781881332
v -0.5 -0.0624999999999996 0.433668613433838
v -0.4875 -0.0624999999999996 0.427770614624023
v -0.475 -0.0624999999999996 0.421734541654587
v -0.4625 -0.0624999999999996 0.414921969175339
v -0.45 -0.0624999999999996 0.406717985868454
v -0.4375 -0.0624999999999996 0.396596997976303
v -0.425 -0.0624999999999996 0.384035289287567
v -0.4125 -0.0624999999999996 0.368525892496109
v -0.4 -0.0624999999999996 0.34957355260849
v -0.3875 -0.0624999999999996 0.32701501250267
v -0.375 -0.0624999999999996 0.301685899496078
v -0.3625 -0.0624999999999996 0.275080174207687
v -0.35 -0.0624999999999996 0.249068364500999
v -0.3375 -0.0624999999999996 0.225317224860191
v -0.325 -0.0624999999999996 0.2047199010849
v -0.3125 -0.0624999999999996 0.187452659010887
v -0.3 -0.0624999999999996 0.172983437776566
v -0.2875 -0.0624999999999996 0.161150246858597
v -0.275 -0.0624999999999996 0.151302441954613
v -0.2625 -0.0624999999999996 0.143002912402153
v -0.25 -0.0624999999999996 0.136423751711845
v -0.2375 -0.0624999999999996 0.1311976313591
v -0.225 -0.0624999999999996 0.127236887812614
v -0.2125 -0.0624999999999996 0.124293021857738
v -0.2 -0.0624999999999996 0.122510634362698
v -0.1875 -0.0624999999999996 0.121964268386364
v -0.175 -0.0624999999999996 0.12233229726553
v -0.1625 -0.0624999999999996 0.123443521559238
v -0.15 -0.0624999999999996 0.125352144241333
v -0.1375 -0.0624999999999996 0.127648428082466
v -0.125 -0.0624999999999996 0.130364835262299
v -0.1125 -0.0624999999999996 0.133677393198013
v -0.0999999999999996 -0.0624999999999996 0.137445688247681
v -0.0874999999999996 -0.0624999999999996 0.141485661268234
v -0.0749999999999996 -0.0624999999999996 0.145711109042168
v -0.0624999999999996 -0.0624999999999996 0.150108620524406
v -0.0499999999999996 -0.0624999999999996 0.154641270637512
v -0.0374999999999996 -0.0624999999999996 0.159346386790276
v -0.0249999999999996 -0.0624999999999996 0.164272740483284
v -0.0124999999999996 -0.0624999999999996 0.169351682066917
v 4.44089209850063e-16 -0.0624999999999996 0.174592643976212
v 0.0125000000000004 -0.0624999999999996 0.179934173822403
v 0.0250000000000005 -0.0624999999999996 0.185404032468796
v 0.0375000000000005 -0.0624999999999996 0.190957263112068
v 0.0500000000000005 -0.0624999999999996 0.196674346923828
v 0.0625000000000004 -0.0624999999999996 0.202536299824715
v 0.0750000000000005 -0.0624999999999996 0.208594992756844
v 0.0875000000000006 -0.0624999999999996 0.214785814285278
v 0.100000000000001 -0.0624999999999996 0.221196204423904
v 0.1125 -0.0624999999999996 0.227805331349373
v 0.125000000000001 -0.0624999999999996 0.234470888972282
v 0.137500000000001 -0.0624999999999996 0.24119333922863
v 0.150000000000001 -0.0624999999999996 0.247985556721687
v 0.162500000000001 -0.0624999999999996 0.254870414733887
v 0.175000000000001 -0.0624999999999996 0.261784642934799
v 0.187500000000001 -0.0624999999999996 0.268714636564255
v 0.200000000000001 -0.0624999999999996 0.275738537311554
v 0.212500000000001 -0.0624999999999996 0.282834738492966
v 0.225000000000001 -0.0624999999999996 0.290312826633453
v 0.237500000000001 -0.0624999999999996 0.298163950443268
v 0.250000000000001 -0.0624999999999996 0.306529492139816
v 0.262500000000001 -0.0624999999999996 0.315687984228134
v 0.275000000000001 -0.0624999999999996 0.325776129961014
v 0.287500000000001 -0.0624999999999996 0.337208420038223
v 0.300000000000001 -0.0624999999999996 0.350292474031448
v 0.312500000000001 -0.0624999999999996 0.365330904722214
v 0.325000000000001 -0.0624999999999996 0.382286101579666
v 0.337500000000001 -0.0624999999999996 0.400819838047028
v 0.350000000000001 -0.0624999999999996 0.420124262571335
v 0.362500000000001 -0.0624999999999996 0.439135164022446
v 0.375000000000001 -0.0624999999999996 0.456280618906021
v 0.387500000000001 -0.0624999999999996 0.470174074172974
v 0.400000000000001 -0.0624999999999996 0.480069845914841
v 0.412500000000001 -0.0624999999999996 0.486009448766708
v 0.425000000000001 -0.0624999999999996 0.48864957690239
v 0.437500000000001 -0.0624999999999996 0.488807201385498
v 0.450000000000001 -0.0624999999999996 0.487397193908691
v 0.462500000000001 -0.0624999999999996 0.485236883163452
v 0.475000000000001 -0.0624999999999996 0.483025848865509
v 0.487500000000001 -0.0624999999999996 0.48133060336113
v 0.500000000000001 -0.0624999999999996 0.480443954467773
v -0.5 -0.0499999999999996 0.427216440439224
v -0.4875 -0.0499999999999996 0.41928443312645
v -0.475 -0.0499999999999996 0.410979747772217
v -0.4625 -0.0499999999999996 0.40171405673027
v -0.45 -0.0499999999999996 0.391020387411118
v -0.4375 -0.0499999999999996 0.378708124160767
v -0.425 -0.0499999999999996 0.36475071310997
v -0.4125 -0.0499999999999996 0.348956793546677
v -0.4 -0.0499999999999996 0.331461519002914
v -0.3875 -0.0499999999999996 0.312117993831635
v -0.375 -0.0499999999999996 0.291347652673721
v -0.3625 -0.0499999999999996 0.269906103610992
v -0.35 -0.0499999999999996 0.248609408736229
v -0.3375 -0.0499999999999996 0.228611022233963
v -0.325 -0.0499999999999996 0.210660219192505
v -0.3125 -0.0499999999999996 0.195367053151131
v -0.3 -0.0499999999999996 0.182374328374863
v -0.2875 -0.0499999999999996 0.17171736061573
v -0.275 -0.0499999999999996 0.162756964564323
v -0.2625 -0.0499999999999996 0.155328676104546
v -0.25 -0.0499999999999996 0.149215027689934
v -0.2375 -0.0499999999999996 0.144458413124084
v -0.225 -0.0499999999999996 0.140670225024223
v -0.2125 -0.0499999999999996 0.137669309973717
v -0.2 -0.0499999999999996 0.135618880391121
v -0.1875 -0.0499999999999996 0.134764105081558
v -0.175 -0.0499999999999996 0.134813830256462
v -0.1625 -0.0499999999999996 0.135517507791519
v -0.15 -0.0499999999999996 0.137007266283035
v -0.1375 -0.0499999999999996 0.138910204172134
v -0.125 -0.0499999999999996 0.141198560595512
v -0.1125 -0.0499999999999996 0.144004926085472
v -0.0999999999999996 -0.0499999999999996 0.147335886955261
v -0.0874999999999996 -0.0499999999999996 0.150955244898796
v -0.0749999999999996 -0.0499999999999996 0.154811605811119
v -0.0624999999999996 -0.0499999999999996 0.158794164657593
v -0.0499999999999996 -0.0499999999999996 0.163005694746971
v -0.0374999999999996 -0.0499999999999996 0.167417079210281
v -0.0249999999999996 -0.0499999999999996 0.171991094946861
v -0.0124999999999996 -0.0499999999999996 0.176770642399788
v 4.44089209850063e-16 -0.0499999999999996 0.181781992316246
v 0.0125000000000004 -0.0499999999999996 0.186906412243843
v 0.0250000000000005 -0.0499999999999996 0.192139193415642
v 0.0375000000000005 -0.0499999999999996 0.197447702288628
v 0.0500000000000005 -0.0499999999999996 0.202837109565735
v 0.0625000000000004 -0.0499999999999996 0.208365067839622
v 0.0750000000000005 -0.0499999999999996 0.214044332504272
v 0.0875000000000006 -0.0499999999999996 0.219923377037048
v 0.100000000000001 -0.0499999999999996 0.225958630442619
v 0.1125 -0.0499999999999996 0.232082843780518
v 0.125000000000001 -0.0499999999999996 0.23825803399086
v 0.137500000000001 -0.0499999999999996 0.244464322924614
v 0.150000000000001 -0.0499999999999996 0.250704914331436
v 0.162500000000001 -0.0499999999999996 0.256978243589401
v 0.175000000000001 -0.0499999999999996 0.263352930545807
v 0.187500000000001 -0.0499999999999996 0.269818335771561
v 0.200000000000001 -0.0499999999999996 0.276400059461594
v 0.212500000000001 -0.0499999999999996 0.28318789601326
v 0.225000000000001 -0.0499999999999996 0.290372461080551
v 0.237500000000001 -0.0499999999999996 0.298017024993896
v 0.250000000000001 -0.0499999999999996 0.306189119815826
v 0.262500000000001 -0.0499999999999996 0.315052807331085
v 0.275000000000001 -0.0499999999999996 0.324866205453873
v 0.287500000000001 -0.0499999999999996 0.335871636867523
v 0.300000000000001 -0.0499999999999996 0.348412334918976
v 0.312500000000001 -0.0499999999999996 0.362716883420944
v 0.325000000000001 -0.0499999999999996 0.37881001830101
v 0.337500000000001 -0.0499999999999996 0.396336376667023
v 0.350000000000001 -0.0499999999999996 0.414561748504639
v 0.362500000000001 -0.0499999999999996 0.432392984628677
v 0.375000000000001 -0.0499999999999996 0.448556035757065
v 0.387500000000001 -0.0499999999999996 0.461863368749619
v 0.400000000000001 -0.0499999999999996 0.471674740314484
v 0.412500000000001 -0.0499999999999996 0.47809687256813
v 0.425000000000001 -0.0499999999999996 0.481587886810303
v 0.437500000000001 -0.0499999999999996 0.482743740081787
v 0.450000000000001 -0.0499999999999996 0.482310771942139
v 0.462500000000001 -0.0499999999999996 0.480951517820358
v 0.475000000000001 -0.0499999999999996 0.479289978742599
v 0.487500000000001 -0.0499999999999996 0.477886766195297
v 0.500000000000001 -0.0499999999999996 0.477099895477295
v -0.5 -0.0374999999999996 0.422969967126846
v -0.4875 -0.0374999999999996 0.41319152712822
v -0.475 -0.0374999999999996 0.402933329343796
v -0.4625 -0.0374999999999996 0.391694158315659
v -0.45 -0.0374999999999996 0.379267513751984
v -0.4375 -0.0374999999999996 0.365579515695572
v -0.425 -0.0374999999999996 0.350772589445114
v -0.4125 -0.0374999999999996 0.335048258304596
v -0.4 -0.0374999999999996 0.318657606840134
v -0.3875 -0.0374999999999996 0.301726490259171
v -0.375 -0.0374999999999996 0.284325838088989
v -0.3625 -0.0374999999999996 0.266660422086716
v -0.35 -0.0374999999999996 0.249071553349495
v -0.3375 -0.0374999999999996 0.232261091470718
v -0.325 -0.0374999999999996 0.216966345906258
v -0.3125 -0.0374999999999996 0.203471288084984
v -0.3 -0.0374999999999996 0.191986873745918
v -0.2875 -0.0374999999999996 0.182376369833946
v -0.275 -0.0374999999999996 0.174359723925591
v -0.2625 -0.0374999999999996 0.167618423700333
v -0.25 -0.0374999999999996 0.162031635642052
v -0.2375 -0.0374999999999996 0.157604023814201
v -0.225 -0.0374999999999996 0.154068097472191
v -0.2125 -0.0374999999999996 0.151073932647705
v -0.2 -0.0374999999999996 0.148776531219482
v -0.1875 -0.0374999999999996 0.147578045725822
v -0.175 -0.0374999999999996 0.147259384393692
v -0.1625 -0.0374999999999996 0.147600099444389
v -0.15 -0.0374999999999996 0.14863295853138
v -0.1375 -0.0374999999999996 0.150164037942886
v -0.125 -0.0374999999999996 0.152087613940239
v -0.1125 -0.0374999999999996 0.154436334967613
v -0.0999999999999996 -0.0374999999999996 0.157334208488464
v -0.0874999999999996 -0.0374999999999996 0.160654485225677
v -0.0749999999999996 -0.0374999999999996 0.164171621203423
v -0.0624999999999996 -0.0374999999999996 0.16792918741703
v -0.0499999999999996 -0.0374999999999996 0.171905532479286
v -0.0374999999999996 -0.0374999999999996 0.175995782017708
v -0.0249999999999996 -0.0374999999999996 0.180307060480118
v -0.0124999999999996 -0.0374999999999996 0.184869557619095
v 4.44089209850063e-16 -0.0374999999999996 0.189629539847374
v 0.0125000000000004 -0.0374999999999996 0.194496244192123
v 0.0250000000000005 -0.0374999999999996 0.199481710791588
v 0.0375000000000005 -0.0374999999999996 0.204569682478905
v 0.0500000000000005 -0.0374999999999996 0.209722429513931
v 0.0625000000000004 -0.0374999999999996 0.214980959892273
v 0.0750000000000005 -0.0374999999999996 0.220326140522957
v 0.0875000000000006 -0.0374999999999996 0.225792959332466
v 0.100000000000001 -0.0374999999999996 0.231379315257072
v 0.1125 -0.0374999999999996 0.237021312117577
v 0.125000000000001 -0.0374999999999996 0.242699533700943
v 0.137500000000001 -0.0374999999999996 0.248367890715599
v 0.150000000000001 -0.0374999999999996 0.254018217325211
v 0.162500000000001 -0.0374999999999996 0.25966665148735
v 0.175000000000001 -0.0374999999999996 0.265474647283554
v 0.187500000000001 -0.0374999999999996 0.271413236856461
v 0.200000000000001 -0.0374999999999996 0.27756068110466
v 0.212500000000001 -0.0374999999999996 0.284075438976288
v 0.225000000000001 -0.0374999999999996 0.290960669517517
v 0.237500000000001 -0.0374999999999996 0.298348039388657
v 0.250000000000001 -0.0374999999999996 0.306273430585861
v 0.262500000000001 -0.0374999999999996 0.31487450003624
v 0.275000000000001 -0.0374999999999996 0.324399799108505
v 0.287500000000001 -0.0374999999999996 0.335046619176865
v 0.300000000000001 -0.0374999999999996 0.347104281187057
v 0.312500000000001 -0.0374999999999996 0.360787242650986
v 0.325000000000001 -0.0374999999999996 0.376138627529144
v 0.337500000000001 -0.0374999999999996 0.392816573381424
v 0.350000000000001 -0.0374999999999996 0.410056889057159
v 0.362500000000001 -0.0374999999999996 0.426886767148972
v 0.375000000000001 -0.0374999999999996 0.442177295684814
v 0.387500000000001 -0.0374999999999996 0.454905241727829
v 0.400000000000001 -0.0374999999999996 0.464566797018051
v 0.412500000000001 -0.0374999999999996 0.471251159906387
v 0.425000000000001 -0.0374999999999996 0.475364923477173
v 0.437500000000001 -0.0374999999999996 0.477345287799835
v 0.450000000000001 -0.0374999999999996 0.477756708860397
v 0.462500000000001 -0.0374999999999996 0.477152079343796
v 0.475000000000001 -0.0374999999999996 0.476014524698257
v 0.487500000000001 -0.0374999999999996 0.474883168935776
v 0.500000000000001 -0.0374999999999996 0.474127501249313
v -0.5 -0.0249999999999996 0.420732796192169
v -0.4875 -0.0249999999999996 0.409327983856201
v -0.475 -0.0249999999999996 0.397358179092407
v -0.4625 -0.0249999999999996 0.38455793261528
v -0.45 -0.0249999999999996 0.370780557394028
v -0.4375 -0.0249999999999996 0.35613164305687
v -0.425 -0.0249999999999996 0.340848058462143
v -0.4125 -0.0249999999999996 0.325417965650558
v -0.4 -0.0249999999999996 0.310086816549301
v -0.3875 -0.0249999999999996 0.295026868581772
v -0.375 -0.0249999999999996 0.280071765184402
v -0.3625 -0.0249999999999996 0.265221893787384
v -0.35 -0.0249999999999996 0.250603884458542
v -0.3375 -0.0249999999999996 0.236509844660759
v -0.325 -0.0249999999999996 0.223366066813469
v -0.3125 -0.0249999999999996 0.211592480540276
v -0.3 -0.0249999999999996 0.201426461338997
v -0.2875 -0.0249999999999996 0.192925736308098
v -0.275 -0.0249999999999996 0.18572723865509
v -0.2625 -0.0249999999999996 0.179663136601448
v -0.25 -0.0249999999999996 0.174629375338554
v -0.2375 -0.0249999999999996 0.170539423823357
v -0.225 -0.0249999999999996 0.167169526219368
v -0.2125 -0.0249999999999996 0.164264932274818
v -0.2 -0.0249999999999996 0.16191254556179
v -0.1875 -0.0249999999999996 0.160395458340645
v -0.175 -0.0249999999999996 0.159682497382164
v -0.1625 -0.0249999999999996 0.159652754664421
v -0.15 -0.0249999999999996 0.160283759236336
v -0.1375 -0.0249999999999996 0.161410585045815
v -0.125 -0.0249999999999996 0.162963792681694
v -0.1125 -0.0249999999999996 0.164976552128792
v -0.0999999999999996 -0.0249999999999996 0.167458519339561
v -0.0874999999999996 -0.0249999999999996 0.170423030853271
v -0.0749999999999996 -0.0249999999999996 0.173709750175476
v -0.0624999999999996 -0.0249999999999996 0.177266404032707
v -0.0499999999999996 -0.0249999999999996 0.181054711341858
v -0.0374999999999996 -0.0249999999999996 0.18498906493187
v -0.0249999999999996 -0.0249999999999996 0.189032584428787
v -0.0124999999999996 -0.0249999999999996 0.193343594670296
v 4.44089209850063e-16 -0.0249999999999996 0.197920486330986
v 0.0125000000000004 -0.0249999999999996 0.202654272317886
v 0.0250000000000005 -0.0249999999999996 0.207466468214989
v 0.0375000000000005 -0.0249999999999996 0.212315484881401
v 0.0500000000000005 -0.0249999999999996 0.217207118868828
v 0.0625000000000004 -0.0249999999999996 0.222154900431633
v 0.0750000000000005 -0.0249999999999996 0.227214574813843
v 0.0875000000000006 -0.0249999999999996 0.232282266020775
v 0.100000000000001 -0.0249999999999996 0.237379267811775
v 0.1125 -0.0249999999999996 0.242497950792313
v 0.125000000000001 -0.0249999999999996 0.247627884149551
v 0.137500000000001 -0.0249999999999996 0.252744197845459
v 0.150000000000001 -0.0249999999999996 0.257810354232788
v 0.162500000000001 -0.0249999999999996 0.262919515371323
v 0.175000000000001 -0.0249999999999996 0.268139123916626
v 0.187500000000001 -0.0249999999999996 0.27357479929924
v 0.200000000000001 -0.0249999999999996 0.279278129339218
v 0.212500000000001 -0.0249999999999996 0.28537854552269
v 0.225000000000001 -0.0249999999999996 0.291922003030777
v 0.237500000000001 -0.0249999999999996 0.299073934555054
v 0.250000000000001 -0.0249999999999996 0.306748777627945
v 0.262500000000001 -0.0249999999999996 0.315092355012894
v 0.275000000000001 -0.0249999999999996 0.324312657117844
v 0.287500000000001 -0.0249999999999996 0.334654778242111
v 0.300000000000001 -0.0249999999999996 0.346313446760178
v 0.312500000000001 -0.0249999999999996 0.359492778778076
v 0.325000000000001 -0.0249999999999996 0.374172747135162
v 0.337500000000001 -0.0249999999999996 0.39008092880249
v 0.350000000000001 -0.0249999999999996 0.406460285186768
v 0.362500000000001 -0.0249999999999996 0.422398179769516
v 0.375000000000001 -0.0249999999999996 0.436859458684921
v 0.387500000000001 -0.0249999999999996 0.448996931314468
v 0.400000000000001 -0.0249999999999996 0.458429634571075
v 0.412500000000001 -0.0249999999999996 0.465190708637238
v 0.425000000000001 -0.0249999999999996 0.469671487808228
v 0.437500000000001 -0.0249999999999996 0.472271054983139
v 0.450000000000001 -0.0249999999999996 0.473379045724869
v 0.462500000000001 -0.0249999999999996 0.473432302474976
v 0.475000000000001 -0.0249999999999996 0.472829729318619
v 0.487500000000001 -0.0249999999999996 0.471993833780289
v 0.500000000000001 -0.0249999999999996 0.471306622028351
v -0.5 -0.0124999999999996 0.420235455036163
v -0.4875 -0.0124999999999996 0.407493978738785
v -0.475 -0.0124999999999996 0.39405021071434
v -0.4625 -0.0124999999999996 0.379855006933212
v -0.45 -0.0124999999999996 0.364979952573776
v -0.4375 -0.0124999999999996 0.349634617567062
v -0.425 -0.0124999999999996 0.334170788526535
v -0.4125 -0.0124999999999996 0.31902489066124
v -0.4 -0.0124999999999996 0.304709255695343
v -0.3875 -0.0124999999999996 0.291039317846298
v -0.375 -0.0124999999999996 0.277999639511108
v -0.3625 -0.0124999999999996 0.265429824590683
v -0.35 -0.0124999999999996 0.253214061260223
v -0.3375 -0.0124999999999996 0.241265580058098
v -0.325 -0.0124999999999996 0.229991748929024
v -0.3125 -0.0124999999999996 0.2197026014328
v -0.3 -0.0124999999999996 0.210741236805916
v -0.2875 -0.0124999999999996 0.203195914626122
v -0.275 -0.0124999999999996 0.196723803877831
v -0.2625 -0.0124999999999996 0.191240519285202
v -0.25 -0.0124999999999996 0.186738684773445
v -0.2375 -0.0124999999999996 0.183015868067741
v -0.225 -0.0124999999999996 0.179788708686829
v -0.2125 -0.0124999999999996 0.177085667848587
v -0.2 -0.0124999999999996 0.174756750464439
v -0.1875 -0.0124999999999996 0.173029229044914
v -0.175 -0.0124999999999996 0.172006636857986
v -0.1625 -0.0124999999999996 0.171570733189583
v -0.15 -0.0124999999999996 0.17184154689312
v -0.1375 -0.0124999999999996 0.17261628806591
v -0.125 -0.0124999999999996 0.173862889409065
v -0.1125 -0.0124999999999996 0.175527885556221
v -0.0999999999999996 -0.0124999999999996 0.177711427211761
v -0.0874999999999996 -0.0124999999999996 0.180305048823357
v -0.0749999999999996 -0.0124999999999996 0.183313727378845
v -0.0624999999999996 -0.0124999999999996 0.186663433909416
v -0.0499999999999996 -0.0124999999999996 0.190271019935608
v -0.0374999999999996 -0.0124999999999996 0.194072023034096
v -0.0249999999999996 -0.0124999999999996 0.198034554719925
v -0.0124999999999996 -0.0124999999999996 0.202164515852928
v 4.44089209850063e-16 -0.0124999999999996 0.206527143716812
v 0.0125000000000004 -0.0124999999999996 0.211098343133926
v 0.0250000000000005 -0.0124999999999996 0.215772971510887
v 0.0375000000000005 -0.0124999999999996 0.220451638102531
v 0.0500000000000005 -0.0124999999999996 0.225107580423355
v 0.0625000000000004 -0.0124999999999996 0.229826733469963
v 0.0750000000000005 -0.0124999999999996 0.234514281153679
v 0.0875000000000006 -0.0124999999999996 0.239212065935135
v 0.100000000000001 -0.0124999999999996 0.243850275874138
v 0.1125 -0.0124999999999996 0.24840059876442
v 0.125000000000001 -0.0124999999999996 0.25296077132225
v 0.137500000000001 -0.0124999999999996 0.257513254880905
v 0.150000000000001 -0.0124999999999996 0.262050718069077
v 0.162500000000001 -0.0124999999999996 0.266604512929916
v 0.175000000000001 -0.0124999999999996 0.271280109882355
v 0.187500000000001 -0.0124999999999996 0.276175230741501
v 0.200000000000001 -0.0124999999999996 0.28143510222435
v 0.212500000000001 -0.0124999999999996 0.287095636129379
v 0.225000000000001 -0.0124999999999996 0.29327130317688
v 0.237500000000001 -0.0124999999999996 0.300136148929596
v 0.250000000000001 -0.0124999999999996 0.307578146457672
v 0.262500000000001 -0.0124999999999996 0.315688461065292
v 0.275000000000001 -0.0124999999999996 0.324651330709457
v 0.287500000000001 -0.0124999999999996 0.334690898656845
v 0.300000000000001 -0.0124999999999996 0.346005797386169
v 0.312500000000001 -0.0124999999999996 0.358702391386032
v 0.325000000000001 -0.0124999999999996 0.372767120599747
v 0.337500000000001 -0.0124999999999996 0.387938588857651
v 0.350000000000001 -0.0124999999999996 0.403535604476929
v 0.362500000000001 -0.0124999999999996 0.418648391962051
v 0.375000000000001 -0.0124999999999996 0.432317227125168
v 0.387500000000001 -0.0124999999999996 0.443857431411743
v 0.400000000000001 -0.0124999999999996 0.452945441007614
v 0.412500000000001 -0.0124999999999996 0.459646999835968
v 0.425000000000001 -0.0124999999999996 0.464321821928024
v 0.437500000000001 -0.0124999999999996 0.467306762933731
v 0.450000000000001 -0.0124999999999996 0.468946069478989
v 0.462500000000001 -0.0124999999999996 0.469553291797638
v 0.475000000000001 -0.0124999999999996 0.469433516263962
v 0.487500000000001 -0.0124999999999996 0.468941539525986
v 0.500000000000001 -0.0124999999999996 0.468431085348129
v -0.5 4.44089209850063e-16 0.42117315530777
v -0.4875 4.44089209850063e-16 0.407378435134888
v -0.475 4.44089209850063e-16 0.39280691742897
v -0.4625 4.44089209850063e-16 0.377457141876221
v -0.45 4.44089209850063e-16 0.361639976501465
v -0.4375 4.44089209850063e-16 0.345699161291122
v -0.425 4.44089209850063e-16 0.330061167478561
v -0.4125 4.44089209850063e-16 0.315185636281967
v -0.4 4.44089209850063e-16 0.301543086767197
v -0.3875 4.44089209850063e-16 0.289151757955551
v -0.375 4.44089209850063e-16 0.277703493833542
v -0.3625 4.44089209850063e-16 0.266891628503799
v -0.35 4.44089209850063e-16 0.256517499685287
v -0.3375 4.44089209850063e-16 0.246520042419434
v -0.325 4.44089209850063e-16 0.236885905265808
v -0.3125 4.44089209850063e-16 0.227922156453133
v -0.3 4.44089209850063e-16 0.219945773482323
v -0.2875 4.44089209850063e-16 0.213132500648499
v -0.275 4.44089209850063e-16 0.207321986556053
v -0.2625 4.44089209850063e-16 0.202325031161308
v -0.25 4.44089209850063e-16 0.198236629366875
v -0.2375 4.44089209850063e-16 0.194847419857979
v -0.225 4.44089209850063e-16 0.191893383860588
v -0.2125 4.44089209850063e-16 0.189317852258682
v -0.2 4.44089209850063e-16 0.18707700073719
v -0.1875 4.44089209850063e-16 0.185249805450439
v -0.175 4.44089209850063e-16 0.184009671211243
v -0.1625 4.44089209850063e-16 0.183266595005989
v -0.15 4.44089209850063e-16 0.183176904916763
v -0.1375 4.44089209850063e-16 0.183656126260757
v -0.125 4.44089209850063e-16 0.184631153941154
v -0.1125 4.44089209850063e-16 0.186063960194588
v -0.0999999999999996 4.44089209850063e-16 0.187929317355156
v -0.0874999999999996 4.44089209850063e-16 0.190233275294304
v -0.0749999999999996 4.44089209850063e-16 0.19298692047596
v -0.0624999999999996 4.44089209850063e-16 0.196106269955635
v -0.0499999999999996 4.44089209850063e-16 0.199549034237862
v -0.0374999999999996 4.44089209850063e-16 0.203220322728157
v -0.0249999999999996 4.44089209850063e-16 0.207131385803223
v -0.0124999999999996 4.44089209850063e-16 0.211160376667976
v 4.44089209850063e-16 4.44089209850063e-16 0.21536386013031
v 0.0125000000000004 4.44089209850063e-16 0.219779834151268
v 0.0250000000000005 4.44089209850063e-16 0.224238559603691
v 0.0375000000000005 4.44089209850063e-16 0.228725597262383
v 0.0500000000000005 4.44089209850063e-16 0.233213290572166
v 0.0625000000000004 4.44089209850063e-16 0.237692594528198
v 0.0750000000000005 4.44089209850063e-16 0.242068156599998
v 0.0875000000000006 4.44089209850063e-16 0.246395692229271
v 0.100000000000001 4.44089209850063e-16 0.250586360692978
v 0.1125 4.44089209850063e-16 0.254625529050827
v 0.125000000000001 4.44089209850063e-16 0.258606493473053
v 0.137500000000001 4.44089209850063e-16 0.262590557336807
v 0.150000000000001 4.44089209850063e-16 0.266563415527344
v 0.162500000000001 4.44089209850063e-16 0.270544737577438
v 0.175000000000001 4.44089209850063e-16 0.274679839611053
v 0.187500000000001 4.44089209850063e-16 0.279081374406815
v 0.200000000000001 4.44089209850063e-16 0.283881545066833
v 0.212500000000001 4.44089209850063e-16 0.289164423942566
v 0.225000000000001 4.44089209850063e-16 0.295013904571533
v 0.237500000000001 4.44089209850063e-16 0.301508814096451
v 0.250000000000001 4.44089209850063e-16 0.308735519647598
v 0.262500000000001 4.44089209850063e-16 0.316657036542892
v 0.275000000000001 4.44089209850063e-16 0.325373083353043
v 0.287500000000001 4.44089209850063e-16 0.335163444280624
v 0.300000000000001 4.44089209850063e-16 0.346095889806747
v 0.312500000000001 4.44089209850063e-16 0.358317583799362
v 0.325000000000001 4.44089209850063e-16 0.371803760528564
v 0.337500000000001 4.44089209850063e-16 0.386262744665146
v 0.350000000000001 4.44089209850063e-16 0.401083081960678
v 0.362500000000001 4.44089209850063e-16 0.41539677977562
v 0.375000000000001 4.44089209850063e-16 0.428319066762924
v 0.387500000000001 4.44089209850063e-16 0.439218193292618
v 0.400000000000001 4.44089209850063e-16 0.447885423898697
v 0.412500000000001 4.44089209850063e-16 0.454410076141357
v 0.425000000000001 4.44089209850063e-16 0.459122151136398
v 0.437500000000001 4.44089209850063e-16 0.462357133626938
v 0.450000000000001 4.44089209850063e-16 0.464353173971176
v 0.462500000000001 4.44089209850063e-16 0.465390115976334
v 0.475000000000001 4.44089209850063e-16 0.465721845626831
v 0.487500000000001 4.44089209850063e-16 0.465622425079346
v 0.500000000000001 4.44089209850063e-16 0.465385407209396
v -0.5 0.0125000000000004 0.4233338534832
v -0.4875 0.0125000000000004 0.408766269683838
v -0.475 0.0125000000000004 0.39334174990654
v -0.4625 0.0125000000000004 0.377149432897568
v -0.45 0.0125000000000004 0.360572904348373
v -0.4375 0.0125000000000004 0.344153523445129
v -0.425 0.0125000000000004 0.328367799520493
v -0.4125 0.0125000000000004 0.313686937093735
v -0.4 0.0125000000000004 0.300530701875687
v -0.3875 0.0125000000000004 0.288940161466599
v -0.375 0.0125000000000004 0.278596550226212
v -0.3625 0.0125000000000004 0.269175201654434
v -0.35 0.0125000000000004 0.260344475507736
v -0.3375 0.0125000000000004 0.251881569623947
v -0.325 0.0125000000000004 0.243707448244095
v -0.3125 0.0125000000000004 0.23595654964447
v -0.3 0.0125000000000004 0.228893026709557
v -0.2875 0.0125000000000004 0.222661525011063
v -0.275 0.0125000000000004 0.217387899756432
v -0.2625 0.0125000000000004 0.212873265147209
v -0.25 0.0125000000000004 0.209160253405571
v -0.2375 0.0125000000000004 0.206078767776489
v -0.225 0.0125000000000004 0.203353643417358
v -0.2125 0.0125000000000004 0.200895383954048
v -0.2 0.0125000000000004 0.198758229613304
v -0.1875 0.0125000000000004 0.196947738528252
v -0.175 0.0125000000000004 0.195566639304161
v -0.1625 0.0125000000000004 0.194670900702477
v -0.15 0.0125000000000004 0.194282725453377
v -0.1375 0.0125000000000004 0.194495305418968
v -0.125 0.0125000000000004 0.195219799876213
v -0.1125 0.0125000000000004 0.196419343352318
v -0.0999999999999996 0.0125000000000004 0.198058471083641
v -0.0874999999999996 0.0125000000000004 0.200151190161705
v -0.0749999999999996 0.0125000000000004 0.202692896127701
v -0.0624999999999996 0.0125000000000004 0.205647855997086
v -0.0499999999999996 0.0125000000000004 0.208892986178398
v -0.0374999999999996 0.0125000000000004 0.21242943406105
v -0.0249999999999996 0.0125000000000004 0.216233775019646
v -0.0124999999999996 0.0125000000000004 0.220181509852409
v 4.44089209850063e-16 0.0125000000000004 0.224279269576073
v 0.0125000000000004 0.0125000000000004 0.228559613227844
v 0.0250000000000005 0.0125000000000004 0.232871606945992
v 0.0375000000000005 0.0125000000000004 0.237152978777885
v 0.0500000000000005 0.0125000000000004 0.2414440959692
v 0.0625000000000004 0.0125000000000004 0.245659872889519
v 0.0750000000000005 0.0125000000000004 0.249714657664299
v 0.0875000000000006 0.0125000000000004 0.253631353378296
v 0.100000000000001 0.0125000000000004 0.257376998662949
v 0.1125 0.0125000000000004 0.260898917913437
v 0.125000000000001 0.0125000000000004 0.26434314250946
v 0.137500000000001 0.0125000000000004 0.267782837152481
v 0.150000000000001 0.0125000000000004 0.271195650100708
v 0.162500000000001 0.0125000000000004 0.274643063545227
v 0.175000000000001 0.0125000000000004 0.278281509876251
v 0.187500000000001 0.0125000000000004 0.282224088907242
v 0.200000000000001 0.0125000000000004 0.286576002836227
v 0.212500000000001 0.0125000000000004 0.291520655155182
v 0.225000000000001 0.0125000000000004 0.297062158584595
v 0.237500000000001 0.0125000000000004 0.30322340130806
v 0.250000000000001 0.0125000000000004 0.310236066579819
v 0.262500000000001 0.0125000000000004 0.317967116832733
v 0.275000000000001 0.0125000000000004 0.326458126306534
v 0.287500000000001 0.0125000000000004 0.335939973592758
v 0.300000000000001 0.0125000000000004 0.346509784460068
v 0.312500000000001 0.0125000000000004 0.358247041702271
v 0.325000000000001 0.0125000000000004 0.371149718761444
v 0.337500000000001 0.0125000000000004 0.384945094585419
v 0.350000000000001 0.0125000000000004 0.399015247821808
v 0.362500000000001 0.0125000000000004 0.412536591291428
v 0.375000000000001 0.0125000000000004 0.424693018198013
v 0.387500000000001 0.0125000000000004 0.434933096170425
v 0.400000000000001 0.0125000000000004 0.443102598190308
v 0.412500000000001 0.0125000000000004 0.449344366788864
v 0.425000000000001 0.0125000000000004 0.453993767499924
v 0.437500000000001 0.0125000000000004 0.457348555326462
v 0.450000000000001 0.0125000000000004 0.459627062082291
v 0.462500000000001 0.0125000000000004 0.461040586233139
v 0.475000000000001 0.0125000000000004 0.461783170700073
v 0.487500000000001 0.0125000000000004 0.462090879678726
v 0.500000000000001 0.0125000000000004 0.462218850851059
v -0.5 0.0250000000000005 0.426442474126816
v -0.4875 0.0250000000000005 0.411411672830582
v -0.475 0.0250000000000005 0.395384311676025
v -0.4625 0.0250000000000005 0.37862229347229
v -0.45 0.0250000000000005 0.361548900604248
v -0.4375 0.0250000000000005 0.344759196043015
v -0.425 0.0250000000000005 0.328874856233597
v -0.4125 0.0250000000000005 0.314269751310349
v -0.4 0.0250000000000005 0.301282078027725
v -0.3875 0.0250000000000005 0.290163367986679
v -0.375 0.0250000000000005 0.280538648366928
v -0.3625 0.0250000000000005 0.272074192762375
v -0.35 0.0250000000000005 0.264370501041412
v -0.3375 0.0250000000000005 0.257158368825912
v -0.325 0.0250000000000005 0.250253051519394
v -0.3125 0.0250000000000005 0.243613675236702
v -0.3 0.0250000000000005 0.237429067492485
v -0.2875 0.0250000000000005 0.231826111674309
v -0.275 0.0250000000000005 0.226990565657616
v -0.2625 0.0250000000000005 0.222886994481087
v -0.25 0.0250000000000005 0.21945233643055
v -0.2375 0.0250000000000005 0.21660327911377
v -0.225 0.0250000000000005 0.214115008711815
v -0.2125 0.0250000000000005 0.211837634444237
v -0.2 0.0250000000000005 0.209793373942375
v -0.1875 0.0250000000000005 0.208043083548546
v -0.175 0.0250000000000005 0.206644102931023
v -0.1625 0.0250000000000005 0.205667778849602
v -0.15 0.0250000000000005 0.205142259597778
v -0.1375 0.0250000000000005 0.205069065093994
v -0.125 0.0250000000000005 0.205551460385323
v -0.1125 0.0250000000000005 0.206533625721931
v -0.0999999999999996 0.0250000000000005 0.208002597093582
v -0.0874999999999996 0.0250000000000005 0.209937617182732
v -0.0749999999999996 0.0250000000000005 0.212314799427986
v -0.0624999999999996 0.0250000000000005 0.215125516057014
v -0.0499999999999996 0.0250000000000005 0.21825085580349
v -0.0374999999999996 0.0250000000000005 0.221653461456299
v -0.0249999999999996 0.0250000000000005 0.225288867950439
v -0.0124999999999996 0.0250000000000005 0.22913022339344
v 4.44089209850063e-16 0.0250000000000005 0.233133986592293
v 0.0125000000000004 0.0250000000000005 0.237280800938606
v 0.0250000000000005 0.0250000000000005 0.241473838686943
v 0.0375000000000005 0.0250000000000005 0.245608374476433
v 0.0500000000000005 0.0250000000000005 0.249679118394852
v 0.0625000000000004 0.0250000000000005 0.25361180305481
v 0.0750000000000005 0.0250000000000005 0.257317155599594
v 0.0875000000000006 0.0250000000000005 0.260835617780685
v 0.100000000000001 0.0250000000000005 0.264106124639511
v 0.1125 0.0250000000000005 0.267139196395874
v 0.125000000000001 0.0250000000000005 0.270054638385773
v 0.137500000000001 0.0250000000000005 0.272954046726227
v 0.150000000000001 0.0250000000000005 0.275828778743744
v 0.162500000000001 0.0250000000000005 0.278800189495087
v 0.175000000000001 0.0250000000000005 0.282022923231125
v 0.187500000000001 0.0250000000000005 0.28556415438652
v 0.200000000000001 0.0250000000000005 0.289563030004501
v 0.212500000000001 0.0250000000000005 0.294194459915161
v 0.225000000000001 0.0250000000000005 0.299476087093353
v 0.237500000000001 0.0250000000000005 0.305393606424332
v 0.250000000000001 0.0250000000000005 0.312065184116364
v 0.262500000000001 0.0250000000000005 0.319581836462021
v 0.275000000000001 0.0250000000000005 0.32782170176506
v 0.287500000000001 0.0250000000000005 0.33698096871376
v 0.300000000000001 0.0250000000000005 0.347178429365158
v 0.312500000000001 0.0250000000000005 0.358440935611725
v 0.325000000000001 0.0250000000000005 0.37080192565918
v 0.337500000000001 0.0250000000000005 0.383917897939682
v 0.350000000000001 0.0250000000000005 0.397218883037567
v 0.362500000000001 0.0250000000000005 0.409929722547531
v 0.375000000000001 0.0250000000000005 0.421304196119308
v 0.387500000000001 0.0250000000000005 0.430864006280899
v 0.400000000000001 0.0250000000000005 0.43849378824234
v 0.412500000000001 0.0250000000000005 0.444421201944351
v 0.425000000000001 0.0250000000000005 0.448953926563263
v 0.437500000000001 0.0250000000000005 0.452386200428009
v 0.450000000000001 0.0250000000000005 0.454903453588486
v 0.462500000000001 0.0250000000000005 0.456653922796249
v 0.475000000000001 0.0250000000000005 0.457805931568146
v 0.487500000000001 0.0250000000000005 0.458534449338913
v 0.500000000000001 0.0250000000000005 0.459078699350357
v -0.5 0.0375000000000005 0.430209010839462
v -0.4875 0.0375000000000005 0.415031969547272
v -0.475 0.0375000000000005 0.398731827735901
v -0.4625 0.0375000000000005 0.381677210330963
v -0.45 0.0375000000000005 0.364363074302673
v -0.4375 0.0375000000000005 0.347346574068069
v -0.425 0.0375000000000005 0.331274747848511
v -0.4125 0.0375000000000005 0.316595286130905
v -0.4 0.0375000000000005 0.303685218095779
v -0.3875 0.0375000000000005 0.292740643024445
v -0.375 0.0375000000000005 0.283486038446426
v -0.3625 0.0375000000000005 0.275541305541992
v -0.35 0.0375000000000005 0.26860237121582
v -0.3375 0.0375000000000005 0.262292414903641
v -0.325 0.0375000000000005 0.256414890289307
v -0.3125 0.0375000000000005 0.250762611627579
v -0.3 0.0375000000000005 0.245443299412727
v -0.2875 0.0375000000000005 0.240509107708931
v -0.275 0.0375000000000005 0.236223936080933
v -0.2625 0.0375000000000005 0.232445314526558
v -0.25 0.0375000000000005 0.229181915521622
v -0.2375 0.0375000000000005 0.226478531956673
v -0.225 0.0375000000000005 0.224184319376945
v -0.2125 0.0375000000000005 0.222109228372574
v -0.2 0.0375000000000005 0.220195293426514
v -0.1875 0.0375000000000005 0.218541741371155
v -0.175 0.0375000000000005 0.217205673456192
v -0.1625 0.0375000000000005 0.216196373105049
v -0.15 0.0375000000000005 0.215583726763725
v -0.1375 0.0375000000000005 0.21539394557476
v -0.125 0.0375000000000005 0.215639263391495
v -0.1125 0.0375000000000005 0.216419368982315
v -0.0999999999999996 0.0375000000000005 0.217740654945374
v -0.0874999999999996 0.0375000000000005 0.21953921020031
v -0.0749999999999996 0.0375000000000005 0.221799492835999
v -0.0624999999999996 0.0375000000000005 0.22449903190136
v -0.0499999999999996 0.0375000000000005 0.227517515420914
v -0.0374999999999996 0.0375000000000005 0.230813935399055
v -0.0249999999999996 0.0375000000000005 0.234329253435135
v -0.0124999999999996 0.0375000000000005 0.238011598587036
v 4.44089209850063e-16 0.0375000000000005 0.241897255182266
v 0.0125000000000004 0.0375000000000005 0.245920658111572
v 0.0250000000000005 0.0375000000000005 0.249955043196678
v 0.0375000000000005 0.0375000000000005 0.253895819187164
v 0.0500000000000005 0.0375000000000005 0.257735252380371
v 0.0625000000000004 0.0375000000000005 0.261361747980118
v 0.0750000000000005 0.0375000000000005 0.26475402712822
v 0.0875000000000006 0.0375000000000005 0.267894625663757
v 0.100000000000001 0.0375000000000005 0.270746290683746
v 0.1125 0.0375000000000005 0.273330181837082
v 0.125000000000001 0.0375000000000005 0.275753080844879
v 0.137500000000001 0.0375000000000005 0.278079092502594
v 0.150000000000001 0.0375000000000005 0.280477851629257
v 0.162500000000001 0.0375000000000005 0.283045530319214
v 0.175000000000001 0.0375000000000005 0.285899370908737
v 0.187500000000001 0.0375000000000005 0.28911754488945
v 0.200000000000001 0.0375000000000005 0.292839139699936
v 0.212500000000001 0.0375000000000005 0.297165393829346
v 0.225000000000001 0.0375000000000005 0.302198261022568
v 0.237500000000001 0.0375000000000005 0.307906359434128
v 0.250000000000001 0.0375000000000005 0.314284771680832
v 0.262500000000001 0.0375000000000005 0.321537554264069
v 0.275000000000001 0.0375000000000005 0.329508394002914
v 0.287500000000001 0.0375000000000005 0.33831998705864
v 0.300000000000001 0.0375000000000005 0.348110646009445
v 0.312500000000001 0.0375000000000005 0.358919590711594
v 0.325000000000001 0.0375000000000005 0.370716333389282
v 0.337500000000001 0.0375000000000005 0.383130371570587
v 0.350000000000001 0.0375000000000005 0.39562526345253
v 0.362500000000001 0.0375000000000005 0.407489866018295
v 0.375000000000001 0.0375000000000005 0.418073564767838
v 0.387500000000001 0.0375000000000005 0.426924794912338
v 0.400000000000001 0.0375000000000005 0.434038877487183
v 0.412500000000001 0.0375000000000005 0.439647495746613
v 0.425000000000001 0.0375000000000005 0.444053173065186
v 0.437500000000001 0.0375000000000005 0.447551637887955
v 0.450000000000001 0.0375000000000005 0.450297325849533
v 0.462500000000001 0.0375000000000005 0.45239195227623
v 0.475000000000001 0.0375000000000005 0.453967422246933
v 0.487500000000001 0.0375000000000005 0.455154329538345
v 0.500000000000001 0.0375000000000005 0.456137984991074
v -0.5 0.0500000000000005 0.434412866830826
v -0.4875 0.0500000000000005 0.419341176748276
v -0.475 0.0500000000000005 0.403080075979233
v -0.4625 0.0500000000000005 0.386056840419769
v -0.45 0.0500000000000005 0.368692964315414
v -0.4375 0.0500000000000005 0.35160231590271
v -0.425 0.0500000000000005 0.335357278585434
v -0.4125 0.0500000000000005 0.320576459169388
v -0.4 0.0500000000000005 0.307627260684967
v -0.3875 0.0500000000000005 0.296566337347031
v -0.375 0.0500000000000005 0.287374168634415
v -0.3625 0.0500000000000005 0.279667943716049
v -0.35 0.0500000000000005 0.273135513067245
v -0.3375 0.0500000000000005 0.267444431781769
v -0.325 0.0500000000000005 0.262330830097198
v -0.3125 0.0500000000000005 0.257510483264923
v -0.3 0.0500000000000005 0.252989113330841
v -0.2875 0.0500000000000005 0.24871264398098
v -0.275 0.0500000000000005 0.244909211993217
v -0.2625 0.0500000000000005 0.241489887237549
v -0.25 0.0500000000000005 0.238449558615685
v -0.2375 0.0500000000000005 0.235809132456779
v -0.225 0.0500000000000005 0.233623027801514
v -0.2125 0.0500000000000005 0.231717258691788
v -0.2 0.0500000000000005 0.229985579848289
v -0.1875 0.0500000000000005 0.228485181927681
v -0.175 0.0500000000000005 0.227251216769218
v -0.1625 0.0500000000000005 0.22623673081398
v -0.15 0.0500000000000005 0.225612595677376
v -0.1375 0.0500000000000005 0.225343272089958
v -0.125 0.0500000000000005 0.225478157401085
v -0.1125 0.0500000000000005 0.226097971200943
v -0.0999999999999996 0.0500000000000005 0.227257534861565
v -0.0874999999999996 0.0500000000000005 0.228952512145042
v -0.0749999999999996 0.0500000000000005 0.231110572814941
v -0.0624999999999996 0.0500000000000005 0.233695849776268
v -0.0499999999999996 0.0500000000000005 0.236639380455017
v -0.0374999999999996 0.0500000000000005 0.239846512675285
v -0.0249999999999996 0.0500000000000005 0.243257194757462
v -0.0124999999999996 0.0500000000000005 0.246825456619263
v 4.44089209850063e-16 0.0500000000000005 0.250566214323044
v 0.0125000000000004 0.0500000000000005 0.25441700220108
v 0.0250000000000005 0.0500000000000005 0.258258730173111
v 0.0375000000000005 0.0500000000000005 0.261999815702438
v 0.0500000000000005 0.0500000000000005 0.265583723783493
v 0.0625000000000004 0.0500000000000005 0.26889106631279
v 0.0750000000000005 0.0500000000000005 0.271942347288132
v 0.0875000000000006 0.0500000000000005 0.274709343910217
v 0.100000000000001 0.0500000000000005 0.277153193950653
v 0.1125 0.0500000000000005 0.279344022274017
v 0.125000000000001 0.0500000000000005 0.281339883804321
v 0.137500000000001 0.0500000000000005 0.283213168382645
v 0.150000000000001 0.0500000000000005 0.28516760468483
v 0.162500000000001 0.0500000000000005 0.287393301725388
v 0.175000000000001 0.0500000000000005 0.289936512708664
v 0.187500000000001 0.0500000000000005 0.292891055345535
v 0.200000000000001 0.0500000000000005 0.296369850635529
v 0.212500000000001 0.0500000000000005 0.300477117300034
v 0.225000000000001 0.0500000000000005 0.305284470319748
v 0.237500000000001 0.0500000000000005 0.310777515172958
v 0.250000000000001 0.0500000000000005 0.316914558410645
v 0.262500000000001 0.0500000000000005 0.323836088180542
v 0.275000000000001 0.0500000000000005 0.331523269414902
v 0.287500000000001 0.0500000000000005 0.339970916509628
v 0.300000000000001 0.0500000000000005 0.349332302808762
v 0.312500000000001 0.0500000000000005 0.359671980142593
v 0.325000000000001 0.0500000000000005 0.370866447687149
v 0.337500000000001 0.0500000000000005 0.382566303014755
v 0.350000000000001 0.0500000000000005 0.39424204826355
v 0.362500000000001 0.0500000000000005 0.405263006687164
v 0.375000000000001 0.0500000000000005 0.415027529001236
v 0.387500000000001 0.0500000000000005 0.423179119825363
v 0.400000000000001 0.0500000000000005 0.429782301187515
v 0.412500000000001 0.0500000000000005 0.435081481933594
v 0.425000000000001 0.0500000000000005 0.439409464597702
v 0.437500000000001 0.0500000000000005 0.443000048398972
v 0.450000000000001 0.0500000000000005 0.445986837148666
v 0.462500000000001 0.0500000000000005 0.448448181152344
v 0.475000000000001 0.0500000000000005 0.450453519821167
v 0.487500000000001 0.0500000000000005 0.452105671167374
v 0.500000000000001 0.0500000000000005 0.453563302755356
v -0.5 0.0625000000000004 0.438859760761261
v -0.4875 0.0625000000000004 0.424116522073746
v -0.475 0.0625000000000004 0.408171892166138
v -0.4625 0.0625000000000004 0.391381412744522
v -0.45 0.0625000000000004 0.374197691679001
v -0.4375 0.0625000000000004 0.357209861278534
v -0.425 0.0625000000000004 0.340972095727921
v -0.4125 0.0625000000000004 0.326071590185165
v -0.4 0.0625000000000004 0.312957137823105
v -0.3875 0.0625000000000004 0.301666110754013
v -0.375 0.0625000000000004 0.292226076126099
v -0.3625 0.0625000000000004 0.284510999917984
v -0.35 0.0625000000000004 0.278112232685089
v -0.3375 0.0625000000000004 0.27274426817894
v -0.325 0.0625000000000004 0.268110573291779
v -0.3125 0.0625000000000004 0.263900846242905
v -0.3 0.0625000000000004 0.260061889886856
v -0.2875 0.0625000000000004 0.256406277418137
v -0.275 0.0625000000000004 0.253040760755539
v -0.2625 0.0625000000000004 0.249983504414558
v -0.25 0.0625000000000004 0.247211456298828
v -0.2375 0.0625000000000004 0.244722560048103
v -0.225 0.0625000000000004 0.24259777367115
v -0.2125 0.0625000000000004 0.240793138742447
v -0.2 0.0625000000000004 0.239227637648582
v -0.1875 0.0625000000000004 0.237874507904053
v -0.175 0.0625000000000004 0.236779689788818
v -0.1625 0.0625000000000004 0.235844835639
v -0.15 0.0625000000000004 0.235217556357384
v -0.1375 0.0625000000000004 0.234940692782402
v -0.125 0.0625000000000004 0.23502354323864
v -0.1125 0.0625000000000004 0.235543832182884
v -0.0999999999999996 0.0625000000000004 0.236563920974731
v -0.0874999999999996 0.0625000000000004 0.238154694437981
v -0.0749999999999996 0.0625000000000004 0.240219116210938
v -0.0624999999999996 0.0625000000000004 0.242707327008247
v -0.0499999999999996 0.0625000000000004 0.245591953396797
v -0.0374999999999996 0.0625000000000004 0.248733758926392
v -0.0249999999999996 0.0625000000000004 0.252064228057861
v -0.0124999999999996 0.0625000000000004 0.255537003278732
v 4.44089209850063e-16 0.0625000000000004 0.259134441614151
v 0.0125000000000004 0.0625000000000004 0.262765914201736
v 0.0250000000000005 0.0625000000000004 0.266367524862289
v 0.0375000000000005 0.0625000000000004 0.26988360285759
v 0.0500000000000005 0.0625000000000004 0.273204654455185
v 0.0625000000000004 0.0625000000000004 0.276219457387924
v 0.0750000000000005 0.0625000000000004 0.278909355401993
v 0.0875000000000006 0.0625000000000004 0.281283378601074
v 0.100000000000001 0.0625000000000004 0.283352613449097
v 0.1125 0.0625000000000004 0.285158306360245
v 0.125000000000001 0.0625000000000004 0.286769300699234
v 0.137500000000001 0.0625000000000004 0.28828889131546
v 0.150000000000001 0.0625000000000004 0.289898991584778
v 0.162500000000001 0.0625000000000004 0.291821479797363
v 0.175000000000001 0.0625000000000004 0.294108331203461
v 0.187500000000001 0.0625000000000004 0.296840578317642
v 0.200000000000001 0.0625000000000004 0.300124019384384
v 0.212500000000001 0.0625000000000004 0.304078191518784
v 0.225000000000001 0.0625000000000004 0.308718651533127
v 0.237500000000001 0.0625000000000004 0.314008444547653
v 0.250000000000001 0.0625000000000004 0.319975227117538
v 0.262500000000001 0.0625000000000004 0.32659912109375
v 0.275000000000001 0.0625000000000004 0.333941519260406
v 0.287500000000001 0.0625000000000004 0.341991662979126
v 0.300000000000001 0.0625000000000004 0.350931733846664
v 0.312500000000001 0.0625000000000004 0.360740423202515
v 0.325000000000001 0.0625000000000004 0.371307969093323
v 0.337500000000001 0.0625000000000004 0.382285743951797
v 0.350000000000001 0.0625000000000004 0.393143177032471
v 0.362500000000001 0.0625000000000004 0.403268724679947
v 0.375000000000001 0.0625000000000004 0.412177473306656
v 0.387500000000001 0.0625000000000004 0.419645875692368
v 0.400000000000001 0.0625000000000004 0.425768464803696
v 0.412500000000001 0.0625000000000004 0.430835783481598
v 0.425000000000001 0.0625000000000004 0.43511962890625
v 0.437500000000001 0.0625000000000004 0.438860803842545
v 0.450000000000001 0.0625000000000004 0.442134380340576
v 0.462500000000001 0.0625000000000004 0.444955170154572
v 0.475000000000001 0.0625000000000004 0.447402477264404
v 0.487500000000001 0.0625000000000004 0.449528425931931
v 0.500000000000001 0.0625000000000004 0.451467037200928
v -0.5 0.0750000000000005 0.443422317504883
v -0.4875 0.0750000000000005 0.429178535938263
v -0.475 0.0750000000000005 0.413696199655533
v -0.4625 0.0750000000000005 0.397333115339279
v -0.45 0.0750000000000005 0.380530923604965
v -0.4375 0.0750000000000005 0.363829493522644
v -0.425 0.0750000000000005 0.347761303186417
v -0.4125 0.0750000000000005 0.332884639501572
v -0.4 0.0750000000000005 0.319598913192749
v -0.3875 0.0750000000000005 0.308019012212753
v -0.375 0.0750000000000005 0.2982157766819
v -0.3625 0.0750000000000005 0.290203064680099
v -0.35 0.0750000000000005 0.283751726150513
v -0.3375 0.0750000000000005 0.278421819210052
v -0.325 0.0750000000000005 0.273957103490829
v -0.3125 0.0750000000000005 0.270141094923019
v -0.3 0.0750000000000005 0.266748338937759
v -0.2875 0.0750000000000005 0.263608902692795
v -0.275 0.0750000000000005 0.260681748390198
v -0.2625 0.0750000000000005 0.257981151342392
v -0.25 0.0750000000000005 0.255491346120834
v -0.2375 0.0750000000000005 0.253224343061447
v -0.225 0.0750000000000005 0.251219153404236
v -0.2125 0.0750000000000005 0.249500185251236
v -0.2 0.0750000000000005 0.248036846518517
v -0.1875 0.0750000000000005 0.246773526072502
v -0.175 0.0750000000000005 0.245806694030762
v -0.1625 0.0750000000000005 0.245017752051353
v -0.15 0.0750000000000005 0.244458839297295
v -0.1375 0.0750000000000005 0.244223356246948
v -0.125 0.0750000000000005 0.244312807917595
v -0.1125 0.0750000000000005 0.244788929820061
v -0.0999999999999996 0.0750000000000005 0.245705470442772
v -0.0874999999999996 0.0750000000000005 0.247187182307243
v -0.0749999999999996 0.0750000000000005 0.249170377850533
v -0.0624999999999996 0.0750000000000005 0.251572281122208
v -0.0499999999999996 0.0750000000000005 0.254373222589493
v -0.0374999999999996 0.0750000000000005 0.257441490888596
v -0.0249999999999996 0.0750000000000005 0.260703384876251
v -0.0124999999999996 0.0750000000000005 0.264089316129684
v 4.44089209850063e-16 0.0750000000000005 0.2675601541996
v 0.0125000000000004 0.0750000000000005 0.271009981632233
v 0.0250000000000005 0.0750000000000005 0.274393290281296
v 0.0375000000000005 0.0750000000000005 0.277606815099716
v 0.0500000000000005 0.0750000000000005 0.280614376068115
v 0.0625000000000004 0.0750000000000005 0.283313989639282
v 0.0750000000000005 0.0750000000000005 0.285680592060089
v 0.0875000000000006 0.0750000000000005 0.287706583738327
v 0.100000000000001 0.0750000000000005 0.289402812719345
v 0.1125 0.0750000000000005 0.290849387645721
v 0.125000000000001 0.0750000000000005 0.292123764753342
v 0.137500000000001 0.0750000000000005 0.293337941169739
v 0.150000000000001 0.0750000000000005 0.294695347547531
v 0.162500000000001 0.0750000000000005 0.296376556158066
v 0.175000000000001 0.0750000000000005 0.298474848270416
v 0.187500000000001 0.0750000000000005 0.301042705774307
v 0.200000000000001 0.0750000000000005 0.304179549217224
v 0.212500000000001 0.0750000000000005 0.308048874139786
v 0.225000000000001 0.0750000000000005 0.31256628036499
v 0.237500000000001 0.0750000000000005 0.317677348852158
v 0.250000000000001 0.0750000000000005 0.323449939489365
v 0.262500000000001 0.0750000000000005 0.329792410135269
v 0.275000000000001 0.0750000000000005 0.336785554885864
v 0.287500000000001 0.0750000000000005 0.344453901052475
v 0.300000000000001 0.0750000000000005 0.35294771194458
v 0.312500000000001 0.0750000000000005 0.362227022647858
v 0.325000000000001 0.0750000000000005 0.372128576040268
v 0.337500000000001 0.0750000000000005 0.382309526205063
v 0.350000000000001 0.0750000000000005 0.392282158136368
v 0.362500000000001 0.0750000000000005 0.401498228311539
v 0.375000000000001 0.0750000000000005 0.409559935331345
v 0.387500000000001 0.0750000000000005 0.416404724121094
v 0.400000000000001 0.0750000000000005 0.422122865915298
v 0.412500000000001 0.0750000000000005 0.427022665739059
v 0.425000000000001 0.0750000000000005 0.431345850229263
v 0.437500000000001 0.0750000000000005 0.435274600982666
v 0.450000000000001 0.0750000000000005 0.438848257064819
v 0.462500000000001 0.0750000000000005 0.442032903432846
v 0.475000000000001 0.0750000000000005 0.444907754659653
v 0.487500000000001 0.0750000000000005 0.447493225336075
v 0.500000000000001 0.0750000000000005 0.44989749789238
v -0.5 0.0875000000000006 0.447916597127914
v -0.4875 0.0875000000000006 0.434286803007126
v -0.475 0.0875000000000006 0.419447988271713
v -0.4625 0.0875000000000006 0.40366193652153
v -0.45 0.0875000000000006 0.387376338243484
v -0.4375 0.0875000000000006 0.371099531650543
v -0.425 0.0875000000000006 0.355347096920013
v -0.4125 0.0875000000000006 0.340596288442612
v -0.4 0.0875000000000006 0.327226370573044
v -0.3875 0.0875000000000006 0.31541645526886
v -0.375 0.0875000000000006 0.305227845907211
v -0.3625 0.0875000000000006 0.296812742948532
v -0.35 0.0875000000000006 0.290072351694107
v -0.3375 0.0875000000000006 0.284589052200317
v -0.325 0.0875000000000006 0.280122756958008
v -0.3125 0.0875000000000006 0.276432275772095
v -0.3 0.0875000000000006 0.273266851902008
v -0.2875 0.0875000000000006 0.27047723531723
v -0.275 0.0875000000000006 0.267897844314575
v -0.2625 0.0875000000000006 0.265533447265625
v -0.25 0.0875000000000006 0.263318598270416
v -0.2375 0.0875000000000006 0.261288225650787
v -0.225 0.0875000000000006 0.259469419717789
v -0.2125 0.0875000000000006 0.257841348648071
v -0.2 0.0875000000000006 0.256490796804428
v -0.1875 0.0875000000000006 0.255351036787033
v -0.175 0.0875000000000006 0.25447341799736
v -0.1625 0.0875000000000006 0.253806591033936
v -0.15 0.0875000000000006 0.253358125686646
v -0.1375 0.0875000000000006 0.253159284591675
v -0.125 0.0875000000000006 0.253295063972473
v -0.1125 0.0875000000000006 0.253789126873016
v -0.0999999999999996 0.0875000000000006 0.254663556814194
v -0.0874999999999996 0.0875000000000006 0.256077498197556
v -0.0749999999999996 0.0875000000000006 0.257990092039108
v -0.0624999999999996 0.0875000000000006 0.260315597057343
v -0.0499999999999996 0.0875000000000006 0.263000100851059
v -0.0374999999999996 0.0875000000000006 0.266003668308258
v -0.0249999999999996 0.0875000000000006 0.269180119037628
v -0.0124999999999996 0.0875000000000006 0.272464007139206
v 4.44089209850063e-16 0.0875000000000006 0.275790601968765
v 0.0125000000000004 0.0875000000000006 0.279050171375275
v 0.0250000000000005 0.0875000000000006 0.28223443031311
v 0.0375000000000005 0.0875000000000006 0.285189777612686
v 0.0500000000000005 0.0875000000000006 0.287884205579758
v 0.0625000000000004 0.0875000000000006 0.29025211930275
v 0.0750000000000005 0.0875000000000006 0.292272657155991
v 0.0875000000000006 0.0875000000000006 0.293950468301773
v 0.100000000000001 0.0875000000000006 0.295310527086258
v 0.1125 0.0875000000000006 0.296441793441772
v 0.125000000000001 0.0875000000000006 0.297444939613342
v 0.137500000000001 0.0875000000000006 0.298424571752548
v 0.150000000000001 0.0875000000000006 0.299565374851227
v 0.162500000000001 0.0875000000000006 0.301049560308456
v 0.175000000000001 0.0875000000000006 0.303015440702438
v 0.187500000000001 0.0875000000000006 0.305488973855972
v 0.200000000000001 0.0875000000000006 0.308575958013535
v 0.212500000000001 0.0875000000000006 0.31237730383873
v 0.225000000000001 0.0875000000000006 0.316794723272324
v 0.237500000000001 0.0875000000000006 0.321801245212555
v 0.250000000000001 0.0875000000000006 0.327341228723526
v 0.262500000000001 0.0875000000000006 0.333413064479828
v 0.275000000000001 0.0875000000000006 0.340048164129257
v 0.287500000000001 0.0875000000000006 0.347327888011932
v 0.300000000000001 0.0875000000000006 0.355361133813858
v 0.312500000000001 0.0875000000000006 0.364060401916504
v 0.325000000000001 0.0875000000000006 0.373255580663681
v 0.337500000000001 0.0875000000000006 0.382619559764862
v 0.350000000000001 0.0875000000000006 0.391701996326447
v 0.362500000000001 0.0875000000000006 0.400022238492966
v 0.375000000000001 0.0875000000000006 0.407331764698029
v 0.387500000000001 0.0875000000000006 0.413583278656006
v 0.400000000000001 0.0875000000000006 0.418967097997665
v 0.412500000000001 0.0875000000000006 0.423768252134323
v 0.425000000000001 0.0875000000000006 0.428204447031021
v 0.437500000000001 0.0875000000000006 0.432323843240738
v 0.450000000000001 0.0875000000000006 0.436182975769043
v 0.462500000000001 0.0875000000000006 0.439733356237411
v 0.475000000000001 0.0875000000000006 0.442987740039825
v 0.487500000000001 0.0875000000000006 0.445994853973389
v 0.500000000000001 0.0875000000000006 0.448825359344482
v -0.5 0.100000000000001 0.452220171689987
v -0.4875 0.100000000000001 0.439269751310349
v -0.475 0.100000000000001 0.425147116184235
v -0.4625 0.100000000000001 0.410075753927231
v -0.45 0.100000000000001 0.394438117742538
v -0.4375 0.100000000000001 0.378728598356247
v -0.425 0.100000000000001 0.363372951745987
v -0.4125 0.100000000000001 0.34886223077774
v -0.4 0.100000000000001 0.335527032613754
v -0.3875 0.100000000000001 0.323561489582062
v -0.375 0.100000000000001 0.313135206699371
v -0.3625 0.100000000000001 0.304357379674911
v -0.35 0.100000000000001 0.297138690948486
v -0.3375 0.100000000000001 0.29134476184845
v -0.325 0.100000000000001 0.286692529916763
v -0.3125 0.100000000000001 0.282898336648941
v -0.3 0.100000000000001 0.279755085706711
v -0.2875 0.100000000000001 0.277130365371704
v -0.275 0.100000000000001 0.274821639060974
v -0.2625 0.100000000000001 0.272738754749298
v -0.25 0.100000000000001 0.270796298980713
v -0.2375 0.100000000000001 0.269030898809433
v -0.225 0.100000000000001 0.267397731542587
v -0.2125 0.100000000000001 0.265918552875519
v -0.2 0.100000000000001 0.264680773019791
v -0.1875 0.100000000000001 0.263662844896317
v -0.175 0.100000000000001 0.262864500284195
v -0.1625 0.100000000000001 0.262300461530685
v -0.15 0.100000000000001 0.261919498443604
v -0.1375 0.100000000000001 0.261787086725235
v -0.125 0.100000000000001 0.261948347091675
v -0.1125 0.100000000000001 0.262489676475525
v -0.0999999999999996 0.100000000000001 0.26340726017952
v -0.0874999999999996 0.100000000000001 0.264782279729843
v -0.0749999999999996 0.100000000000001 0.266654580831528
v -0.0624999999999996 0.100000000000001 0.268912225961685
v -0.0499999999999996 0.100000000000001 0.271504253149033
v -0.0374999999999996 0.100000000000001 0.274403035640717
v -0.0249999999999996 0.100000000000001 0.277491301298141
v -0.0124999999999996 0.100000000000001 0.280656635761261
v 4.44089209850063e-16 0.100000000000001 0.2838274538517
v 0.0125000000000004 0.100000000000001 0.286919206380844
v 0.0250000000000005 0.100000000000001 0.289872854948044
v 0.0375000000000005 0.100000000000001 0.292574495077133
v 0.0500000000000005 0.100000000000001 0.294952034950256
v 0.0625000000000004 0.100000000000001 0.297038346529007
v 0.0750000000000005 0.100000000000001 0.29877445101738
v 0.0875000000000006 0.100000000000001 0.300132244825363
v 0.100000000000001 0.100000000000001 0.301190137863159
v 0.1125 0.100000000000001 0.302041083574295
v 0.125000000000001 0.100000000000001 0.302789896726608
v 0.137500000000001 0.100000000000001 0.303584158420563
v 0.150000000000001 0.100000000000001 0.304569065570831
v 0.162500000000001 0.100000000000001 0.305910736322403
v 0.175000000000001 0.100000000000001 0.307760864496231
v 0.187500000000001 0.100000000000001 0.310186415910721
v 0.200000000000001 0.100000000000001 0.313274294137955
v 0.212500000000001 0.100000000000001 0.317028999328613
v 0.225000000000001 0.100000000000001 0.321385473012924
v 0.237500000000001 0.100000000000001 0.326288908720016
v 0.250000000000001 0.100000000000001 0.331644713878632
v 0.262500000000001 0.100000000000001 0.337418526411057
v 0.275000000000001 0.100000000000001 0.343699187040329
v 0.287500000000001 0.100000000000001 0.350553274154663
v 0.300000000000001 0.100000000000001 0.358121693134308
v 0.312500000000001 0.100000000000001 0.366220384836197
v 0.325000000000001 0.100000000000001 0.374704897403717
v 0.337500000000001 0.100000000000001 0.383254051208496
v 0.350000000000001 0.100000000000001 0.3914415538311
v 0.362500000000001 0.100000000000001 0.398934453725815
v 0.375000000000001 0.100000000000001 0.405551910400391
v 0.387500000000001 0.100000000000001 0.411303818225861
v 0.400000000000001 0.100000000000001 0.416417926549911
v 0.412500000000001 0.100000000000001 0.421172857284546
v 0.425000000000001 0.100000000000001 0.425710827112198
v 0.437500000000001 0.100000000000001 0.430032819509506
v 0.450000000000001 0.100000000000001 0.434173256158829
v 0.462500000000001 0.100000000000001 0.438045471906662
v 0.475000000000001 0.100000000000001 0.441628783941269
v 0.487500000000001 0.100000000000001 0.444973558187485
v 0.500000000000001 0.100000000000001 0.448163986206055
v -0.5 0.1125 0.456191629171371
v -0.4875 0.1125 0.444009989500046
v -0.475 0.1125 0.430643141269684
v -0.4625 0.1125 0.416340172290802
v -0.45 0.1125 0.40141949057579
v -0.4375 0.1125 0.38635441660881
v -0.425 0.1125 0.37152773141861
v -0.4125 0.1125 0.357395946979523
v -0.4 0.1125 0.344252079725266
v -0.3875 0.1125 0.332274973392487
v -0.375 0.1125 0.321722030639648
v -0.3625 0.1125 0.312634319067001
v -0.35 0.1125 0.304995208978653
v -0.3375 0.1125 0.298723191022873
v -0.325 0.1125 0.293706685304642
v -0.3125 0.1125 0.289659708738327
v -0.3 0.1125 0.286378711462021
v -0.2875 0.1125 0.283743858337402
v -0.275 0.1125 0.281591504812241
v -0.2625 0.1125 0.279722839593887
v -0.25 0.1125 0.278053849935532
v -0.2375 0.1125 0.276490062475204
v -0.225 0.1125 0.275078028440475
v -0.2125 0.1125 0.273765295743942
v -0.2 0.1125 0.272666066884995
v -0.1875 0.1125 0.271767228841782
v -0.175 0.1125 0.271067410707474
v -0.1625 0.1125 0.27055436372757
v -0.15 0.1125 0.270231693983078
v -0.1375 0.1125 0.270153731107712
v -0.125 0.1125 0.270360141992569
v -0.1125 0.1125 0.270914047956467
v -0.0999999999999996 0.1125 0.271877318620682
v -0.0874999999999996 0.1125 0.273246020078659
v -0.0749999999999996 0.1125 0.275098651647568
v -0.0624999999999996 0.1125 0.277346193790436
v -0.0499999999999996 0.1125 0.279873728752136
v -0.0374999999999996 0.1125 0.282655000686646
v -0.0249999999999996 0.1125 0.285630524158478
v -0.0124999999999996 0.1125 0.288667023181915
v 4.44089209850063e-16 0.1125 0.29167702794075
v 0.0125000000000004 0.1125 0.294605165719986
v 0.0250000000000005 0.1125 0.297325849533081
v 0.0375000000000005 0.1125 0.299773126840591
v 0.0500000000000005 0.1125 0.301886230707169
v 0.0625000000000004 0.1125 0.303704261779785
v 0.0750000000000005 0.1125 0.305147796869278
v 0.0875000000000006 0.1125 0.306227028369904
v 0.100000000000001 0.1125 0.307033628225327
v 0.1125 0.1125 0.307661324739456
v 0.125000000000001 0.1125 0.308213144540787
v 0.137500000000001 0.1125 0.308843791484833
v 0.150000000000001 0.1125 0.309697717428207
v 0.162500000000001 0.1125 0.310953050851822
v 0.175000000000001 0.1125 0.31276461482048
v 0.187500000000001 0.1125 0.315196573734283
v 0.200000000000001 0.1125 0.318291395902634
v 0.212500000000001 0.1125 0.322034567594528
v 0.225000000000001 0.1125 0.326347559690475
v 0.237500000000001 0.1125 0.331121504306793
v 0.250000000000001 0.1125 0.336288899183273
v 0.262500000000001 0.1125 0.34180161356926
v 0.275000000000001 0.1125 0.347693502902985
v 0.287500000000001 0.1125 0.354111731052399
v 0.300000000000001 0.1125 0.361172020435333
v 0.312500000000001 0.1125 0.368701606988907
v 0.325000000000001 0.1125 0.376480877399445
v 0.337500000000001 0.1125 0.384213358163834
v 0.350000000000001 0.1125 0.391566008329391
v 0.362500000000001 0.1125 0.398263454437256
v 0.375000000000001 0.1125 0.404252916574478
v 0.387500000000001 0.1125 0.40960818529129
v 0.400000000000001 0.1125 0.41454815864563
v 0.412500000000001 0.1125 0.419269293546677
v 0.425000000000001 0.1125 0.423885077238083
v 0.437500000000001 0.1125 0.428404241800308
v 0.450000000000001 0.1125 0.432739943265915
v 0.462500000000001 0.1125 0.436869233846664
v 0.475000000000001 0.1125 0.440732389688492
v 0.487500000000001 0.1125 0.444377392530441
v 0.500000000000001 0.1125 0.447865724563599
v -0.5 0.125000000000001 0.459835827350616
v -0.4875 0.125000000000001 0.448422014713287
v -0.475 0.125000000000001 0.435838222503662
v -0.4625 0.125000000000001 0.422308653593063
v -0.45 0.125000000000001 0.40816268324852
v -0.4375 0.125000000000001 0.393805652856827
v -0.425 0.125000000000001 0.379606038331985
v -0.4125 0.125000000000001 0.365938484668732
v -0.4 0.125000000000001 0.353087931871414
v -0.3875 0.125000000000001 0.341274112462997
v -0.375 0.125000000000001 0.330690801143646
v -0.3625 0.125000000000001 0.321397006511688
v -0.35 0.125000000000001 0.313420861959457
v -0.3375 0.125000000000001 0.306703180074692
v -0.325 0.125000000000001 0.301236510276794
v -0.3125 0.125000000000001 0.296834707260132
v -0.3 0.125000000000001 0.293299645185471
v -0.2875 0.125000000000001 0.290478229522705
v -0.275 0.125000000000001 0.288322299718857
v -0.2625 0.125000000000001 0.286601513624191
v -0.25 0.125000000000001 0.285111606121063
v -0.2375 0.125000000000001 0.283797681331635
v -0.225 0.125000000000001 0.282566845417023
v -0.2125 0.125000000000001 0.281437247991562
v -0.2 0.125000000000001 0.28048911690712
v -0.1875 0.125000000000001 0.279741048812866
v -0.175 0.125000000000001 0.279123872518539
v -0.1625 0.125000000000001 0.278675317764282
v -0.15 0.125000000000001 0.278386414051056
v -0.1375 0.125000000000001 0.278315037488937
v -0.125 0.125000000000001 0.278565138578415
v -0.1125 0.125000000000001 0.279131859540939
v -0.0999999999999996 0.125000000000001 0.280110210180283
v -0.0874999999999996 0.125000000000001 0.281480550765991
v -0.0749999999999996 0.125000000000001 0.283317148685455
v -0.0624999999999996 0.125000000000001 0.285538464784622
v -0.0499999999999996 0.125000000000001 0.288025468587875
v -0.0374999999999996 0.125000000000001 0.290741920471191
v -0.0249999999999996 0.125000000000001 0.293592900037766
v -0.0124999999999996 0.125000000000001 0.296511024236679
v 4.44089209850063e-16 0.125000000000001 0.299386352300644
v 0.0125000000000004 0.125000000000001 0.30213451385498
v 0.0250000000000005 0.125000000000001 0.304639607667923
v 0.0375000000000005 0.125000000000001 0.306856691837311
v 0.0500000000000005 0.125000000000001 0.308746427297592
v 0.0625000000000004 0.125000000000001 0.310282438993454
v 0.0750000000000005 0.125000000000001 0.311454743146896
v 0.0875000000000006 0.125000000000001 0.312283515930176
v 0.100000000000001 0.125000000000001 0.312863975763321
v 0.1125 0.125000000000001 0.313285827636719
v 0.125000000000001 0.125000000000001 0.313693284988403
v 0.137500000000001 0.125000000000001 0.314199566841125
v 0.150000000000001 0.125000000000001 0.314982652664185
v 0.162500000000001 0.125000000000001 0.316193401813507
v 0.175000000000001 0.125000000000001 0.31804284453392
v 0.187500000000001 0.125000000000001 0.32050022482872
v 0.200000000000001 0.125000000000001 0.3235904276371
v 0.212500000000001 0.125000000000001 0.327331036329269
v 0.225000000000001 0.125000000000001 0.331582516431808
v 0.237500000000001 0.125000000000001 0.33622008562088
v 0.250000000000001 0.125000000000001 0.341170370578766
v 0.262500000000001 0.125000000000001 0.34640821814537
v 0.275000000000001 0.125000000000001 0.351995021104813
v 0.287500000000001 0.125000000000001 0.358002752065659
v 0.300000000000001 0.125000000000001 0.364543676376343
v 0.312500000000001 0.125000000000001 0.37146669626236
v 0.325000000000001 0.125000000000001 0.378543704748154
v 0.337500000000001 0.125000000000001 0.385516911745071
v 0.350000000000001 0.125000000000001 0.392069339752197
v 0.362500000000001 0.125000000000001 0.3980473279953
v 0.375000000000001 0.125000000000001 0.403486013412476
v 0.387500000000001 0.125000000000001 0.408509641885757
v 0.400000000000001 0.125000000000001 0.413313627243042
v 0.412500000000001 0.125000000000001 0.41802105307579
v 0.425000000000001 0.125000000000001 0.42272099852562
v 0.437500000000001 0.125000000000001 0.427348226308823
v 0.450000000000001 0.125000000000001 0.431818068027496
v 0.462500000000001 0.125000000000001 0.436113089323044
v 0.475000000000001 0.125000000000001 0.440185785293579
v 0.487500000000001 0.125000000000001 0.444059193134308
v 0.500000000000001 0.125000000000001 0.447785586118698
v -0.5 0.137500000000001 0.463088244199753
v -0.4875 0.137500000000001 0.452407270669937
v -0.475 0.137500000000001 0.440626591444016
v -0.4625 0.137500000000001 0.427907556295395
v -0.45 0.137500000000001 0.414558708667755
v -0.4375 0.137500000000001 0.400949776172638
v -0.425 0.137500000000001 0.387437790632248
v -0.4125 0.137500000000001 0.374323457479477
v -0.4 0.137500000000001 0.361896365880966
v -0.3875 0.137500000000001 0.350383251905441
v -0.375 0.137500000000001 0.339863300323486
v -0.3625 0.137500000000001 0.330471009016037
v -0.35 0.137500000000001 0.322245836257935
v -0.3375 0.137500000000001 0.315181642770767
v -0.325 0.137500000000001 0.309265643358231
v -0.3125 0.137500000000001 0.304475128650665
v -0.3 0.137500000000001 0.300595372915268
v -0.2875 0.137500000000001 0.297516077756882
v -0.275 0.137500000000001 0.295208096504211
v -0.2625 0.137500000000001 0.293492615222931
v -0.25 0.137500000000001 0.292116224765778
v -0.2375 0.137500000000001 0.29097244143486
v -0.225 0.137500000000001 0.289960771799088
v -0.2125 0.137500000000001 0.289013355970383
v -0.2 0.137500000000001 0.288227289915085
v -0.1875 0.137500000000001 0.287615865468979
v -0.175 0.137500000000001 0.287094175815582
v -0.1625 0.137500000000001 0.286703616380692
v -0.15 0.137500000000001 0.28646245598793
v -0.1375 0.137500000000001 0.28640803694725
v -0.125 0.137500000000001 0.286632865667343
v -0.1125 0.137500000000001 0.287189215421677
v -0.0999999999999996 0.137500000000001 0.288114428520203
v -0.0874999999999996 0.137500000000001 0.289450645446777
v -0.0749999999999996 0.137500000000001 0.291271388530731
v -0.0624999999999996 0.137500000000001 0.293448895215988
v -0.0499999999999996 0.137500000000001 0.295918107032776
v -0.0374999999999996 0.137500000000001 0.298583477735519
v -0.0249999999999996 0.137500000000001 0.301347106695175
v -0.0124999999999996 0.137500000000001 0.304154247045517
v 4.44089209850063e-16 0.137500000000001 0.306916624307632
v 0.0125000000000004 0.137500000000001 0.309499800205231
v 0.0250000000000005 0.137500000000001 0.311826407909393
v 0.0375000000000005 0.137500000000001 0.313852310180664
v 0.0500000000000005 0.137500000000001 0.315543651580811
v 0.0625000000000004 0.137500000000001 0.31683275103569
v 0.0750000000000005 0.137500000000001 0.317761391401291
v 0.0875000000000006 0.137500000000001 0.318352669477463
v 0.100000000000001 0.137500000000001 0.318738847970963
v 0.1125 0.137500000000001 0.318991482257843
v 0.125000000000001 0.137500000000001 0.319277107715607
v 0.137500000000001 0.137500000000001 0.319692522287369
v 0.150000000000001 0.137500000000001 0.320441335439682
v 0.162500000000001 0.137500000000001 0.321677923202515
v 0.175000000000001 0.137500000000001 0.323561877012253
v 0.187500000000001 0.137500000000001 0.326057016849518
v 0.200000000000001 0.137500000000001 0.329174637794495
v 0.212500000000001 0.137500000000001 0.332875400781631
v 0.225000000000001 0.137500000000001 0.337019294500351
v 0.237500000000001 0.137500000000001 0.341494292020798
v 0.250000000000001 0.137500000000001 0.346233904361725
v 0.262500000000001 0.137500000000001 0.351217001676559
v 0.275000000000001 0.137500000000001 0.356486707925797
v 0.287500000000001 0.137500000000001 0.362072795629501
v 0.300000000000001 0.137500000000001 0.368097394704819
v 0.312500000000001 0.137500000000001 0.374454617500305
v 0.325000000000001 0.137500000000001 0.380892008543015
v 0.337500000000001 0.137500000000001 0.387130975723267
v 0.350000000000001 0.137500000000001 0.392947405576706
v 0.362500000000001 0.137500000000001 0.398298412561417
v 0.375000000000001 0.137500000000001 0.403251647949219
v 0.387500000000001 0.137500000000001 0.408020973205566
v 0.400000000000001 0.137500000000001 0.412698954343796
v 0.412500000000001 0.137500000000001 0.417397022247314
v 0.425000000000001 0.137500000000001 0.422116577625275
v 0.437500000000001 0.137500000000001 0.426786810159683
v 0.450000000000001 0.137500000000001 0.431322336196899
v 0.462500000000001 0.137500000000001 0.435691922903061
v 0.475000000000001 0.137500000000001 0.439897775650024
v 0.487500000000001 0.137500000000001 0.443932741880417
v 0.500000000000001 0.137500000000001 0.4478380382061
v -0.5 0.150000000000001 0.465940952301025
v -0.4875 0.150000000000001 0.455947250127792
v -0.475 0.150000000000001 0.444948881864548
v -0.4625 0.150000000000001 0.433065861463547
v -0.45 0.150000000000001 0.420531749725342
v -0.4375 0.150000000000001 0.407692015171051
v -0.425 0.150000000000001 0.394890308380127
v -0.4125 0.150000000000001 0.382386267185211
v -0.4 0.150000000000001 0.370462387800217
v -0.3875 0.150000000000001 0.359317630529404
v -0.375 0.150000000000001 0.349003881216049
v -0.3625 0.150000000000001 0.339655786752701
v -0.35 0.150000000000001 0.331334918737411
v -0.3375 0.150000000000001 0.324024707078934
v -0.325 0.150000000000001 0.317750066518784
v -0.3125 0.150000000000001 0.312557190656662
v -0.3 0.150000000000001 0.308322906494141
v -0.2875 0.150000000000001 0.3049635887146
v -0.275 0.150000000000001 0.30238065123558
v -0.2625 0.150000000000001 0.300527334213257
v -0.25 0.150000000000001 0.299165695905685
v -0.2375 0.150000000000001 0.298105269670486
v -0.225 0.150000000000001 0.297272503376007
v -0.2125 0.150000000000001 0.29654535651207
v -0.2 0.150000000000001 0.295927166938782
v -0.1875 0.150000000000001 0.295430660247803
v -0.175 0.150000000000001 0.295028448104858
v -0.1625 0.150000000000001 0.294675320386887
v -0.15 0.150000000000001 0.294472217559814
v -0.1375 0.150000000000001 0.294437974691391
v -0.125 0.150000000000001 0.294627606868744
v -0.1125 0.150000000000001 0.295105189085007
v -0.0999999999999996 0.150000000000001 0.295922100543976
v -0.0874999999999996 0.150000000000001 0.297151386737823
v -0.0749999999999996 0.150000000000001 0.298914194107056
v -0.0624999999999996 0.150000000000001 0.301022380590439
v -0.0499999999999996 0.150000000000001 0.303459703922272
v -0.0374999999999996 0.150000000000001 0.306097596883774
v -0.0249999999999996 0.150000000000001 0.308810293674469
v -0.0124999999999996 0.150000000000001 0.311555951833725
v 4.44089209850063e-16 0.150000000000001 0.314222663640976
v 0.0125000000000004 0.150000000000001 0.316695928573608
v 0.0250000000000005 0.150000000000001 0.318898290395737
v 0.0375000000000005 0.150000000000001 0.320785015821457
v 0.0500000000000005 0.150000000000001 0.322285622358322
v 0.0625000000000004 0.150000000000001 0.323363423347473
v 0.0750000000000005 0.150000000000001 0.32406547665596
v 0.0875000000000006 0.150000000000001 0.324456483125687
v 0.100000000000001 0.150000000000001 0.324675410985947
v 0.1125 0.150000000000001 0.324802458286285
v 0.125000000000001 0.150000000000001 0.324979990720749
v 0.137500000000001 0.150000000000001 0.325336933135986
v 0.150000000000001 0.150000000000001 0.32609486579895
v 0.162500000000001 0.150000000000001 0.327392578125
v 0.175000000000001 0.150000000000001 0.329291582107544
v 0.187500000000001 0.150000000000001 0.331840962171555
v 0.200000000000001 0.150000000000001 0.334971815347672
v 0.212500000000001 0.150000000000001 0.338616758584976
v 0.225000000000001 0.150000000000001 0.342640250921249
v 0.237500000000001 0.150000000000001 0.346929371356964
v 0.250000000000001 0.150000000000001 0.351432889699936
v 0.262500000000001 0.150000000000001 0.356155604124069
v 0.275000000000001 0.150000000000001 0.361098557710648
v 0.287500000000001 0.150000000000001 0.366305500268936
v 0.300000000000001 0.150000000000001 0.371835082769394
v 0.312500000000001 0.150000000000001 0.37766233086586
v 0.325000000000001 0.150000000000001 0.38347402215004
v 0.337500000000001 0.150000000000001 0.389013111591339
v 0.350000000000001 0.150000000000001 0.394184678792953
v 0.362500000000001 0.150000000000001 0.398978233337402
v 0.375000000000001 0.150000000000001 0.403539717197418
v 0.387500000000001 0.150000000000001 0.4080810546875
v 0.400000000000001 0.150000000000001 0.412640422582626
v 0.412500000000001 0.150000000000001 0.417284220457077
v 0.425000000000001 0.150000000000001 0.421976149082184
v 0.437500000000001 0.150000000000001 0.426635593175888
v 0.450000000000001 0.150000000000001 0.431176990270615
v 0.462500000000001 0.150000000000001 0.435548037290573
v 0.475000000000001 0.150000000000001 0.439813762903214
v 0.487500000000001 0.150000000000001 0.443950176239014
v 0.500000000000001 0.150000000000001 0.447975069284439
v -0.5 0.162500000000001 0.468414604663849
v -0.4875 0.162500000000001 0.459077030420303
v -0.475 0.162500000000001 0.448834329843521
v -0.4625 0.162500000000001 0.437760353088379
v -0.45 0.162500000000001 0.426053255796432
v -0.4375 0.162500000000001 0.413994997739792
v -0.425 0.162500000000001 0.401922047138214
v -0.4125 0.162500000000001 0.390071719884872
v -0.4 0.162500000000001 0.378692865371704
v -0.3875 0.162500000000001 0.367959827184677
v -0.375 0.162500000000001 0.357953697443008
v -0.3625 0.162500000000001 0.348769038915634
v -0.35 0.162500000000001 0.340490013360977
v -0.3375 0.162500000000001 0.333087116479874
v -0.325 0.162500000000001 0.326593935489655
v -0.3125 0.162500000000001 0.321042537689209
v -0.3 0.162500000000001 0.316478967666626
v -0.2875 0.162500000000001 0.312789738178253
v -0.275 0.162500000000001 0.309911102056503
v -0.2625 0.162500000000001 0.307820051908493
v -0.25 0.162500000000001 0.306357771158218
v -0.2375 0.162500000000001 0.305323898792267
v -0.225 0.162500000000001 0.304597467184067
v -0.2125 0.162500000000001 0.304049283266068
v -0.2 0.162500000000001 0.303604513406754
v -0.1875 0.162500000000001 0.303216904401779
v -0.175 0.162500000000001 0.302909463644028
v -0.1625 0.162500000000001 0.302657276391983
v -0.15 0.162500000000001 0.302476406097412
v -0.1375 0.162500000000001 0.302418410778046
v -0.125 0.162500000000001 0.302538841962814
v -0.1125 0.162500000000001 0.302924245595932
v -0.0999999999999996 0.162500000000001 0.303600043058395
v -0.0874999999999996 0.162500000000001 0.304670780897141
v -0.0749999999999996 0.162500000000001 0.306258410215378
v -0.0624999999999996 0.162500000000001 0.308278053998947
v -0.0499999999999996 0.162500000000001 0.310624986886978
v -0.0374999999999996 0.162500000000001 0.313227146863937
v -0.0249999999999996 0.162500000000001 0.315933793783188
v -0.0124999999999996 0.162500000000001 0.318658173084259
v 4.44089209850063e-16 0.162500000000001 0.321288019418716
v 0.0125000000000004 0.162500000000001 0.323713392019272
v 0.0250000000000005 0.162500000000001 0.325831979513168
v 0.0375000000000005 0.162500000000001 0.327600091695786
v 0.0500000000000005 0.162500000000001 0.32894429564476
v 0.0625000000000004 0.162500000000001 0.329859972000122
v 0.0750000000000005 0.162500000000001 0.330391764640808
v 0.0875000000000006 0.162500000000001 0.330624610185623
v 0.100000000000001 0.162500000000001 0.330719769001007
v 0.1125 0.162500000000001 0.33073303103447
v 0.125000000000001 0.162500000000001 0.330823332071304
v 0.137500000000001 0.162500000000001 0.331183075904846
v 0.150000000000001 0.162500000000001 0.331967413425446
v 0.162500000000001 0.162500000000001 0.333292216062546
v 0.175000000000001 0.162500000000001 0.335214525461197
v 0.187500000000001 0.162500000000001 0.337795823812485
v 0.200000000000001 0.162500000000001 0.340932190418243
v 0.212500000000001 0.162500000000001 0.344504237174988
v 0.225000000000001 0.162500000000001 0.348384231328964
v 0.237500000000001 0.162500000000001 0.352457493543625
v 0.250000000000001 0.162500000000001 0.356697052717209
v 0.262500000000001 0.162500000000001 0.36113515496254
v 0.275000000000001 0.162500000000001 0.36576983332634
v 0.287500000000001 0.162500000000001 0.370636463165283
v 0.300000000000001 0.162500000000001 0.375757038593292
v 0.312500000000001 0.162500000000001 0.38103187084198
v 0.325000000000001 0.162500000000001 0.38623309135437
v 0.337500000000001 0.162500000000001 0.391150921583176
v 0.350000000000001 0.162500000000001 0.395743668079376
v 0.362500000000001 0.162500000000001 0.400065958499908
v 0.375000000000001 0.162500000000001 0.404311865568161
v 0.387500000000001 0.162500000000001 0.408624708652496
v 0.400000000000001 0.162500000000001 0.413052409887314
v 0.412500000000001 0.162500000000001 0.417591243982315
v 0.425000000000001 0.162500000000001 0.4222092628479
v 0.437500000000001 0.162500000000001 0.426792830228806
v 0.450000000000001 0.162500000000001 0.43127965927124
v 0.462500000000001 0.162500000000001 0.43564185500145
v 0.475000000000001 0.162500000000001 0.439888060092926
v 0.487500000000001 0.162500000000001 0.444066047668457
v 0.500000000000001 0.162500000000001 0.448160141706467
v -0.5 0.175000000000001 0.470549315214157
v -0.4875 0.175000000000001 0.461811125278473
v -0.475 0.175000000000001 0.452291309833527
v -0.4625 0.175000000000001 0.441995233297348
v -0.45 0.175000000000001 0.431122779846191
v -0.4375 0.175000000000001 0.419868677854538
v -0.425 0.175000000000001 0.408523231744766
v -0.4125 0.175000000000001 0.397340148687363
v -0.4 0.175000000000001 0.386536329984665
v -0.3875 0.175000000000001 0.376266300678253
v -0.375 0.175000000000001 0.366642683744431
v -0.3625 0.175000000000001 0.357720106840134
v -0.35 0.175000000000001 0.349581092596054
v -0.3375 0.175000000000001 0.342216461896896
v -0.325 0.175000000000001 0.335632771253586
v -0.3125 0.175000000000001 0.329881280660629
v -0.3 0.175000000000001 0.324997693300247
v -0.2875 0.175000000000001 0.321007132530212
v -0.275 0.175000000000001 0.31781879067421
v -0.2625 0.175000000000001 0.315448820590973
v -0.25 0.175000000000001 0.313787430524826
v -0.2375 0.175000000000001 0.312690705060959
v -0.225 0.175000000000001 0.312003463506699
v -0.2125 0.175000000000001 0.311579793691635
v -0.2 0.175000000000001 0.311279267072678
v -0.1875 0.175000000000001 0.311044007539749
v -0.175 0.175000000000001 0.310836166143417
v -0.1625 0.175000000000001 0.310631632804871
v -0.15 0.175000000000001 0.310474693775177
v -0.1375 0.175000000000001 0.310385316610336
v -0.125 0.175000000000001 0.310408025979996
v -0.1125 0.175000000000001 0.310657501220703
v -0.0999999999999996 0.175000000000001 0.311163187026978
v -0.0874999999999996 0.175000000000001 0.312047958374023
v -0.0749999999999996 0.175000000000001 0.313419193029404
v -0.0624999999999996 0.175000000000001 0.315243303775787
v -0.0499999999999996 0.175000000000001 0.317444354295731
v -0.0374999999999996 0.175000000000001 0.319972008466721
v -0.0249999999999996 0.175000000000001 0.322688102722168
v -0.0124999999999996 0.175000000000001 0.325432598590851
v 4.44089209850063e-16 0.175000000000001 0.328067272901535
v 0.0125000000000004 0.175000000000001 0.33049276471138
v 0.0250000000000005 0.175000000000001 0.332587152719498
v 0.0375000000000005 0.175000000000001 0.334277004003525
v 0.0500000000000005 0.175000000000001 0.335528582334518
v 0.0625000000000004 0.175000000000001 0.336348444223404
v 0.0750000000000005 0.175000000000001 0.336768060922623
v 0.0875000000000006 0.175000000000001 0.336888402700424
v 0.100000000000001 0.175000000000001 0.336877584457397
v 0.1125 0.175000000000001 0.336822003126144
v 0.125000000000001 0.175000000000001 0.3368861079216
v 0.137500000000001 0.175000000000001 0.33724781870842
v 0.150000000000001 0.175000000000001 0.338052481412888
v 0.162500000000001 0.175000000000001 0.339417517185211
v 0.175000000000001 0.175000000000001 0.341380596160889
v 0.187500000000001 0.175000000000001 0.343947738409042
v 0.200000000000001 0.175000000000001 0.347028732299805
v 0.212500000000001 0.175000000000001 0.350458145141602
v 0.225000000000001 0.175000000000001 0.354129284620285
v 0.237500000000001 0.175000000000001 0.357979089021683
v 0.250000000000001 0.175000000000001 0.361954361200333
v 0.262500000000001 0.175000000000001 0.366129398345947
v 0.275000000000001 0.175000000000001 0.370486408472061
v 0.287500000000001 0.175000000000001 0.375075429677963
v 0.300000000000001 0.175000000000001 0.379825323820114
v 0.312500000000001 0.175000000000001 0.384564310312271
v 0.325000000000001 0.175000000000001 0.389182060956955
v 0.337500000000001 0.175000000000001 0.393523931503296
v 0.350000000000001 0.175000000000001 0.39760547876358
v 0.362500000000001 0.175000000000001 0.401515543460846
v 0.375000000000001 0.175000000000001 0.405469506978989
v 0.387500000000001 0.175000000000001 0.409557074308395
v 0.400000000000001 0.175000000000001 0.41382572054863
v 0.412500000000001 0.175000000000001 0.418234437704086
v 0.425000000000001 0.175000000000001 0.422727793455124
v 0.437500000000001 0.175000000000001 0.427198737859726
v 0.450000000000001 0.175000000000001 0.43159744143486
v 0.462500000000001 0.175000000000001 0.435889691114426
v 0.475000000000001 0.175000000000001 0.44007420539856
v 0.487500000000001 0.175000000000001 0.444240808486938
v 0.500000000000001 0.175000000000001 0.448363542556763
v -0.5 0.187500000000001 0.472401916980743
v -0.4875 0.187500000000001 0.464207738637924
v -0.475 0.187500000000001 0.45535334944725
v -0.4625 0.187500000000001 0.445832163095474
v -0.45 0.187500000000001 0.435754835605621
v -0.4375 0.187500000000001 0.425297886133194
v -0.425 0.187500000000001 0.414705753326416
v -0.4125 0.187500000000001 0.404193371534348
v -0.4 0.187500000000001 0.393987566232681
v -0.3875 0.187500000000001 0.384217113256454
v -0.375 0.187500000000001 0.375020563602448
v -0.3625 0.187500000000001 0.366435289382935
v -0.35 0.187500000000001 0.358535498380661
v -0.3375 0.187500000000001 0.351312845945358
v -0.325 0.187500000000001 0.344751209020615
v -0.3125 0.187500000000001 0.33891823887825
v -0.3 0.187500000000001 0.333814471960068
v -0.2875 0.187500000000001 0.329559803009033
v -0.275 0.187500000000001 0.326105207204819
v -0.2625 0.187500000000001 0.323440164327621
v -0.25 0.187500000000001 0.321529507637024
v -0.2375 0.187500000000001 0.320284217596054
v -0.225 0.187500000000001 0.319583207368851
v -0.2125 0.187500000000001 0.319224148988724
v -0.2 0.187500000000001 0.319018095731735
v -0.1875 0.187500000000001 0.318906873464584
v -0.175 0.187500000000001 0.318810790777206
v -0.1625 0.187500000000001 0.318679958581924
v -0.15 0.187500000000001 0.31850329041481
v -0.1375 0.187500000000001 0.318353891372681
v -0.125 0.187500000000001 0.318273276090622
v -0.1125 0.187500000000001 0.318364292383194
v -0.0999999999999996 0.187500000000001 0.318667232990265
v -0.0874999999999996 0.187500000000001 0.319311827421188
v -0.0749999999999996 0.187500000000001 0.320422381162643
v -0.0624999999999996 0.187500000000001 0.321989148855209
v -0.0499999999999996 0.187500000000001 0.323986738920212
v -0.0374999999999996 0.187500000000001 0.326371401548386
v -0.0249999999999996 0.187500000000001 0.329047590494156
v -0.0124999999999996 0.187500000000001 0.331816971302032
v 4.44089209850063e-16 0.187500000000001 0.33452844619751
v 0.0125000000000004 0.187500000000001 0.336978882551193
v 0.0250000000000005 0.187500000000001 0.339125573635101
v 0.0375000000000005 0.187500000000001 0.340823471546173
v 0.0500000000000005 0.187500000000001 0.342050641775131
v 0.0625000000000004 0.187500000000001 0.342829674482346
v 0.0750000000000005 0.187500000000001 0.343208700418472
v 0.0875000000000006 0.187500000000001 0.343288749456406
v 0.100000000000001 0.187500000000001 0.34320855140686
v 0.1125 0.187500000000001 0.343130141496658
v 0.125000000000001 0.187500000000001 0.343195170164108
v 0.137500000000001 0.187500000000001 0.343582719564438
v 0.150000000000001 0.187500000000001 0.34440004825592
v 0.162500000000001 0.187500000000001 0.34577077627182
v 0.175000000000001 0.187500000000001 0.347716867923737
v 0.187500000000001 0.187500000000001 0.350209087133408
v 0.200000000000001 0.187500000000001 0.353157311677933
v 0.212500000000001 0.187500000000001 0.356403738260269
v 0.225000000000001 0.187500000000001 0.359861820936203
v 0.237500000000001 0.187500000000001 0.36346623301506
v 0.250000000000001 0.187500000000001 0.367209404706955
v 0.262500000000001 0.187500000000001 0.371173441410065
v 0.275000000000001 0.187500000000001 0.375311076641083
v 0.287500000000001 0.187500000000001 0.379625499248505
v 0.300000000000001 0.187500000000001 0.383984535932541
v 0.312500000000001 0.187500000000001 0.388254523277283
v 0.325000000000001 0.187500000000001 0.392307221889496
v 0.337500000000001 0.187500000000001 0.396093219518661
v 0.350000000000001 0.187500000000001 0.399703234434128
v 0.362500000000001 0.187500000000001 0.403250992298126
v 0.375000000000001 0.187500000000001 0.40695133805275
v 0.387500000000001 0.187500000000001 0.410826414823532
v 0.400000000000001 0.187500000000001 0.414902597665787
v 0.412500000000001 0.187500000000001 0.419147580862045
v 0.425000000000001 0.187500000000001 0.423473834991455
v 0.437500000000001 0.187500000000001 0.427799224853516
v 0.450000000000001 0.187500000000001 0.432065486907959
v 0.462500000000001 0.187500000000001 0.436252981424332
v 0.475000000000001 0.187500000000001 0.440368384122849
v 0.487500000000001 0.187500000000001 0.444463729858398
v 0.500000000000001 0.187500000000001 0.448577731847763
v -0.5 0.200000000000001 0.474046945571899
v -0.4875 0.200000000000001 0.466341316699982
v -0.475 0.200000000000001 0.458107948303223
v -0.4625 0.200000000000001 0.449304401874542
v -0.45 0.200000000000001 0.439987033605576
v -0.4375 0.200000000000001 0.43030771613121
v -0.425 0.200000000000001 0.420456796884537
v -0.4125 0.200000000000001 0.410634249448776
v -0.4 0.200000000000001 0.40103468298912
v -0.3875 0.200000000000001 0.391803473234177
v -0.375 0.200000000000001 0.383070200681686
v -0.3625 0.200000000000001 0.374882161617279
v -0.35 0.200000000000001 0.367295295000076
v -0.3375 0.200000000000001 0.360296487808228
v -0.325 0.200000000000001 0.353876084089279
v -0.3125 0.200000000000001 0.348067075014114
v -0.3 0.200000000000001 0.342879891395569
v -0.2875 0.200000000000001 0.338412493467331
v -0.275 0.200000000000001 0.334737509489059
v -0.2625 0.200000000000001 0.331800669431686
v -0.25 0.200000000000001 0.329631179571152
v -0.2375 0.200000000000001 0.328171819448471
v -0.225 0.200000000000001 0.327357143163681
v -0.2125 0.200000000000001 0.326994240283966
v -0.2 0.200000000000001 0.326870501041412
v -0.1875 0.200000000000001 0.326857775449753
v -0.175 0.200000000000001 0.32688108086586
v -0.1625 0.200000000000001 0.326799988746643
v -0.15 0.200000000000001 0.326621443033218
v -0.1375 0.200000000000001 0.326371312141418
v -0.125 0.200000000000001 0.326152622699738
v -0.1125 0.200000000000001 0.326059997081757
v -0.0999999999999996 0.200000000000001 0.326140135526657
v -0.0874999999999996 0.200000000000001 0.326515585184097
v -0.0749999999999996 0.200000000000001 0.327329128980637
v -0.0624999999999996 0.200000000000001 0.3286013007164
v -0.0499999999999996 0.200000000000001 0.330329865217209
v -0.0374999999999996 0.200000000000001 0.332524359226227
v -0.0249999999999996 0.200000000000001 0.33507838845253
v -0.0124999999999996 0.200000000000001 0.337870687246323
v 4.44089209850063e-16 0.200000000000001 0.34065181016922
v 0.0125000000000004 0.200000000000001 0.343221217393875
v 0.0250000000000005 0.200000000000001 0.345452040433884
v 0.0375000000000005 0.200000000000001 0.347239553928375
v 0.0500000000000005 0.200000000000001 0.348526030778885
v 0.0625000000000004 0.200000000000001 0.34935650229454
v 0.0750000000000005 0.200000000000001 0.349772781133652
v 0.0875000000000006 0.200000000000001 0.349872797727585
v 0.100000000000001 0.200000000000001 0.349787265062332
v 0.1125 0.200000000000001 0.349703133106232
v 0.125000000000001 0.200000000000001 0.34976127743721
v 0.137500000000001 0.200000000000001 0.350143939256668
v 0.150000000000001 0.200000000000001 0.350951910018921
v 0.162500000000001 0.200000000000001 0.352275043725967
v 0.175000000000001 0.200000000000001 0.354157209396362
v 0.187500000000001 0.200000000000001 0.35653367638588
v 0.200000000000001 0.200000000000001 0.359297424554825
v 0.212500000000001 0.200000000000001 0.362334817647934
v 0.225000000000001 0.200000000000001 0.365561097860336
v 0.237500000000001 0.200000000000001 0.368930011987686
v 0.250000000000001 0.200000000000001 0.372487038373947
v 0.262500000000001 0.200000000000001 0.37628236413002
v 0.275000000000001 0.200000000000001 0.380259841680527
v 0.287500000000001 0.200000000000001 0.384298920631409
v 0.300000000000001 0.200000000000001 0.388276636600494
v 0.312500000000001 0.200000000000001 0.392075300216675
v 0.325000000000001 0.200000000000001 0.395593553781509
v 0.337500000000001 0.200000000000001 0.398872226476669
v 0.350000000000001 0.200000000000001 0.402037709951401
v 0.362500000000001 0.200000000000001 0.4052594602108
v 0.375000000000001 0.200000000000001 0.408700555562973
v 0.387500000000001 0.200000000000001 0.412355035543442
v 0.400000000000001 0.200000000000001 0.416218608617783
v 0.412500000000001 0.200000000000001 0.420277684926987
v 0.425000000000001 0.200000000000001 0.424411118030548
v 0.437500000000001 0.200000000000001 0.428548723459244
v 0.450000000000001 0.200000000000001 0.432657808065414
v 0.462500000000001 0.200000000000001 0.436715513467789
v 0.475000000000001 0.200000000000001 0.440749853849411
v 0.487500000000001 0.200000000000001 0.44475993514061
v 0.500000000000001 0.200000000000001 0.448812693357468
v -0.5 0.212500000000001 0.475600957870483
v -0.4875 0.212500000000001 0.468302637338638
v -0.475 0.212500000000001 0.460589617490768
v -0.4625 0.212500000000001 0.452434152364731
v -0.45 0.212500000000001 0.443835556507111
v -0.4375 0.212500000000001 0.434899151325226
v -0.425 0.212500000000001 0.425770372152328
v -0.4125 0.212500000000001 0.416665077209473
v -0.4 0.212500000000001 0.407687395811081
v -0.3875 0.212500000000001 0.399021536111832
v -0.375 0.212500000000001 0.390784800052643
v -0.3625 0.212500000000001 0.383041948080063
v -0.35 0.212500000000001 0.375832170248032
v -0.3375 0.212500000000001 0.369138091802597
v -0.325 0.212500000000001 0.362941145896912
v -0.3125 0.212500000000001 0.357259184122086
v -0.3 0.212500000000001 0.352107495069504
v -0.2875 0.212500000000001 0.347537517547607
v -0.275 0.212500000000001 0.343687981367111
v -0.2625 0.212500000000001 0.340542107820511
v -0.25 0.212500000000001 0.338113576173782
v -0.2375 0.212500000000001 0.336443513631821
v -0.225 0.212500000000001 0.335430592298508
v -0.2125 0.212500000000001 0.334973633289337
v -0.2 0.212500000000001 0.334861606359482
v -0.1875 0.212500000000001 0.334934324026108
v -0.175 0.212500000000001 0.335031479597092
v -0.1625 0.212500000000001 0.335040390491486
v -0.15 0.212500000000001 0.334858894348145
v -0.1375 0.212500000000001 0.334535181522369
v -0.125 0.212500000000001 0.334121853113174
v -0.1125 0.212500000000001 0.333790272474289
v -0.0999999999999996 0.212500000000001 0.333624452352524
v -0.0874999999999996 0.212500000000001 0.333704769611359
v -0.0749999999999996 0.212500000000001 0.334179610013962
v -0.0624999999999996 0.212500000000001 0.335117548704147
v -0.0499999999999996 0.212500000000001 0.336551398038864
v -0.0374999999999996 0.212500000000001 0.338491320610046
v -0.0249999999999996 0.212500000000001 0.340909749269485
v -0.0124999999999996 0.212500000000001 0.343672722578049
v 4.44089209850063e-16 0.212500000000001 0.346520721912384
v 0.0125000000000004 0.212500000000001 0.349237054586411
v 0.0250000000000005 0.212500000000001 0.351622402667999
v 0.0375000000000005 0.212500000000001 0.353561073541641
v 0.0500000000000005 0.212500000000001 0.355007350444794
v 0.0625000000000004 0.212500000000001 0.355956792831421
v 0.0750000000000005 0.212500000000001 0.356479614973068
v 0.0875000000000006 0.212500000000001 0.356644332408905
v 0.100000000000001 0.212500000000001 0.356569856405258
v 0.1125 0.212500000000001 0.356476634740829
v 0.125000000000001 0.212500000000001 0.356538981199265
v 0.137500000000001 0.212500000000001 0.356913715600967
v 0.150000000000001 0.212500000000001 0.357687205076218
v 0.162500000000001 0.212500000000001 0.358930438756943
v 0.175000000000001 0.212500000000001 0.36069929599762
v 0.187500000000001 0.212500000000001 0.362915426492691
v 0.200000000000001 0.212500000000001 0.365475237369537
v 0.212500000000001 0.212500000000001 0.36829075217247
v 0.225000000000001 0.212500000000001 0.371288776397705
v 0.237500000000001 0.212500000000001 0.374463349580765
v 0.250000000000001 0.212500000000001 0.377882361412048
v 0.262500000000001 0.212500000000001 0.381573438644409
v 0.275000000000001 0.212500000000001 0.38535264134407
v 0.287500000000001 0.212500000000001 0.389107137918472
v 0.300000000000001 0.212500000000001 0.392694681882858
v 0.312500000000001 0.212500000000001 0.395984053611755
v 0.325000000000001 0.212500000000001 0.398985177278519
v 0.337500000000001 0.212500000000001 0.401778131723404
v 0.350000000000001 0.212500000000001 0.404570311307907
v 0.362500000000001 0.212500000000001 0.407488107681274
v 0.375000000000001 0.212500000000001 0.410676091909409
v 0.387500000000001 0.212500000000001 0.414088219404221
v 0.400000000000001 0.212500000000001 0.417721569538116
v 0.412500000000001 0.212500000000001 0.421568393707275
v 0.425000000000001 0.212500000000001 0.425486296415329
v 0.437500000000001 0.212500000000001 0.429422527551651
v 0.450000000000001 0.212500000000001 0.433344453573227
v 0.462500000000001 0.212500000000001 0.437266081571579
v 0.475000000000001 0.212500000000001 0.441199988126755
v 0.487500000000001 0.212500000000001 0.445117622613907
v 0.500000000000001 0.212500000000001 0.449093729257584
v -0.5 0.225000000000001 0.477077454328537
v -0.4875 0.225000000000001 0.470117807388306
v -0.475 0.225000000000001 0.462875455617905
v -0.4625 0.225000000000001 0.455290079116821
v -0.45 0.225000000000001 0.447348833084106
v -0.4375 0.225000000000001 0.439102649688721
v -0.425 0.225000000000001 0.430676072835922
v -0.4125 0.225000000000001 0.422267436981201
v -0.4 0.225000000000001 0.413953989744186
v -0.3875 0.225000000000001 0.40587329864502
v -0.375 0.225000000000001 0.39816227555275
v -0.3625 0.225000000000001 0.390907943248749
v -0.35 0.225000000000001 0.384129971265793
v -0.3375 0.225000000000001 0.377805799245834
v -0.325 0.225000000000001 0.371912926435471
v -0.3125 0.225000000000001 0.366448193788528
v -0.3 0.225000000000001 0.361437141895294
v -0.2875 0.225000000000001 0.356914341449738
v -0.275 0.225000000000001 0.35293635725975
v -0.2625 0.225000000000001 0.349644720554352
v -0.25 0.225000000000001 0.347010761499405
v -0.2375 0.225000000000001 0.345108270645142
v -0.225 0.225000000000001 0.34388729929924
v -0.2125 0.225000000000001 0.343262165784836
v -0.2 0.225000000000001 0.343082904815674
v -0.1875 0.225000000000001 0.343164771795273
v -0.175 0.225000000000001 0.343335956335068
v -0.1625 0.225000000000001 0.343412160873413
v -0.15 0.225000000000001 0.343260914087296
v -0.1375 0.225000000000001 0.34287628531456
v -0.125 0.225000000000001 0.342320919036865
v -0.1125 0.225000000000001 0.341719597578049
v -0.0999999999999996 0.225000000000001 0.34122896194458
v -0.0874999999999996 0.225000000000001 0.34099292755127
v -0.0749999999999996 0.225000000000001 0.34111151099205
v -0.0624999999999996 0.225000000000001 0.341666549444199
v -0.0499999999999996 0.225000000000001 0.342760354280472
v -0.0374999999999996 0.225000000000001 0.344412863254547
v -0.0249999999999996 0.225000000000001 0.346621364355087
v -0.0124999999999996 0.225000000000001 0.34931692481041
v 4.44089209850063e-16 0.225000000000001 0.352191776037216
v 0.0125000000000004 0.225000000000001 0.355043053627014
v 0.0250000000000005 0.225000000000001 0.357630223035812
v 0.0375000000000005 0.225000000000001 0.359801381826401
v 0.0500000000000005 0.225000000000001 0.361460417509079
v 0.0625000000000004 0.225000000000001 0.36260911822319
v 0.0750000000000005 0.225000000000001 0.363292783498764
v 0.0875000000000006 0.225000000000001 0.363557726144791
v 0.100000000000001 0.225000000000001 0.363555639982224
v 0.1125 0.225000000000001 0.36349418759346
v 0.125000000000001 0.225000000000001 0.363564938306808
v 0.137500000000001 0.225000000000001 0.363920599222183
v 0.150000000000001 0.225000000000001 0.364638298749924
v 0.162500000000001 0.225000000000001 0.365776121616364
v 0.175000000000001 0.225000000000001 0.367390155792236
v 0.187500000000001 0.225000000000001 0.369410216808319
v 0.200000000000001 0.225000000000001 0.371754795312881
v 0.212500000000001 0.225000000000001 0.374351233243942
v 0.225000000000001 0.225000000000001 0.377166479825974
v 0.237500000000001 0.225000000000001 0.380211979150772
v 0.250000000000001 0.225000000000001 0.383542984724045
v 0.262500000000001 0.225000000000001 0.387082904577255
v 0.275000000000001 0.225000000000001 0.390639662742615
v 0.287500000000001 0.225000000000001 0.394053667783737
v 0.300000000000001 0.225000000000001 0.39717960357666
v 0.312500000000001 0.225000000000001 0.399942725896835
v 0.325000000000001 0.225000000000001 0.402407646179199
v 0.337500000000001 0.225000000000001 0.404780119657516
v 0.350000000000001 0.225000000000001 0.407219976186752
v 0.362500000000001 0.225000000000001 0.409838676452637
v 0.375000000000001 0.225000000000001 0.412761121988297
v 0.387500000000001 0.225000000000001 0.415954083204269
v 0.400000000000001 0.225000000000001 0.419356346130371
v 0.412500000000001 0.225000000000001 0.422962576150894
v 0.425000000000001 0.225000000000001 0.426655113697052
v 0.437500000000001 0.225000000000001 0.430380910634995
v 0.450000000000001 0.225000000000001 0.4341159760952
v 0.462500000000001 0.225000000000001 0.437892258167267
v 0.475000000000001 0.225000000000001 0.441705614328384
v 0.487500000000001 0.225000000000001 0.445534616708755
v 0.500000000000001 0.225000000000001 0.449431151151657
v -0.5 0.237500000000001 0.478512674570084
v -0.4875 0.237500000000001 0.471839040517807
v -0.475 0.237500000000001 0.464990705251694
v -0.4625 0.237500000000001 0.457909882068634
v -0.45 0.237500000000001 0.450567781925201
v -0.4375 0.237500000000001 0.442977279424667
v -0.425 0.237500000000001 0.435242652893066
v -0.4125 0.237500000000001 0.427471935749054
v -0.4 0.237500000000001 0.419822752475739
v -0.3875 0.237500000000001 0.412363350391388
v -0.375 0.237500000000001 0.405210971832275
v -0.3625 0.237500000000001 0.398488640785217
v -0.35 0.237500000000001 0.39218670129776
v -0.3375 0.237500000000001 0.386280626058578
v -0.325 0.237500000000001 0.380759179592133
v -0.3125 0.237500000000001 0.375605165958405
v -0.3 0.237500000000001 0.370841205120087
v -0.2875 0.237500000000001 0.366457015275955
v -0.275 0.237500000000001 0.36249515414238
v -0.2625 0.237500000000001 0.359108835458755
v -0.25 0.237500000000001 0.356335371732712
v -0.2375 0.237500000000001 0.354205101728439
v -0.225 0.237500000000001 0.352753311395645
v -0.2125 0.237500000000001 0.351927131414413
v -0.2 0.237500000000001 0.351623862981796
v -0.1875 0.237500000000001 0.351683676242828
v -0.175 0.237500000000001 0.351881593465805
v -0.1625 0.237500000000001 0.35199710726738
v -0.15 0.237500000000001 0.3518907725811
v -0.1375 0.237500000000001 0.351471990346909
v -0.125 0.237500000000001 0.35079750418663
v -0.1125 0.237500000000001 0.349989116191864
v -0.0999999999999996 0.237500000000001 0.349162310361862
v -0.0874999999999996 0.237500000000001 0.34856253862381
v -0.0749999999999996 0.237500000000001 0.348300278186798
v -0.0624999999999996 0.237500000000001 0.34845295548439
v -0.0499999999999996 0.237500000000001 0.349154561758041
v -0.0374999999999996 0.237500000000001 0.350451946258545
v -0.0249999999999996 0.237500000000001 0.352409839630127
v -0.0124999999999996 0.237500000000001 0.3549545109272
v 4.44089209850063e-16 0.237500000000001 0.357812464237213
v 0.0125000000000004 0.237500000000001 0.360786527395248
v 0.0250000000000005 0.237500000000001 0.363602131605148
v 0.0375000000000005 0.237500000000001 0.366038620471954
v 0.0500000000000005 0.237500000000001 0.367975622415543
v 0.0625000000000004 0.237500000000001 0.369356036186218
v 0.0750000000000005 0.237500000000001 0.370231837034225
v 0.0875000000000006 0.237500000000001 0.370665788650513
v 0.100000000000001 0.237500000000001 0.370783299207687
v 0.1125 0.237500000000001 0.370794773101807
v 0.125000000000001 0.237500000000001 0.370861411094666
v 0.137500000000001 0.237500000000001 0.371179431676865
v 0.150000000000001 0.237500000000001 0.371814966201782
v 0.162500000000001 0.237500000000001 0.37281745672226
v 0.175000000000001 0.237500000000001 0.374254137277603
v 0.187500000000001 0.237500000000001 0.376069873571396
v 0.200000000000001 0.237500000000001 0.378214329481125
v 0.212500000000001 0.237500000000001 0.380639284849167
v 0.225000000000001 0.237500000000001 0.383331507444382
v 0.237500000000001 0.237500000000001 0.386309832334518
v 0.250000000000001 0.237500000000001 0.389561593532562
v 0.262500000000001 0.237500000000001 0.39292299747467
v 0.275000000000001 0.237500000000001 0.396165132522583
v 0.287500000000001 0.237500000000001 0.399123072624207
v 0.300000000000001 0.237500000000001 0.401712328195572
v 0.312500000000001 0.237500000000001 0.403902053833008
v 0.325000000000001 0.237500000000001 0.405850023031235
v 0.337500000000001 0.237500000000001 0.407822102308273
v 0.350000000000001 0.237500000000001 0.409907400608063
v 0.362500000000001 0.237500000000001 0.412258625030518
v 0.375000000000001 0.237500000000001 0.41493684053421
v 0.387500000000001 0.237500000000001 0.417888641357422
v 0.400000000000001 0.237500000000001 0.421071857213974
v 0.412500000000001 0.237500000000001 0.424438208341599
v 0.425000000000001 0.237500000000001 0.427905291318893
v 0.437500000000001 0.237500000000001 0.431426972150803
v 0.450000000000001 0.237500000000001 0.434988588094711
v 0.462500000000001 0.237500000000001 0.438601106405258
v 0.475000000000001 0.237500000000001 0.442285150289536
v 0.487500000000001 0.237500000000001 0.446021556854248
v 0.500000000000001 0.237500000000001 0.449847668409348
v -0.5 0.250000000000001 0.479959726333618
v -0.4875 0.250000000000001 0.473517805337906
v -0.475 0.250000000000001 0.466993480920792
v -0.4625 0.250000000000001 0.46034249663353
v -0.45 0.250000000000001 0.453529089689255
v -0.4375 0.250000000000001 0.446550369262695
v -0.425 0.250000000000001 0.439460664987564
v -0.4125 0.250000000000001 0.432342737913132
v -0.4 0.250000000000001 0.425324589014053
v -0.3875 0.250000000000001 0.418497651815414
v -0.375 0.250000000000001 0.411948055028915
v -0.3625 0.250000000000001 0.405766069889069
v -0.35 0.250000000000001 0.399978548288345
v -0.3375 0.250000000000001 0.394543945789337
v -0.325 0.250000000000001 0.38945809006691
v -0.3125 0.250000000000001 0.384709805250168
v -0.3 0.250000000000001 0.380275964736938
v -0.2875 0.250000000000001 0.376135170459747
v -0.275 0.250000000000001 0.372306227684021
v -0.2625 0.250000000000001 0.368912845849991
v -0.25 0.250000000000001 0.366057604551315
v -0.2375 0.250000000000001 0.363766402006149
v -0.225 0.250000000000001 0.362094223499298
v -0.2125 0.250000000000001 0.361056596040726
v -0.2 0.250000000000001 0.360592752695084
v -0.1875 0.250000000000001 0.360563486814499
v -0.175 0.250000000000001 0.360749930143356
v -0.1625 0.250000000000001 0.36091622710228
v -0.15 0.250000000000001 0.360860109329224
v -0.1375 0.250000000000001 0.360450208187103
v -0.125 0.250000000000001 0.359700560569763
v -0.1125 0.250000000000001 0.358725935220718
v -0.0999999999999996 0.250000000000001 0.35762944817543
v -0.0874999999999996 0.250000000000001 0.35664376616478
v -0.0749999999999996 0.250000000000001 0.355955898761749
v -0.0624999999999996 0.250000000000001 0.355690330266953
v -0.0499999999999996 0.250000000000001 0.355966329574585
v -0.0374999999999996 0.250000000000001 0.356882303953171
v -0.0249999999999996 0.250000000000001 0.358516484498978
v -0.0124999999999996 0.250000000000001 0.360837310552597
v 4.44089209850063e-16 0.250000000000001 0.363643705844879
v 0.0125000000000004 0.250000000000001 0.366660594940186
v 0.0250000000000005 0.250000000000001 0.369639366865158
v 0.0375000000000005 0.250000000000001 0.372330814599991
v 0.0500000000000005 0.250000000000001 0.374565422534943
v 0.0625000000000004 0.250000000000001 0.376241654157639
v 0.0750000000000005 0.250000000000001 0.377375930547714
v 0.0875000000000006 0.250000000000001 0.378025978803635
v 0.100000000000001 0.250000000000001 0.378298759460449
v 0.1125 0.250000000000001 0.378376692533493
v 0.125000000000001 0.250000000000001 0.378448486328125
v 0.137500000000001 0.250000000000001 0.378723680973053
v 0.150000000000001 0.250000000000001 0.379268616437912
v 0.162500000000001 0.250000000000001 0.38013106584549
v 0.175000000000001 0.250000000000001 0.381404995918274
v 0.187500000000001 0.250000000000001 0.383045822381973
v 0.200000000000001 0.250000000000001 0.385039061307907
v 0.212500000000001 0.250000000000001 0.387351959943771
v 0.225000000000001 0.250000000000001 0.389984846115112
v 0.237500000000001 0.250000000000001 0.392931759357452
v 0.250000000000001 0.250000000000001 0.396033495664597
v 0.262500000000001 0.250000000000001 0.399112671613693
v 0.275000000000001 0.250000000000001 0.401893138885498
v 0.287500000000001 0.250000000000001 0.404281824827194
v 0.300000000000001 0.250000000000001 0.406229317188263
v 0.312500000000001 0.250000000000001 0.40782505273819
v 0.325000000000001 0.250000000000001 0.409272402524948
v 0.337500000000001 0.250000000000001 0.410849064588547
v 0.350000000000001 0.250000000000001 0.41262623667717
v 0.362500000000001 0.250000000000001 0.414719581604004
v 0.375000000000001 0.250000000000001 0.417144119739532
v 0.387500000000001 0.250000000000001 0.419859379529953
v 0.400000000000001 0.250000000000001 0.422834306955338
v 0.412500000000001 0.250000000000001 0.425973147153854
v 0.425000000000001 0.250000000000001 0.429226249456406
v 0.437500000000001 0.250000000000001 0.432542413473129
v 0.450000000000001 0.250000000000001 0.435935318470001
v 0.462500000000001 0.250000000000001 0.439397901296616
v 0.475000000000001 0.250000000000001 0.442936658859253
v 0.487500000000001 0.250000000000001 0.446576505899429
v 0.500000000000001 0.250000000000001 0.45032986998558
v -0.5 0.262500000000001 0.481456011533737
v -0.4875 0.262500000000001 0.475197166204453
v -0.475 0.262500000000001 0.468946278095245
v -0.4625 0.262500000000001 0.462656110525131
v -0.45 0.262500000000001 0.456299126148224
v -0.4375 0.262500000000001 0.449858009815216
v -0.425 0.262500000000001 0.443367540836334
v -0.4125 0.262500000000001 0.43688103556633
v -0.4 0.262500000000001 0.4305080473423
v -0.3875 0.262500000000001 0.424291610717773
v -0.375 0.262500000000001 0.418339639902115
v -0.3625 0.262500000000001 0.412739992141724
v -0.35 0.262500000000001 0.407495588064194
v -0.3375 0.262500000000001 0.402592658996582
v -0.325 0.262500000000001 0.398012787103653
v -0.3125 0.262500000000001 0.393717616796494
v -0.3 0.262500000000001 0.389684110879898
v -0.2875 0.262500000000001 0.385876208543777
v -0.275 0.262500000000001 0.38228914141655
v -0.2625 0.262500000000001 0.37900298833847
v -0.25 0.262500000000001 0.376153230667114
v -0.2375 0.262500000000001 0.373769998550415
v -0.225 0.262500000000001 0.371933311223984
v -0.2125 0.262500000000001 0.370698124170303
v -0.2 0.262500000000001 0.370051950216293
v -0.1875 0.262500000000001 0.369918406009674
v -0.175 0.262500000000001 0.370069980621338
v -0.1625 0.262500000000001 0.370268791913986
v -0.15 0.262500000000001 0.370275497436523
v -0.1375 0.262500000000001 0.36993345618248
v -0.125 0.262500000000001 0.369185030460358
v -0.1125 0.262500000000001 0.368084043264389
v -0.0999999999999996 0.262500000000001 0.366748660802841
v -0.0874999999999996 0.262500000000001 0.365418791770935
v -0.0749999999999996 0.262500000000001 0.364313989877701
v -0.0624999999999996 0.262500000000001 0.363603591918945
v -0.0499999999999996 0.262500000000001 0.363455444574356
v -0.0374999999999996 0.262500000000001 0.363951593637466
v -0.0249999999999996 0.262500000000001 0.365230828523636
v -0.0124999999999996 0.262500000000001 0.367272585630417
v 4.44089209850063e-16 0.262500000000001 0.369916975498199
v 0.0125000000000004 0.262500000000001 0.372899919748306
v 0.0250000000000005 0.262500000000001 0.375942468643188
v 0.0375000000000005 0.262500000000001 0.37882924079895
v 0.0500000000000005 0.262500000000001 0.381345123052597
v 0.0625000000000004 0.262500000000001 0.38333597779274
v 0.0750000000000005 0.262500000000001 0.384764492511749
v 0.0875000000000006 0.262500000000001 0.385657787322998
v 0.100000000000001 0.262500000000001 0.386121213436127
v 0.1125 0.262500000000001 0.386310368776321
v 0.125000000000001 0.262500000000001 0.386404365301132
v 0.137500000000001 0.262500000000001 0.386636793613434
v 0.150000000000001 0.262500000000001 0.38711479306221
v 0.162500000000001 0.262500000000001 0.387879133224487
v 0.175000000000001 0.262500000000001 0.38902947306633
v 0.187500000000001 0.262500000000001 0.390554845333099
v 0.200000000000001 0.262500000000001 0.392474055290222
v 0.212500000000001 0.262500000000001 0.394756495952606
v 0.225000000000001 0.262500000000001 0.397363901138306
v 0.237500000000001 0.262500000000001 0.400183290243149
v 0.250000000000001 0.262500000000001 0.403003692626953
v 0.262500000000001 0.262500000000001 0.4056096971035
v 0.275000000000001 0.262500000000001 0.407751232385635
v 0.287500000000001 0.262500000000001 0.409437090158463
v 0.300000000000001 0.262500000000001 0.410672098398209
v 0.312500000000001 0.262500000000001 0.411672681570053
v 0.325000000000001 0.262500000000001 0.412657827138901
v 0.337500000000001 0.262500000000001 0.413846015930176
v 0.350000000000001 0.262500000000001 0.415341466665268
v 0.362500000000001 0.262500000000001 0.417184561491013
v 0.375000000000001 0.262500000000001 0.419370740652084
v 0.387500000000001 0.262500000000001 0.421870440244675
v 0.400000000000001 0.262500000000001 0.424630552530289
v 0.412500000000001 0.262500000000001 0.427552044391632
v 0.425000000000001 0.262500000000001 0.430599212646484
v 0.437500000000001 0.262500000000001 0.433730214834213
v 0.450000000000001 0.262500000000001 0.436952412128448
v 0.462500000000001 0.262500000000001 0.440255850553513
v 0.475000000000001 0.262500000000001 0.443657785654068
v 0.487500000000001 0.262500000000001 0.447202652692795
v 0.500000000000001 0.262500000000001 0.450873583555222
v -0.5 0.275000000000001 0.483043968677521
v -0.4875 0.275000000000001 0.476950377225876
v -0.475 0.275000000000001 0.470913022756577
v -0.4625 0.275000000000001 0.464919477701187
v -0.45 0.275000000000001 0.458941370248795
v -0.4375 0.275000000000001 0.452976197004318
v -0.425 0.275000000000001 0.447019159793854
v -0.4125 0.275000000000001 0.441124260425568
v -0.4 0.275000000000001 0.435356706380844
v -0.3875 0.275000000000001 0.429786533117294
v -0.375 0.275000000000001 0.424431383609772
v -0.3625 0.275000000000001 0.419414132833481
v -0.35 0.275000000000001 0.414761364459991
v -0.3375 0.275000000000001 0.410424530506134
v -0.325 0.275000000000001 0.406383246183395
v -0.3125 0.275000000000001 0.402591198682785
v -0.3 0.275000000000001 0.399012386798859
v -0.2875 0.275000000000001 0.395605057477951
v -0.275 0.275000000000001 0.392357438802719
v -0.2625 0.275000000000001 0.389314115047455
v -0.25 0.275000000000001 0.386561721563339
v -0.2375 0.275000000000001 0.384189695119858
v -0.225 0.275000000000001 0.382266670465469
v -0.2125 0.275000000000001 0.380882233381271
v -0.2 0.275000000000001 0.380053609609604
v -0.1875 0.275000000000001 0.379787355661392
v -0.175 0.275000000000001 0.379893511533737
v -0.1625 0.275000000000001 0.380128532648087
v -0.15 0.275000000000001 0.380256205797195
v -0.1375 0.275000000000001 0.380022048950195
v -0.125 0.275000000000001 0.379321932792664
v -0.1125 0.275000000000001 0.378158539533615
v -0.0999999999999996 0.275000000000001 0.376649618148804
v -0.0874999999999996 0.275000000000001 0.375025361776352
v -0.0749999999999996 0.275000000000001 0.373534858226776
v -0.0624999999999996 0.275000000000001 0.372405171394348
v -0.0499999999999996 0.275000000000001 0.371817976236343
v -0.0374999999999996 0.275000000000001 0.371922492980957
v -0.0249999999999996 0.275000000000001 0.372822493314743
v -0.0124999999999996 0.275000000000001 0.374506771564484
v 4.44089209850063e-16 0.275000000000001 0.376874506473541
v 0.0125000000000004 0.275000000000001 0.379717797040939
v 0.0250000000000005 0.275000000000001 0.382748812437057
v 0.0375000000000005 0.275000000000001 0.3857262134552
v 0.0500000000000005 0.275000000000001 0.388455092906952
v 0.0625000000000004 0.275000000000001 0.390738010406494
v 0.0750000000000005 0.275000000000001 0.392475634813309
v 0.0875000000000006 0.275000000000001 0.393660426139832
v 0.100000000000001 0.275000000000001 0.39433741569519
v 0.1125 0.275000000000001 0.394674450159073
v 0.125000000000001 0.275000000000001 0.394862025976181
v 0.137500000000001 0.275000000000001 0.395100563764572
v 0.150000000000001 0.275000000000001 0.395551353693008
v 0.162500000000001 0.275000000000001 0.396277278661728
v 0.175000000000001 0.275000000000001 0.397395998239517
v 0.187500000000001 0.275000000000001 0.398916095495224
v 0.200000000000001 0.275000000000001 0.400841921567917
v 0.212500000000001 0.275000000000001 0.403093904256821
v 0.225000000000001 0.275000000000001 0.405602663755417
v 0.237500000000001 0.275000000000001 0.408136367797852
v 0.250000000000001 0.275000000000001 0.410445541143417
v 0.262500000000001 0.275000000000001 0.412338078022003
v 0.275000000000001 0.275000000000001 0.413666158914566
v 0.287500000000001 0.275000000000001 0.414520412683487
v 0.300000000000001 0.275000000000001 0.41502371430397
v 0.312500000000001 0.275000000000001 0.415425270795822
v 0.325000000000001 0.275000000000001 0.415942490100861
v 0.337500000000001 0.275000000000001 0.416778057813644
v 0.350000000000001 0.275000000000001 0.418018788099289
v 0.362500000000001 0.275000000000001 0.419632822275162
v 0.375000000000001 0.275000000000001 0.421595722436905
v 0.387500000000001 0.275000000000001 0.423892885446548
v 0.400000000000001 0.275000000000001 0.426451653242111
v 0.412500000000001 0.275000000000001 0.42917338013649
v 0.425000000000001 0.275000000000001 0.432020008563995
v 0.437500000000001 0.275000000000001 0.43498307466507
v 0.450000000000001 0.275000000000001 0.438035219907761
v 0.462500000000001 0.275000000000001 0.441183477640152
v 0.475000000000001 0.275000000000001 0.444460064172745
v 0.487500000000001 0.275000000000001 0.447893589735031
v 0.500000000000001 0.275000000000001 0.45147904753685
v -0.5 0.287500000000001 0.484787672758102
v -0.4875 0.287500000000001 0.478820532560349
v -0.475 0.287500000000001 0.472965002059937
v -0.4625 0.287500000000001 0.467213600873947
v -0.45 0.287500000000001 0.461549013853073
v -0.4375 0.287500000000001 0.45597717165947
v -0.425 0.287500000000001 0.45049986243248
v -0.4125 0.287500000000001 0.445117950439453
v -0.4 0.287500000000001 0.439913362264633
v -0.3875 0.287500000000001 0.434951394796371
v -0.375 0.287500000000001 0.430226057767868
v -0.3625 0.287500000000001 0.4258092045784
v -0.35 0.287500000000001 0.421737343072891
v -0.3375 0.287500000000001 0.417980670928955
v -0.325 0.287500000000001 0.414502114057541
v -0.3125 0.287500000000001 0.411263138055801
v -0.3 0.287500000000001 0.408202558755875
v -0.2875 0.287500000000001 0.40527531504631
v -0.275 0.287500000000001 0.402442783117294
v -0.2625 0.287500000000001 0.399729758501053
v -0.25 0.287500000000001 0.397197961807251
v -0.2375 0.287500000000001 0.39495787024498
v -0.225 0.287500000000001 0.393036097288132
v -0.2125 0.287500000000001 0.391582071781158
v -0.2 0.287500000000001 0.390638679265976
v -0.1875 0.287500000000001 0.390253901481628
v -0.175 0.287500000000001 0.390301108360291
v -0.1625 0.287500000000001 0.390562921762466
v -0.15 0.287500000000001 0.390813827514648
v -0.1375 0.287500000000001 0.390771359205246
v -0.125 0.287500000000001 0.390231281518936
v -0.1125 0.287500000000001 0.38909575343132
v -0.0999999999999996 0.287500000000001 0.387503057718277
v -0.0874999999999996 0.287500000000001 0.385661453008652
v -0.0749999999999996 0.287500000000001 0.38383349776268
v -0.0624999999999996 0.287500000000001 0.382286667823792
v -0.0499999999999996 0.287500000000001 0.381305307149887
v -0.0374999999999996 0.287500000000001 0.381004393100739
v -0.0249999999999996 0.287500000000001 0.381519645452499
v -0.0124999999999996 0.287500000000001 0.382796943187714
v 4.44089209850063e-16 0.287500000000001 0.384777635335922
v 0.0125000000000004 0.287500000000001 0.387353330850601
v 0.0250000000000005 0.287500000000001 0.390261739492416
v 0.0375000000000005 0.287500000000001 0.393265128135681
v 0.0500000000000005 0.287500000000001 0.396109014749527
v 0.0625000000000004 0.287500000000001 0.398612946271896
v 0.0750000000000005 0.287500000000001 0.400644868612289
v 0.0875000000000006 0.287500000000001 0.402124613523483
v 0.100000000000001 0.287500000000001 0.403064459562302
v 0.1125 0.287500000000001 0.403612107038498
v 0.125000000000001 0.287500000000001 0.403964817523956
v 0.137500000000001 0.287500000000001 0.404317677021027
v 0.150000000000001 0.287500000000001 0.404845952987671
v 0.162500000000001 0.287500000000001 0.405680984258652
v 0.175000000000001 0.287500000000001 0.406871050596237
v 0.187500000000001 0.287500000000001 0.408482313156128
v 0.200000000000001 0.287500000000001 0.410418599843979
v 0.212500000000001 0.287500000000001 0.412590116262436
v 0.225000000000001 0.287500000000001 0.414809703826904
v 0.237500000000001 0.287500000000001 0.416790783405304
v 0.250000000000001 0.287500000000001 0.418291389942169
v 0.262500000000001 0.287500000000001 0.419204920530319
v 0.275000000000001 0.287500000000001 0.419535130262375
v 0.287500000000001 0.287500000000001 0.419455736875534
v 0.300000000000001 0.287500000000001 0.419196605682373
v 0.312500000000001 0.287500000000001 0.419004052877426
v 0.325000000000001 0.287500000000001 0.419092953205109
v 0.337500000000001 0.287500000000001 0.419619768857956
v 0.350000000000001 0.287500000000001 0.420632928609848
v 0.362500000000001 0.287500000000001 0.422049134969711
v 0.375000000000001 0.287500000000001 0.423824995756149
v 0.387500000000001 0.287500000000001 0.425919622182846
v 0.400000000000001 0.287500000000001 0.428293615579605
v 0.412500000000001 0.287500000000001 0.430834859609604
v 0.425000000000001 0.287500000000001 0.433499723672867
v 0.437500000000001 0.287500000000001 0.436285704374313
v 0.450000000000001 0.287500000000001 0.439179509878159
v 0.462500000000001 0.287500000000001 0.442184746265411
v 0.475000000000001 0.287500000000001 0.445352077484131
v 0.487500000000001 0.287500000000001 0.448669761419296
v 0.500000000000001 0.287500000000001 0.452158182859421
v -0.5 0.300000000000001 0.48670282959938
v -0.4875 0.300000000000001 0.480837970972061
v -0.475 0.300000000000001 0.475146621465683
v -0.4625 0.300000000000001 0.469604104757309
v -0.45 0.300000000000001 0.464214533567429
v -0.4375 0.300000000000001 0.458963215351105
v -0.425 0.300000000000001 0.453872293233871
v -0.4125 0.300000000000001 0.448964327573776
v -0.4 0.300000000000001 0.44425842165947
v -0.3875 0.300000000000001 0.439853966236115
v -0.375 0.300000000000001 0.435729503631592
v -0.3625 0.300000000000001 0.431905001401901
v -0.35 0.300000000000001 0.428416341543198
v -0.3375 0.300000000000001 0.425241857767105
v -0.325 0.300000000000001 0.422339409589767
v -0.3125 0.300000000000001 0.419670641422272
v -0.3 0.300000000000001 0.417167663574219
v -0.2875 0.300000000000001 0.414779752492905
v -0.275 0.300000000000001 0.412449926137924
v -0.2625 0.300000000000001 0.410175561904907
v -0.25 0.300000000000001 0.407977640628815
v -0.2375 0.300000000000001 0.405956238508224
v -0.225 0.300000000000001 0.40417417883873
v -0.2125 0.300000000000001 0.402738004922867
v -0.2 0.300000000000001 0.401777476072311
v -0.1875 0.300000000000001 0.40129891037941
v -0.175 0.300000000000001 0.401304334402084
v -0.1625 0.300000000000001 0.401601791381836
v -0.15 0.300000000000001 0.401981264352798
v -0.1375 0.300000000000001 0.402184456586838
v -0.125 0.300000000000001 0.401899188756943
v -0.1125 0.300000000000001 0.400968879461288
v -0.0999999999999996 0.300000000000001 0.39943453669548
v -0.0874999999999996 0.300000000000001 0.397485017776489
v -0.0749999999999996 0.300000000000001 0.395397394895554
v -0.0624999999999996 0.300000000000001 0.393517464399338
v -0.0499999999999996 0.300000000000001 0.3921078145504
v -0.0374999999999996 0.300000000000001 0.391385197639465
v -0.0249999999999996 0.300000000000001 0.391479581594467
v -0.0124999999999996 0.300000000000001 0.392354011535645
v 4.44089209850063e-16 0.300000000000001 0.393898576498032
v 0.0125000000000004 0.300000000000001 0.39611354470253
v 0.0250000000000005 0.300000000000001 0.398773312568665
v 0.0375000000000005 0.300000000000001 0.401669830083847
v 0.0500000000000005 0.300000000000001 0.404530733823776
v 0.0625000000000004 0.300000000000001 0.407143652439117
v 0.0750000000000005 0.300000000000001 0.409423828125
v 0.0875000000000006 0.300000000000001 0.411196917295456
v 0.100000000000001 0.300000000000001 0.412463486194611
v 0.1125 0.300000000000001 0.413334131240845
v 0.125000000000001 0.300000000000001 0.413996130228043
v 0.137500000000001 0.300000000000001 0.414658635854721
v 0.150000000000001 0.300000000000001 0.415468752384186
v 0.162500000000001 0.300000000000001 0.416524797677994
v 0.175000000000001 0.300000000000001 0.417900294065475
v 0.187500000000001 0.300000000000001 0.419599533081055
v 0.200000000000001 0.300000000000001 0.421477407217026
v 0.212500000000001 0.300000000000001 0.423361837863922
v 0.225000000000001 0.300000000000001 0.424951463937759
v 0.237500000000001 0.300000000000001 0.425990402698517
v 0.250000000000001 0.300000000000001 0.426331847906113
v 0.262500000000001 0.300000000000001 0.426022619009018
v 0.275000000000001 0.300000000000001 0.425184637308121
v 0.287500000000001 0.300000000000001 0.424127668142319
v 0.300000000000001 0.300000000000001 0.423104286193848
v 0.312500000000001 0.300000000000001 0.422369778156281
v 0.325000000000001 0.300000000000001 0.422098696231842
v 0.337500000000001 0.300000000000001 0.422377586364746
v 0.350000000000001 0.300000000000001 0.423199862241745
v 0.362500000000001 0.300000000000001 0.424442201852798
v 0.375000000000001 0.300000000000001 0.42605859041214
v 0.387500000000001 0.300000000000001 0.427974849939346
v 0.400000000000001 0.300000000000001 0.4301717877388
v 0.412500000000001 0.300000000000001 0.432541042566299
v 0.425000000000001 0.300000000000001 0.435036867856979
v 0.437500000000001 0.300000000000001 0.437658399343491
v 0.450000000000001 0.300000000000001 0.440397083759308
v 0.462500000000001 0.300000000000001 0.443275988101959
v 0.475000000000001 0.300000000000001 0.446321159601212
v 0.487500000000001 0.300000000000001 0.449537009000778
v 0.500000000000001 0.300000000000001 0.452923536300659
v -0.5 0.312500000000001 0.488788604736328
v -0.4875 0.312500000000001 0.483072280883789
v -0.475 0.312500000000001 0.477500170469284
v -0.4625 0.312500000000001 0.472125917673111
v -0.45 0.312500000000001 0.466954439878464
v -0.4375 0.312500000000001 0.461984246969223
v -0.425 0.312500000000001 0.457225173711777
v -0.4125 0.312500000000001 0.452707976102829
v -0.4 0.312500000000001 0.448459446430206
v -0.3875 0.312500000000001 0.444528490304947
v -0.375 0.312500000000001 0.440953344106674
v -0.3625 0.312500000000001 0.437701791524887
v -0.35 0.312500000000001 0.434780925512314
v -0.3375 0.312500000000001 0.432182610034943
v -0.325 0.312500000000001 0.429863661527634
v -0.3125 0.312500000000001 0.427775293588638
v -0.3 0.312500000000001 0.425849825143814
v -0.2875 0.312500000000001 0.42403456568718
v -0.275 0.312500000000001 0.422260671854019
v -0.2625 0.312500000000001 0.420504778623581
v -0.25 0.312500000000001 0.418753355741501
v -0.2375 0.312500000000001 0.417068481445312
v -0.225 0.312500000000001 0.41554069519043
v -0.2125 0.312500000000001 0.414248287677765
v -0.2 0.312500000000001 0.41334667801857
v -0.1875 0.312500000000001 0.412861078977585
v -0.175 0.312500000000001 0.412849426269531
v -0.1625 0.312500000000001 0.413219511508942
v -0.15 0.312500000000001 0.41377192735672
v -0.1375 0.312500000000001 0.414242476224899
v -0.125 0.312500000000001 0.414315313100815
v -0.1125 0.312500000000001 0.413753569126129
v -0.0999999999999996 0.312500000000001 0.412482589483261
v -0.0874999999999996 0.312500000000001 0.410592943429947
v -0.0749999999999996 0.312500000000001 0.408400267362595
v -0.0624999999999996 0.312500000000001 0.406228274106979
v -0.0499999999999996 0.312500000000001 0.404435455799103
v -0.0374999999999996 0.312500000000001 0.403277784585953
v -0.0249999999999996 0.312500000000001 0.402935415506363
v -0.0124999999999996 0.312500000000001 0.403345674276352
v 4.44089209850063e-16 0.312500000000001 0.404441803693771
v 0.0125000000000004 0.312500000000001 0.406211107969284
v 0.0250000000000005 0.312500000000001 0.408529102802277
v 0.0375000000000005 0.312500000000001 0.411178201436996
v 0.0500000000000005 0.312500000000001 0.413936138153076
v 0.0625000000000004 0.312500000000001 0.416622936725616
v 0.0750000000000005 0.312500000000001 0.419071048498154
v 0.0875000000000006 0.312500000000001 0.421165227890015
v 0.100000000000001 0.312500000000001 0.422846555709839
v 0.1125 0.312500000000001 0.424190849065781
v 0.125000000000001 0.312500000000001 0.425356388092041
v 0.137500000000001 0.312500000000001 0.426500797271729
v 0.150000000000001 0.312500000000001 0.427761644124985
v 0.162500000000001 0.312500000000001 0.429191678762436
v 0.175000000000001 0.312500000000001 0.43078675866127
v 0.187500000000001 0.312500000000001 0.432472288608551
v 0.200000000000001 0.312500000000001 0.434047996997833
v 0.212500000000001 0.312500000000001 0.435235887765884
v 0.225000000000001 0.312500000000001 0.435747146606445
v 0.237500000000001 0.312500000000001 0.435416042804718
v 0.250000000000001 0.312500000000001 0.43426114320755
v 0.262500000000001 0.312500000000001 0.432536095380783
v 0.275000000000001 0.312500000000001 0.43045449256897
v 0.287500000000001 0.312500000000001 0.428421556949615
v 0.300000000000001 0.312500000000001 0.426710039377213
v 0.312500000000001 0.312500000000001 0.425530254840851
v 0.325000000000001 0.312500000000001 0.424978315830231
v 0.337500000000001 0.312500000000001 0.42508003115654
v 0.350000000000001 0.312500000000001 0.425743162631989
v 0.362500000000001 0.312500000000001 0.42683482170105
v 0.375000000000001 0.312500000000001 0.428315132856369
v 0.387500000000001 0.312500000000001 0.430073410272598
v 0.400000000000001 0.312500000000001 0.432093918323517
v 0.412500000000001 0.312500000000001 0.434291452169418
v 0.425000000000001 0.312500000000001 0.436620146036148
v 0.437500000000001 0.312500000000001 0.439076334238052
v 0.450000000000001 0.312500000000001 0.441667377948761
v 0.462500000000001 0.312500000000001 0.444431215524673
v 0.475000000000001 0.312500000000001 0.447353810071945
v 0.487500000000001 0.312500000000001 0.450469315052032
v 0.500000000000001 0.312500000000001 0.453766107559204
v -0.5 0.325000000000001 0.491055965423584
v -0.4875 0.325000000000001 0.4854876101017
v -0.475 0.325000000000001 0.480062395334244
v -0.4625 0.325000000000001 0.474824815988541
v -0.45 0.325000000000001 0.46983614563942
v -0.4375 0.325000000000001 0.465094655752182
v -0.425 0.325000000000001 0.460619449615479
v -0.4125 0.325000000000001 0.456426918506622
v -0.4 0.325000000000001 0.452558666467667
v -0.3875 0.325000000000001 0.449040025472641
v -0.375 0.325000000000001 0.445929020643234
v -0.3625 0.325000000000001 0.443198174238205
v -0.35 0.325000000000001 0.440820217132568
v -0.3375 0.325000000000001 0.438784122467041
v -0.325 0.325000000000001 0.437032610177994
v -0.3125 0.325000000000001 0.435512065887451
v -0.3 0.325000000000001 0.434169858694077
v -0.2875 0.325000000000001 0.432939499616623
v -0.275 0.325000000000001 0.431753218173981
v -0.2625 0.325000000000001 0.4305699467659
v -0.25 0.325000000000001 0.429347515106201
v -0.2375 0.325000000000001 0.428127855062485
v -0.225 0.325000000000001 0.426984131336212
v -0.2125 0.325000000000001 0.425976246595383
v -0.2 0.325000000000001 0.425215870141983
v -0.1875 0.325000000000001 0.42482328414917
v -0.175 0.325000000000001 0.42485973238945
v -0.1625 0.325000000000001 0.425318241119385
v -0.15 0.325000000000001 0.426048666238785
v -0.1375 0.325000000000001 0.426801294088364
v -0.125 0.325000000000001 0.427262395620346
v -0.1125 0.325000000000001 0.427153497934341
v -0.0999999999999996 0.325000000000001 0.426323235034943
v -0.0874999999999996 0.325000000000001 0.424796551465988
v -0.0749999999999996 0.325000000000001 0.422718524932861
v -0.0624999999999996 0.325000000000001 0.420431137084961
v -0.0499999999999996 0.325000000000001 0.41834369301796
v -0.0374999999999996 0.325000000000001 0.416782438755035
v -0.0249999999999996 0.325000000000001 0.415943443775177
v -0.0124999999999996 0.325000000000001 0.415854841470718
v 4.44089209850063e-16 0.325000000000001 0.416466683149338
v 0.0125000000000004 0.325000000000001 0.417760282754898
v 0.0250000000000005 0.325000000000001 0.419668108224869
v 0.0375000000000005 0.325000000000001 0.422015964984894
v 0.0500000000000005 0.325000000000001 0.424614161252975
v 0.0625000000000004 0.325000000000001 0.427322387695312
v 0.0750000000000005 0.325000000000001 0.429971784353256
v 0.0875000000000006 0.325000000000001 0.432421743869781
v 0.100000000000001 0.325000000000001 0.434629648923874
v 0.1125 0.325000000000001 0.436634838581085
v 0.125000000000001 0.325000000000001 0.438493251800537
v 0.137500000000001 0.325000000000001 0.440330356359482
v 0.150000000000001 0.325000000000001 0.442188084125519
v 0.162500000000001 0.325000000000001 0.44400754570961
v 0.175000000000001 0.325000000000001 0.445696026086807
v 0.187500000000001 0.325000000000001 0.447066783905029
v 0.200000000000001 0.325000000000001 0.447877407073975
v 0.212500000000001 0.325000000000001 0.447825253009796
v 0.225000000000001 0.325000000000001 0.446743249893188
v 0.237500000000001 0.325000000000001 0.444641083478928
v 0.250000000000001 0.325000000000001 0.441761314868927
v 0.262500000000001 0.325000000000001 0.438490211963654
v 0.275000000000001 0.325000000000001 0.435213565826416
v 0.287500000000001 0.325000000000001 0.43231201171875
v 0.300000000000001 0.325000000000001 0.430048704147339
v 0.312500000000001 0.325000000000001 0.428537458181381
v 0.325000000000001 0.325000000000001 0.427796274423599
v 0.337500000000001 0.325000000000001 0.427755117416382
v 0.350000000000001 0.325000000000001 0.428283184766769
v 0.362500000000001 0.325000000000001 0.429265886545181
v 0.375000000000001 0.325000000000001 0.430610001087189
v 0.387500000000001 0.325000000000001 0.43221378326416
v 0.400000000000001 0.325000000000001 0.434074699878693
v 0.412500000000001 0.325000000000001 0.436091333627701
v 0.425000000000001 0.325000000000001 0.438249588012695
v 0.437500000000001 0.325000000000001 0.440544933080673
v 0.450000000000001 0.325000000000001 0.443008333444595
v 0.462500000000001 0.325000000000001 0.445650398731232
v 0.475000000000001 0.325000000000001 0.448463439941406
v 0.487500000000001 0.325000000000001 0.451481342315674
v 0.500000000000001 0.325000000000001 0.454700082540512
v -0.5 0.337500000000001 0.493496805429459
v -0.4875 0.337500000000001 0.488083362579346
v -0.475 0.337500000000001 0.482819318771362
v -0.4625 0.337500000000001 0.477737486362457
v -0.45 0.337500000000001 0.472898960113525
v -0.4375 0.337500000000001 0.468356758356094
v -0.425 0.337500000000001 0.464106231927872
v -0.4125 0.337500000000001 0.460182666778564
v -0.4 0.337500000000001 0.456624716520309
v -0.3875 0.337500000000001 0.453466087579727
v -0.375 0.337500000000001 0.450741678476334
v -0.3625 0.337500000000001 0.448442131280899
v -0.35 0.337500000000001 0.446550846099854
v -0.3375 0.337500000000001 0.445021957159042
v -0.325 0.337500000000001 0.44380909204483
v -0.3125 0.337500000000001 0.442844212055206
v -0.3 0.337500000000001 0.442058086395264
v -0.2875 0.337500000000001 0.44141098856926
v -0.275 0.337500000000001 0.440818399190903
v -0.2625 0.337500000000001 0.440226465463638
v -0.25 0.337500000000001 0.439588159322739
v -0.2375 0.337500000000001 0.43890506029129
v -0.225 0.337500000000001 0.438224852085114
v -0.2125 0.337500000000001 0.437627166509628
v -0.2 0.337500000000001 0.437168329954147
v -0.1875 0.337500000000001 0.436966866254807
v -0.175 0.337500000000001 0.437133699655533
v -0.1625 0.337500000000001 0.437702894210815
v -0.15 0.337500000000001 0.438587963581085
v -0.1375 0.337500000000001 0.439598619937897
v -0.125 0.337500000000001 0.440470427274704
v -0.1125 0.337500000000001 0.440904378890991
v -0.0999999999999996 0.337500000000001 0.440674841403961
v -0.0874999999999996 0.337500000000001 0.439671963453293
v -0.0749999999999996 0.337500000000001 0.437961488962173
v -0.0624999999999996 0.337500000000001 0.43579775094986
v -0.0499999999999996 0.337500000000001 0.433603495359421
v -0.0374999999999996 0.337500000000001 0.431735336780548
v -0.0249999999999996 0.337500000000001 0.430438607931137
v -0.0124999999999996 0.337500000000001 0.429874956607819
v 4.44089209850063e-16 0.337500000000001 0.430016249418259
v 0.0125000000000004 0.337500000000001 0.430850744247437
v 0.0250000000000005 0.337500000000001 0.432318419218063
v 0.0375000000000005 0.337500000000001 0.434342861175537
v 0.0500000000000005 0.337500000000001 0.436786949634552
v 0.0625000000000004 0.337500000000001 0.439524471759796
v 0.0750000000000005 0.337500000000001 0.442417114973068
v 0.0875000000000006 0.337500000000001 0.445363253355026
v 0.100000000000001 0.337500000000001 0.448277622461319
v 0.1125 0.337500000000001 0.45112606883049
v 0.125000000000001 0.337500000000001 0.453903198242188
v 0.137500000000001 0.337500000000001 0.456572502851486
v 0.150000000000001 0.337500000000001 0.459037393331528
v 0.162500000000001 0.337500000000001 0.461087465286255
v 0.175000000000001 0.337500000000001 0.462500244379044
v 0.187500000000001 0.337500000000001 0.463033676147461
v 0.200000000000001 0.337500000000001 0.462433010339737
v 0.212500000000001 0.337500000000001 0.460548609495163
v 0.225000000000001 0.337500000000001 0.457384407520294
v 0.237500000000001 0.337500000000001 0.453215211629868
v 0.250000000000001 0.337500000000001 0.448491096496582
v 0.262500000000001 0.337500000000001 0.443762630224228
v 0.275000000000001 0.337500000000001 0.439426422119141
v 0.287500000000001 0.337500000000001 0.435839086771011
v 0.300000000000001 0.337500000000001 0.433179199695587
v 0.312500000000001 0.337500000000001 0.431455224752426
v 0.325000000000001 0.337500000000001 0.430578470230103
v 0.337500000000001 0.337500000000001 0.430433601140976
v 0.350000000000001 0.337500000000001 0.430866062641144
v 0.362500000000001 0.337500000000001 0.431735336780548
v 0.375000000000001 0.337500000000001 0.432944774627686
v 0.387500000000001 0.337500000000001 0.434408187866211
v 0.400000000000001 0.337500000000001 0.436106771230698
v 0.412500000000001 0.337500000000001 0.437966912984848
v 0.425000000000001 0.337500000000001 0.439956963062286
v 0.437500000000001 0.337500000000001 0.442096948623657
v 0.450000000000001 0.337500000000001 0.444436877965927
v 0.462500000000001 0.337500000000001 0.446959465742111
v 0.475000000000001 0.337500000000001 0.44966658949852
v 0.487500000000001 0.337500000000001 0.452586263418198
v 0.500000000000001 0.337500000000001 0.455725520849228
v -0.5 0.350000000000001 0.496106117963791
v -0.4875 0.350000000000001 0.490868657827377
v -0.475 0.350000000000001 0.485773175954819
v -0.4625 0.350000000000001 0.480863571166992
v -0.45 0.350000000000001 0.476175278425217
v -0.4375 0.350000000000001 0.471792042255402
v -0.425 0.350000000000001 0.46773973107338
v -0.4125 0.350000000000001 0.464039295911789
v -0.4 0.350000000000001 0.460741013288498
v -0.3875 0.350000000000001 0.457864493131638
v -0.375 0.350000000000001 0.455450057983398
v -0.3625 0.350000000000001 0.453507900238037
v -0.35 0.350000000000001 0.452001333236694
v -0.3375 0.350000000000001 0.450911819934845
v -0.325 0.350000000000001 0.450164884328842
v -0.3125 0.350000000000001 0.449712485074997
v -0.3 0.350000000000001 0.449465960264206
v -0.2875 0.350000000000001 0.449364006519318
v -0.275 0.350000000000001 0.449338674545288
v -0.2625 0.350000000000001 0.449339687824249
v -0.25 0.350000000000001 0.449298590421677
v -0.2375 0.350000000000001 0.449178785085678
v -0.225 0.350000000000001 0.449031502008438
v -0.2125 0.350000000000001 0.448922544717789
v -0.2 0.350000000000001 0.448886603116989
v -0.1875 0.350000000000001 0.449008077383041
v -0.175 0.350000000000001 0.449385643005371
v -0.1625 0.350000000000001 0.450108021497726
v -0.15 0.350000000000001 0.451141506433487
v -0.1375 0.350000000000001 0.452374517917633
v -0.125 0.350000000000001 0.453634947538376
v -0.1125 0.350000000000001 0.454601675271988
v -0.0999999999999996 0.350000000000001 0.455021768808365
v -0.0874999999999996 0.350000000000001 0.4546779692173
v -0.0749999999999996 0.350000000000001 0.453542917966843
v -0.0624999999999996 0.350000000000001 0.451762109994888
v -0.0499999999999996 0.350000000000001 0.449759781360626
v -0.0374999999999996 0.350000000000001 0.447809845209122
v -0.0249999999999996 0.350000000000001 0.446231096982956
v -0.0124999999999996 0.350000000000001 0.445260733366013
v 4.44089209850063e-16 0.350000000000001 0.444964617490768
v 0.0125000000000004 0.350000000000001 0.445377737283707
v 0.0250000000000005 0.350000000000001 0.446478605270386
v 0.0375000000000005 0.350000000000001 0.448217540979385
v 0.0500000000000005 0.350000000000001 0.450578212738037
v 0.0625000000000004 0.350000000000001 0.453446477651596
v 0.0750000000000005 0.350000000000001 0.456727236509323
v 0.0875000000000006 0.350000000000001 0.460353940725327
v 0.100000000000001 0.350000000000001 0.464197367429733
v 0.1125 0.350000000000001 0.468107432126999
v 0.125000000000001 0.350000000000001 0.471922725439072
v 0.137500000000001 0.350000000000001 0.475407898426056
v 0.150000000000001 0.350000000000001 0.47827559709549
v 0.162500000000001 0.350000000000001 0.480137258768082
v 0.175000000000001 0.350000000000001 0.480667680501938
v 0.187500000000001 0.350000000000001 0.479676336050034
v 0.200000000000001 0.350000000000001 0.476999998092651
v 0.212500000000001 0.350000000000001 0.472705453634262
v 0.225000000000001 0.350000000000001 0.467108160257339
v 0.237500000000001 0.350000000000001 0.460774481296539
v 0.250000000000001 0.350000000000001 0.454296320676804
v 0.262500000000001 0.350000000000001 0.448304325342178
v 0.275000000000001 0.350000000000001 0.443159639835358
v 0.287500000000001 0.350000000000001 0.439113050699234
v 0.300000000000001 0.350000000000001 0.436217039823532
v 0.312500000000001 0.350000000000001 0.434376537799835
v 0.325000000000001 0.350000000000001 0.43341913819313
v 0.337500000000001 0.350000000000001 0.433197796344757
v 0.350000000000001 0.350000000000001 0.433529585599899
v 0.362500000000001 0.350000000000001 0.434281557798386
v 0.375000000000001 0.350000000000001 0.435350626707077
v 0.387500000000001 0.350000000000001 0.436663538217545
v 0.400000000000001 0.350000000000001 0.438203006982803
v 0.412500000000001 0.350000000000001 0.439903825521469
v 0.425000000000001 0.350000000000001 0.441746771335602
v 0.437500000000001 0.350000000000001 0.44374093413353
v 0.450000000000001 0.350000000000001 0.445941209793091
v 0.462500000000001 0.350000000000001 0.448347389698029
v 0.475000000000001 0.350000000000001 0.450952738523483
v 0.487500000000001 0.350000000000001 0.453781187534332
v 0.500000000000001 0.350000000000001 0.456837624311447
v -0.5 0.362500000000001 0.498888969421387
v -0.4875 0.362500000000001 0.493833124637604
v -0.475 0.362500000000001 0.488918036222458
v -0.4625 0.362500000000001 0.484186083078384
v -0.45 0.362500000000001 0.479671239852905
v -0.4375 0.362500000000001 0.475430220365524
v -0.425 0.362500000000001 0.471547812223434
v -0.4125 0.362500000000001 0.468044281005859
v -0.4 0.362500000000001 0.464957922697067
v -0.3875 0.362500000000001 0.462311416864395
v -0.375 0.362500000000001 0.460130989551544
v -0.3625 0.362500000000001 0.458461374044418
v -0.35 0.362500000000001 0.457256317138672
v -0.3375 0.362500000000001 0.456493765115738
v -0.325 0.362500000000001 0.45611983537674
v -0.3125 0.362500000000001 0.456087678670883
v -0.3 0.362500000000001 0.456315517425537
v -0.2875 0.362500000000001 0.456721305847168
v -0.275 0.362500000000001 0.457233637571335
v -0.2625 0.362500000000001 0.457786470651627
v -0.25 0.362500000000001 0.458313077688217
v -0.2375 0.362500000000001 0.45877942442894
v -0.225 0.362500000000001 0.459186851978302
v -0.2125 0.362500000000001 0.459610909223557
v -0.2 0.362500000000001 0.460053443908691
v -0.1875 0.362500000000001 0.460582464933395
v -0.175 0.362500000000001 0.461281150579453
v -0.1625 0.362500000000001 0.462237268686295
v -0.15 0.362500000000001 0.46346789598465
v -0.1375 0.362500000000001 0.464923948049545
v -0.125 0.362500000000001 0.466475963592529
v -0.1125 0.362500000000001 0.467904478311539
v -0.0999999999999996 0.362500000000001 0.468937873840332
v -0.0874999999999996 0.362500000000001 0.469312399625778
v -0.0749999999999996 0.362500000000001 0.468906879425049
v -0.0624999999999996 0.362500000000001 0.467785269021988
v -0.0499999999999996 0.362500000000001 0.466170787811279
v -0.0374999999999996 0.362500000000001 0.464409679174423
v -0.0249999999999996 0.362500000000001 0.462795734405518
v -0.0124999999999996 0.362500000000001 0.461613178253174
v 4.44089209850063e-16 0.362500000000001 0.461053669452667
v 0.0125000000000004 0.362500000000001 0.461148351430893
v 0.0250000000000005 0.362500000000001 0.462001383304596
v 0.0375000000000005 0.362500000000001 0.463589489459991
v 0.0500000000000005 0.362500000000001 0.46596947312355
v 0.0625000000000004 0.362500000000001 0.469142645597458
v 0.0750000000000005 0.362500000000001 0.473041117191315
v 0.0875000000000006 0.362500000000001 0.477584600448608
v 0.100000000000001 0.362500000000001 0.482578665018082
v 0.1125 0.362500000000001 0.487712144851685
v 0.125000000000001 0.362500000000001 0.492555052042007
v 0.137500000000001 0.362500000000001 0.496612936258316
v 0.150000000000001 0.362500000000001 0.499404013156891
v 0.162500000000001 0.362500000000001 0.500380039215088
v 0.175000000000001 0.362500000000001 0.499294251203537
v 0.187500000000001 0.362500000000001 0.496037095785141
v 0.200000000000001 0.362500000000001 0.490686863660812
v 0.212500000000001 0.362500000000001 0.483643054962158
v 0.225000000000001 0.362500000000001 0.475546449422836
v 0.237500000000001 0.362500000000001 0.467155694961548
v 0.250000000000001 0.362500000000001 0.459206968545914
v 0.262500000000001 0.362500000000001 0.452273458242416
v 0.275000000000001 0.362500000000001 0.446615308523178
v 0.287500000000001 0.362500000000001 0.442325115203857
v 0.300000000000001 0.362500000000001 0.439310550689697
v 0.312500000000001 0.362500000000001 0.437398582696915
v 0.325000000000001 0.362500000000001 0.436384260654449
v 0.337500000000001 0.362500000000001 0.436076730489731
v 0.350000000000001 0.362500000000001 0.436295747756958
v 0.362500000000001 0.362500000000001 0.43692222237587
v 0.375000000000001 0.362500000000001 0.437843799591064
v 0.387500000000001 0.362500000000001 0.438998997211456
v 0.400000000000001 0.362500000000001 0.440371721982956
v 0.412500000000001 0.362500000000001 0.441913366317749
v 0.425000000000001 0.362500000000001 0.443613827228546
v 0.437500000000001 0.362500000000001 0.445491939783096
v 0.450000000000001 0.362500000000001 0.447549432516098
v 0.462500000000001 0.362500000000001 0.449836403131485
v 0.475000000000001 0.362500000000001 0.452346295118332
v 0.487500000000001 0.362500000000001 0.455088376998901
v 0.500000000000001 0.362500000000001 0.458067148923874
v -0.5 0.375000000000001 0.501834869384766
v -0.4875 0.375000000000001 0.496978044509888
v -0.475 0.375000000000001 0.492248058319092
v -0.4625 0.375000000000001 0.487698048353195
v -0.45 0.375000000000001 0.483363717794418
v -0.4375 0.375000000000001 0.479290008544922
v -0.425 0.375000000000001 0.475548595190048
v -0.4125 0.375000000000001 0.472223281860352
v -0.4 0.375000000000001 0.469313055276871
v -0.3875 0.375000000000001 0.466843694448471
v -0.375 0.375000000000001 0.464841574430466
v -0.3625 0.375000000000001 0.4633629322052
v -0.35 0.375000000000001 0.462364494800568
v -0.3375 0.375000000000001 0.461853593587875
v -0.325 0.375000000000001 0.461756527423859
v -0.3125 0.375000000000001 0.462026834487915
v -0.3 0.375000000000001 0.462610244750977
v -0.2875 0.375000000000001 0.463437169790268
v -0.275 0.375000000000001 0.464406162500381
v -0.2625 0.375000000000001 0.465447157621384
v -0.25 0.375000000000001 0.466493099927902
v -0.2375 0.375000000000001 0.467505067586899
v -0.225 0.375000000000001 0.468461900949478
v -0.2125 0.375000000000001 0.469399452209473
v -0.2 0.375000000000001 0.470354557037354
v -0.1875 0.375000000000001 0.47133406996727
v -0.175 0.375000000000001 0.472433090209961
v -0.1625 0.375000000000001 0.47369185090065
v -0.15 0.375000000000001 0.475205719470978
v -0.1375 0.375000000000001 0.476927995681763
v -0.125 0.375000000000001 0.478770643472672
v -0.1125 0.375000000000001 0.480583667755127
v -0.0999999999999996 0.375000000000001 0.48214790225029
v -0.0874999999999996 0.375000000000001 0.483208030462265
v -0.0749999999999996 0.375000000000001 0.483552366495132
v -0.0624999999999996 0.375000000000001 0.483166038990021
v -0.0499999999999996 0.375000000000001 0.482155412435532
v -0.0374999999999996 0.375000000000001 0.480788618326187
v -0.0249999999999996 0.375000000000001 0.479398548603058
v -0.0124999999999996 0.375000000000001 0.478255093097687
v 4.44089209850063e-16 0.375000000000001 0.477606296539307
v 0.0125000000000004 0.375000000000001 0.477607101202011
v 0.0250000000000005 0.375000000000001 0.478385180234909
v 0.0375000000000005 0.375000000000001 0.480035543441772
v 0.0500000000000005 0.375000000000001 0.48267936706543
v 0.0625000000000004 0.375000000000001 0.486403375864029
v 0.0750000000000005 0.375000000000001 0.491208046674728
v 0.0875000000000006 0.375000000000001 0.496938526630402
v 0.100000000000001 0.375000000000001 0.503279983997345
v 0.1125 0.375000000000001 0.509636402130127
v 0.125000000000001 0.375000000000001 0.515263974666595
v 0.137500000000001 0.375000000000001 0.519401848316193
v 0.150000000000001 0.375000000000001 0.521366775035858
v 0.162500000000001 0.375000000000001 0.52067631483078
v 0.175000000000001 0.375000000000001 0.517222881317139
v 0.187500000000001 0.375000000000001 0.511113047599792
v 0.200000000000001 0.375000000000001 0.502767264842987
v 0.212500000000001 0.375000000000001 0.492948621511459
v 0.225000000000001 0.375000000000001 0.482554644346237
v 0.237500000000001 0.375000000000001 0.472490042448044
v 0.250000000000001 0.375000000000001 0.463457673788071
v 0.262500000000001 0.375000000000001 0.455925196409225
v 0.275000000000001 0.375000000000001 0.45000883936882
v 0.287500000000001 0.375000000000001 0.445623695850372
v 0.300000000000001 0.375000000000001 0.442556589841843
v 0.312500000000001 0.375000000000001 0.440590709447861
v 0.325000000000001 0.375000000000001 0.439515322446823
v 0.337500000000001 0.375000000000001 0.439115822315216
v 0.350000000000001 0.375000000000001 0.439209312200546
v 0.362500000000001 0.375000000000001 0.439692467451096
v 0.375000000000001 0.375000000000001 0.440457433462143
v 0.387500000000001 0.375000000000001 0.441450178623199
v 0.400000000000001 0.375000000000001 0.442663967609406
v 0.412500000000001 0.375000000000001 0.444053411483765
v 0.425000000000001 0.375000000000001 0.445598900318146
v 0.437500000000001 0.375000000000001 0.447350084781647
v 0.450000000000001 0.375000000000001 0.449285805225372
v 0.462500000000001 0.375000000000001 0.451437711715698
v 0.475000000000001 0.375000000000001 0.453847616910934
v 0.487500000000001 0.375000000000001 0.456503063440323
v 0.500000000000001 0.375000000000001 0.459410160779953
v -0.5 0.387500000000001 0.504936337471008
v -0.4875 0.387500000000001 0.500283181667328
v -0.475 0.387500000000001 0.495752334594727
v -0.4625 0.387500000000001 0.491394340991974
v -0.45 0.387500000000001 0.487241476774216
v -0.4375 0.387500000000001 0.483347654342651
v -0.425 0.387500000000001 0.479783535003662
v -0.4125 0.387500000000001 0.476583868265152
v -0.4 0.387500000000001 0.473817110061646
v -0.3875 0.387500000000001 0.47148472070694
v -0.375 0.387500000000001 0.469612270593643
v -0.3625 0.387500000000001 0.468258947134018
v -0.35 0.387500000000001 0.467403650283813
v -0.3375 0.387500000000001 0.467037588357925
v -0.325 0.387500000000001 0.467121511697769
v -0.3125 0.387500000000001 0.467598259449005
v -0.3 0.387500000000001 0.468428462743759
v -0.2875 0.387500000000001 0.469548434019089
v -0.275 0.387500000000001 0.470854192972183
v -0.2625 0.387500000000001 0.47227555513382
v -0.25 0.387500000000001 0.473744928836823
v -0.2375 0.387500000000001 0.47522446513176
v -0.225 0.387500000000001 0.476678192615509
v -0.2125 0.387500000000001 0.478096783161163
v -0.2 0.387500000000001 0.479532390832901
v -0.1875 0.387500000000001 0.48098286986351
v -0.175 0.387500000000001 0.482500642538071
v -0.1625 0.387500000000001 0.484152793884277
v -0.15 0.387500000000001 0.485977321863174
v -0.1375 0.387500000000001 0.487991183996201
v -0.125 0.387500000000001 0.490149110555649
v -0.1125 0.387500000000001 0.492326349020004
v -0.0999999999999996 0.387500000000001 0.494391053915024
v -0.0874999999999996 0.387500000000001 0.496065348386765
v -0.0749999999999996 0.387500000000001 0.497154533863068
v -0.0624999999999996 0.387500000000001 0.497541725635529
v -0.0499999999999996 0.387500000000001 0.497268885374069
v -0.0374999999999996 0.387500000000001 0.496491253376007
v -0.0249999999999996 0.387500000000001 0.4954833984375
v -0.0124999999999996 0.387500000000001 0.494581699371338
v 4.44089209850063e-16 0.387500000000001 0.494051456451416
v 0.0125000000000004 0.387500000000001 0.494129240512848
v 0.0250000000000005 0.387500000000001 0.495019048452377
v 0.0375000000000005 0.387500000000001 0.496985971927643
v 0.0500000000000005 0.387500000000001 0.500205755233765
v 0.0625000000000004 0.387500000000001 0.504844784736633
v 0.0750000000000005 0.387500000000001 0.510876655578613
v 0.0875000000000006 0.387500000000001 0.518051445484161
v 0.100000000000001 0.387500000000001 0.525770723819733
v 0.1125 0.387500000000001 0.533105850219727
v 0.125000000000001 0.387500000000001 0.538993060588837
v 0.137500000000001 0.387500000000001 0.542502701282501
v 0.150000000000001 0.387500000000001 0.542876422405243
v 0.162500000000001 0.387500000000001 0.539844334125519
v 0.175000000000001 0.387500000000001 0.533479511737823
v 0.187500000000001 0.387500000000001 0.524221539497375
v 0.200000000000001 0.387500000000001 0.512891411781311
v 0.212500000000001 0.387500000000001 0.500582635402679
v 0.225000000000001 0.387500000000001 0.488320738077164
v 0.237500000000001 0.387500000000001 0.477051824331284
v 0.250000000000001 0.387500000000001 0.467363685369492
v 0.262500000000001 0.387500000000001 0.459539979696274
v 0.275000000000001 0.387500000000001 0.453548759222031
v 0.287500000000001 0.387500000000001 0.449146121740341
v 0.300000000000001 0.387500000000001 0.44605278968811
v 0.312500000000001 0.387500000000001 0.444028675556183
v 0.325000000000001 0.387500000000001 0.44285449385643
v 0.337500000000001 0.387500000000001 0.44233700633049
v 0.350000000000001 0.387500000000001 0.442297667264938
v 0.362500000000001 0.387500000000001 0.442622393369675
v 0.375000000000001 0.387500000000001 0.443220943212509
v 0.387500000000001 0.387500000000001 0.444047600030899
v 0.400000000000001 0.387500000000001 0.445089638233185
v 0.412500000000001 0.387500000000001 0.446323305368423
v 0.425000000000001 0.387500000000001 0.447731584310532
v 0.437500000000001 0.387500000000001 0.44933032989502
v 0.450000000000001 0.387500000000001 0.451140016317368
v 0.462500000000001 0.387500000000001 0.453175842761993
v 0.475000000000001 0.387500000000001 0.455468386411667
v 0.487500000000001 0.387500000000001 0.4580397605896
v 0.500000000000001 0.387500000000001 0.46086597442627
v -0.5 0.400000000000001 0.508188903331757
v -0.4875 0.400000000000001 0.503743767738342
v -0.475 0.400000000000001 0.499419033527374
v -0.4625 0.400000000000001 0.495262950658798
v -0.45 0.400000000000001 0.491317570209503
v -0.4375 0.400000000000001 0.487613350152969
v -0.425 0.400000000000001 0.484203338623047
v -0.4125 0.400000000000001 0.481144905090332
v -0.4 0.400000000000001 0.4784776866436
v -0.3875 0.400000000000001 0.47624596953392
v -0.375 0.400000000000001 0.474466949701309
v -0.3625 0.400000000000001 0.473182111978531
v -0.35 0.400000000000001 0.472397327423096
v -0.3375 0.400000000000001 0.472094923257828
v -0.325 0.400000000000001 0.472251564264297
v -0.3125 0.400000000000001 0.47284260392189
v -0.3 0.400000000000001 0.473815500736237
v -0.2875 0.400000000000001 0.475082010030746
v -0.275 0.400000000000001 0.47659358382225
v -0.2625 0.400000000000001 0.478278309106827
v -0.25 0.400000000000001 0.48005485534668
v -0.2375 0.400000000000001 0.481880277395248
v -0.225 0.400000000000001 0.483718693256378
v -0.2125 0.400000000000001 0.485538929700851
v -0.2 0.400000000000001 0.487374991178513
v -0.1875 0.400000000000001 0.489248722791672
v -0.175 0.400000000000001 0.491186857223511
v -0.1625 0.400000000000001 0.493219465017319
v -0.15 0.400000000000001 0.495381742715836
v -0.1375 0.400000000000001 0.497710675001144
v -0.125 0.400000000000001 0.500167787075043
v -0.1125 0.400000000000001 0.502716720104218
v -0.0999999999999996 0.400000000000001 0.505243599414825
v -0.0874999999999996 0.400000000000001 0.507556021213531
v -0.0749999999999996 0.400000000000001 0.509449124336243
v -0.0624999999999996 0.400000000000001 0.510736107826233
v -0.0499999999999996 0.400000000000001 0.511401951313019
v -0.0374999999999996 0.400000000000001 0.511451840400696
v -0.0249999999999996 0.400000000000001 0.511098206043243
v -0.0124999999999996 0.400000000000001 0.510620951652527
v 4.44089209850063e-16 0.400000000000001 0.510369956493378
v 0.0125000000000004 0.400000000000001 0.510702431201935
v 0.0250000000000005 0.400000000000001 0.511926352977753
v 0.0375000000000005 0.400000000000001 0.514423727989197
v 0.0500000000000005 0.400000000000001 0.518509030342102
v 0.0625000000000004 0.400000000000001 0.524379014968872
v 0.0750000000000005 0.400000000000001 0.531913459300995
v 0.0875000000000006 0.400000000000001 0.54058313369751
v 0.100000000000001 0.400000000000001 0.549439370632172
v 0.1125 0.400000000000001 0.557188451290131
v 0.125000000000001 0.400000000000001 0.562626004219055
v 0.137500000000001 0.400000000000001 0.564732551574707
v 0.150000000000001 0.400000000000001 0.562900483608246
v 0.162500000000001 0.400000000000001 0.557019233703613
v 0.175000000000001 0.400000000000001 0.547472059726715
v 0.187500000000001 0.400000000000001 0.535126149654388
v 0.200000000000001 0.400000000000001 0.52113926410675
v 0.212500000000001 0.400000000000001 0.5068039894104
v 0.225000000000001 0.400000000000001 0.493238538503647
v 0.237500000000001 0.400000000000001 0.481269210577011
v 0.250000000000001 0.400000000000001 0.471302419900894
v 0.262500000000001 0.400000000000001 0.463391065597534
v 0.275000000000001 0.400000000000001 0.457400172948837
v 0.287500000000001 0.400000000000001 0.452986538410187
v 0.300000000000001 0.400000000000001 0.449853807687759
v 0.312500000000001 0.400000000000001 0.447739988565445
v 0.325000000000001 0.400000000000001 0.446423262357712
v 0.337500000000001 0.400000000000001 0.445764273405075
v 0.350000000000001 0.400000000000001 0.445573329925537
v 0.362500000000001 0.400000000000001 0.445725739002228
v 0.375000000000001 0.400000000000001 0.446149736642838
v 0.387500000000001 0.400000000000001 0.446801394224167
v 0.400000000000001 0.400000000000001 0.447672098875046
v 0.412500000000001 0.400000000000001 0.448740780353546
v 0.425000000000001 0.400000000000001 0.450013875961304
v 0.437500000000001 0.400000000000001 0.451475828886032
v 0.450000000000001 0.400000000000001 0.453145503997803
v 0.462500000000001 0.400000000000001 0.455052673816681
v 0.475000000000001 0.400000000000001 0.45724806189537
v 0.487500000000001 0.400000000000001 0.459708422422409
v 0.500000000000001 0.400000000000001 0.462448120117188
v -0.5 0.412500000000001 0.511570572853088
v -0.4875 0.412500000000001 0.507341802120209
v -0.475 0.412500000000001 0.503243148326874
v -0.4625 0.412500000000001 0.499301731586456
v -0.45 0.412500000000001 0.495555222034454
v -0.4375 0.412500000000001 0.492040723562241
v -0.425 0.412500000000001 0.488790363073349
v -0.4125 0.412500000000001 0.48585519194603
v -0.4 0.412500000000001 0.483281433582306
v -0.3875 0.412500000000001 0.481113344430923
v -0.375 0.412500000000001 0.479381859302521
v -0.3625 0.412500000000001 0.478118717670441
v -0.35 0.412500000000001 0.47734871506691
v -0.3375 0.412500000000001 0.477046549320221
v -0.325 0.412500000000001 0.477222740650177
v -0.3125 0.412500000000001 0.477820485830307
v -0.3 0.412500000000001 0.47879883646965
v -0.2875 0.412500000000001 0.480115234851837
v -0.275 0.412500000000001 0.481690734624863
v -0.2625 0.412500000000001 0.483476638793945
v -0.25 0.412500000000001 0.485413759946823
v -0.2375 0.412500000000001 0.487440884113312
v -0.225 0.412500000000001 0.48952579498291
v -0.2125 0.412500000000001 0.491623014211655
v -0.2 0.412500000000001 0.493745237588882
v -0.1875 0.412500000000001 0.495946615934372
v -0.175 0.412500000000001 0.498214960098267
v -0.1625 0.412500000000001 0.500560700893402
v -0.15 0.412500000000001 0.503013908863068
v -0.1375 0.412500000000001 0.505596101284027
v -0.125 0.412500000000001 0.508335709571838
v -0.1125 0.412500000000001 0.511216580867767
v -0.0999999999999996 0.412500000000001 0.51417338848114
v -0.0874999999999996 0.412500000000001 0.517101228237152
v -0.0749999999999996 0.412500000000001 0.519847810268402
v -0.0624999999999996 0.412500000000001 0.522265255451202
v -0.0499999999999996 0.412500000000001 0.524200618267059
v -0.0374999999999996 0.412500000000001 0.525574147701263
v -0.0249999999999996 0.412500000000001 0.526407063007355
v -0.0124999999999996 0.412500000000001 0.526888966560364
v 4.44089209850063e-16 0.412500000000001 0.527378022670746
v 0.0125000000000004 0.412500000000001 0.528291940689087
v 0.0250000000000005 0.412500000000001 0.530177414417267
v 0.0375000000000005 0.412500000000001 0.53354400396347
v 0.0500000000000005 0.412500000000001 0.538816154003143
v 0.0625000000000004 0.412500000000001 0.546091496944427
v 0.0750000000000005 0.412500000000001 0.555071771144867
v 0.0875000000000006 0.412500000000001 0.564904868602753
v 0.100000000000001 0.412500000000001 0.574243783950806
v 0.1125 0.412500000000001 0.581648528575897
v 0.125000000000001 0.412500000000001 0.585835933685303
v 0.137500000000001 0.412500000000001 0.58580356836319
v 0.150000000000001 0.412500000000001 0.581100463867188
v 0.162500000000001 0.412500000000001 0.571960091590881
v 0.175000000000001 0.412500000000001 0.559173703193665
v 0.187500000000001 0.412500000000001 0.543992638587952
v 0.200000000000001 0.412500000000001 0.527868628501892
v 0.212500000000001 0.412500000000001 0.512132108211517
v 0.225000000000001 0.412500000000001 0.497837454080582
v 0.237500000000001 0.412500000000001 0.48557186126709
v 0.250000000000001 0.412500000000001 0.475538462400436
v 0.262500000000001 0.412500000000001 0.467659533023834
v 0.275000000000001 0.412500000000001 0.461660921573639
v 0.287500000000001 0.412500000000001 0.457214206457138
v 0.300000000000001 0.412500000000001 0.454001724720001
v 0.312500000000001 0.412500000000001 0.451762199401855
v 0.325000000000001 0.412500000000001 0.450277805328369
v 0.337500000000001 0.412500000000001 0.449435144662857
v 0.350000000000001 0.412500000000001 0.4490607380867
v 0.362500000000001 0.412500000000001 0.449030965566635
v 0.375000000000001 0.412500000000001 0.449266999959946
v 0.387500000000001 0.412500000000001 0.449735462665558
v 0.400000000000001 0.412500000000001 0.450434982776642
v 0.412500000000001 0.412500000000001 0.45134162902832
v 0.425000000000001 0.412500000000001 0.452458590269089
v 0.437500000000001 0.412500000000001 0.453782230615616
v 0.450000000000001 0.412500000000001 0.455326706171036
v 0.462500000000001 0.412500000000001 0.457114994525909
v 0.475000000000001 0.412500000000001 0.45919069647789
v 0.487500000000001 0.412500000000001 0.461541891098022
v 0.500000000000001 0.412500000000001 0.464169591665268
v -0.5 0.425000000000001 0.515083312988281
v -0.4875 0.425000000000001 0.511061191558838
v -0.475 0.425000000000001 0.507175207138062
v -0.4625 0.425000000000001 0.503443539142609
v -0.45 0.425000000000001 0.49989852309227
v -0.4375 0.425000000000001 0.496558755636215
v -0.425 0.425000000000001 0.49346399307251
v -0.4125 0.425000000000001 0.490656703710556
v -0.4 0.425000000000001 0.488175868988037
v -0.3875 0.425000000000001 0.486064970493317
v -0.375 0.425000000000001 0.484348386526108
v -0.3625 0.425000000000001 0.48306131362915
v -0.35 0.425000000000001 0.482263952493668
v -0.3375 0.425000000000001 0.481924623250961
v -0.325 0.425000000000001 0.482039362192154
v -0.3125 0.425000000000001 0.482563495635986
v -0.3 0.425000000000001 0.483459293842316
v -0.2875 0.425000000000001 0.48468804359436
v -0.275 0.425000000000001 0.486212641000748
v -0.2625 0.425000000000001 0.487978458404541
v -0.25 0.425000000000001 0.489914745092392
v -0.2375 0.425000000000001 0.491975605487823
v -0.225 0.425000000000001 0.494131088256836
v -0.2125 0.425000000000001 0.496334463357925
v -0.2 0.425000000000001 0.498600214719772
v -0.1875 0.425000000000001 0.500963985919952
v -0.175 0.425000000000001 0.503404438495636
v -0.1625 0.425000000000001 0.505927741527557
v -0.15 0.425000000000001 0.508547008037567
v -0.1375 0.425000000000001 0.511285841464996
v -0.125 0.425000000000001 0.514190912246704
v -0.1125 0.425000000000001 0.517282962799072
v -0.0999999999999996 0.425000000000001 0.520556569099426
v -0.0874999999999996 0.425000000000001 0.524027645587921
v -0.0749999999999996 0.425000000000001 0.5276118516922
v -0.0624999999999996 0.425000000000001 0.531196236610413
v -0.0499999999999996 0.425000000000001 0.534676969051361
v -0.0374999999999996 0.425000000000001 0.537891209125519
v -0.0249999999999996 0.425000000000001 0.540730774402618
v -0.0124999999999996 0.425000000000001 0.543218553066254
v 4.44089209850063e-16 0.425000000000001 0.545541942119598
v 0.0125000000000004 0.425000000000001 0.548104345798492
v 0.0250000000000005 0.425000000000001 0.5515456199646
v 0.0375000000000005 0.425000000000001 0.556521475315094
v 0.0500000000000005 0.425000000000001 0.563410520553589
v 0.0625000000000004 0.425000000000001 0.57218861579895
v 0.0750000000000005 0.425000000000001 0.582269310951233
v 0.0875000000000006 0.425000000000001 0.592484295368195
v 0.100000000000001 0.425000000000001 0.601311206817627
v 0.1125 0.425000000000001 0.607216715812683
v 0.125000000000001 0.425000000000001 0.608903348445892
v 0.137500000000001 0.425000000000001 0.605586171150208
v 0.150000000000001 0.425000000000001 0.597238481044769
v 0.162500000000001 0.425000000000001 0.584513545036316
v 0.175000000000001 0.425000000000001 0.568628430366516
v 0.187500000000001 0.425000000000001 0.551160752773285
v 0.200000000000001 0.425000000000001 0.533570110797882
v 0.212500000000001 0.425000000000001 0.517075955867767
v 0.225000000000001 0.425000000000001 0.502510249614716
v 0.237500000000001 0.425000000000001 0.490223407745361
v 0.250000000000001 0.425000000000001 0.480251222848892
v 0.262500000000001 0.425000000000001 0.472399801015854
v 0.275000000000001 0.425000000000001 0.466377168893814
v 0.287500000000001 0.425000000000001 0.461845606565475
v 0.300000000000001 0.425000000000001 0.458503097295761
v 0.312500000000001 0.425000000000001 0.456106871366501
v 0.325000000000001 0.425000000000001 0.454431265592575
v 0.337500000000001 0.425000000000001 0.453380078077316
v 0.350000000000001 0.425000000000001 0.452803134918213
v 0.362500000000001 0.425000000000001 0.452565282583237
v 0.375000000000001 0.425000000000001 0.452595442533493
v 0.387500000000001 0.425000000000001 0.452870845794678
v 0.400000000000001 0.425000000000001 0.453397244215012
v 0.412500000000001 0.425000000000001 0.454146832227707
v 0.425000000000001 0.425000000000001 0.455101251602173
v 0.437500000000001 0.425000000000001 0.456275075674057
v 0.450000000000001 0.425000000000001 0.457686424255371
v 0.462500000000001 0.425000000000001 0.459368705749512
v 0.475000000000001 0.425000000000001 0.461319178342819
v 0.487500000000001 0.425000000000001 0.463550865650177
v 0.500000000000001 0.425000000000001 0.466064125299454
v -0.5 0.437500000000001 0.518706202507019
v -0.4875 0.437500000000001 0.514871180057526
v -0.475 0.437500000000001 0.511186599731445
v -0.4625 0.437500000000001 0.507654368877411
v -0.45 0.437500000000001 0.504295527935028
v -0.4375 0.437500000000001 0.501127541065216
v -0.425 0.437500000000001 0.498182147741318
v -0.4125 0.437500000000001 0.495494097471237
v -0.4 0.437500000000001 0.493101507425308
v -0.3875 0.437500000000001 0.491033881902695
v -0.375 0.437500000000001 0.489332586526871
v -0.3625 0.437500000000001 0.488021671772003
v -0.35 0.437500000000001 0.487152397632599
v -0.3375 0.437500000000001 0.486714214086533
v -0.325 0.437500000000001 0.486701011657715
v -0.3125 0.437500000000001 0.487083524465561
v -0.3 0.437500000000001 0.487824589014053
v -0.2875 0.437500000000001 0.488888561725616
v -0.275 0.437500000000001 0.490237236022949
v -0.2625 0.437500000000001 0.49183988571167
v -0.25 0.437500000000001 0.493633180856705
v -0.2375 0.437500000000001 0.495576620101929
v -0.225 0.437500000000001 0.497625827789307
v -0.2125 0.437500000000001 0.499755203723907
v -0.2 0.437500000000001 0.501990616321564
v -0.1875 0.437500000000001 0.504319071769714
v -0.175 0.437500000000001 0.506731927394867
v -0.1625 0.437500000000001 0.509233176708221
v -0.15 0.437500000000001 0.511827409267426
v -0.1375 0.437500000000001 0.514543235301971
v -0.125 0.437500000000001 0.517412543296814
v -0.1125 0.437500000000001 0.52053439617157
v -0.0999999999999996 0.437500000000001 0.523965179920197
v -0.0874999999999996 0.437500000000001 0.527759373188019
v -0.0749999999999996 0.437500000000001 0.531997382640839
v -0.0624999999999996 0.437500000000001 0.536657810211182
v -0.0499999999999996 0.437500000000001 0.541709363460541
v -0.0374999999999996 0.437500000000001 0.547029078006744
v -0.0249999999999996 0.437500000000001 0.552457273006439
v -0.0124999999999996 0.437500000000001 0.557865262031555
v 4.44089209850063e-16 0.437500000000001 0.563307881355286
v 0.0125000000000004 0.437500000000001 0.568975865840912
v 0.0250000000000005 0.437500000000001 0.5753573179245
v 0.0375000000000005 0.437500000000001 0.582945704460144
v 0.0500000000000005 0.437500000000001 0.591975510120392
v 0.0625000000000004 0.437500000000001 0.602203667163849
v 0.0750000000000005 0.437500000000001 0.61278110742569
v 0.0875000000000006 0.437500000000001 0.6222864985466
v 0.100000000000001 0.437500000000001 0.629143893718719
v 0.1125 0.437500000000001 0.631944537162781
v 0.125000000000001 0.437500000000001 0.629722774028778
v 0.137500000000001 0.437500000000001 0.622228682041168
v 0.150000000000001 0.437500000000001 0.609977960586548
v 0.162500000000001 0.437500000000001 0.594030559062958
v 0.175000000000001 0.437500000000001 0.575837731361389
v 0.187500000000001 0.437500000000001 0.556955277919769
v 0.200000000000001 0.437500000000001 0.538682162761688
v 0.212500000000001 0.437500000000001 0.522012650966644
v 0.225000000000001 0.437500000000001 0.507531642913818
v 0.237500000000001 0.437500000000001 0.495381981134415
v 0.250000000000001 0.437500000000001 0.485502064228058
v 0.262500000000001 0.437500000000001 0.477652609348297
v 0.275000000000001 0.437500000000001 0.471547663211823
v 0.287500000000001 0.437500000000001 0.466877073049545
v 0.300000000000001 0.437500000000001 0.463372677564621
v 0.312500000000001 0.437500000000001 0.46077686548233
v 0.325000000000001 0.437500000000001 0.458887100219727
v 0.337500000000001 0.437500000000001 0.457609891891479
v 0.350000000000001 0.437500000000001 0.456804484128952
v 0.362500000000001 0.437500000000001 0.456348031759262
v 0.375000000000001 0.437500000000001 0.456164985895157
v 0.387500000000001 0.437500000000001 0.456234455108643
v 0.400000000000001 0.437500000000001 0.456584841012955
v 0.412500000000001 0.437500000000001 0.457161515951157
v 0.425000000000001 0.437500000000001 0.45795202255249
v 0.437500000000001 0.437500000000001 0.458973318338394
v 0.450000000000001 0.437500000000001 0.460258483886719
v 0.462500000000001 0.437500000000001 0.461815416812897
v 0.475000000000001 0.437500000000001 0.463645845651627
v 0.487500000000001 0.437500000000001 0.465765088796616
v 0.500000000000001 0.437500000000001 0.468167036771774
v -0.5 0.450000000000001 0.522414147853851
v -0.4875 0.450000000000001 0.518763542175293
v -0.475 0.450000000000001 0.515264749526978
v -0.4625 0.450000000000001 0.51190721988678
v -0.45 0.450000000000001 0.508715748786926
v -0.4375 0.450000000000001 0.505711555480957
v -0.425 0.450000000000001 0.502906918525696
v -0.4125 0.450000000000001 0.500328242778778
v -0.4 0.450000000000001 0.498010694980621
v -0.3875 0.450000000000001 0.495984554290771
v -0.375 0.450000000000001 0.49428191781044
v -0.3625 0.450000000000001 0.49293914437294
v -0.35 0.450000000000001 0.491976469755173
v -0.3375 0.450000000000001 0.491401195526123
v -0.325 0.450000000000001 0.491207987070084
v -0.3125 0.450000000000001 0.491391867399216
v -0.3 0.450000000000001 0.491909503936768
v -0.2875 0.450000000000001 0.492731958627701
v -0.275 0.450000000000001 0.493830889463425
v -0.2625 0.450000000000001 0.495154768228531
v -0.25 0.450000000000001 0.49667426943779
v -0.2375 0.450000000000001 0.49835067987442
v -0.225 0.450000000000001 0.500143587589264
v -0.2125 0.450000000000001 0.502048790454865
v -0.2 0.450000000000001 0.504058837890625
v -0.1875 0.450000000000001 0.506164968013763
v -0.175 0.450000000000001 0.508349418640137
v -0.1625 0.450000000000001 0.510619103908539
v -0.15 0.450000000000001 0.512983798980713
v -0.1375 0.450000000000001 0.515466451644897
v -0.125 0.450000000000001 0.518116414546967
v -0.1125 0.450000000000001 0.521063923835754
v -0.0999999999999996 0.450000000000001 0.524436473846436
v -0.0874999999999996 0.450000000000001 0.528358280658722
v -0.0749999999999996 0.450000000000001 0.532977104187012
v -0.0624999999999996 0.450000000000001 0.538416743278503
v -0.0499999999999996 0.450000000000001 0.544747412204742
v -0.0374999999999996 0.450000000000001 0.551908254623413
v -0.0249999999999996 0.450000000000001 0.559755980968475
v -0.0124999999999996 0.450000000000001 0.568113327026367
v 4.44089209850063e-16 0.450000000000001 0.576889991760254
v 0.0125000000000004 0.450000000000001 0.586071968078613
v 0.0250000000000005 0.450000000000001 0.595828950405121
v 0.0375000000000005 0.450000000000001 0.606321752071381
v 0.0500000000000005 0.450000000000001 0.61745548248291
v 0.0625000000000004 0.450000000000001 0.628704190254211
v 0.0750000000000005 0.450000000000001 0.638980448246002
v 0.0875000000000006 0.450000000000001 0.6468425989151
v 0.100000000000001 0.450000000000001 0.650872230529785
v 0.1125 0.450000000000001 0.650047361850739
v 0.125000000000001 0.450000000000001 0.644010186195374
v 0.137500000000001 0.450000000000001 0.633042931556702
v 0.150000000000001 0.450000000000001 0.618016362190247
v 0.162500000000001 0.450000000000001 0.60019063949585
v 0.175000000000001 0.450000000000001 0.580985486507416
v 0.187500000000001 0.450000000000001 0.561770915985107
v 0.200000000000001 0.450000000000001 0.543587327003479
v 0.212500000000001 0.450000000000001 0.527189671993256
v 0.225000000000001 0.450000000000001 0.512998402118683
v 0.237500000000001 0.450000000000001 0.501065492630005
v 0.250000000000001 0.450000000000001 0.491278946399689
v 0.262500000000001 0.450000000000001 0.483391374349594
v 0.275000000000001 0.450000000000001 0.477171152830124
v 0.287500000000001 0.450000000000001 0.472320884466171
v 0.300000000000001 0.450000000000001 0.468618780374527
v 0.312500000000001 0.450000000000001 0.465784847736359
v 0.325000000000001 0.450000000000001 0.463659346103668
v 0.337500000000001 0.450000000000001 0.462128609418869
v 0.350000000000001 0.450000000000001 0.461073786020279
v 0.362500000000001 0.450000000000001 0.460386008024216
v 0.375000000000001 0.450000000000001 0.459981262683868
v 0.387500000000001 0.450000000000001 0.459845691919327
v 0.400000000000001 0.450000000000001 0.460000902414322
v 0.412500000000001 0.450000000000001 0.460398495197296
v 0.425000000000001 0.450000000000001 0.461023718118668
v 0.437500000000001 0.450000000000001 0.461893081665039
v 0.450000000000001 0.450000000000001 0.463050276041031
v 0.462500000000001 0.450000000000001 0.464477032423019
v 0.475000000000001 0.450000000000001 0.466185092926025
v 0.487500000000001 0.450000000000001 0.46820068359375
v 0.500000000000001 0.450000000000001 0.470492511987686
v -0.5 0.462500000000001 0.526206016540527
v -0.4875 0.462500000000001 0.522719383239746
v -0.475 0.462500000000001 0.519378781318665
v -0.4625 0.462500000000001 0.516182839870453
v -0.45 0.462500000000001 0.513146579265594
v -0.4375 0.462500000000001 0.510277271270752
v -0.425 0.462500000000001 0.507594048976898
v -0.4125 0.462500000000001 0.505117952823639
v -0.4 0.462500000000001 0.502865970134735
v -0.3875 0.462500000000001 0.500870168209076
v -0.375 0.462500000000001 0.499158769845963
v -0.3625 0.462500000000001 0.497759729623795
v -0.35 0.462500000000001 0.496679604053497
v -0.3375 0.462500000000001 0.495954990386963
v -0.325 0.462500000000001 0.495556741952896
v -0.3125 0.462500000000001 0.495492190122604
v -0.3 0.462500000000001 0.49573427438736
v -0.2875 0.462500000000001 0.496257781982422
v -0.275 0.462500000000001 0.497026354074478
v -0.2625 0.462500000000001 0.497992813587189
v -0.25 0.462500000000001 0.499137967824936
v -0.2375 0.462500000000001 0.500438630580902
v -0.225 0.462500000000001 0.50187075138092
v -0.2125 0.462500000000001 0.503410935401917
v -0.2 0.462500000000001 0.505048215389252
v -0.1875 0.462500000000001 0.506770074367523
v -0.175 0.462500000000001 0.508572280406952
v -0.1625 0.462500000000001 0.510446786880493
v -0.15 0.462500000000001 0.512422621250153
v -0.1375 0.462500000000001 0.514527261257172
v -0.125 0.462500000000001 0.516842007637024
v -0.1125 0.462500000000001 0.519515514373779
v -0.0999999999999996 0.462500000000001 0.522713363170624
v -0.0874999999999996 0.462500000000001 0.526617228984833
v -0.0749999999999996 0.462500000000001 0.531447231769562
v -0.0624999999999996 0.462500000000001 0.5373615026474
v -0.0499999999999996 0.462500000000001 0.544519364833832
v -0.0374999999999996 0.462500000000001 0.552884638309479
v -0.0249999999999996 0.462500000000001 0.56233948469162
v -0.0124999999999996 0.462500000000001 0.572706401348114
v 4.44089209850063e-16 0.462500000000001 0.583804607391357
v 0.0125000000000004 0.462500000000001 0.595442950725555
v 0.0250000000000005 0.462500000000001 0.607484698295593
v 0.0375000000000005 0.462500000000001 0.619776248931885
v 0.0500000000000005 0.462500000000001 0.631992638111115
v 0.0625000000000004 0.462500000000001 0.64344447851181
v 0.0750000000000005 0.462500000000001 0.652959585189819
v 0.0875000000000006 0.462500000000001 0.659203052520752
v 0.100000000000001 0.462500000000001 0.661092460155487
v 0.1125 0.462500000000001 0.65797621011734
v 0.125000000000001 0.462500000000001 0.649892807006836
v 0.137500000000001 0.462500000000001 0.637416839599609
v 0.150000000000001 0.462500000000001 0.621545314788818
v 0.162500000000001 0.462500000000001 0.60352087020874
v 0.175000000000001 0.462500000000001 0.584635436534882
v 0.187500000000001 0.462500000000001 0.566003322601318
v 0.200000000000001 0.462500000000001 0.548491299152374
v 0.212500000000001 0.462500000000001 0.532704889774323
v 0.225000000000001 0.462500000000001 0.518932819366455
v 0.237500000000001 0.462500000000001 0.507247626781464
v 0.250000000000001 0.462500000000001 0.497535288333893
v 0.262500000000001 0.462500000000001 0.489591896533966
v 0.275000000000001 0.462500000000001 0.483233124017715
v 0.287500000000001 0.462500000000001 0.478184998035431
v 0.300000000000001 0.462500000000001 0.47421333193779
v 0.312500000000001 0.462500000000001 0.471112072467804
v 0.325000000000001 0.462500000000001 0.468728870153427
v 0.337500000000001 0.462500000000001 0.466933697462082
v 0.350000000000001 0.462500000000001 0.465613186359406
v 0.362500000000001 0.462500000000001 0.464679539203644
v 0.375000000000001 0.462500000000001 0.464046955108643
v 0.387500000000001 0.462500000000001 0.463711738586426
v 0.400000000000001 0.462500000000001 0.463657349348068
v 0.412500000000001 0.462500000000001 0.463867485523224
v 0.425000000000001 0.462500000000001 0.464329570531845
v 0.437500000000001 0.462500000000001 0.465059012174606
v 0.450000000000001 0.462500000000001 0.466075748205185
v 0.462500000000001 0.462500000000001 0.467373579740524
v 0.475000000000001 0.462500000000001 0.468954771757126
v 0.487500000000001 0.462500000000001 0.470834493637085
v 0.500000000000001 0.462500000000001 0.473001301288605
v -0.5 0.475000000000001 0.530058443546295
v -0.4875 0.475000000000001 0.526720523834229
v -0.475 0.475000000000001 0.523519515991211
v -0.4625 0.475000000000001 0.520454823970795
v -0.45 0.475000000000001 0.517550647258759
v -0.4375 0.475000000000001 0.514809012413025
v -0.425 0.475000000000001 0.512232184410095
v -0.4125 0.475000000000001 0.509832382202148
v -0.4 0.475000000000001 0.507632195949554
v -0.3875 0.475000000000001 0.505655407905579
v -0.375 0.475000000000001 0.503923058509827
v -0.3625 0.475000000000001 0.502449631690979
v -0.35 0.475000000000001 0.501243233680725
v -0.3375 0.475000000000001 0.500342309474945
v -0.325 0.475000000000001 0.499726682901382
v -0.3125 0.475000000000001 0.499388605356216
v -0.3 0.475000000000001 0.499320894479752
v -0.2875 0.475000000000001 0.499496191740036
v -0.275 0.475000000000001 0.499882936477661
v -0.2625 0.475000000000001 0.50044459104538
v -0.25 0.475000000000001 0.501168370246887
v -0.2375 0.475000000000001 0.502021133899689
v -0.225 0.475000000000001 0.503012180328369
v -0.2125 0.475000000000001 0.504097759723663
v -0.2 0.475000000000001 0.505271852016449
v -0.1875 0.475000000000001 0.506533920764923
v -0.175 0.475000000000001 0.50787490606308
v -0.1625 0.475000000000001 0.509300231933594
v -0.15 0.475000000000001 0.510841310024261
v -0.1375 0.475000000000001 0.5125452876091
v -0.125 0.475000000000001 0.514549732208252
v -0.1125 0.475000000000001 0.516985833644867
v -0.0999999999999996 0.475000000000001 0.520039319992065
v -0.0874999999999996 0.475000000000001 0.523953318595886
v -0.0749999999999996 0.475000000000001 0.528934895992279
v -0.0624999999999996 0.475000000000001 0.53515237569809
v -0.0499999999999996 0.475000000000001 0.542733252048492
v -0.0374999999999996 0.475000000000001 0.551665902137756
v -0.0249999999999996 0.475000000000001 0.561820387840271
v -0.0124999999999996 0.475000000000001 0.573009312152863
v 4.44089209850063e-16 0.475000000000001 0.585024356842041
v 0.0125000000000004 0.475000000000001 0.597581386566162
v 0.0250000000000005 0.475000000000001 0.610352516174316
v 0.0375000000000005 0.475000000000001 0.623024582862854
v 0.0500000000000005 0.475000000000001 0.63517838716507
v 0.0625000000000004 0.475000000000001 0.646101117134094
v 0.0750000000000005 0.475000000000001 0.654754161834717
v 0.0875000000000006 0.475000000000001 0.660042881965637
v 0.100000000000001 0.475000000000001 0.661104381084442
v 0.1125 0.475000000000001 0.657465696334839
v 0.125000000000001 0.475000000000001 0.649280428886414
v 0.137500000000001 0.475000000000001 0.637193620204926
v 0.150000000000001 0.475000000000001 0.622141778469086
v 0.162500000000001 0.475000000000001 0.605232894420624
v 0.175000000000001 0.475000000000001 0.58758270740509
v 0.187500000000001 0.475000000000001 0.570129871368408
v 0.200000000000001 0.475000000000001 0.553636491298676
v 0.212500000000001 0.475000000000001 0.538619220256805
v 0.225000000000001 0.475000000000001 0.525341928005219
v 0.237500000000001 0.475000000000001 0.51391214132309
v 0.250000000000001 0.475000000000001 0.504250347614288
v 0.262500000000001 0.475000000000001 0.496241956949234
v 0.275000000000001 0.475000000000001 0.489710718393326
v 0.287500000000001 0.475000000000001 0.484409093856812
v 0.300000000000001 0.475000000000001 0.48014622926712
v 0.312500000000001 0.475000000000001 0.476763159036636
v 0.325000000000001 0.475000000000001 0.474097549915314
v 0.337500000000001 0.475000000000001 0.472020298242569
v 0.350000000000001 0.475000000000001 0.470425188541412
v 0.362500000000001 0.475000000000001 0.469237387180328
v 0.375000000000001 0.475000000000001 0.468370020389557
v 0.387500000000001 0.475000000000001 0.467835038900375
v 0.400000000000001 0.475000000000001 0.467585772275925
v 0.412500000000001 0.475000000000001 0.467601984739304
v 0.425000000000001 0.475000000000001 0.467900723218918
v 0.437500000000001 0.475000000000001 0.468480974435806
v 0.450000000000001 0.475000000000001 0.469340294599533
v 0.462500000000001 0.475000000000001 0.470489412546158
v 0.475000000000001 0.475000000000001 0.471935510635376
v 0.487500000000001 0.475000000000001 0.473678112030029
v 0.500000000000001 0.475000000000001 0.475710391998291
v -0.5 0.487500000000001 0.533956289291382
v -0.4875 0.487500000000001 0.530747056007385
v -0.475 0.487500000000001 0.527672231197357
v -0.4625 0.487500000000001 0.524735271930695
v -0.45 0.487500000000001 0.521930873394012
v -0.4375 0.487500000000001 0.519286632537842
v -0.425 0.487500000000001 0.516797959804535
v -0.4125 0.487500000000001 0.514464795589447
v -0.4 0.487500000000001 0.512304067611694
v -0.3875 0.487500000000001 0.510326981544495
v -0.375 0.487500000000001 0.508554935455322
v -0.3625 0.487500000000001 0.506995320320129
v -0.35 0.487500000000001 0.505658090114594
v -0.3375 0.487500000000001 0.504569888114929
v -0.325 0.487500000000001 0.50372314453125
v -0.3125 0.487500000000001 0.503104686737061
v -0.3 0.487500000000001 0.502716243267059
v -0.2875 0.487500000000001 0.502531945705414
v -0.275 0.487500000000001 0.502512395381927
v -0.2625 0.487500000000001 0.502639770507812
v -0.25 0.487500000000001 0.502902925014496
v -0.2375 0.487500000000001 0.503298044204712
v -0.225 0.487500000000001 0.503804087638855
v -0.2125 0.487500000000001 0.504407823085785
v -0.2 0.487500000000001 0.505115330219269
v -0.1875 0.487500000000001 0.505933165550232
v -0.175 0.487500000000001 0.50686115026474
v -0.1625 0.487500000000001 0.507901549339294
v -0.15 0.487500000000001 0.509099662303925
v -0.1375 0.487500000000001 0.510544180870056
v -0.125 0.487500000000001 0.512380301952362
v -0.1125 0.487500000000001 0.514749944210052
v -0.0999999999999996 0.487500000000001 0.517856061458588
v -0.0874999999999996 0.487500000000001 0.521907210350037
v -0.0749999999999996 0.487500000000001 0.52707713842392
v -0.0624999999999996 0.487500000000001 0.533510506153107
v -0.0499999999999996 0.487500000000001 0.541271686553955
v -0.0374999999999996 0.487500000000001 0.550325810909271
v -0.0249999999999996 0.487500000000001 0.560522496700287
v -0.0124999999999996 0.487500000000001 0.571684181690216
v 4.44089209850063e-16 0.487500000000001 0.583555817604065
v 0.0125000000000004 0.487500000000001 0.59585028886795
v 0.0250000000000005 0.487500000000001 0.608230412006378
v 0.0375000000000005 0.487500000000001 0.620352685451508
v 0.0500000000000005 0.487500000000001 0.631753861904144
v 0.0625000000000004 0.487500000000001 0.641807675361633
v 0.0750000000000005 0.487500000000001 0.649716675281525
v 0.0875000000000006 0.487500000000001 0.654598891735077
v 0.100000000000001 0.487500000000001 0.655724346637726
v 0.1125 0.487500000000001 0.652685821056366
v 0.125000000000001 0.487500000000001 0.645585060119629
v 0.137500000000001 0.487500000000001 0.63496607542038
v 0.150000000000001 0.487500000000001 0.621623337268829
v 0.162500000000001 0.487500000000001 0.606477200984955
v 0.175000000000001 0.487500000000001 0.590491712093353
v 0.187500000000001 0.487500000000001 0.574472606182098
v 0.200000000000001 0.487500000000001 0.559127509593964
v 0.212500000000001 0.487500000000001 0.544916272163391
v 0.225000000000001 0.487500000000001 0.532134354114532
v 0.237500000000001 0.487500000000001 0.520948052406311
v 0.250000000000001 0.487500000000001 0.511339128017426
v 0.262500000000001 0.487500000000001 0.503243744373322
v 0.275000000000001 0.487500000000001 0.49650564789772
v 0.287500000000001 0.487500000000001 0.490941911935806
v 0.300000000000001 0.487500000000001 0.486388295888901
v 0.312500000000001 0.487500000000001 0.482707172632217
v 0.325000000000001 0.487500000000001 0.479743778705597
v 0.337500000000001 0.487500000000001 0.477378189563751
v 0.350000000000001 0.487500000000001 0.475504785776138
v 0.362500000000001 0.487500000000001 0.474058717489243
v 0.375000000000001 0.487500000000001 0.47297078371048
v 0.387500000000001 0.487500000000001 0.472227960824966
v 0.400000000000001 0.487500000000001 0.471773236989975
v 0.412500000000001 0.487500000000001 0.471596539020538
v 0.425000000000001 0.487500000000001 0.471714317798615
v 0.437500000000001 0.487500000000001 0.472131937742233
v 0.450000000000001 0.487500000000001 0.472832024097443
v 0.462500000000001 0.487500000000001 0.473823457956314
v 0.475000000000001 0.487500000000001 0.47512349486351
v 0.487500000000001 0.487500000000001 0.476723343133926
v 0.500000000000001 0.487500000000001 0.478616237640381
v -0.5 0.500000000000001 0.537885963916779
v -0.4875 0.500000000000001 0.534786999225616
v -0.475 0.500000000000001 0.531818091869354
v -0.4625 0.500000000000001 0.52899044752121
v -0.45 0.500000000000001 0.526283860206604
v -0.4375 0.500000000000001 0.52371072769165
v -0.425 0.500000000000001 0.521288335323334
v -0.4125 0.500000000000001 0.519013106822968
v -0.4 0.500000000000001 0.516876876354218
v -0.3875 0.500000000000001 0.514890789985657
v -0.375 0.500000000000001 0.51307088136673
v -0.3625 0.500000000000001 0.511424422264099
v -0.35 0.500000000000001 0.509952187538147
v -0.3375 0.500000000000001 0.508674919605255
v -0.325 0.500000000000001 0.507593810558319
v -0.3125 0.500000000000001 0.506692588329315
v -0.3 0.500000000000001 0.505976140499115
v -0.2875 0.500000000000001 0.505426168441772
v -0.275 0.500000000000001 0.505011200904846
v -0.2625 0.500000000000001 0.504715263843536
v -0.25 0.500000000000001 0.504547715187073
v -0.2375 0.500000000000001 0.50449526309967
v -0.225 0.500000000000001 0.50455904006958
v -0.2125 0.500000000000001 0.504739820957184
v -0.2 0.500000000000001 0.505045354366302
v -0.1875 0.500000000000001 0.505509197711945
v -0.175 0.500000000000001 0.506142139434814
v -0.1625 0.500000000000001 0.506962299346924
v -0.15 0.500000000000001 0.508029401302338
v -0.1375 0.500000000000001 0.509467840194702
v -0.125 0.500000000000001 0.511406183242798
v -0.1125 0.500000000000001 0.513947546482086
v -0.0999999999999996 0.500000000000001 0.517289876937866
v -0.0874999999999996 0.500000000000001 0.521608233451843
v -0.0749999999999996 0.500000000000001 0.52704781293869
v -0.0624999999999996 0.500000000000001 0.533664405345917
v -0.0499999999999996 0.500000000000001 0.541473090648651
v -0.0374999999999996 0.500000000000001 0.550408542156219
v -0.0249999999999996 0.500000000000001 0.560316205024719
v -0.0124999999999996 0.500000000000001 0.570972383022308
v 4.44089209850063e-16 0.500000000000001 0.5821453332901
v 0.0125000000000004 0.500000000000001 0.593611299991608
v 0.0250000000000005 0.500000000000001 0.605061113834381
v 0.0375000000000005 0.500000000000001 0.616195619106293
v 0.0500000000000005 0.500000000000001 0.62660551071167
v 0.0625000000000004 0.500000000000001 0.635749757289886
v 0.0750000000000005 0.500000000000001 0.643008887767792
v 0.0875000000000006 0.500000000000001 0.647686660289764
v 0.100000000000001 0.500000000000001 0.649186432361603
v 0.1125 0.500000000000001 0.647109985351562
v 0.125000000000001 0.500000000000001 0.641475141048431
v 0.137500000000001 0.500000000000001 0.632656693458557
v 0.150000000000001 0.500000000000001 0.621252655982971
v 0.162500000000001 0.500000000000001 0.608017563819885
v 0.175000000000001 0.500000000000001 0.593760251998901
v 0.187500000000001 0.500000000000001 0.579211533069611
v 0.200000000000001 0.500000000000001 0.564976871013641
v 0.212500000000001 0.500000000000001 0.551542997360229
v 0.225000000000001 0.500000000000001 0.539252936840057
v 0.237500000000001 0.500000000000001 0.528290569782257
v 0.250000000000001 0.500000000000001 0.518730163574219
v 0.262500000000001 0.500000000000001 0.510516285896301
v 0.275000000000001 0.500000000000001 0.503567218780518
v 0.287500000000001 0.500000000000001 0.49773645401001
v 0.300000000000001 0.500000000000001 0.492896646261215
v 0.312500000000001 0.500000000000001 0.488907337188721
v 0.325000000000001 0.500000000000001 0.485629856586456
v 0.337500000000001 0.500000000000001 0.482977211475372
v 0.350000000000001 0.500000000000001 0.4808309674263
v 0.362500000000001 0.500000000000001 0.479127705097198
v 0.375000000000001 0.500000000000001 0.477806091308594
v 0.387500000000001 0.500000000000001 0.476841062307358
v 0.400000000000001 0.500000000000001 0.476177901029587
v 0.412500000000001 0.500000000000001 0.47581958770752
v 0.425000000000001 0.500000000000001 0.475755900144577
v 0.437500000000001 0.500000000000001 0.475991636514664
v 0.450000000000001 0.500000000000001 0.476531356573105
v 0.462500000000001 0.500000000000001 0.47736868262291
v 0.475000000000001 0.500000000000001 0.478511720895767
v 0.487500000000001 0.500000000000001 0.479967087507248
v 0.500000000000001 0.500000000000001 0.481718063354492
f 1 2 82
f 82 83 163
f 163 164 244
f 244 245 325
f 325 326 406
f 406 407 487
f 487 488 568
f 568 569 649
f 649 650 730
f 730 731 811
f 811 812 892
f 892 893 973
f 973 974 1054
f 1054 1055 1135
f 1135 1136 1216
f 1216 1217 1297
f 1297 1298 1378
f 1378 1379 1459
f 1459 1460 1540
f 1540 1541 1621
f 1621 1622 1702
f 1702 1703 1783
f 1783 1784 1864
f 1864 1865 1945
f 1945 1946 2026
f 2026 2027 2107
f 2107 2108 2188
f 2188 2189 2269
f 2269 2270 2350
f 2350 2351 2431
f 2431 2432 2512
f 2512 2513 2593
f 2593 2594 2674
f 2674 2675 2755
f 2755 2756 2836
f 2836 2837 2917
f 2917 2918 2998
f 2998 2999 3079
f 3079 3080 3160
f 3160 3161 3241
f 3241 3242 3322
f 3322 3323 3403
f 3403 3404 3484
f 3484 3485 3565
f 3565 3566 3646
f 3646 3647 3727
f 3727 3728 3808
f 3808 3809 3889
f 3889 3890 3970
f 3970 3971 4051
f 4051 4052 4132
f 4132 4133 4213
f 4213 4214 4294
f 4294 4295 4375
f 4375 4376 4456
f 4456 4457 4537
f 4537 4538 4618
f 4618 4619 4699
f 4699 4700 4780
f 4780 4781 4861
f 4861 4862 4942
f 4942 4943 5023
f 5023 5024 5104
f 5104 5105 5185
f 5185 5186 5266
f 5266 5267 5347
f 5347 5348 5428
f 5428 5429 5509
f 5509 5510 5590
f 5590 5591 5671
f 5671 5672 5752
f 5752 5753 5833
f 5833 5834 5914
f 5914 5915 5995
f 5995 5996 6076
f 6076 6077 6157
f 6157 6158 6238
f 6238 6239 6319
f 6319 6320 6400
f 6400 6401 6481
f 2 3 83
f 83 84 164
f 164 165 245
f 245 246 326
f 326 327 407
f 407 408 488
f 488 489 569
f 569 570 650
f 650 651 731
f 731 732 812
f 812 813 893
f 893 894 974
f 974 975 1055
f 1055 1056 1136
f 1136 1137 1217
f 1217 1218 1298
f 1298 1299 1379
f 1379 1380 1460
f 1460 1461 1541
f 1541 1542 1622
f 1622 1623 1703
f 1703 1704 1784
f 1784 1785 1865
f 1865 1866 1946
f 1946 1947 2027
f 2027 2028 2108
f 2108 2109 2189
f 2189 2190 2270
f 2270 2271 2351
f 2351 2352 2432
f 2432 2433 2513
f 2513 2514 2594
f 2594 2595 2675
f 2675 2676 2756
f 2756 2757 2837
f 2837 2838 2918
f 2918 2919 2999
f 2999 3000 3080
f 3080 3081 3161
f 3161 3162 3242
f 3242 3243 3323
f 3323 3324 3404
f 3404 3405 3485
f 3485 3486 3566
f 3566 3567 3647
f 3647 3648 3728
f 3728 3729 3809
f 3809 3810 3890
f 3890 3891 3971
f 3971 3972 4052
f 4052 4053 4133
f 4133 4134 4214
f 4214 4215 4295
f 4295 4296 4376
f 4376 4377 4457
f 4457 4458 4538
f 4538 4539 4619
f 4619 4620 4700
f 4700 4701 4781
f 4781 4782 4862
f 4862 4863 4943
f 4943 4944 5024
f 5024 5025 5105
f 5105 5106 5186
f 5186 5187 5267
f 5267 5268 5348
f 5348 5349 5429
f 5429 5430 5510
f 5510 5511 5591
f 5591 5592 5672
f 5672 5673 5753
f 5753 5754 5834
f 5834 5835 5915
f 5915 5916 5996
f 5996 5997 6077
f 6077 6078 6158
f 6158 6159 6239
f 6239 6240 6320
f 6320 6321 6401
f 6401 6402 6482
f 3 4 84
f 84 85 165
f 165 166 246
f 246 247 327
f 327 328 408
f 408 409 489
f 489 490 570
f 570 571 651
f 651 652 732
f 732 733 813
f 813 814 894
f 894 895 975
f 975 976 1056
f 1056 1057 1137
f 1137 1138 1218
f 1218 1219 1299
f 1299 1300 1380
f 1380 1381 1461
f 1461 1462 1542
f 1542 1543 1623
f 1623 1624 1704
f 1704 1705 1785
f 1785 1786 1866
f 1866 1867 1947
f 1947 1948 2028
f 2028 2029 2109
f 2109 2110 2190
f 2190 2191 2271
f 2271 2272 2352
f 2352 2353 2433
f 2433 2434 2514
f 2514 2515 2595
f 2595 2596 2676
f 2676 2677 2757
f 2757 2758 2838
f 2838 2839 2919
f 2919 2920 3000
f 3000 3001 3081
f 3081 3082 3162
f 3162 3163 3243
f 3243 3244 3324
f 3324 3325 3405
f 3405 3406 3486
f 3486 3487 3567
f 3567 3568 3648
f 3648 3649 3729
f 3729 3730 3810
f 3810 3811 3891
f 3891 3892 3972
f 3972 3973 4053
f 4053 4054 4134
f 4134 4135 4215
f 4215 4216 4296
f 4296 4297 4377
f 4377 4378 4458
f 4458 4459 4539
f 4539 4540 4620
f 4620 4621 4701
f 4701 4702 4782
f 4782 4783 4863
f 4863 4864 4944
f 4944 4945 5025
f 5025 5026 5106
f 5106 5107 5187
f 5187 5188 5268
f 5268 5269 5349
f 5349 5350 5430
f 5430 5431 5511
f 5511 5512 5592
f 5592 5593 5673
f 5673 5674 5754
f 5754 5755 5835
f 5835 5836 5916
f 5916 5917 5997
f 5997 5998 6078
f 6078 6079 6159
f 6159 6160 6240
f 6240 6241 6321
f 6321 6322 6402
f 6402 6403 6483
f 4 5 85
f 85 86 166
f 166 167 247
f 247 248 328
f 328 329 409
f 409 410 490
f 490 491 571
f 571 572 652
f 652 653 733
f 733 734 814
f 814 815 895
f 895 896 976
f 976 977 1057
f 1057 1058 1138
f 1138 1139 1219
f 1219 1220 1300
f 1300 1301 1381
f 1381 1382 1462
f 1462 1463 1543
f 1543 1544 1624
f 1624 1625 1705
f 1705 1706 1786
f 1786 1787 1867
f 1867 1868 1948
f 1948 1949 2029
f 2029 2030 2110
f 2110 2111 2191
f 2191 2192 2272
f 2272 2273 2353
f 2353 2354 2434
f 2434 2435 2515
f 2515 2516 2596
f 2596 2597 2677
f 2677 2678 2758
f 2758 2759 2839
f 2839 2840 2920
f 2920 2921 3001
f 3001 3002 3082
f 3082 3083 3163
f 3163 3164 3244
f 3244 3245 3325
f 3325 3326 3406
f 3406 3407 3487
f 3487 3488 3568
f 3568 3569 3649
f 3649 3650 3730
f 3730 3731 3811
f 3811 3812 3892
f 3892 3893 3973
f 3973 3974 4054
f 4054 4055 4135
f 4135 4136 4216
f 4216 4217 4297
f 4297 4298 4378
f 4378 4379 4459
f 4459 4460 4540
f 4540 4541 4621
f 4621 4622 4702
f 4702 4703 4783
f 4783 4784 4864
f 4864 4865 4945
f 4945 4946 5026
f 5026 5027 5107
f 5107 5108 5188
f 5188 5189 5269
f 5269 5270 5350
f 5350 5351 5431
f 5431 5432 5512
f 5512 5513 5593
f 5593 5594 5674
f 5674 5675 5755
f 5755 5756 5836
f 5836 5837 5917
f 5917 5918 5998
f 5998 5999 6079
f 6079 6080 6160
f 6160 6161 6241
f 6241 6242 6322
f 6322 6323 6403
f 6403 6404 6484
f 5 6 86
f 86 87 167
f 167 168 248
f 248 249 329
f 329 330 410
f 410 411 491
f 491 492 572
f 572 573 653
f 653 654 734
f 734 735 815
f 815 816 896
f 896 897 977
f 977 978 1058
f 1058 1059 1139
f 1139 1140 1220
f 1220 1221 1301
f 1301 1302 1382
f 1382 1383 1463
f 1463 1464 1544
f 1544 1545 1625
f 1625 1626 1706
f 1706 1707 1787
f 1787 1788 1868
f 1868 1869 1949
f 1949 1950 2030
f 2030 2031 2111
f 2111 2112 2192
f 2192 2193 2273
f 2273 2274 2354
f 2354 2355 2435
f 2435 2436 2516
f 2516 2517 2597
f 2597 2598 2678
f 2678 2679 2759
f 2759 2760 2840
f 2840 2841 2921
f 2921 2922 3002
f 3002 3003 3083
f 3083 3084 3164
f 3164 3165 3245
f 3245 3246 3326
f 3326 3327 3407
f 3407 3408 3488
f 3488 3489 3569
f 3569 3570 3650
f 3650 3651 3731
f 3731 3732 3812
f 3812 3813 3893
f 3893 3894 3974
f 3974 3975 4055
f 4055 4056 4136
f 4136 4137 4217
f 4217 4218 4298
f 4298 4299 4379
f 4379 4380 4460
f 4460 4461 4541
f 4541 4542 4622
f 4622 4623 4703
f 4703 4704 4784
f 4784 4785 4865
f 4865 4866 4946
f 4946 4947 5027
f 5027 5028 5108
f 5108 5109 5189
f 5189 5190 5270
f 5270 5271 5351
f 5351 5352 5432
f 5432 5433 5513
f 5513 5514 5594
f 5594 5595 5675
f 5675 5676 5756
f 5756 5757 5837
f 5837 5838 5918
f 5918 5919 5999
f 5999 6000 6080
f 6080 6081 6161
f 6161 6162 6242
f 6242 6243 6323
f 6323 6324 6404
f 6404 6405 6485
f 6 7 87
f 87 88 168
f 168 169 249
f 249 250 330
f 330 331 411
f 411 412 492
f 492 493 573
f 573 574 654
f 654 655 735
f 735 736 816
f 816 817 897
f 897 898 978
f 978 979 1059
f 1059 1060 1140
f 1140 1141 1221
f 1221 1222 1302
f 1302 1303 1383
f 1383 1384 1464
f 1464 1465 1545
f 1545 1546 1626
f 1626 1627 1707
f 1707 1708 1788
f 1788 1789 1869
f 1869 1870 1950
f 1950 1951 2031
f 2031 2032 2112
f 2112 2113 2193
f 2193 2194 2274
f 2274 2275 2355
f 2355 2356 2436
f 2436 2437 2517
f 2517 2518 2598
f 2598 2599 2679
f 2679 2680 2760
f 2760 2761 2841
f 2841 2842 2922
f 2922 2923 3003
f 3003 3004 3084
f 3084 3085 3165
f 3165 3166 3246
f 3246 3247 3327
f 3327 3328 3408
f 3408 3409 3489
f 3489 3490 3570
f 3570 3571 3651
f 3651 3652 3732
f 3732 3733 3813
f 3813 3814 3894
f 3894 3895 3975
f 3975 3976 4056
f 4056 4057 4137
f 4137 4138 4218
f 4218 4219 4299
f 4299 4300 4380
f 4380 4381 4461
f 4461 4462 4542
f 4542 4543 4623
f 4623 4624 4704
f 4704 4705 4785
f 4785 4786 4866
f 4866 4867 4947
f 4947 4948 5028
f 5028 5029 5109
f 5109 5110 5190
f 5190 5191 5271
f 5271 5272 5352
f 5352 5353 5433
f 5433 5434 5514
f 5514 5515 5595
f 5595 5596 5676
f 5676 5677 5757
f 5757 5758 5838
f 5838 5839 5919
f 5919 5920 6000
f 6000 6001 6081
f 6081 6082 6162
f 6162 6163 6243
f 6243 6244 6324
f 6324 6325 6405
f 6405 6406 6486
f 7 8 88
f 88 89 169
f 169 170 250
f 250 251 331
f 331 332 412
f 412 413 493
f 493 494 574
f 574 575 655
f 655 656 736
f 736 737 817
f 817 818 898
f 898 899 979
f 979 980 1060
f 1060 1061 1141
f 1141 1142 1222
f 1222 1223 1303
f 1303 1304 1384
f 1384 1385 1465
f 1465 1466 1546
f 1546 1547 1627
f 1627 1628 1708
f 1708 1709 1789
f 1789 1790 1870
f 1870 1871 1951
f 1951 1952 2032
f 2032 2033 2113
f 2113 2114 2194
f 2194 2195 2275
f 2275 2276 2356
f 2356 2357 2437
f 2437 2438 2518
f 2518 2519 2599
f 2599 2600 2680
f 2680 2681 2761
f 2761 2762 2842
f 2842 2843 2923
f 2923 2924 3004
f 3004 3005 3085
f 3085 3086 3166
f 3166 3167 3247
f 3247 3248 3328
f 3328 3329 3409
f 3409 3410 3490
f 3490 3491 3571
f 3571 3572 3652
f 3652 3653 3733
f 3733 3734 3814
f 3814 3815 3895
f 3895 3896 3976
f 3976 3977 4057
f 4057 4058 4138
f 4138 4139 4219
f 4219 4220 4300
f 4300 4301 4381
f 4381 4382 4462
f 4462 4463 4543
f 4543 4544 4624
f 4624 4625 4705
f 4705 4706 4786
f 4786 4787 4867
f 4867 4868 4948
f 4948 4949 5029
f 5029 5030 5110
f 5110 5111 5191
f 5191 5192 5272
f 5272 5273 5353
f 5353 5354 5434
f 5434 5435 5515
f 5515 5516 5596
f 5596 5597 5677
f 5677 5678 5758
f 5758 5759 5839
f 5839 5840 5920
f 5920 5921 6001
f 6001 6002 6082
f 6082 6083 6163
f 6163 6164 6244
f 6244 6245 6325
f 6325 6326 6406
f 6406 6407 6487
f 8 9 89
f 89 90 170
f 170 171 251
f 251 252 332
f 332 333 413
f 413 414 494
f 494 495 575
f 575 576 656
f 656 657 737
f 737 738 818
f 818 819 899
f 899 900 980
f 980 981 1061
f 1061 1062 1142
f 1142 1143 1223
f 1223 1224 1304
f 1304 1305 1385
f 1385 1386 1466
f 1466 1467 1547
f 1547 1548 1628
f 1628 1629 1709
f 1709 1710 1790
f 1790 1791 1871
f 1871 1872 1952
f 1952 1953 2033
f 2033 2034 2114
f 2114 2115 2195
f 2195 2196 2276
f 2276 2277 2357
f 2357 2358 2438
f 2438 2439 2519
f 2519 2520 2600
f 2600 2601 2681
f 2681 2682 2762
f 2762 2763 2843
f 2843 2844 2924
f 2924 2925 3005
f 3005 3006 3086
f 3086 3087 3167
f 3167 3168 3248
f 3248 3249 3329
f 3329 3330 3410
f 3410 3411 3491
f 3491 3492 3572
f 3572 3573 3653
f 3653 3654 3734
f 3734 3735 3815
f 3815 3816 3896
f 3896 3897 3977
f 3977 3978 4058
f 4058 4059 4139
f 4139 4140 4220
f 4220 4221 4301
f 4301 4302 4382
f 4382 4383 4463
f 4463 4464 4544
f 4544 4545 4625
f 4625 4626 4706
f 4706 4707 4787
f 4787 4788 4868
f 4868 4869 4949
f 4949 4950 5030
f 5030 5031 5111
f 5111 5112 5192
f 5192 5193 5273
f 5273 5274 5354
f 5354 5355 5435
f 5435 5436 5516
f 5516 5517 5597
f 5597 5598 5678
f 5678 5679 5759
f 5759 5760 5840
f 5840 5841 5921
f 5921 5922 6002
f 6002 6003 6083
f 6083 6084 6164
f 6164 6165 6245
f 6245 6246 6326
f 6326 6327 6407
f 6407 6408 6488
f 9 10 90
f 90 91 171
f 171 172 252
f 252 253 333
f 333 334 414
f 414 415 495
f 495 496 576
f 576 577 657
f 657 658 738
f 738 739 819
f 819 820 900
f 900 901 981
f 981 982 1062
f 1062 1063 1143
f 1143 1144 1224
f 1224 1225 1305
f 1305 1306 1386
f 1386 1387 1467
f 1467 1468 1548
f 1548 1549 1629
f 1629 1630 1710
f 1710 1711 1791
f 1791 1792 1872
f 1872 1873 1953
f 1953 1954 2034
f 2034 2035 2115
f 2115 2116 2196
f 2196 2197 2277
f 2277 2278 2358
f 2358 2359 2439
f 2439 2440 2520
f 2520 2521 2601
f 2601 2602 2682
f 2682 2683 2763
f 2763 2764 2844
f 2844 2845 2925
f 2925 2926 3006
f 3006 3007 3087
f 3087 3088 3168
f 3168 3169 3249
f 3249 3250 3330
f 3330 3331 3411
f 3411 3412 3492
f 3492 3493 3573
f 3573 3574 3654
f 3654 3655 3735
f 3735 3736 3816
f 3816 3817 3897
f 3897 3898 3978
f 3978 3979 4059
f 4059 4060 4140
f 4140 4141 4221
f 4221 4222 4302
f 4302 4303 4383
f 4383 4384 4464
f 4464 4465 4545
f 4545 4546 4626
f 4626 4627 4707
f 4707 4708 4788
f 4788 4789 4869
f 4869 4870 4950
f 4950 4951 5031
f 5031 5032 5112
f 5112 5113 5193
f 5193 5194 5274
f 5274 5275 5355
f 5355 5356 5436
f 5436 5437 5517
f 5517 5518 5598
f 5598 5599 5679
f 5679 5680 5760
f 5760 5761 5841
f 5841 5842 5922
f 5922 5923 6003
f 6003 6004 6084
f 6084 6085 6165
f 6165 6166 6246
f 6246 6247 6327
f 6327 6328 6408
f 6408 6409 6489
f 10 11 91
f 91 92 172
f 172 173 253
f 253 254 334
f 334 335 415
f 415 416 496
f 496 497 577
f 577 578 658
f 658 659 739
f 739 740 820
f 820 821 901
f 901 902 982
f 982 983 1063
f 1063 1064 1144
f 1144 1145 1225
f 1225 1226 1306
f 1306 1307 1387
f 1387 1388 1468
f 1468 1469 1549
f 1549 1550 1630
f 1630 1631 1711
f 1711 1712 1792
f 1792 1793 1873
f 1873 1874 1954
f 1954 1955 2035
f 2035 2036 2116
f 2116 2117 2197
f 2197 2198 2278
f 2278 2279 2359
f 2359 2360 2440
f 2440 2441 2521
f 2521 2522 2602
f 2602 2603 2683
f 2683 2684 2764
f 2764 2765 2845
f 2845 2846 2926
f 2926 2927 3007
f 3007 3008 3088
f 3088 3089 3169
f 3169 3170 3250
f 3250 3251 3331
f 3331 3332 3412
f 3412 3413 3493
f 3493 3494 3574
f 3574 3575 3655
f 3655 3656 3736
f 3736 3737 3817
f 3817 3818 3898
f 3898 3899 3979
f 3979 3980 4060
f 4060 4061 4141
f 4141 4142 4222
f 4222 4223 4303
f 4303 4304 4384
f 4384 4385 4465
f 4465 4466 4546
f 4546 4547 4627
f 4627 4628 4708
f 4708 4709 4789
f 4789 4790 4870
f 4870 4871 4951
f 4951 4952 5032
f 5032 5033 5113
f 5113 5114 5194
f 5194 5195 5275
f 5275 5276 5356
f 5356 5357 5437
f 5437 5438 5518
f 5518 5519 5599
f 5599 5600 5680
f 5680 5681 5761
f 5761 5762 5842
f 5842 5843 5923
f 5923 5924 6004
f 6004 6005 6085
f 6085 6086 6166
f 6166 6167 6247
f 6247 6248 6328
f 6328 6329 6409
f 6409 6410 6490
f 11 12 92
f 92 93 173
f 173 174 254
f 254 255 335
f 335 336 416
f 416 417 497
f 497 498 578
f 578 579 659
f 659 660 740
f 740 741 821
f 821 822 902
f 902 903 983
f 983 984 1064
f 1064 1065 1145
f 1145 1146 1226
f 1226 1227 1307
f 1307 1308 1388
f 1388 1389 1469
f 1469 1470 1550
f 1550 1551 1631
f 1631 1632 1712
f 1712 1713 1793
f 1793 1794 1874
f 1874 1875 1955
f 1955 1956 2036
f 2036 2037 2117
f 2117 2118 2198
f 2198 2199 2279
f 2279 2280 2360
f 2360 2361 2441
f 2441 2442 2522
f 2522 2523 2603
f 2603 2604 2684
f 2684 2685 2765
f 2765 2766 2846
f 2846 2847 2927
f 2927 2928 3008
f 3008 3009 3089
f 3089 3090 3170
f 3170 3171 3251
f 3251 3252 3332
f 3332 3333 3413
f 3413 3414 3494
f 3494 3495 3575
f 3575 3576 3656
f 3656 3657 3737
f 3737 3738 3818
f 3818 3819 3899
f 3899 3900 3980
f 3980 3981 4061
f 4061 4062 4142
f 4142 4143 4223
f 4223 4224 4304
f 4304 4305 4385
f 4385 4386 4466
f 4466 4467 4547
f 4547 4548 4628
f 4628 4629 4709
f 4709 4710 4790
f 4790 4791 4871
f 4871 4872 4952
f 4952 4953 5033
f 5033 5034 5114
f 5114 5115 5195
f 5195 5196 5276
f 5276 5277 5357
f 5357 5358 5438
f 5438 5439 5519
f 5519 5520 5600
f 5600 5601 5681
f 5681 5682 5762
f 5762 5763 5843
f 5843 5844 5924
f 5924 5925 6005
f 6005 6006 6086
f 6086 6087 6167
f 6167 6168 6248
f 6248 6249 6329
f 6329 6330 6410
f 6410 6411 6491
f 12 13 93
f 93 94 174
f 174 175 255
f 255 256 336
f 336 337 417
f 417 418 498
f 498 499 579
f 579 580 660
f 660 661 741
f 741 742 822
f 822 823 903
f 903 904 984
f 984 985 1065
f 1065 1066 1146
f 1146 1147 1227
f 1227 1228 1308
f 1308 1309 1389
f 1389 1390 1470
f 1470 1471 1551
f 1551 1552 1632
f 1632 1633 1713
f 1713 1714 1794
f 1794 1795 1875
f 1875 1876 1956
f 1956 1957 2037
f 2037 2038 2118
f 2118 2119 2199
f 2199 2200 2280
f 2280 2281 2361
f 2361 2362 2442
f 2442 2443 2523
f 2523 2524 2604
f 2604 2605 2685
f 2685 2686 2766
f 2766 2767 2847
f 2847 2848 2928
f 2928 2929 3009
f 3009 3010 3090
f 3090 3091 3171
f 3171 3172 3252
f 3252 3253 3333
f 3333 3334 3414
f 3414 3415 3495
f 3495 3496 3576
f 3576 3577 3657
f 3657 3658 3738
f 3738 3739 3819
f 3819 3820 3900
f 3900 3901 3981
f 3981 3982 4062
f 4062 4063 4143
f 4143 4144 4224
f 4224 4225 4305
f 4305 4306 4386
f 4386 4387 4467
f 4467 4468 4548
f 4548 4549 4629
f 4629 4630 4710
f 4710 4711 4791
f 4791 4792 4872
f 4872 4873 4953
f 4953 4954 5034
f 5034 5035 5115
f 5115 5116 5196
f 5196 5197 5277
f 5277 5278 5358
f 5358 5359 5439
f 5439 5440 5520
f 5520 5521 5601
f 5601 5602 5682
f 5682 5683 5763
f 5763 5764 5844
f 5844 5845 5925
f 5925 5926 6006
f 6006 6007 6087
f 6087 6088 6168
f 6168 6169 6249
f 6249 6250 6330
f 6330 6331 6411
f 6411 6412 6492
f 13 14 94
f 94 95 175
f 175 176 256
f 256 257 337
f 337 338 418
f 418 419 499
f 499 500 580
f 580 581 661
f 661 662 742
f 742 743 823
f 823 824 904
f 904 905 985
f 985 986 1066
f 1066 1067 1147
f 1147 1148 1228
f 1228 1229 1309
f 1309 1310 1390
f 1390 1391 1471
f 1471 1472 1552
f 1552 1553 1633
f 1633 1634 1714
f 1714 1715 1795
f 1795 1796 1876
f 1876 1877 1957
f 1957 1958 2038
f 2038 2039 2119
f 2119 2120 2200
f 2200 2201 2281
f 2281 2282 2362
f 2362 2363 2443
f 2443 2444 2524
f 2524 2525 2605
f 2605 2606 2686
f 2686 2687 2767
f 2767 2768 2848
f 2848 2849 2929
f 2929 2930 3010
f 3010 3011 3091
f 3091 3092 3172
f 3172 3173 3253
f 3253 3254 3334
f 3334 3335 3415
f 3415 3416 3496
f 3496 3497 3577
f 3577 3578 3658
f 3658 3659 3739
f 3739 3740 3820
f 3820 3821 3901
f 3901 3902 3982
f 3982 3983 4063
f 4063 4064 4144
f 4144 4145 4225
f 4225 4226 4306
f 4306 4307 4387
f 4387 4388 4468
f 4468 4469 4549
f 4549 4550 4630
f 4630 4631 4711
f 4711 4712 4792
f 4792 4793 4873
f 4873 4874 4954
f 4954 4955 5035
f 5035 5036 5116
f 5116 5117 5197
f 5197 5198 5278
f 5278 5279 5359
f 5359 5360 5440
f 5440 5441 5521
f 5521 5522 5602
f 5602 5603 5683
f 5683 5684 5764
f 5764 5765 5845
f 5845 5846 5926
f 5926 5927 6007
f 6007 6008 6088
f 6088 6089 6169
f 6169 6170 6250
f 6250 6251 6331
f 6331 6332 6412
f 6412 6413 6493
f 14 15 95
f 95 96 176
f 176 177 257
f 257 258 338
f 338 339 419
f 419 420 500
f 500 501 581
f 581 582 662
f 662 663 743
f 743 744 824
f 824 825 905
f 905 906 986
f 986 987 1067
f 1067 1068 1148
f 1148 1149 1229
f 1229 1230 1310
f 1310 1311 1391
f 1391 1392 1472
f 1472 1473 1553
f 1553 1554 1634
f 1634 1635 1715
f 1715 1716 1796
f 1796 1797 1877
f 1877 1878 1958
f 1958 1959 2039
f 2039 2040 2120
f 2120 2121 2201
f 2201 2202 2282
f 2282 2283 2363
f 2363 2364 2444
f 2444 2445 2525
f 2525 2526 2606
f 2606 2607 2687
f 2687 2688 2768
f 2768 2769 2849
f 2849 2850 2930
f 2930 2931 3011
f 3011 3012 3092
f 3092 3093 3173
f 3173 3174 3254
f 3254 3255 3335
f 3335 3336 3416
f 3416 3417 3497
f 3497 3498 3578
f 3578 3579 3659
f 3659 3660 3740
f 3740 3741 3821
f 3821 3822 3902
f 3902 3903 3983
f 3983 3984 4064
f 4064 4065 4145
f 4145 4146 4226
f 4226 4227 4307
f 4307 4308 4388
f 4388 4389 4469
f 4469 4470 4550
f 4550 4551 4631
f 4631 4632 4712
f 4712 4713 4793
f 4793 4794 4874
f 4874 4875 4955
f 4955 4956 5036
f 5036 5037 5117
f 5117 5118 5198
f 5198 5199 5279
f 5279 5280 5360
f 5360 5361 5441
f 5441 5442 5522
f 5522 5523 5603
f 5603 5604 5684
f 5684 5685 5765
f 5765 5766 5846
f 5846 5847 5927
f 5927 5928 6008
f 6008 6009 6089
f 6089 6090 6170
f 6170 6171 6251
f 6251 6252 6332
f 6332 6333 6413
f 6413 6414 6494
f 15 16 96
f 96 97 177
f 177 178 258
f 258 259 339
f 339 340 420
f 420 421 501
f 501 502 582
f 582 583 663
f 663 664 744
f 744 745 825
f 825 826 906
f 906 907 987
f 987 988 1068
f 1068 1069 1149
f 1149 1150 1230
f 1230 1231 1311
f 1311 1312 1392
f 1392 1393 1473
f 1473 1474 1554
f 1554 1555 1635
f 1635 1636 1716
f 1716 1717 1797
f 1797 1798 1878
f 1878 1879 1959
f 1959 1960 2040
f 2040 2041 2121
f 2121 2122 2202
f 2202 2203 2283
f 2283 2284 2364
f 2364 2365 2445
f 2445 2446 2526
f 2526 2527 2607
f 2607 2608 2688
f 2688 2689 2769
f 2769 2770 2850
f 2850 2851 2931
f 2931 2932 3012
f 3012 3013 3093
f 3093 3094 3174
f 3174 3175 3255
f 3255 3256 3336
f 3336 3337 3417
f 3417 3418 3498
f 3498 3499 3579
f 3579 3580 3660
f 3660 3661 3741
f 3741 3742 3822
f 3822 3823 3903
f 3903 3904 3984
f 3984 3985 4065
f 4065 4066 4146
f 4146 4147 4227
f 4227 4228 4308
f 4308 4309 4389
f 4389 4390 4470
f 4470 4471 4551
f 4551 4552 4632
f 4632 4633 4713
f 4713 4714 4794
f 4794 4795 4875
f 4875 4876 4956
f 4956 4957 5037
f 5037 5038 5118
f 5118 5119 5199
f 5199 5200 5280
f 5280 5281 5361
f 5361 5362 5442
f 5442 5443 5523
f 5523 5524 5604
f 5604 5605 5685
f 5685 5686 5766
f 5766 5767 5847
f 5847 5848 5928
f 5928 5929 6009
f 6009 6010 6090
f 6090 6091 6171
f 6171 6172 6252
f 6252 6253 6333
f 6333 6334 6414
f 6414 6415 6495
f 16 17 97
f 97 98 178
f 178 179 259
f 259 260 340
f 340 341 421
f 421 422 502
f 502 503 583
f 583 584 664
f 664 665 745
f 745 746 826
f 826 827 907
f 907 908 988
f 988 989 1069
f 1069 1070 1150
f 1150 1151 1231
f 1231 1232 1312
f 1312 1313 1393
f 1393 1394 1474
f 1474 1475 1555
f 1555 1556 1636
f 1636 1637 1717
f 1717 1718 1798
f 1798 1799 1879
f 1879 1880 1960
f 1960 1961 2041
f 2041 2042 2122
f 2122 2123 2203
f 2203 2204 2284
f 2284 2285 2365
f 2365 2366 2446
f 2446 2447 2527
f 2527 2528 2608
f 2608 2609 2689
f 2689 2690 2770
f 2770 2771 2851
f 2851 2852 2932
f 2932 2933 3013
f 3013 3014 3094
f 3094 3095 3175
f 3175 3176 3256
f 3256 3257 3337
f 3337 3338 3418
f 3418 3419 3499
f 3499 3500 3580
f 3580 3581 3661
f 3661 3662 3742
f 3742 3743 3823
f 3823 3824 3904
f 3904 3905 3985
f 3985 3986 4066
f 4066 4067 4147
f 4147 4148 4228
f 4228 4229 4309
f 4309 4310 4390
f 4390 4391 4471
f 4471 4472 4552
f 4552 4553 4633
f 4633 4634 4714
f 4714 4715 4795
f 4795 4796 4876
f 4876 4877 4957
f 4957 4958 5038
f 5038 5039 5119
f 5119 5120 5200
f 5200 5201 5281
f 5281 5282 5362
f 5362 5363 5443
f 5443 5444 5524
f 5524 5525 5605
f 5605 5606 5686
f 5686 5687 5767
f 5767 5768 5848
f 5848 5849 5929
f 5929 5930 6010
f 6010 6011 6091
f 6091 6092 6172
f 6172 6173 6253
f 6253 6254 6334
f 6334 6335 6415
f 6415 6416 6496
f 17 18 98
f 98 99 179
f 179 180 260
f 260 261 341
f 341 342 422
f 422 423 503
f 503 504 584
f 584 585 665
f 665 666 746
f 746 747 827
f 827 828 908
f 908 909 989
f 989 990 1070
f 1070 1071 1151
f 1151 1152 1232
f 1232 1233 1313
f 1313 1314 1394
f 1394 1395 1475
f 1475 1476 1556
f 1556 1557 1637
f 1637 1638 1718
f 1718 1719 1799
f 1799 1800 1880
f 1880 1881 1961
f 1961 1962 2042
f 2042 2043 2123
f 2123 2124 2204
f 2204 2205 2285
f 2285 2286 2366
f 2366 2367 2447
f 2447 2448 2528
f 2528 2529 2609
f 2609 2610 2690
f 2690 2691 2771
f 2771 2772 2852
f 2852 2853 2933
f 2933 2934 3014
f 3014 3015 3095
f 3095 3096 3176
f 3176 3177 3257
f 3257 3258 3338
f 3338 3339 3419
f 3419 3420 3500
f 3500 3501 3581
f 3581 3582 3662
f 3662 3663 3743
f 3743 3744 3824
f 3824 3825 3905
f 3905 3906 3986
f 3986 3987 4067
f 4067 4068 4148
f 4148 4149 4229
f 4229 4230 4310
f 4310 4311 4391
f 4391 4392 4472
f 4472 4473 4553
f 4553 4554 4634
f 4634 4635 4715
f 4715 4716 4796
f 4796 4797 4877
f 4877 4878 4958
f 4958 4959 5039
f 5039 5040 5120
f 5120 5121 5201
f 5201 5202 5282
f 5282 5283 5363
f 5363 5364 5444
f 5444 5445 5525
f 5525 5526 5606
f 5606 5607 5687
f 5687 5688 5768
f 5768 5769 5849
f 5849 5850 5930
f 5930 5931 6011
f 6011 6012 6092
f 6092 6093 6173
f 6173 6174 6254
f 6254 6255 6335
f 6335 6336 6416
f 6416 6417 6497
f 18 19 99
f 99 100 180
f 180 181 261
f 261 262 342
f 342 343 423
f 423 424 504
f 504 505 585
f 585 586 666
f 666 667 747
f 747 748 828
f 828 829 909
f 909 910 990
f 990 991 1071
f 1071 1072 1152
f 1152 1153 1233
f 1233 1234 1314
f 1314 1315 1395
f 1395 1396 1476
f 1476 1477 1557
f 1557 1558 1638
f 1638 1639 1719
f 1719 1720 1800
f 1800 1801 1881
f 1881 1882 1962
f 1962 1963 2043
f 2043 2044 2124
f 2124 2125 2205
f 2205 2206 2286
f 2286 2287 2367
f 2367 2368 2448
f 2448 2449 2529
f 2529 2530 2610
f 2610 2611 2691
f 2691 2692 2772
f 2772 2773 2853
f 2853 2854 2934
f 2934 2935 3015
f 3015 3016 3096
f 3096 3097 3177
f 3177 3178 3258
f 3258 3259 3339
f 3339 3340 3420
f 3420 3421 3501
f 3501 3502 3582
f 3582 3583 3663
f 3663 3664 3744
f 3744 3745 3825
f 3825 3826 3906
f 3906 3907 3987
f 3987 3988 4068
f 4068 4069 4149
f 4149 4150 4230
f 4230 4231 4311
f 4311 4312 4392
f 4392 4393 4473
f 4473 4474 4554
f 4554 4555 4635
f 4635 4636 4716
f 4716 4717 4797
f 4797 4798 4878
f 4878 4879 4959
f 4959 4960 5040
f 5040 5041 5121
f 5121 5122 5202
f 5202 5203 5283
f 5283 5284 5364
f 5364 5365 5445
f 5445 5446 5526
f 5526 5527 5607
f 5607 5608 5688
f 5688 5689 5769
f 5769 5770 5850
f 5850 5851 5931
f 5931 5932 6012
f 6012 6013 6093
f 6093 6094 6174
f 6174 6175 6255
f 6255 6256 6336
f 6336 6337 6417
f 6417 6418 6498
f 19 20 100
f 100 101 181
f 181 182 262
f 262 263 343
f 343 344 424
f 424 425 505
f 505 506 586
f 586 587 667
f 667 668 748
f 748 749 829
f 829 830 910
f 910 911 991
f 991 992 1072
f 1072 1073 1153
f 1153 1154 1234
f 1234 1235 1315
f 1315 1316 1396
f 1396 1397 1477
f 1477 1478 1558
f 1558 1559 1639
f 1639 1640 1720
f 1720 1721 1801
f 1801 1802 1882
f 1882 1883 1963
f 1963 1964 2044
f 2044 2045 2125
f 2125 2126 2206
f 2206 2207 2287
f 2287 2288 2368
f 2368 2369 2449
f 2449 2450 2530
f 2530 2531 2611
f 2611 2612 2692
f 2692 2693 2773
f 2773 2774 2854
f 2854 2855 2935
f 2935 2936 3016
f 3016 3017 3097
f 3097 3098 3178
f 3178 3179 3259
f 3259 3260 3340
f 3340 3341 3421
f 3421 3422 3502
f 3502 3503 3583
f 3583 3584 3664
f 3664 3665 3745
f 3745 3746 3826
f 3826 3827 3907
f 3907 3908 3988
f 3988 3989 4069
f 4069 4070 4150
f 4150 4151 4231
f 4231 4232 4312
f 4312 4313 4393
f 4393 4394 4474
f 4474 4475 4555
f 4555 4556 4636
f 4636 4637 4717
f 4717 4718 4798
f 4798 4799 4879
f 4879 4880 4960
f 4960 4961 5041
f 5041 5042 5122
f 5122 5123 5203
f 5203 5204 5284
f 5284 5285 5365
f 5365 5366 5446
f 5446 5447 5527
f 5527 5528 5608
f 5608 5609 5689
f 5689 5690 5770
f 5770 5771 5851
f 5851 5852 5932
f 5932 5933 6013
f 6013 6014 6094
f 6094 6095 6175
f 6175 6176 6256
f 6256 6257 6337
f 6337 6338 6418
f 6418 6419 6499
f 20 21 101
f 101 102 182
f 182 183 263
f 263 264 344
f 344 345 425
f 425 426 506
f 506 507 587
f 587 588 668
f 668 669 749
f 749 750 830
f 830 831 911
f 911 912 992
f 992 993 1073
f 1073 1074 1154
f 1154 1155 1235
f 1235 1236 1316
f 1316 1317 1397
f 1397 1398 1478
f 1478 1479 1559
f 1559 1560 1640
f 1640 1641 1721
f 1721 1722 1802
f 1802 1803 1883
f 1883 1884 1964
f 1964 1965 2045
f 2045 2046 2126
f 2126 2127 2207
f 2207 2208 2288
f 2288 2289 2369
f 2369 2370 2450
f 2450 2451 2531
f 2531 2532 2612
f 2612 2613 2693
f 2693 2694 2774
f 2774 2775 2855
f 2855 2856 2936
f 2936 2937 3017
f 3017 3018 3098
f 3098 3099 3179
f 3179 3180 3260
f 3260 3261 3341
f 3341 3342 3422
f 3422 3423 3503
f 3503 3504 3584
f 3584 3585 3665
f 3665 3666 3746
f 3746 3747 3827
f 3827 3828 3908
f 3908 3909 3989
f 3989 3990 4070
f 4070 4071 4151
f 4151 4152 4232
f 4232 4233 4313
f 4313 4314 4394
f 4394 4395 4475
f 4475 4476 4556
f 4556 4557 4637
f 4637 4638 4718
f 4718 4719 4799
f 4799 4800 4880
f 4880 4881 4961
f 4961 4962 5042
f 5042 5043 5123
f 5123 5124 5204
f 5204 5205 5285
f 5285 5286 5366
f 5366 5367 5447
f 5447 5448 5528
f 5528 5529 5609
f 5609 5610 5690
f 5690 5691 5771
f 5771 5772 5852
f 5852 5853 5933
f 5933 5934 6014
f 6014 6015 6095
f 6095 6096 6176
f 6176 6177 6257
f 6257 6258 6338
f 6338 6339 6419
f 6419 6420 6500
f 21 22 102
f 102 103 183
f 183 184 264
f 264 265 345
f 345 346 426
f 426 427 507
f 507 508 588
f 588 589 669
f 669 670 750
f 750 751 831
f 831 832 912
f 912 913 993
f 993 994 1074
f 1074 1075 1155
f 1155 1156 1236
f 1236 1237 1317
f 1317 1318 1398
f 1398 1399 1479
f 1479 1480 1560
f 1560 1561 1641
f 1641 1642 1722
f 1722 1723 1803
f 1803 1804 1884
f 1884 1885 1965
f 1965 1966 2046
f 2046 2047 2127
f 2127 2128 2208
f 2208 2209 2289
f 2289 2290 2370
f 2370 2371 2451
f 2451 2452 2532
f 2532 2533 2613
f 2613 2614 2694
f 2694 2695 2775
f 2775 2776 2856
f 2856 2857 2937
f 2937 2938 3018
f 3018 3019 3099
f 3099 3100 3180
f 3180 3181 3261
f 3261 3262 3342
f 3342 3343 3423
f 3423 3424 3504
f 3504 3505 3585
f 3585 3586 3666
f 3666 3667 3747
f 3747 3748 3828
f 3828 3829 3909
f 3909 3910 3990
f 3990 3991 4071
f 4071 4072 4152
f 4152 4153 4233
f 4233 4234 4314
f 4314 4315 4395
f 4395 4396 4476
f 4476 4477 4557
f 4557 4558 4638
f 4638 4639 4719
f 4719 4720 4800
f 4800 4801 4881
f 4881 4882 4962
f 4962 4963 5043
f 5043 5044 5124
f 5124 5125 5205
f 5205 5206 5286
f 5286 5287 5367
f 5367 5368 5448
f 5448 5449 5529
f 5529 5530 5610
f 5610 5611 5691
f 5691 5692 5772
f 5772 5773 5853
f 5853 5854 5934
f 5934 5935 6015
f 6015 6016 6096
f 6096 6097 6177
f 6177 6178 6258
f 6258 6259 6339
f 6339 6340 6420
f 6420 6421 6501
f 22 23 103
f 103 104 184
f 184 185 265
f 265 266 346
f 346 347 427
f 427 428 508
f 508 509 589
f 589 590 670
f 670 671 751
f 751 752 832
f 832 833 913
f 913 914 994
f 994 995 1075
f 1075 1076 1156
f 1156 1157 1237
f 1237 1238 1318
f 1318 1319 1399
f 1399 1400 1480
f 1480 1481 1561
f 1561 1562 1642
f 1642 1643 1723
f 1723 1724 1804
f 1804 1805 1885
f 1885 1886 1966
f 1966 1967 2047
f 2047 2048 2128
f 2128 2129 2209
f 2209 2210 2290
f 2290 2291 2371
f 2371 2372 2452
f 2452 2453 2533
f 2533 2534 2614
f 2614 2615 2695
f 2695 2696 2776
f 2776 2777 2857
f 2857 2858 2938
f 2938 2939 3019
f 3019 3020 3100
f 3100 3101 3181
f 3181 3182 3262
f 3262 3263 3343
f 3343 3344 3424
f 3424 3425 3505
f 3505 3506 3586
f 3586 3587 3667
f 3667 3668 3748
f 3748 3749 3829
f 3829 3830 3910
f 3910 3911 3991
f 3991 3992 4072
f 4072 4073 4153
f 4153 4154 4234
f 4234 4235 4315
f 4315 4316 4396
f 4396 4397 4477
f 4477 4478 4558
f 4558 4559 4639
f 4639 4640 4720
f 4720 4721 4801
f 4801 4802 4882
f 4882 4883 4963
f 4963 4964 5044
f 5044 5045 5125
f 5125 5126 5206
f 5206 5207 5287
f 5287 5288 5368
f 5368 5369 5449
f 5449 5450 5530
f 5530 5531 5611
f 5611 5612 5692
f 5692 5693 5773
f 5773 5774 5854
f 5854 5855 5935
f 5935 5936 6016
f 6016 6017 6097
f 6097 6098 6178
f 6178 6179 6259
f 6259 6260 6340
f 6340 6341 6421
f 6421 6422 6502
f 23 24 104
f 104 105 185
f 185 186 266
f 266 267 347
f 347 348 428
f 428 429 509
f 509 510 590
f 590 591 671
f 671 672 752
f 752 753 833
f 833 834 914
f 914 915 995
f 995 996 1076
f 1076 1077 1157
f 1157 1158 1238
f 1238 1239 1319
f 1319 1320 1400
f 1400 1401 1481
f 1481 1482 1562
f 1562 1563 1643
f 1643 1644 1724
f 1724 1725 1805
f 1805 1806 1886
f 1886 1887 1967
f 1967 1968 2048
f 2048 2049 2129
f 2129 2130 2210
f 2210 2211 2291
f 2291 2292 2372
f 2372 2373 2453
f 2453 2454 2534
f 2534 2535 2615
f 2615 2616 2696
f 2696 2697 2777
f 2777 2778 2858
f 2858 2859 2939
f 2939 2940 3020
f 3020 3021 3101
f 3101 3102 3182
f 3182 3183 3263
f 3263 3264 3344
f 3344 3345 3425
f 3425 3426 3506
f 3506 3507 3587
f 3587 3588 3668
f 3668 3669 3749
f 3749 3750 3830
f 3830 3831 3911
f 3911 3912 3992
f 3992 3993 4073
f 4073 4074 4154
f 4154 4155 4235
f 4235 4236 4316
f 4316 4317 4397
f 4397 4398 4478
f 4478 4479 4559
f 4559 4560 4640
f 4640 4641 4721
f 4721 4722 4802
f 4802 4803 4883
f 4883 4884 4964
f 4964 4965 5045
f 5045 5046 5126
f 5126 5127 5207
f 5207 5208 5288
f 5288 5289 5369
f 5369 5370 5450
f 5450 5451 5531
f 5531 5532 5612
f 5612 5613 5693
f 5693 5694 5774
f 5774 5775 5855
f 5855 5856 5936
f 5936 5937 6017
f 6017 6018 6098
f 6098 6099 6179
f 6179 6180 6260
f 6260 6261 6341
f 6341 6342 6422
f 6422 6423 6503
f 24 25 105
f 105 106 186
f 186 187 267
f 267 268 348
f 348 349 429
f 429 430 510
f 510 511 591
f 591 592 672
f 672 673 753
f 753 754 834
f 834 835 915
f 915 916 996
f 996 997 1077
f 1077 1078 1158
f 1158 1159 1239
f 1239 1240 1320
f 1320 1321 1401
f 1401 1402 1482
f 1482 1483 1563
f 1563 1564 1644
f 1644 1645 1725
f 1725 1726 1806
f 1806 1807 1887
f 1887 1888 1968
f 1968 1969 2049
f 2049 2050 2130
f 2130 2131 2211
f 2211 2212 2292
f 2292 2293 2373
f 2373 2374 2454
f 2454 2455 2535
f 2535 2536 2616
f 2616 2617 2697
f 2697 2698 2778
f 2778 2779 2859
f 2859 2860 2940
f 2940 2941 3021
f 3021 3022 3102
f 3102 3103 3183
f 3183 3184 3264
f 3264 3265 3345
f 3345 3346 3426
f 3426 3427 3507
f 3507 3508 3588
f 3588 3589 3669
f 3669 3670 3750
f 3750 3751 3831
f 3831 3832 3912
f 3912 3913 3993
f 3993 3994 4074
f 4074 4075 4155
f 4155 4156 4236
f 4236 4237 4317
f 4317 4318 4398
f 4398 4399 4479
f 4479 4480 4560
f 4560 4561 4641
f 4641 4642 4722
f 4722 4723 4803
f 4803 4804 4884
f 4884 4885 4965
f 4965 4966 5046
f 5046 5047 5127
f 5127 5128 5208
f 5208 5209 5289
f 5289 5290 5370
f 5370 5371 5451
f 5451 5452 5532
f 5532 5533 5613
f 5613 5614 5694
f 5694 5695 5775
f 5775 5776 5856
f 5856 5857 5937
f 5937 5938 6018
f 6018 6019 6099
f 6099 6100 6180
f 6180 6181 6261
f 6261 6262 6342
f 6342 6343 6423
f 6423 6424 6504
f 25 26 106
f 106 107 187
f 187 188 268
f 268 269 349
f 349 350 430
f 430 431 511
f 511 512 592
f 592 593 673
f 673 674 754
f 754 755 835
f 835 836 916
f 916 917 997
f 997 998 1078
f 1078 1079 1159
f 1159 1160 1240
f 1240 1241 1321
f 1321 1322 1402
f 1402 1403 1483
f 1483 1484 1564
f 1564 1565 1645
f 1645 1646 1726
f 1726 1727 1807
f 1807 1808 1888
f 1888 1889 1969
f 1969 1970 2050
f 2050 2051 2131
f 2131 2132 2212
f 2212 2213 2293
f 2293 2294 2374
f 2374 2375 2455
f 2455 2456 2536
f 2536 2537 2617
f 2617 2618 2698
f 2698 2699 2779
f 2779 2780 2860
f 2860 2861 2941
f 2941 2942 3022
f 3022 3023 3103
f 3103 3104 3184
f 3184 3185 3265
f 3265 3266 3346
f 3346 3347 3427
f 3427 3428 3508
f 3508 3509 3589
f 3589 3590 3670
f 3670 3671 3751
f 3751 3752 3832
f 3832 3833 3913
f 3913 3914 3994
f 3994 3995 4075
f 4075 4076 4156
f 4156 4157 4237
f 4237 4238 4318
f 4318 4319 4399
f 4399 4400 4480
f 4480 4481 4561
f 4561 4562 4642
f 4642 4643 4723
f 4723 4724 4804
f 4804 4805 4885
f 4885 4886 4966
f 4966 4967 5047
f 5047 5048 5128
f 5128 5129 5209
f 5209 5210 5290
f 5290 5291 5371
f 5371 5372 5452
f 5452 5453 5533
f 5533 5534 5614
f 5614 5615 5695
f 5695 5696 5776
f 5776 5777 5857
f 5857 5858 5938
f 5938 5939 6019
f 6019 6020 6100
f 6100 6101 6181
f 6181 6182 6262
f 6262 6263 6343
f 6343 6344 6424
f 6424 6425 6505
f 26 27 107
f 107 108 188
f 188 189 269
f 269 270 350
f 350 351 431
f 431 432 512
f 512 513 593
f 593 594 674
f 674 675 755
f 755 756 836
f 836 837 917
f 917 918 998
f 998 999 1079
f 1079 1080 1160
f 1160 1161 1241
f 1241 1242 1322
f 1322 1323 1403
f 1403 1404 1484
f 1484 1485 1565
f 1565 1566 1646
f 1646 1647 1727
f 1727 1728 1808
f 1808 1809 1889
f 1889 1890 1970
f 1970 1971 2051
f 2051 2052 2132
f 2132 2133 2213
f 2213 2214 2294
f 2294 2295 2375
f 2375 2376 2456
f 2456 2457 2537
f 2537 2538 2618
f 2618 2619 2699
f 2699 2700 2780
f 2780 2781 2861
f 2861 2862 2942
f 2942 2943 3023
f 3023 3024 3104
f 3104 3105 3185
f 3185 3186 3266
f 3266 3267 3347
f 3347 3348 3428
f 3428 3429 3509
f 3509 3510 3590
f 3590 3591 3671
f 3671 3672 3752
f 3752 3753 3833
f 3833 3834 3914
f 3914 3915 3995
f 3995 3996 4076
f 4076 4077 4157
f 4157 4158 4238
f 4238 4239 4319
f 4319 4320 4400
f 4400 4401 4481
f 4481 4482 4562
f 4562 4563 4643
f 4643 4644 4724
f 4724 4725 4805
f 4805 4806 4886
f 4886 4887 4967
f 4967 4968 5048
f 5048 5049 5129
f 5129 5130 5210
f 5210 5211 5291
f 5291 5292 5372
f 5372 5373 5453
f 5453 5454 5534
f 5534 5535 5615
f 5615 5616 5696
f 5696 5697 5777
f 5777 5778 5858
f 5858 5859 5939
f 5939 5940 6020
f 6020 6021 6101
f 6101 6102 6182
f 6182 6183 6263
f 6263 6264 6344
f 6344 6345 6425
f 6425 6426 6506
f 27 28 108
f 108 109 189
f 189 190 270
f 270 271 351
f 351 352 432
f 432 433 513
f 513 514 594
f 594 595 675
f 675 676 756
f 756 757 837
f 837 838 918
f 918 919 999
f 999 1000 1080
f 1080 1081 1161
f 1161 1162 1242
f 1242 1243 1323
f 1323 1324 1404
f 1404 1405 1485
f 1485 1486 1566
f 1566 1567 1647
f 1647 1648 1728
f 1728 1729 1809
f 1809 1810 1890
f 1890 1891 1971
f 1971 1972 2052
f 2052 2053 2133
f 2133 2134 2214
f 2214 2215 2295
f 2295 2296 2376
f 2376 2377 2457
f 2457 2458 2538
f 2538 2539 2619
f 2619 2620 2700
f 2700 2701 2781
f 2781 2782 2862
f 2862 2863 2943
f 2943 2944 3024
f 3024 3025 3105
f 3105 3106 3186
f 3186 3187 3267
f 3267 3268 3348
f 3348 3349 3429
f 3429 3430 3510
f 3510 3511 3591
f 3591 3592 3672
f 3672 3673 3753
f 3753 3754 3834
f 3834 3835 3915
f 3915 3916 3996
f 3996 3997 4077
f 4077 4078 4158
f 4158 4159 4239
f 4239 4240 4320
f 4320 4321 4401
f 4401 4402 4482
f 4482 4483 4563
f 4563 4564 4644
f 4644 4645 4725
f 4725 4726 4806
f 4806 4807 4887
f 4887 4888 4968
f 4968 4969 5049
f 5049 5050 5130
f 5130 5131 5211
f 5211 5212 5292
f 5292 5293 5373
f 5373 5374 5454
f 5454 5455 5535
f 5535 5536 5616
f 5616 5617 5697
f 5697 5698 5778
f 5778 5779 5859
f 5859 5860 5940
f 5940 5941 6021
f 6021 6022 6102
f 6102 6103 6183
f 6183 6184 6264
f 6264 6265 6345
f 6345 6346 6426
f 6426 6427 6507
f 28 29 109
f 109 110 190
f 190 191 271
f 271 272 352
f 352 353 433
f 433 434 514
f 514 515 595
f 595 596 676
f 676 677 757
f 757 758 838
f 838 839 919
f 919 920 1000
f 1000 1001 1081
f 1081 1082 1162
f 1162 1163 1243
f 1243 1244 1324
f 1324 1325 1405
f 1405 1406 1486
f 1486 1487 1567
f 1567 1568 1648
f 1648 1649 1729
f 1729 1730 1810
f 1810 1811 1891
f 1891 1892 1972
f 1972 1973 2053
f 2053 2054 2134
f 2134 2135 2215
f 2215 2216 2296
f 2296 2297 2377
f 2377 2378 2458
f 2458 2459 2539
f 2539 2540 2620
f 2620 2621 2701
f 2701 2702 2782
f 2782 2783 2863
f 2863 2864 2944
f 2944 2945 3025
f 3025 3026 3106
f 3106 3107 3187
f 3187 3188 3268
f 3268 3269 3349
f 3349 3350 3430
f 3430 3431 3511
f 3511 3512 3592
f 3592 3593 3673
f 3673 3674 3754
f 3754 3755 3835
f 3835 3836 3916
f 3916 3917 3997
f 3997 3998 4078
f 4078 4079 4159
f 4159 4160 4240
f 4240 4241 4321
f 4321 4322 4402
f 4402 4403 4483
f 4483 4484 4564
f 4564 4565 4645
f 4645 4646 4726
f 4726 4727 4807
f 4807 4808 4888
f 4888 4889 4969
f 4969 4970 5050
f 5050 5051 5131
f 5131 5132 5212
f 5212 5213 5293
f 5293 5294 5374
f 5374 5375 5455
f 5455 5456 5536
f 5536 5537 5617
f 5617 5618 5698
f 5698 5699 5779
f 5779 5780 5860
f 5860 5861 5941
f 5941 5942 6022
f 6022 6023 6103
f 6103 6104 6184
f 6184 6185 6265
f 6265 6266 6346
f 6346 6347 6427
f 6427 6428 6508
f 29 30 110
f 110 111 191
f 191 192 272
f 272 273 353
f 353 354 434
f 434 435 515
f 515 516 596
f 596 597 677
f 677 678 758
f 758 759 839
f 839 840 920
f 920 921 1001
f 1001 1002 1082
f 1082 1083 1163
f 1163 1164 1244
f 1244 1245 1325
f 1325 1326 1406
f 1406 1407 1487
f 1487 1488 1568
f 1568 1569 1649
f 1649 1650 1730
f 1730 1731 1811
f 1811 1812 1892
f 1892 1893 1973
f 1973 1974 2054
f 2054 2055 2135
f 2135 2136 2216
f 2216 2217 2297
f 2297 2298 2378
f 2378 2379 2459
f 2459 2460 2540
f 2540 2541 2621
f 2621 2622 2702
f 2702 2703 2783
f 2783 2784 2864
f 2864 2865 2945
f 2945 2946 3026
f 3026 3027 3107
f 3107 3108 3188
f 3188 3189 3269
f 3269 3270 3350
f 3350 3351 3431
f 3431 3432 3512
f 3512 3513 3593
f 3593 3594 3674
f 3674 3675 3755
f 3755 3756 3836
f 3836 3837 3917
f 3917 3918 3998
f 3998 3999 4079
f 4079 4080 4160
f 4160 4161 4241
f 4241 4242 4322
f 4322 4323 4403
f 4403 4404 4484
f 4484 4485 4565
f 4565 4566 4646
f 4646 4647 4727
f 4727 4728 4808
f 4808 4809 4889
f 4889 4890 4970
f 4970 4971 5051
f 5051 5052 5132
f 5132 5133 5213
f 5213 5214 5294
f 5294 5295 5375
f 5375 5376 5456
f 5456 5457 5537
f 5537 5538 5618
f 5618 5619 5699
f 5699 5700 5780
f 5780 5781 5861
f 5861 5862 5942
f 5942 5943 6023
f 6023 6024 6104
f 6104 6105 6185
f 6185 6186 6266
f 6266 6267 6347
f 6347 6348 6428
f 6428 6429 6509
f 30 31 111
f 111 112 192
f 192 193 273
f 273 274 354
f 354 355 435
f 435 436 516
f 516 517 597
f 597 598 678
f 678 679 759
f 759 760 840
f 840 841 921
f 921 922 1002
f 1002 1003 1083
f 1083 1084 1164
f 1164 1165 1245
f 1245 1246 1326
f 1326 1327 1407
f 1407 1408 1488
f 1488 1489 1569
f 1569 1570 1650
f 1650 1651 1731
f 1731 1732 1812
f 1812 1813 1893
f 1893 1894 1974
f 1974 1975 2055
f 2055 2056 2136
f 2136 2137 2217
f 2217 2218 2298
f 2298 2299 2379
f 2379 2380 2460
f 2460 2461 2541
f 2541 2542 2622
f 2622 2623 2703
f 2703 2704 2784
f 2784 2785 2865
f 2865 2866 2946
f 2946 2947 3027
f 3027 3028 3108
f 3108 3109 3189
f 3189 3190 3270
f 3270 3271 3351
f 3351 3352 3432
f 3432 3433 3513
f 3513 3514 3594
f 3594 3595 3675
f 3675 3676 3756
f 3756 3757 3837
f 3837 3838 3918
f 3918 3919 3999
f 3999 4000 4080
f 4080 4081 4161
f 4161 4162 4242
f 4242 4243 4323
f 4323 4324 4404
f 4404 4405 4485
f 4485 4486 4566
f 4566 4567 4647
f 4647 4648 4728
f 4728 4729 4809
f 4809 4810 4890
f 4890 4891 4971
f 4971 4972 5052
f 5052 5053 5133
f 5133 5134 5214
f 5214 5215 5295
f 5295 5296 5376
f 5376 5377 5457
f 5457 5458 5538
f 5538 5539 5619
f 5619 5620 5700
f 5700 5701 5781
f 5781 5782 5862
f 5862 5863 5943
f 5943 5944 6024
f 6024 6025 6105
f 6105 6106 6186
f 6186 6187 6267
f 6267 6268 6348
f 6348 6349 6429
f 6429 6430 6510
f 31 32 112
f 112 113 193
f 193 194 274
f 274 275 355
f 355 356 436
f 436 437 517
f 517 518 598
f 598 599 679
f 679 680 760
f 760 761 841
f 841 842 922
f 922 923 1003
f 1003 1004 1084
f 1084 1085 1165
f 1165 1166 1246
f 1246 1247 1327
f 1327 1328 1408
f 1408 1409 1489
f 1489 1490 1570
f 1570 1571 1651
f 1651 1652 1732
f 1732 1733 1813
f 1813 1814 1894
f 1894 1895 1975
f 1975 1976 2056
f 2056 2057 2137
f 2137 2138 2218
f 2218 2219 2299
f 2299 2300 2380
f 2380 2381 2461
f 2461 2462 2542
f 2542 2543 2623
f 2623 2624 2704
f 2704 2705 2785
f 2785 2786 2866
f 2866 2867 2947
f 2947 2948 3028
f 3028 3029 3109
f 3109 3110 3190
f 3190 3191 3271
f 3271 3272 3352
f 3352 3353 3433
f 3433 3434 3514
f 3514 3515 3595
f 3595 3596 3676
f 3676 3677 3757
f 3757 3758 3838
f 3838 3839 3919
f 3919 3920 4000
f 4000 4001 4081
f 4081 4082 4162
f 4162 4163 4243
f 4243 4244 4324
f 4324 4325 4405
f 4405 4406 4486
f 4486 4487 4567
f 4567 4568 4648
f 4648 4649 4729
f 4729 4730 4810
f 4810 4811 4891
f 4891 4892 4972
f 4972 4973 5053
f 5053 5054 5134
f 5134 5135 5215
f 5215 5216 5296
f 5296 5297 5377
f 5377 5378 5458
f 5458 5459 5539
f 5539 5540 5620
f 5620 5621 5701
f 5701 5702 5782
f 5782 5783 5863
f 5863 5864 5944
f 5944 5945 6025
f 6025 6026 6106
f 6106 6107 6187
f 6187 6188 6268
f 6268 6269 6349
f 6349 6350 6430
f 6430 6431 6511
f 32 33 113
f 113 114 194
f 194 195 275
f 275 276 356
f 356 357 437
f 437 438 518
f 518 519 599
f 599 600 680
f 680 681 761
f 761 762 842
f 842 843 923
f 923 924 1004
f 1004 1005 1085
f 1085 1086 1166
f 1166 1167 1247
f 1247 1248 1328
f 1328 1329 1409
f 1409 1410 1490
f 1490 1491 1571
f 1571 1572 1652
f 1652 1653 1733
f 1733 1734 1814
f 1814 1815 1895
f 1895 1896 1976
f 1976 1977 2057
f 2057 2058 2138
f 2138 2139 2219
f 2219 2220 2300
f 2300 2301 2381
f 2381 2382 2462
f 2462 2463 2543
f 2543 2544 2624
f 2624 2625 2705
f 2705 2706 2786
f 2786 2787 2867
f 2867 2868 2948
f 2948 2949 3029
f 3029 3030 3110
f 3110 3111 3191
f 3191 3192 3272
f 3272 3273 3353
f 3353 3354 3434
f 3434 3435 3515
f 3515 3516 3596
f 3596 3597 3677
f 3677 3678 3758
f 3758 3759 3839
f 3839 3840 3920
f 3920 3921 4001
f 4001 4002 4082
f 4082 4083 4163
f 4163 4164 4244
f 4244 4245 4325
f 4325 4326 4406
f 4406 4407 4487
f 4487 4488 4568
f 4568 4569 4649
f 4649 4650 4730
f 4730 4731 4811
f 4811 4812 4892
f 4892 4893 4973
f 4973 4974 5054
f 5054 5055 5135
f 5135 5136 5216
f 5216 5217 5297
f 5297 5298 5378
f 5378 5379 5459
f 5459 5460 5540
f 5540 5541 5621
f 5621 5622 5702
f 5702 5703 5783
f 5783 5784 5864
f 5864 5865 5945
f 5945 5946 6026
f 6026 6027 6107
f 6107 6108 6188
f 6188 6189 6269
f 6269 6270 6350
f 6350 6351 6431
f 6431 6432 6512
f 33 34 114
f 114 115 195
f 195 196 276
f 276 277 357
f 357 358 438
f 438 439 519
f 519 520 600
f 600 601 681
f 681 682 762
f 762 763 843
f 843 844 924
f 924 925 1005
f 1005 1006 1086
f 1086 1087 1167
f 1167 1168 1248
f 1248 1249 1329
f 1329 1330 1410
f 1410 1411 1491
f 1491 1492 1572
f 1572 1573 1653
f 1653 1654 1734
f 1734 1735 1815
f 1815 1816 1896
f 1896 1897 1977
f 1977 1978 2058
f 2058 2059 2139
f 2139 2140 2220
f 2220 2221 2301
f 2301 2302 2382
f 2382 2383 2463
f 2463 2464 2544
f 2544 2545 2625
f 2625 2626 2706
f 2706 2707 2787
f 2787 2788 2868
f 2868 2869 2949
f 2949 2950 3030
f 3030 3031 3111
f 3111 3112 3192
f 3192 3193 3273
f 3273 3274 3354
f 3354 3355 3435
f 3435 3436 3516
f 3516 3517 3597
f 3597 3598 3678
f 3678 3679 3759
f 3759 3760 3840
f 3840 3841 3921
f 3921 3922 4002
f 4002 4003 4083
f 4083 4084 4164
f 4164 4165 4245
f 4245 4246 4326
f 4326 4327 4407
f 4407 4408 4488
f 4488 4489 4569
f 4569 4570 4650
f 4650 4651 4731
f 4731 4732 4812
f 4812 4813 4893
f 4893 4894 4974
f 4974 4975 5055
f 5055 5056 5136
f 5136 5137 5217
f 5217 5218 5298
f 5298 5299 5379
f 5379 5380 5460
f 5460 5461 5541
f 5541 5542 5622
f 5622 5623 5703
f 5703 5704 5784
f 5784 5785 5865
f 5865 5866 5946
f 5946 5947 6027
f 6027 6028 6108
f 6108 6109 6189
f 6189 6190 6270
f 6270 6271 6351
f 6351 6352 6432
f 6432 6433 6513
f 34 35 115
f 115 116 196
f 196 197 277
f 277 278 358
f 358 359 439
f 439 440 520
f 520 521 601
f 601 602 682
f 682 683 763
f 763 764 844
f 844 845 925
f 925 926 1006
f 1006 1007 1087
f 1087 1088 1168
f 1168 1169 1249
f 1249 1250 1330
f 1330 1331 1411
f 1411 1412 1492
f 1492 1493 1573
f 1573 1574 1654
f 1654 1655 1735
f 1735 1736 1816
f 1816 1817 1897
f 1897 1898 1978
f 1978 1979 2059
f 2059 2060 2140
f 2140 2141 2221
f 2221 2222 2302
f 2302 2303 2383
f 2383 2384 2464
f 2464 2465 2545
f 2545 2546 2626
f 2626 2627 2707
f 2707 2708 2788
f 2788 2789 2869
f 2869 2870 2950
f 2950 2951 3031
f 3031 3032 3112
f 3112 3113 3193
f 3193 3194 3274
f 3274 3275 3355
f 3355 3356 3436
f 3436 3437 3517
f 3517 3518 3598
f 3598 3599 3679
f 3679 3680 3760
f 3760 3761 3841
f 3841 3842 3922
f 3922 3923 4003
f 4003 4004 4084
f 4084 4085 4165
f 4165 4166 4246
f 4246 4247 4327
f 4327 4328 4408
f 4408 4409 4489
f 4489 4490 4570
f 4570 4571 4651
f 4651 4652 4732
f 4732 4733 4813
f 4813 4814 4894
f 4894 4895 4975
f 4975 4976 5056
f 5056 5057 5137
f 5137 5138 5218
f 5218 5219 5299
f 5299 5300 5380
f 5380 5381 5461
f 5461 5462 5542
f 5542 5543 5623
f 5623 5624 5704
f 5704 5705 5785
f 5785 5786 5866
f 5866 5867 5947
f 5947 5948 6028
f 6028 6029 6109
f 6109 6110 6190
f 6190 6191 6271
f 6271 6272 6352
f 6352 6353 6433
f 6433 6434 6514
f 35 36 116
f 116 117 197
f 197 198 278
f 278 279 359
f 359 360 440
f 440 441 521
f 521 522 602
f 602 603 683
f 683 684 764
f 764 765 845
f 845 846 926
f 926 927 1007
f 1007 1008 1088
f 1088 1089 1169
f 1169 1170 1250
f 1250 1251 1331
f 1331 1332 1412
f 1412 1413 1493
f 1493 1494 1574
f 1574 1575 1655
f 1655 1656 1736
f 1736 1737 1817
f 1817 1818 1898
f 1898 1899 1979
f 1979 1980 2060
f 2060 2061 2141
f 2141 2142 2222
f 2222 2223 2303
f 2303 2304 2384
f 2384 2385 2465
f 2465 2466 2546
f 2546 2547 2627
f 2627 2628 2708
f 2708 2709 2789
f 2789 2790 2870
f 2870 2871 2951
f 2951 2952 3032
f 3032 3033 3113
f 3113 3114 3194
f 3194 3195 3275
f 3275 3276 3356
f 3356 3357 3437
f 3437 3438 3518
f 3518 3519 3599
f 3599 3600 3680
f 3680 3681 3761
f 3761 3762 3842
f 3842 3843 3923
f 3923 3924 4004
f 4004 4005 4085
f 4085 4086 4166
f 4166 4167 4247
f 4247 4248 4328
f 4328 4329 4409
f 4409 4410 4490
f 4490 4491 4571
f 4571 4572 4652
f 4652 4653 4733
f 4733 4734 4814
f 4814 4815 4895
f 4895 4896 4976
f 4976 4977 5057
f 5057 5058 5138
f 5138 5139 5219
f 5219 5220 5300
f 5300 5301 5381
f 5381 5382 5462
f 5462 5463 5543
f 5543 5544 5624
f 5624 5625 5705
f 5705 5706 5786
f 5786 5787 5867
f 5867 5868 5948
f 5948 5949 6029
f 6029 6030 6110
f 6110 6111 6191
f 6191 6192 6272
f 6272 6273 6353
f 6353 6354 6434
f 6434 6435 6515
f 36 37 117
f 117 118 198
f 198 199 279
f 279 280 360
f 360 361 441
f 441 442 522
f 522 523 603
f 603 604 684
f 684 685 765
f 765 766 846
f 846 847 927
f 927 928 1008
f 1008 1009 1089
f 1089 1090 1170
f 1170 1171 1251
f 1251 1252 1332
f 1332 1333 1413
f 1413 1414 1494
f 1494 1495 1575
f 1575 1576 1656
f 1656 1657 1737
f 1737 1738 1818
f 1818 1819 1899
f 1899 1900 1980
f 1980 1981 2061
f 2061 2062 2142
f 2142 2143 2223
f 2223 2224 2304
f 2304 2305 2385
f 2385 2386 2466
f 2466 2467 2547
f 2547 2548 2628
f 2628 2629 2709
f 2709 2710 2790
f 2790 2791 2871
f 2871 2872 2952
f 2952 2953 3033
f 3033 3034 3114
f 3114 3115 3195
f 3195 3196 3276
f 3276 3277 3357
f 3357 3358 3438
f 3438 3439 3519
f 3519 3520 3600
f 3600 3601 3681
f 3681 3682 3762
f 3762 3763 3843
f 3843 3844 3924
f 3924 3925 4005
f 4005 4006 4086
f 4086 4087 4167
f 4167 4168 4248
f 4248 4249 4329
f 4329 4330 4410
f 4410 4411 4491
f 4491 4492 4572
f 4572 4573 4653
f 4653 4654 4734
f 4734 4735 4815
f 4815 4816 4896
f 4896 4897 4977
f 4977 4978 5058
f 5058 5059 5139
f 5139 5140 5220
f 5220 5221 5301
f 5301 5302 5382
f 5382 5383 5463
f 5463 5464 5544
f 5544 5545 5625
f 5625 5626 5706
f 5706 5707 5787
f 5787 5788 5868
f 5868 5869 5949
f 5949 5950 6030
f 6030 6031 6111
f 6111 6112 6192
f 6192 6193 6273
f 6273 6274 6354
f 6354 6355 6435
f 6435 6436 6516
f 37 38 118
f 118 119 199
f 199 200 280
f 280 281 361
f 361 362 442
f 442 443 523
f 523 524 604
f 604 605 685
f 685 686 766
f 766 767 847
f 847 848 928
f 928 929 1009
f 1009 1010 1090
f 1090 1091 1171
f 1171 1172 1252
f 1252 1253 1333
f 1333 1334 1414
f 1414 1415 1495
f 1495 1496 1576
f 1576 1577 1657
f 1657 1658 1738
f 1738 1739 1819
f 1819 1820 1900
f 1900 1901 1981
f 1981 1982 2062
f 2062 2063 2143
f 2143 2144 2224
f 2224 2225 2305
f 2305 2306 2386
f 2386 2387 2467
f 2467 2468 2548
f 2548 2549 2629
f 2629 2630 2710
f 2710 2711 2791
f 2791 2792 2872
f 2872 2873 2953
f 2953 2954 3034
f 3034 3035 3115
f 3115 3116 3196
f 3196 3197 3277
f 3277 3278 3358
f 3358 3359 3439
f 3439 3440 3520
f 3520 3521 3601
f 3601 3602 3682
f 3682 3683 3763
f 3763 3764 3844
f 3844 3845 3925
f 3925 3926 4006
f 4006 4007 4087
f 4087 4088 4168
f 4168 4169 4249
f 4249 4250 4330
f 4330 4331 4411
f 4411 4412 4492
f 4492 4493 4573
f 4573 4574 4654
f 4654 4655 4735
f 4735 4736 4816
f 4816 4817 4897
f 4897 4898 4978
f 4978 4979 5059
f 5059 5060 5140
f 5140 5141 5221
f 5221 5222 5302
f 5302 5303 5383
f 5383 5384 5464
f 5464 5465 5545
f 5545 5546 5626
f 5626 5627 5707
f 5707 5708 5788
f 5788 5789 5869
f 5869 5870 5950
f 5950 5951 6031
f 6031 6032 6112
f 6112 6113 6193
f 6193 6194 6274
f 6274 6275 6355
f 6355 6356 6436
f 6436 6437 6517
f 38 39 119
f 119 120 200
f 200 201 281
f 281 282 362
f 362 363 443
f 443 444 524
f 524 525 605
f 605 606 686
f 686 687 767
f 767 768 848
f 848 849 929
f 929 930 1010
f 1010 1011 1091
f 1091 1092 1172
f 1172 1173 1253
f 1253 1254 1334
f 1334 1335 1415
f 1415 1416 1496
f 1496 1497 1577
f 1577 1578 1658
f 1658 1659 1739
f 1739 1740 1820
f 1820 1821 1901
f 1901 1902 1982
f 1982 1983 2063
f 2063 2064 2144
f 2144 2145 2225
f 2225 2226 2306
f 2306 2307 2387
f 2387 2388 2468
f 2468 2469 2549
f 2549 2550 2630
f 2630 2631 2711
f 2711 2712 2792
f 2792 2793 2873
f 2873 2874 2954
f 2954 2955 3035
f 3035 3036 3116
f 3116 3117 3197
f 3197 3198 3278
f 3278 3279 3359
f 3359 3360 3440
f 3440 3441 3521
f 3521 3522 3602
f 3602 3603 3683
f 3683 3684 3764
f 3764 3765 3845
f 3845 3846 3926
f 3926 3927 4007
f 4007 4008 4088
f 4088 4089 4169
f 4169 4170 4250
f 4250 4251 4331
f 4331 4332 4412
f 4412 4413 4493
f 4493 4494 4574
f 4574 4575 4655
f 4655 4656 4736
f 4736 4737 4817
f 4817 4818 4898
f 4898 4899 4979
f 4979 4980 5060
f 5060 5061 5141
f 5141 5142 5222
f 5222 5223 5303
f 5303 5304 5384
f 5384 5385 5465
f 5465 5466 5546
f 5546 5547 5627
f 5627 5628 5708
f 5708 5709 5789
f 5789 5790 5870
f 5870 5871 5951
f 5951 5952 6032
f 6032 6033 6113
f 6113 6114 6194
f 6194 6195 6275
f 6275 6276 6356
f 6356 6357 6437
f 6437 6438 6518
f 39 40 120
f 120 121 201
f 201 202 282
f 282 283 363
f 363 364 444
f 444 445 525
f 525 526 606
f 606 607 687
f 687 688 768
f 768 769 849
f 849 850 930
f 930 931 1011
f 1011 1012 1092
f 1092 1093 1173
f 1173 1174 1254
f 1254 1255 1335
f 1335 1336 1416
f 1416 1417 1497
f 1497 1498 1578
f 1578 1579 1659
f 1659 1660 1740
f 1740 1741 1821
f 1821 1822 1902
f 1902 1903 1983
f 1983 1984 2064
f 2064 2065 2145
f 2145 2146 2226
f 2226 2227 2307
f 2307 2308 2388
f 2388 2389 2469
f 2469 2470 2550
f 2550 2551 2631
f 2631 2632 2712
f 2712 2713 2793
f 2793 2794 2874
f 2874 2875 2955
f 2955 2956 3036
f 3036 3037 3117
f 3117 3118 3198
f 3198 3199 3279
f 3279 3280 3360
f 3360 3361 3441
f 3441 3442 3522
f 3522 3523 3603
f 3603 3604 3684
f 3684 3685 3765
f 3765 3766 3846
f 3846 3847 3927
f 3927 3928 4008
f 4008 4009 4089
f 4089 4090 4170
f 4170 4171 4251
f 4251 4252 4332
f 4332 4333 4413
f 4413 4414 4494
f 4494 4495 4575
f 4575 4576 4656
f 4656 4657 4737
f 4737 4738 4818
f 4818 4819 4899
f 4899 4900 4980
f 4980 4981 5061
f 5061 5062 5142
f 5142 5143 5223
f 5223 5224 5304
f 5304 5305 5385
f 5385 5386 5466
f 5466 5467 5547
f 5547 5548 5628
f 5628 5629 5709
f 5709 5710 5790
f 5790 5791 5871
f 5871 5872 5952
f 5952 5953 6033
f 6033 6034 6114
f 6114 6115 6195
f 6195 6196 6276
f 6276 6277 6357
f 6357 6358 6438
f 6438 6439 6519
f 40 41 121
f 121 122 202
f 202 203 283
f 283 284 364
f 364 365 445
f 445 446 526
f 526 527 607
f 607 608 688
f 688 689 769
f 769 770 850
f 850 851 931
f 931 932 1012
f 1012 1013 1093
f 1093 1094 1174
f 1174 1175 1255
f 1255 1256 1336
f 1336 1337 1417
f 1417 1418 1498
f 1498 1499 1579
f 1579 1580 1660
f 1660 1661 1741
f 1741 1742 1822
f 1822 1823 1903
f 1903 1904 1984
f 1984 1985 2065
f 2065 2066 2146
f 2146 2147 2227
f 2227 2228 2308
f 2308 2309 2389
f 2389 2390 2470
f 2470 2471 2551
f 2551 2552 2632
f 2632 2633 2713
f 2713 2714 2794
f 2794 2795 2875
f 2875 2876 2956
f 2956 2957 3037
f 3037 3038 3118
f 3118 3119 3199
f 3199 3200 3280
f 3280 3281 3361
f 3361 3362 3442
f 3442 3443 3523
f 3523 3524 3604
f 3604 3605 3685
f 3685 3686 3766
f 3766 3767 3847
f 3847 3848 3928
f 3928 3929 4009
f 4009 4010 4090
f 4090 4091 4171
f 4171 4172 4252
f 4252 4253 4333
f 4333 4334 4414
f 4414 4415 4495
f 4495 4496 4576
f 4576 4577 4657
f 4657 4658 4738
f 4738 4739 4819
f 4819 4820 4900
f 4900 4901 4981
f 4981 4982 5062
f 5062 5063 5143
f 5143 5144 5224
f 5224 5225 5305
f 5305 5306 5386
f 5386 5387 5467
f 5467 5468 5548
f 5548 5549 5629
f 5629 5630 5710
f 5710 5711 5791
f 5791 5792 5872
f 5872 5873 5953
f 5953 5954 6034
f 6034 6035 6115
f 6115 6116 6196
f 6196 6197 6277
f 6277 6278 6358
f 6358 6359 6439
f 6439 6440 6520
f 41 42 122
f 122 123 203
f 203 204 284
f 284 285 365
f 365 366 446
f 446 447 527
f 527 528 608
f 608 609 689
f 689 690 770
f 770 771 851
f 851 852 932
f 932 933 1013
f 1013 1014 1094
f 1094 1095 1175
f 1175 1176 1256
f 1256 1257 1337
f 1337 1338 1418
f 1418 1419 1499
f 1499 1500 1580
f 1580 1581 1661
f 1661 1662 1742
f 1742 1743 1823
f 1823 1824 1904
f 1904 1905 1985
f 1985 1986 2066
f 2066 2067 2147
f 2147 2148 2228
f 2228 2229 2309
f 2309 2310 2390
f 2390 2391 2471
f 2471 2472 2552
f 2552 2553 2633
f 2633 2634 2714
f 2714 2715 2795
f 2795 2796 2876
f 2876 2877 2957
f 2957 2958 3038
f 3038 3039 3119
f 3119 3120 3200
f 3200 3201 3281
f 3281 3282 3362
f 3362 3363 3443
f 3443 3444 3524
f 3524 3525 3605
f 3605 3606 3686
f 3686 3687 3767
f 3767 3768 3848
f 3848 3849 3929
f 3929 3930 4010
f 4010 4011 4091
f 4091 4092 4172
f 4172 4173 4253
f 4253 4254 4334
f 4334 4335 4415
f 4415 4416 4496
f 4496 4497 4577
f 4577 4578 4658
f 4658 4659 4739
f 4739 4740 4820
f 4820 4821 4901
f 4901 4902 4982
f 4982 4983 5063
f 5063 5064 5144
f 5144 5145 5225
f 5225 5226 5306
f 5306 5307 5387
f 5387 5388 5468
f 5468 5469 5549
f 5549 5550 5630
f 5630 5631 5711
f 5711 5712 5792
f 5792 5793 5873
f 5873 5874 5954
f 5954 5955 6035
f 6035 6036 6116
f 6116 6117 6197
f 6197 6198 6278
f 6278 6279 6359
f 6359 6360 6440
f 6440 6441 6521
f 42 43 123
f 123 124 204
f 204 205 285
f 285 286 366
f 366 367 447
f 447 448 528
f 528 529 609
f 609 610 690
f 690 691 771
f 771 772 852
f 852 853 933
f 933 934 1014
f 1014 1015 1095
f 1095 1096 1176
f 1176 1177 1257
f 1257 1258 1338
f 1338 1339 1419
f 1419 1420 1500
f 1500 1501 1581
f 1581 1582 1662
f 1662 1663 1743
f 1743 1744 1824
f 1824 1825 1905
f 1905 1906 1986
f 1986 1987 2067
f 2067 2068 2148
f 2148 2149 2229
f 2229 2230 2310
f 2310 2311 2391
f 2391 2392 2472
f 2472 2473 2553
f 2553 2554 2634
f 2634 2635 2715
f 2715 2716 2796
f 2796 2797 2877
f 2877 2878 2958
f 2958 2959 3039
f 3039 3040 3120
f 3120 3121 3201
f 3201 3202 3282
f 3282 3283 3363
f 3363 3364 3444
f 3444 3445 3525
f 3525 3526 3606
f 3606 3607 3687
f 3687 3688 3768
f 3768 3769 3849
f 3849 3850 3930
f 3930 3931 4011
f 4011 4012 4092
f 4092 4093 4173
f 4173 4174 4254
f 4254 4255 4335
f 4335 4336 4416
f 4416 4417 4497
f 4497 4498 4578
f 4578 4579 4659
f 4659 4660 4740
f 4740 4741 4821
f 4821 4822 4902
f 4902 4903 4983
f 4983 4984 5064
f 5064 5065 5145
f 5145 5146 5226
f 5226 5227 5307
f 5307 5308 5388
f 5388 5389 5469
f 5469 5470 5550
f 5550 5551 5631
f 5631 5632 5712
f 5712 5713 5793
f 5793 5794 5874
f 5874 5875 5955
f 5955 5956 6036
f 6036 6037 6117
f 6117 6118 6198
f 6198 6199 6279
f 6279 6280 6360
f 6360 6361 6441
f 6441 6442 6522
f 43 44 124
f 124 125 205
f 205 206 286
f 286 287 367
f 367 368 448
f 448 449 529
f 529 530 610
f 610 611 691
f 691 692 772
f 772 773 853
f 853 854 934
f 934 935 1015
f 1015 1016 1096
f 1096 1097 1177
f 1177 1178 1258
f 1258 1259 1339
f 1339 1340 1420
f 1420 1421 1501
f 1501 1502 1582
f 1582 1583 1663
f 1663 1664 1744
f 1744 1745 1825
f 1825 1826 1906
f 1906 1907 1987
f 1987 1988 2068
f 2068 2069 2149
f 2149 2150 2230
f 2230 2231 2311
f 2311 2312 2392
f 2392 2393 2473
f 2473 2474 2554
f 2554 2555 2635
f 2635 2636 2716
f 2716 2717 2797
f 2797 2798 2878
f 2878 2879 2959
f 2959 2960 3040
f 3040 3041 3121
f 3121 3122 3202
f 3202 3203 3283
f 3283 3284 3364
f 3364 3365 3445
f 3445 3446 3526
f 3526 3527 3607
f 3607 3608 3688
f 3688 3689 3769
f 3769 3770 3850
f 3850 3851 3931
f 3931 3932 4012
f 4012 4013 4093
f 4093 4094 4174
f 4174 4175 4255
f 4255 4256 4336
f 4336 4337 4417
f 4417 4418 4498
f 4498 4499 4579
f 4579 4580 4660
f 4660 4661 4741
f 4741 4742 4822
f 4822 4823 4903
f 4903 4904 4984
f 4984 4985 5065
f 5065 5066 5146
f 5146 5147 5227
f 5227 5228 5308
f 5308 5309 5389
f 5389 5390 5470
f 5470 5471 5551
f 5551 5552 5632
f 5632 5633 5713
f 5713 5714 5794
f 5794 5795 5875
f 5875 5876 5956
f 5956 5957 6037
f 6037 6038 6118
f 6118 6119 6199
f 6199 6200 6280
f 6280 6281 6361
f 6361 6362 6442
f 6442 6443 6523
f 44 45 125
f 125 126 206
f 206 207 287
f 287 288 368
f 368 369 449
f 449 450 530
f 530 531 611
f 611 612 692
f 692 693 773
f 773 774 854
f 854 855 935
f 935 936 1016
f 1016 1017 1097
f 1097 1098 1178
f 1178 1179 1259
f 1259 1260 1340
f 1340 1341 1421
f 1421 1422 1502
f 1502 1503 1583
f 1583 1584 1664
f 1664 1665 1745
f 1745 1746 1826
f 1826 1827 1907
f 1907 1908 1988
f 1988 1989 2069
f 2069 2070 2150
f 2150 2151 2231
f 2231 2232 2312
f 2312 2313 2393
f 2393 2394 2474
f 2474 2475 2555
f 2555 2556 2636
f 2636 2637 2717
f 2717 2718 2798
f 2798 2799 2879
f 2879 2880 2960
f 2960 2961 3041
f 3041 3042 3122
f 3122 3123 3203
f 3203 3204 3284
f 3284 3285 3365
f 3365 3366 3446
f 3446 3447 3527
f 3527 3528 3608
f 3608 3609 3689
f 3689 3690 3770
f 3770 3771 3851
f 3851 3852 3932
f 3932 3933 4013
f 4013 4014 4094
f 4094 4095 4175
f 4175 4176 4256
f 4256 4257 4337
f 4337 4338 4418
f 4418 4419 4499
f 4499 4500 4580
f 4580 4581 4661
f 4661 4662 4742
f 4742 4743 4823
f 4823 4824 4904
f 4904 4905 4985
f 4985 4986 5066
f 5066 5067 5147
f 5147 5148 5228
f 5228 5229 5309
f 5309 5310 5390
f 5390 5391 5471
f 5471 5472 5552
f 5552 5553 5633
f 5633 5634 5714
f 5714 5715 5795
f 5795 5796 5876
f 5876 5877 5957
f 5957 5958 6038
f 6038 6039 6119
f 6119 6120 6200
f 6200 6201 6281
f 6281 6282 6362
f 6362 6363 6443
f 6443 6444 6524
f 45 46 126
f 126 127 207
f 207 208 288
f 288 289 369
f 369 370 450
f 450 451 531
f 531 532 612
f 612 613 693
f 693 694 774
f 774 775 855
f 855 856 936
f 936 937 1017
f 1017 1018 1098
f 1098 1099 1179
f 1179 1180 1260
f 1260 1261 1341
f 1341 1342 1422
f 1422 1423 1503
f 1503 1504 1584
f 1584 1585 1665
f 1665 1666 1746
f 1746 1747 1827
f 1827 1828 1908
f 1908 1909 1989
f 1989 1990 2070
f 2070 2071 2151
f 2151 2152 2232
f 2232 2233 2313
f 2313 2314 2394
f 2394 2395 2475
f 2475 2476 2556
f 2556 2557 2637
f 2637 2638 2718
f 2718 2719 2799
f 2799 2800 2880
f 2880 2881 2961
f 2961 2962 3042
f 3042 3043 3123
f 3123 3124 3204
f 3204 3205 3285
f 3285 3286 3366
f 3366 3367 3447
f 3447 3448 3528
f 3528 3529 3609
f 3609 3610 3690
f 3690 3691 3771
f 3771 3772 3852
f 3852 3853 3933
f 3933 3934 4014
f 4014 4015 4095
f 4095 4096 4176
f 4176 4177 4257
f 4257 4258 4338
f 4338 4339 4419
f 4419 4420 4500
f 4500 4501 4581
f 4581 4582 4662
f 4662 4663 4743
f 4743 4744 4824
f 4824 4825 4905
f 4905 4906 4986
f 4986 4987 5067
f 5067 5068 5148
f 5148 5149 5229
f 5229 5230 5310
f 5310 5311 5391
f 5391 5392 5472
f 5472 5473 5553
f 5553 5554 5634
f 5634 5635 5715
f 5715 5716 5796
f 5796 5797 5877
f 5877 5878 5958
f 5958 5959 6039
f 6039 6040 6120
f 6120 6121 6201
f 6201 6202 6282
f 6282 6283 6363
f 6363 6364 6444
f 6444 6445 6525
f 46 47 127
f 127 128 208
f 208 209 289
f 289 290 370
f 370 371 451
f 451 452 532
f 532 533 613
f 613 614 694
f 694 695 775
f 775 776 856
f 856 857 937
f 937 938 1018
f 1018 1019 1099
f 1099 1100 1180
f 1180 1181 1261
f 1261 1262 1342
f 1342 1343 1423
f 1423 1424 1504
f 1504 1505 1585
f 1585 1586 1666
f 1666 1667 1747
f 1747 1748 1828
f 1828 1829 1909
f 1909 1910 1990
f 1990 1991 2071
f 2071 2072 2152
f 2152 2153 2233
f 2233 2234 2314
f 2314 2315 2395
f 2395 2396 2476
f 2476 2477 2557
f 2557 2558 2638
f 2638 2639 2719
f 2719 2720 2800
f 2800 2801 2881
f 2881 2882 2962
f 2962 2963 3043
f 3043 3044 3124
f 3124 3125 3205
f 3205 3206 3286
f 3286 3287 3367
f 3367 3368 3448
f 3448 3449 3529
f 3529 3530 3610
f 3610 3611 3691
f 3691 3692 3772
f 3772 3773 3853
f 3853 3854 3934
f 3934 3935 4015
f 4015 4016 4096
f 4096 4097 4177
f 4177 4178 4258
f 4258 4259 4339
f 4339 4340 4420
f 4420 4421 4501
f 4501 4502 4582
f 4582 4583 4663
f 4663 4664 4744
f 4744 4745 4825
f 4825 4826 4906
f 4906 4907 4987
f 4987 4988 5068
f 5068 5069 5149
f 5149 5150 5230
f 5230 5231 5311
f 5311 5312 5392
f 5392 5393 5473
f 5473 5474 5554
f 5554 5555 5635
f 5635 5636 5716
f 5716 5717 5797
f 5797 5798 5878
f 5878 5879 5959
f 5959 5960 6040
f 6040 6041 6121
f 6121 6122 6202
f 6202 6203 6283
f 6283 6284 6364
f 6364 6365 6445
f 6445 6446 6526
f 47 48 128
f 128 129 209
f 209 210 290
f 290 291 371
f 371 372 452
f 452 453 533
f 533 534 614
f 614 615 695
f 695 696 776
f 776 777 857
f 857 858 938
f 938 939 1019
f 1019 1020 1100
f 1100 1101 1181
f 1181 1182 1262
f 1262 1263 1343
f 1343 1344 1424
f 1424 1425 1505
f 1505 1506 1586
f 1586 1587 1667
f 1667 1668 1748
f 1748 1749 1829
f 1829 1830 1910
f 1910 1911 1991
f 1991 1992 2072
f 2072 2073 2153
f 2153 2154 2234
f 2234 2235 2315
f 2315 2316 2396
f 2396 2397 2477
f 2477 2478 2558
f 2558 2559 2639
f 2639 2640 2720
f 2720 2721 2801
f 2801 2802 2882
f 2882 2883 2963
f 2963 2964 3044
f 3044 3045 3125
f 3125 3126 3206
f 3206 3207 3287
f 3287 3288 3368
f 3368 3369 3449
f 3449 3450 3530
f 3530 3531 3611
f 3611 3612 3692
f 3692 3693 3773
f 3773 3774 3854
f 3854 3855 3935
f 3935 3936 4016
f 4016 4017 4097
f 4097 4098 4178
f 4178 4179 4259
f 4259 4260 4340
f 4340 4341 4421
f 4421 4422 4502
f 4502 4503 4583
f 4583 4584 4664
f 4664 4665 4745
f 4745 4746 4826
f 4826 4827 4907
f 4907 4908 4988
f 4988 4989 5069
f 5069 5070 5150
f 5150 5151 5231
f 5231 5232 5312
f 5312 5313 5393
f 5393 5394 5474
f 5474 5475 5555
f 5555 5556 5636
f 5636 5637 5717
f 5717 5718 5798
f 5798 5799 5879
f 5879 5880 5960
f 5960 5961 6041
f 6041 6042 6122
f 6122 6123 6203
f 6203 6204 6284
f 6284 6285 6365
f 6365 6366 6446
f 6446 6447 6527
f 48 49 129
f 129 130 210
f 210 211 291
f 291 292 372
f 372 373 453
f 453 454 534
f 534 535 615
f 615 616 696
f 696 697 777
f 777 778 858
f 858 859 939
f 939 940 1020
f 1020 1021 1101
f 1101 1102 1182
f 1182 1183 1263
f 1263 1264 1344
f 1344 1345 1425
f 1425 1426 1506
f 1506 1507 1587
f 1587 1588 1668
f 1668 1669 1749
f 1749 1750 1830
f 1830 1831 1911
f 1911 1912 1992
f 1992 1993 2073
f 2073 2074 2154
f 2154 2155 2235
f 2235 2236 2316
f 2316 2317 2397
f 2397 2398 2478
f 2478 2479 2559
f 2559 2560 2640
f 2640 2641 2721
f 2721 2722 2802
f 2802 2803 2883
f 2883 2884 2964
f 2964 2965 3045
f 3045 3046 3126
f 3126 3127 3207
f 3207 3208 3288
f 3288 3289 3369
f 3369 3370 3450
f 3450 3451 3531
f 3531 3532 3612
f 3612 3613 3693
f 3693 3694 3774
f 3774 3775 3855
f 3855 3856 3936
f 3936 3937 4017
f 4017 4018 4098
f 4098 4099 4179
f 4179 4180 4260
f 4260 4261 4341
f 4341 4342 4422
f 4422 4423 4503
f 4503 4504 4584
f 4584 4585 4665
f 4665 4666 4746
f 4746 4747 4827
f 4827 4828 4908
f 4908 4909 4989
f 4989 4990 5070
f 5070 5071 5151
f 5151 5152 5232
f 5232 5233 5313
f 5313 5314 5394
f 5394 5395 5475
f 5475 5476 5556
f 5556 5557 5637
f 5637 5638 5718
f 5718 5719 5799
f 5799 5800 5880
f 5880 5881 5961
f 5961 5962 6042
f 6042 6043 6123
f 6123 6124 6204
f 6204 6205 6285
f 6285 6286 6366
f 6366 6367 6447
f 6447 6448 6528
f 49 50 130
f 130 131 211
f 211 212 292
f 292 293 373
f 373 374 454
f 454 455 535
f 535 536 616
f 616 617 697
f 697 698 778
f 778 779 859
f 859 860 940
f 940 941 1021
f 1021 1022 1102
f 1102 1103 1183
f 1183 1184 1264
f 1264 1265 1345
f 1345 1346 1426
f 1426 1427 1507
f 1507 1508 1588
f 1588 1589 1669
f 1669 1670 1750
f 1750 1751 1831
f 1831 1832 1912
f 1912 1913 1993
f 1993 1994 2074
f 2074 2075 2155
f 2155 2156 2236
f 2236 2237 2317
f 2317 2318 2398
f 2398 2399 2479
f 2479 2480 2560
f 2560 2561 2641
f 2641 2642 2722
f 2722 2723 2803
f 2803 2804 2884
f 2884 2885 2965
f 2965 2966 3046
f 3046 3047 3127
f 3127 3128 3208
f 3208 3209 3289
f 3289 3290 3370
f 3370 3371 3451
f 3451 3452 3532
f 3532 3533 3613
f 3613 3614 3694
f 3694 3695 3775
f 3775 3776 3856
f 3856 3857 3937
f 3937 3938 4018
f 4018 4019 4099
f 4099 4100 4180
f 4180 4181 4261
f 4261 4262 4342
f 4342 4343 4423
f 4423 4424 4504
f 4504 4505 4585
f 4585 4586 4666
f 4666 4667 4747
f 4747 4748 4828
f 4828 4829 4909
f 4909 4910 4990
f 4990 4991 5071
f 5071 5072 5152
f 5152 5153 5233
f 5233 5234 5314
f 5314 5315 5395
f 5395 5396 5476
f 5476 5477 5557
f 5557 5558 5638
f 5638 5639 5719
f 5719 5720 5800
f 5800 5801 5881
f 5881 5882 5962
f 5962 5963 6043
f 6043 6044 6124
f 6124 6125 6205
f 6205 6206 6286
f 6286 6287 6367
f 6367 6368 6448
f 6448 6449 6529
f 50 51 131
f 131 132 212
f 212 213 293
f 293 294 374
f 374 375 455
f 455 456 536
f 536 537 617
f 617 618 698
f 698 699 779
f 779 780 860
f 860 861 941
f 941 942 1022
f 1022 1023 1103
f 1103 1104 1184
f 1184 1185 1265
f 1265 1266 1346
f 1346 1347 1427
f 1427 1428 1508
f 1508 1509 1589
f 1589 1590 1670
f 1670 1671 1751
f 1751 1752 1832
f 1832 1833 1913
f 1913 1914 1994
f 1994 1995 2075
f 2075 2076 2156
f 2156 2157 2237
f 2237 2238 2318
f 2318 2319 2399
f 2399 2400 2480
f 2480 2481 2561
f 2561 2562 2642
f 2642 2643 2723
f 2723 2724 2804
f 2804 2805 2885
f 2885 2886 2966
f 2966 2967 3047
f 3047 3048 3128
f 3128 3129 3209
f 3209 3210 3290
f 3290 3291 3371
f 3371 3372 3452
f 3452 3453 3533
f 3533 3534 3614
f 3614 3615 3695
f 3695 3696 3776
f 3776 3777 3857
f 3857 3858 3938
f 3938 3939 4019
f 4019 4020 4100
f 4100 4101 4181
f 4181 4182 4262
f 4262 4263 4343
f 4343 4344 4424
f 4424 4425 4505
f 4505 4506 4586
f 4586 4587 4667
f 4667 4668 4748
f 4748 4749 4829
f 4829 4830 4910
f 4910 4911 4991
f 4991 4992 5072
f 5072 5073 5153
f 5153 5154 5234
f 5234 5235 5315
f 5315 5316 5396
f 5396 5397 5477
f 5477 5478 5558
f 5558 5559 5639
f 5639 5640 5720
f 5720 5721 5801
f 5801 5802 5882
f 5882 5883 5963
f 5963 5964 6044
f 6044 6045 6125
f 6125 6126 6206
f 6206 6207 6287
f 6287 6288 6368
f 6368 6369 6449
f 6449 6450 6530
f 51 52 132
f 132 133 213
f 213 214 294
f 294 295 375
f 375 376 456
f 456 457 537
f 537 538 618
f 618 619 699
f 699 700 780
f 780 781 861
f 861 862 942
f 942 943 1023
f 1023 1024 1104
f 1104 1105 1185
f 1185 1186 1266
f 1266 1267 1347
f 1347 1348 1428
f 1428 1429 1509
f 1509 1510 1590
f 1590 1591 1671
f 1671 1672 1752
f 1752 1753 1833
f 1833 1834 1914
f 1914 1915 1995
f 1995 1996 2076
f 2076 2077 2157
f 2157 2158 2238
f 2238 2239 2319
f 2319 2320 2400
f 2400 2401 2481
f 2481 2482 2562
f 2562 2563 2643
f 2643 2644 2724
f 2724 2725 2805
f 2805 2806 2886
f 2886 2887 2967
f 2967 2968 3048
f 3048 3049 3129
f 3129 3130 3210
f 3210 3211 3291
f 3291 3292 3372
f 3372 3373 3453
f 3453 3454 3534
f 3534 3535 3615
f 3615 3616 3696
f 3696 3697 3777
f 3777 3778 3858
f 3858 3859 3939
f 3939 3940 4020
f 4020 4021 4101
f 4101 4102 4182
f 4182 4183 4263
f 4263 4264 4344
f 4344 4345 4425
f 4425 4426 4506
f 4506 4507 4587
f 4587 4588 4668
f 4668 4669 4749
f 4749 4750 4830
f 4830 4831 4911
f 4911 4912 4992
f 4992 4993 5073
f 5073 5074 5154
f 5154 5155 5235
f 5235 5236 5316
f 5316 5317 5397
f 5397 5398 5478
f 5478 5479 5559
f 5559 5560 5640
f 5640 5641 5721
f 5721 5722 5802
f 5802 5803 5883
f 5883 5884 5964
f 5964 5965 6045
f 6045 6046 6126
f 6126 6127 6207
f 6207 6208 6288
f 6288 6289 6369
f 6369 6370 6450
f 6450 6451 6531
f 52 53 133
f 133 134 214
f 214 215 295
f 295 296 376
f 376 377 457
f 457 458 538
f 538 539 619
f 619 620 700
f 700 701 781
f 781 782 862
f 862 863 943
f 943 944 1024
f 1024 1025 1105
f 1105 1106 1186
f 1186 1187 1267
f 1267 1268 1348
f 1348 1349 1429
f 1429 1430 1510
f 1510 1511 1591
f 1591 1592 1672
f 1672 1673 1753
f 1753 1754 1834
f 1834 1835 1915
f 1915 1916 1996
f 1996 1997 2077
f 2077 2078 2158
f 2158 2159 2239
f 2239 2240 2320
f 2320 2321 2401
f 2401 2402 2482
f 2482 2483 2563
f 2563 2564 2644
f 2644 2645 2725
f 2725 2726 2806
f 2806 2807 2887
f 2887 2888 2968
f 2968 2969 3049
f 3049 3050 3130
f 3130 3131 3211
f 3211 3212 3292
f 3292 3293 3373
f 3373 3374 3454
f 3454 3455 3535
f 3535 3536 3616
f 3616 3617 3697
f 3697 3698 3778
f 3778 3779 3859
f 3859 3860 3940
f 3940 3941 4021
f 4021 4022 4102
f 4102 4103 4183
f 4183 4184 4264
f 4264 4265 4345
f 4345 4346 4426
f 4426 4427 4507
f 4507 4508 4588
f 4588 4589 4669
f 4669 4670 4750
f 4750 4751 4831
f 4831 4832 4912
f 4912 4913 4993
f 4993 4994 5074
f 5074 5075 5155
f 5155 5156 5236
f 5236 5237 5317
f 5317 5318 5398
f 5398 5399 5479
f 5479 5480 5560
f 5560 5561 5641
f 5641 5642 5722
f 5722 5723 5803
f 5803 5804 5884
f 5884 5885 5965
f 5965 5966 6046
f 6046 6047 6127
f 6127 6128 6208
f 6208 6209 6289
f 6289 6290 6370
f 6370 6371 6451
f 6451 6452 6532
f 53 54 134
f 134 135 215
f 215 216 296
f 296 297 377
f 377 378 458
f 458 459 539
f 539 540 620
f 620 621 701
f 701 702 782
f 782 783 863
f 863 864 944
f 944 945 1025
f 1025 1026 1106
f 1106 1107 1187
f 1187 1188 1268
f 1268 1269 1349
f 1349 1350 1430
f 1430 1431 1511
f 1511 1512 1592
f 1592 1593 1673
f 1673 1674 1754
f 1754 1755 1835
f 1835 1836 1916
f 1916 1917 1997
f 1997 1998 2078
f 2078 2079 2159
f 2159 2160 2240
f 2240 2241 2321
f 2321 2322 2402
f 2402 2403 2483
f 2483 2484 2564
f 2564 2565 2645
f 2645 2646 2726
f 2726 2727 2807
f 2807 2808 2888
f 2888 2889 2969
f 2969 2970 3050
f 3050 3051 3131
f 3131 3132 3212
f 3212 3213 3293
f 3293 3294 3374
f 3374 3375 3455
f 3455 3456 3536
f 3536 3537 3617
f 3617 3618 3698
f 3698 3699 3779
f 3779 3780 3860
f 3860 3861 3941
f 3941 3942 4022
f 4022 4023 4103
f 4103 4104 4184
f 4184 4185 4265
f 4265 4266 4346
f 4346 4347 4427
f 4427 4428 4508
f 4508 4509 4589
f 4589 4590 4670
f 4670 4671 4751
f 4751 4752 4832
f 4832 4833 4913
f 4913 4914 4994
f 4994 4995 5075
f 5075 5076 5156
f 5156 5157 5237
f 5237 5238 5318
f 5318 5319 5399
f 5399 5400 5480
f 5480 5481 5561
f 5561 5562 5642
f 5642 5643 5723
f 5723 5724 5804
f 5804 5805 5885
f 5885 5886 5966
f 5966 5967 6047
f 6047 6048 6128
f 6128 6129 6209
f 6209 6210 6290
f 6290 6291 6371
f 6371 6372 6452
f 6452 6453 6533
f 54 55 135
f 135 136 216
f 216 217 297
f 297 298 378
f 378 379 459
f 459 460 540
f 540 541 621
f 621 622 702
f 702 703 783
f 783 784 864
f 864 865 945
f 945 946 1026
f 1026 1027 1107
f 1107 1108 1188
f 1188 1189 1269
f 1269 1270 1350
f 1350 1351 1431
f 1431 1432 1512
f 1512 1513 1593
f 1593 1594 1674
f 1674 1675 1755
f 1755 1756 1836
f 1836 1837 1917
f 1917 1918 1998
f 1998 1999 2079
f 2079 2080 2160
f 2160 2161 2241
f 2241 2242 2322
f 2322 2323 2403
f 2403 2404 2484
f 2484 2485 2565
f 2565 2566 2646
f 2646 2647 2727
f 2727 2728 2808
f 2808 2809 2889
f 2889 2890 2970
f 2970 2971 3051
f 3051 3052 3132
f 3132 3133 3213
f 3213 3214 3294
f 3294 3295 3375
f 3375 3376 3456
f 3456 3457 3537
f 3537 3538 3618
f 3618 3619 3699
f 3699 3700 3780
f 3780 3781 3861
f 3861 3862 3942
f 3942 3943 4023
f 4023 4024 4104
f 4104 4105 4185
f 4185 4186 4266
f 4266 4267 4347
f 4347 4348 4428
f 4428 4429 4509
f 4509 4510 4590
f 4590 4591 4671
f 4671 4672 4752
f 4752 4753 4833
f 4833 4834 4914
f 4914 4915 4995
f 4995 4996 5076
f 5076 5077 5157
f 5157 5158 5238
f 5238 5239 5319
f 5319 5320 5400
f 5400 5401 5481
f 5481 5482 5562
f 5562 5563 5643
f 5643 5644 5724
f 5724 5725 5805
f 5805 5806 5886
f 5886 5887 5967
f 5967 5968 6048
f 6048 6049 6129
f 6129 6130 6210
f 6210 6211 6291
f 6291 6292 6372
f 6372 6373 6453
f 6453 6454 6534
f 55 56 136
f 136 137 217
f 217 218 298
f 298 299 379
f 379 380 460
f 460 461 541
f 541 542 622
f 622 623 703
f 703 704 784
f 784 785 865
f 865 866 946
f 946 947 1027
f 1027 1028 1108
f 1108 1109 1189
f 1189 1190 1270
f 1270 1271 1351
f 1351 1352 1432
f 1432 1433 1513
f 1513 1514 1594
f 1594 1595 1675
f 1675 1676 1756
f 1756 1757 1837
f 1837 1838 1918
f 1918 1919 1999
f 1999 2000 2080
f 2080 2081 2161
f 2161 2162 2242
f 2242 2243 2323
f 2323 2324 2404
f 2404 2405 2485
f 2485 2486 2566
f 2566 2567 2647
f 2647 2648 2728
f 2728 2729 2809
f 2809 2810 2890
f 2890 2891 2971
f 2971 2972 3052
f 3052 3053 3133
f 3133 3134 3214
f 3214 3215 3295
f 3295 3296 3376
f 3376 3377 3457
f 3457 3458 3538
f 3538 3539 3619
f 3619 3620 3700
f 3700 3701 3781
f 3781 3782 3862
f 3862 3863 3943
f 3943 3944 4024
f 4024 4025 4105
f 4105 4106 4186
f 4186 4187 4267
f 4267 4268 4348
f 4348 4349 4429
f 4429 4430 4510
f 4510 4511 4591
f 4591 4592 4672
f 4672 4673 4753
f 4753 4754 4834
f 4834 4835 4915
f 4915 4916 4996
f 4996 4997 5077
f 5077 5078 5158
f 5158 5159 5239
f 5239 5240 5320
f 5320 5321 5401
f 5401 5402 5482
f 5482 5483 5563
f 5563 5564 5644
f 5644 5645 5725
f 5725 5726 5806
f 5806 5807 5887
f 5887 5888 5968
f 5968 5969 6049
f 6049 6050 6130
f 6130 6131 6211
f 6211 6212 6292
f 6292 6293 6373
f 6373 6374 6454
f 6454 6455 6535
f 56 57 137
f 137 138 218
f 218 219 299
f 299 300 380
f 380 381 461
f 461 462 542
f 542 543 623
f 623 624 704
f 704 705 785
f 785 786 866
f 866 867 947
f 947 948 1028
f 1028 1029 1109
f 1109 1110 1190
f 1190 1191 1271
f 1271 1272 1352
f 1352 1353 1433
f 1433 1434 1514
f 1514 1515 1595
f 1595 1596 1676
f 1676 1677 1757
f 1757 1758 1838
f 1838 1839 1919
f 1919 1920 2000
f 2000 2001 2081
f 2081 2082 2162
f 2162 2163 2243
f 2243 2244 2324
f 2324 2325 2405
f 2405 2406 2486
f 2486 2487 2567
f 2567 2568 2648
f 2648 2649 2729
f 2729 2730 2810
f 2810 2811 2891
f 2891 2892 2972
f 2972 2973 3053
f 3053 3054 3134
f 3134 3135 3215
f 3215 3216 3296
f 3296 3297 3377
f 3377 3378 3458
f 3458 3459 3539
f 3539 3540 3620
f 3620 3621 3701
f 3701 3702 3782
f 3782 3783 3863
f 3863 3864 3944
f 3944 3945 4025
f 4025 4026 4106
f 4106 4107 4187
f 4187 4188 4268
f 4268 4269 4349
f 4349 4350 4430
f 4430 4431 4511
f 4511 4512 4592
f 4592 4593 4673
f 4673 4674 4754
f 4754 4755 4835
f 4835 4836 4916
f 4916 4917 4997
f 4997 4998 5078
f 5078 5079 5159
f 5159 5160 5240
f 5240 5241 5321
f 5321 5322 5402
f 5402 5403 5483
f 5483 5484 5564
f 5564 5565 5645
f 5645 5646 5726
f 5726 5727 5807
f 5807 5808 5888
f 5888 5889 5969
f 5969 5970 6050
f 6050 6051 6131
f 6131 6132 6212
f 6212 6213 6293
f 6293 6294 6374
f 6374 6375 6455
f 6455 6456 6536
f 57 58 138
f 138 139 219
f 219 220 300
f 300 301 381
f 381 382 462
f 462 463 543
f 543 544 624
f 624 625 705
f 705 706 786
f 786 787 867
f 867 868 948
f 948 949 1029
f 1029 1030 1110
f 1110 1111 1191
f 1191 1192 1272
f 1272 1273 1353
f 1353 1354 1434
f 1434 1435 1515
f 1515 1516 1596
f 1596 1597 1677
f 1677 1678 1758
f 1758 1759 1839
f 1839 1840 1920
f 1920 1921 2001
f 2001 2002 2082
f 2082 2083 2163
f 2163 2164 2244
f 2244 2245 2325
f 2325 2326 2406
f 2406 2407 2487
f 2487 2488 2568
f 2568 2569 2649
f 2649 2650 2730
f 2730 2731 2811
f 2811 2812 2892
f 2892 2893 2973
f 2973 2974 3054
f 3054 3055 3135
f 3135 3136 3216
f 3216 3217 3297
f 3297 3298 3378
f 3378 3379 3459
f 3459 3460 3540
f 3540 3541 3621
f 3621 3622 3702
f 3702 3703 3783
f 3783 3784 3864
f 3864 3865 3945
f 3945 3946 4026
f 4026 4027 4107
f 4107 4108 4188
f 4188 4189 4269
f 4269 4270 4350
f 4350 4351 4431
f 4431 4432 4512
f 4512 4513 4593
f 4593 4594 4674
f 4674 4675 4755
f 4755 4756 4836
f 4836 4837 4917
f 4917 4918 4998
f 4998 4999 5079
f 5079 5080 5160
f 5160 5161 5241
f 5241 5242 5322
f 5322 5323 5403
f 5403 5404 5484
f 5484 5485 5565
f 5565 5566 5646
f 5646 5647 5727
f 5727 5728 5808
f 5808 5809 5889
f 5889 5890 5970
f 5970 5971 6051
f 6051 6052 6132
f 6132 6133 6213
f 6213 6214 6294
f 6294 6295 6375
f 6375 6376 6456
f 6456 6457 6537
f 58 59 139
f 139 140 220
f 220 221 301
f 301 302 382
f 382 383 463
f 463 464 544
f 544 545 625
f 625 626 706
f 706 707 787
f 787 788 868
f 868 869 949
f 949 950 1030
f 1030 1031 1111
f 1111 1112 1192
f 1192 1193 1273
f 1273 1274 1354
f 1354 1355 1435
f 1435 1436 1516
f 1516 1517 1597
f 1597 1598 1678
f 1678 1679 1759
f 1759 1760 1840
f 1840 1841 1921
f 1921 1922 2002
f 2002 2003 2083
f 2083 2084 2164
f 2164 2165 2245
f 2245 2246 2326
f 2326 2327 2407
f 2407 2408 2488
f 2488 2489 2569
f 2569 2570 2650
f 2650 2651 2731
f 2731 2732 2812
f 2812 2813 2893
f 2893 2894 2974
f 2974 2975 3055
f 3055 3056 3136
f 3136 3137 3217
f 3217 3218 3298
f 3298 3299 3379
f 3379 3380 3460
f 3460 3461 3541
f 3541 3542 3622
f 3622 3623 3703
f 3703 3704 3784
f 3784 3785 3865
f 3865 3866 3946
f 3946 3947 4027
f 4027 4028 4108
f 4108 4109 4189
f 4189 4190 4270
f 4270 4271 4351
f 4351 4352 4432
f 4432 4433 4513
f 4513 4514 4594
f 4594 4595 4675
f 4675 4676 4756
f 4756 4757 4837
f 4837 4838 4918
f 4918 4919 4999
f 4999 5000 5080
f 5080 5081 5161
f 5161 5162 5242
f 5242 5243 5323
f 5323 5324 5404
f 5404 5405 5485
f 5485 5486 5566
f 5566 5567 5647
f 5647 5648 5728
f 5728 5729 5809
f 5809 5810 5890
f 5890 5891 5971
f 5971 5972 6052
f 6052 6053 6133
f 6133 6134 6214
f 6214 6215 6295
f 6295 6296 6376
f 6376 6377 6457
f 6457 6458 6538
f 59 60 140
f 140 141 221
f 221 222 302
f 302 303 383
f 383 384 464
f 464 465 545
f 545 546 626
f 626 627 707
f 707 708 788
f 788 789 869
f 869 870 950
f 950 951 1031
f 1031 1032 1112
f 1112 1113 1193
f 1193 1194 1274
f 1274 1275 1355
f 1355 1356 1436
f 1436 1437 1517
f 1517 1518 1598
f 1598 1599 1679
f 1679 1680 1760
f 1760 1761 1841
f 1841 1842 1922
f 1922 1923 2003
f 2003 2004 2084
f 2084 2085 2165
f 2165 2166 2246
f 2246 2247 2327
f 2327 2328 2408
f 2408 2409 2489
f 2489 2490 2570
f 2570 2571 2651
f 2651 2652 2732
f 2732 2733 2813
f 2813 2814 2894
f 2894 2895 2975
f 2975 2976 3056
f 3056 3057 3137
f 3137 3138 3218
f 3218 3219 3299
f 3299 3300 3380
f 3380 3381 3461
f 3461 3462 3542
f 3542 3543 3623
f 3623 3624 3704
f 3704 3705 3785
f 3785 3786 3866
f 3866 3867 3947
f 3947 3948 4028
f 4028 4029 4109
f 4109 4110 4190
f 4190 4191 4271
f 4271 4272 4352
f 4352 4353 4433
f 4433 4434 4514
f 4514 4515 4595
f 4595 4596 4676
f 4676 4677 4757
f 4757 4758 4838
f 4838 4839 4919
f 4919 4920 5000
f 5000 5001 5081
f 5081 5082 5162
f 5162 5163 5243
f 5243 5244 5324
f 5324 5325 5405
f 5405 5406 5486
f 5486 5487 5567
f 5567 5568 5648
f 5648 5649 5729
f 5729 5730 5810
f 5810 5811 5891
f 5891 5892 5972
f 5972 5973 6053
f 6053 6054 6134
f 6134 6135 6215
f 6215 6216 6296
f 6296 6297 6377
f 6377 6378 6458
f 6458 6459 6539
f 60 61 141
f 141 142 222
f 222 223 303
f 303 304 384
f 384 385 465
f 465 466 546
f 546 547 627
f 627 628 708
f 708 709 789
f 789 790 870
f 870 871 951
f 951 952 1032
f 1032 1033 1113
f 1113 1114 1194
f 1194 1195 1275
f 1275 1276 1356
f 1356 1357 1437
f 1437 1438 1518
f 1518 1519 1599
f 1599 1600 1680
f 1680 1681 1761
f 1761 1762 1842
f 1842 1843 1923
f 1923 1924 2004
f 2004 2005 2085
f 2085 2086 2166
f 2166 2167 2247
f 2247 2248 2328
f 2328 2329 2409
f 2409 2410 2490
f 2490 2491 2571
f 2571 2572 2652
f 2652 2653 2733
f 2733 2734 2814
f 2814 2815 2895
f 2895 2896 2976
f 2976 2977 3057
f 3057 3058 3138
f 3138 3139 3219
f 3219 3220 3300
f 3300 3301 3381
f 3381 3382 3462
f 3462 3463 3543
f 3543 3544 3624
f 3624 3625 3705
f 3705 3706 3786
f 3786 3787 3867
f 3867 3868 3948
f 3948 3949 4029
f 4029 4030 4110
f 4110 4111 4191
f 4191 4192 4272
f 4272 4273 4353
f 4353 4354 4434
f 4434 4435 4515
f 4515 4516 4596
f 4596 4597 4677
f 4677 4678 4758
f 4758 4759 4839
f 4839 4840 4920
f 4920 4921 5001
f 5001 5002 5082
f 5082 5083 5163
f 5163 5164 5244
f 5244 5245 5325
f 5325 5326 5406
f 5406 5407 5487
f 5487 5488 5568
f 5568 5569 5649
f 5649 5650 5730
f 5730 5731 5811
f 5811 5812 5892
f 5892 5893 5973
f 5973 5974 6054
f 6054 6055 6135
f 6135 6136 6216
f 6216 6217 6297
f 6297 6298 6378
f 6378 6379 6459
f 6459 6460 6540
f 61 62 142
f 142 143 223
f 223 224 304
f 304 305 385
f 385 386 466
f 466 467 547
f 547 548 628
f 628 629 709
f 709 710 790
f 790 791 871
f 871 872 952
f 952 953 1033
f 1033 1034 1114
f 1114 1115 1195
f 1195 1196 1276
f 1276 1277 1357
f 1357 1358 1438
f 1438 1439 1519
f 1519 1520 1600
f 1600 1601 1681
f 1681 1682 1762
f 1762 1763 1843
f 1843 1844 1924
f 1924 1925 2005
f 2005 2006 2086
f 2086 2087 2167
f 2167 2168 2248
f 2248 2249 2329
f 2329 2330 2410
f 2410 2411 2491
f 2491 2492 2572
f 2572 2573 2653
f 2653 2654 2734
f 2734 2735 2815
f 2815 2816 2896
f 2896 2897 2977
f 2977 2978 3058
f 3058 3059 3139
f 3139 3140 3220
f 3220 3221 3301
f 3301 3302 3382
f 3382 3383 3463
f 3463 3464 3544
f 3544 3545 3625
f 3625 3626 3706
f 3706 3707 3787
f 3787 3788 3868
f 3868 3869 3949
f 3949 3950 4030
f 4030 4031 4111
f 4111 4112 4192
f 4192 4193 4273
f 4273 4274 4354
f 4354 4355 4435
f 4435 4436 4516
f 4516 4517 4597
f 4597 4598 4678
f 4678 4679 4759
f 4759 4760 4840
f 4840 4841 4921
f 4921 4922 5002
f 5002 5003 5083
f 5083 5084 5164
f 5164 5165 5245
f 5245 5246 5326
f 5326 5327 5407
f 5407 5408 5488
f 5488 5489 5569
f 5569 5570 5650
f 5650 5651 5731
f 5731 5732 5812
f 5812 5813 5893
f 5893 5894 5974
f 5974 5975 6055
f 6055 6056 6136
f 6136 6137 6217
f 6217 6218 6298
f 6298 6299 6379
f 6379 6380 6460
f 6460 6461 6541
f 62 63 143
f 143 144 224
f 224 225 305
f 305 306 386
f 386 387 467
f 467 468 548
f 548 549 629
f 629 630 710
f 710 711 791
f 791 792 872
f 872 873 953
f 953 954 1034
f 1034 1035 1115
f 1115 1116 1196
f 1196 1197 1277
f 1277 1278 1358
f 1358 1359 1439
f 1439 1440 1520
f 1520 1521 1601
f 1601 1602 1682
f 1682 1683 1763
f 1763 1764 1844
f 1844 1845 1925
f 1925 1926 2006
f 2006 2007 2087
f 2087 2088 2168
f 2168 2169 2249
f 2249 2250 2330
f 2330 2331 2411
f 2411 2412 2492
f 2492 2493 2573
f 2573 2574 2654
f 2654 2655 2735
f 2735 2736 2816
f 2816 2817 2897
f 2897 2898 2978
f 2978 2979 3059
f 3059 3060 3140
f 3140 3141 3221
f 3221 3222 3302
f 3302 3303 3383
f 3383 3384 3464
f 3464 3465 3545
f 3545 3546 3626
f 3626 3627 3707
f 3707 3708 3788
f 3788 3789 3869
f 3869 3870 3950
f 3950 3951 4031
f 4031 4032 4112
f 4112 4113 4193
f 4193 4194 4274
f 4274 4275 4355
f 4355 4356 4436
f 4436 4437 4517
f 4517 4518 4598
f 4598 4599 4679
f 4679 4680 4760
f 4760 4761 4841
f 4841 4842 4922
f 4922 4923 5003
f 5003 5004 5084
f 5084 5085 5165
f 5165 5166 5246
f 5246 5247 5327
f 5327 5328 5408
f 5408 5409 5489
f 5489 5490 5570
f 5570 5571 5651
f 5651 5652 5732
f 5732 5733 5813
f 5813 5814 5894
f 5894 5895 5975
f 5975 5976 6056
f 6056 6057 6137
f 6137 6138 6218
f 6218 6219 6299
f 6299 6300 6380
f 6380 6381 6461
f 6461 6462 6542
f 63 64 144
f 144 145 225
f 225 226 306
f 306 307 387
f 387 388 468
f 468 469 549
f 549 550 630
f 630 631 711
f 711 712 792
f 792 793 873
f 873 874 954
f 954 955 1035
f 1035 1036 1116
f 1116 1117 1197
f 1197 1198 1278
f 1278 1279 1359
f 1359 1360 1440
f 1440 1441 1521
f 1521 1522 1602
f 1602 1603 1683
f 1683 1684 1764
f 1764 1765 1845
f 1845 1846 1926
f 1926 1927 2007
f 2007 2008 2088
f 2088 2089 2169
f 2169 2170 2250
f 2250 2251 2331
f 2331 2332 2412
f 2412 2413 2493
f 2493 2494 2574
f 2574 2575 2655
f 2655 2656 2736
f 2736 2737 2817
f 2817 2818 2898
f 2898 2899 2979
f 2979 2980 3060
f 3060 3061 3141
f 3141 3142 3222
f 3222 3223 3303
f 3303 3304 3384
f 3384 3385 3465
f 3465 3466 3546
f 3546 3547 3627
f 3627 3628 3708
f 3708 3709 3789
f 3789 3790 3870
f 3870 3871 3951
f 3951 3952 4032
f 4032 4033 4113
f 4113 4114 4194
f 4194 4195 4275
f 4275 4276 4356
f 4356 4357 4437
f 4437 4438 4518
f 4518 4519 4599
f 4599 4600 4680
f 4680 4681 4761
f 4761 4762 4842
f 4842 4843 4923
f 4923 4924 5004
f 5004 5005 5085
f 5085 5086 5166
f 5166 5167 5247
f 5247 5248 5328
f 5328 5329 5409
f 5409 5410 5490
f 5490 5491 5571
f 5571 5572 5652
f 5652 5653 5733
f 5733 5734 5814
f 5814 5815 5895
f 5895 5896 5976
f 5976 5977 6057
f 6057 6058 6138
f 6138 6139 6219
f 6219 6220 6300
f 6300 6301 6381
f 6381 6382 6462
f 6462 6463 6543
f 64 65 145
f 145 146 226
f 226 227 307
f 307 308 388
f 388 389 469
f 469 470 550
f 550 551 631
f 631 632 712
f 712 713 793
f 793 794 874
f 874 875 955
f 955 956 1036
f 1036 1037 1117
f 1117 1118 1198
f 1198 1199 1279
f 1279 1280 1360
f 1360 1361 1441
f 1441 1442 1522
f 1522 1523 1603
f 1603 1604 1684
f 1684 1685 1765
f 1765 1766 1846
f 1846 1847 1927
f 1927 1928 2008
f 2008 2009 2089
f 2089 2090 2170
f 2170 2171 2251
f 2251 2252 2332
f 2332 2333 2413
f 2413 2414 2494
f 2494 2495 2575
f 2575 2576 2656
f 2656 2657 2737
f 2737 2738 2818
f 2818 2819 2899
f 2899 2900 2980
f 2980 2981 3061
f 3061 3062 3142
f 3142 3143 3223
f 3223 3224 3304
f 3304 3305 3385
f 3385 3386 3466
f 3466 3467 3547
f 3547 3548 3628
f 3628 3629 3709
f 3709 3710 3790
f 3790 3791 3871
f 3871 3872 3952
f 3952 3953 4033
f 4033 4034 4114
f 4114 4115 4195
f 4195 4196 4276
f 4276 4277 4357
f 4357 4358 4438
f 4438 4439 4519
f 4519 4520 4600
f 4600 4601 4681
f 4681 4682 4762
f 4762 4763 4843
f 4843 4844 4924
f 4924 4925 5005
f 5005 5006 5086
f 5086 5087 5167
f 5167 5168 5248
f 5248 5249 5329
f 5329 5330 5410
f 5410 5411 5491
f 5491 5492 5572
f 5572 5573 5653
f 5653 5654 5734
f 5734 5735 5815
f 5815 5816 5896
f 5896 5897 5977
f 5977 5978 6058
f 6058 6059 6139
f 6139 6140 6220
f 6220 6221 6301
f 6301 6302 6382
f 6382 6383 6463
f 6463 6464 6544
f 65 66 146
f 146 147 227
f 227 228 308
f 308 309 389
f 389 390 470
f 470 471 551
f 551 552 632
f 632 633 713
f 713 714 794
f 794 795 875
f 875 876 956
f 956 957 1037
f 1037 1038 1118
f 1118 1119 1199
f 1199 1200 1280
f 1280 1281 1361
f 1361 1362 1442
f 1442 1443 1523
f 1523 1524 1604
f 1604 1605 1685
f 1685 1686 1766
f 1766 1767 1847
f 1847 1848 1928
f 1928 1929 2009
f 2009 2010 2090
f 2090 2091 2171
f 2171 2172 2252
f 2252 2253 2333
f 2333 2334 2414
f 2414 2415 2495
f 2495 2496 2576
f 2576 2577 2657
f 2657 2658 2738
f 2738 2739 2819
f 2819 2820 2900
f 2900 2901 2981
f 2981 2982 3062
f 3062 3063 3143
f 3143 3144 3224
f 3224 3225 3305
f 3305 3306 3386
f 3386 3387 3467
f 3467 3468 3548
f 3548 3549 3629
f 3629 3630 3710
f 3710 3711 3791
f 3791 3792 3872
f 3872 3873 3953
f 3953 3954 4034
f 4034 4035 4115
f 4115 4116 4196
f 4196 4197 4277
f 4277 4278 4358
f 4358 4359 4439
f 4439 4440 4520
f 4520 4521 4601
f 4601 4602 4682
f 4682 4683 4763
f 4763 4764 4844
f 4844 4845 4925
f 4925 4926 5006
f 5006 5007 5087
f 5087 5088 5168
f 5168 5169 5249
f 5249 5250 5330
f 5330 5331 5411
f 5411 5412 5492
f 5492 5493 5573
f 5573 5574 5654
f 5654 5655 5735
f 5735 5736 5816
f 5816 5817 5897
f 5897 5898 5978
f 5978 5979 6059
f 6059 6060 6140
f 6140 6141 6221
f 6221 6222 6302
f 6302 6303 6383
f 6383 6384 6464
f 6464 6465 6545
f 66 67 147
f 147 148 228
f 228 229 309
f 309 310 390
f 390 391 471
f 471 472 552
f 552 553 633
f 633 634 714
f 714 715 795
f 795 796 876
f 876 877 957
f 957 958 1038
f 1038 1039 1119
f 1119 1120 1200
f 1200 1201 1281
f 1281 1282 1362
f 1362 1363 1443
f 1443 1444 1524
f 1524 1525 1605
f 1605 1606 1686
f 1686 1687 1767
f 1767 1768 1848
f 1848 1849 1929
f 1929 1930 2010
f 2010 2011 2091
f 2091 2092 2172
f 2172 2173 2253
f 2253 2254 2334
f 2334 2335 2415
f 2415 2416 2496
f 2496 2497 2577
f 2577 2578 2658
f 2658 2659 2739
f 2739 2740 2820
f 2820 2821 2901
f 2901 2902 2982
f 2982 2983 3063
f 3063 3064 3144
f 3144 3145 3225
f 3225 3226 3306
f 3306 3307 3387
f 3387 3388 3468
f 3468 3469 3549
f 3549 3550 3630
f 3630 3631 3711
f 3711 3712 3792
f 3792 3793 3873
f 3873 3874 3954
f 3954 3955 4035
f 4035 4036 4116
f 4116 4117 4197
f 4197 4198 4278
f 4278 4279 4359
f 4359 4360 4440
f 4440 4441 4521
f 4521 4522 4602
f 4602 4603 4683
f 4683 4684 4764
f 4764 4765 4845
f 4845 4846 4926
f 4926 4927 5007
f 5007 5008 5088
f 5088 5089 5169
f 5169 5170 5250
f 5250 5251 5331
f 5331 5332 5412
f 5412 5413 5493
f 5493 5494 5574
f 5574 5575 5655
f 5655 5656 5736
f 5736 5737 5817
f 5817 5818 5898
f 5898 5899 5979
f 5979 5980 6060
f 6060 6061 6141
f 6141 6142 6222
f 6222 6223 6303
f 6303 6304 6384
f 6384 6385 6465
f 6465 6466 6546
f 67 68 148
f 148 149 229
f 229 230 310
f 310 311 391
f 391 392 472
f 472 473 553
f 553 554 634
f 634 635 715
f 715 716 796
f 796 797 877
f 877 878 958
f 958 959 1039
f 1039 1040 1120
f 1120 1121 1201
f 1201 1202 1282
f 1282 1283 1363
f 1363 1364 1444
f 1444 1445 1525
f 1525 1526 1606
f 1606 1607 1687
f 1687 1688 1768
f 1768 1769 1849
f 1849 1850 1930
f 1930 1931 2011
f 2011 2012 2092
f 2092 2093 2173
f 2173 2174 2254
f 2254 2255 2335
f 2335 2336 2416
f 2416 2417 2497
f 2497 2498 2578
f 2578 2579 2659
f 2659 2660 2740
f 2740 2741 2821
f 2821 2822 2902
f 2902 2903 2983
f 2983 2984 3064
f 3064 3065 3145
f 3145 3146 3226
f 3226 3227 3307
f 3307 3308 3388
f 3388 3389 3469
f 3469 3470 3550
f 3550 3551 3631
f 3631 3632 3712
f 3712 3713 3793
f 3793 3794 3874
f 3874 3875 3955
f 3955 3956 4036
f 4036 4037 4117
f 4117 4118 4198
f 4198 4199 4279
f 4279 4280 4360
f 4360 4361 4441
f 4441 4442 4522
f 4522 4523 4603
f 4603 4604 4684
f 4684 4685 4765
f 4765 4766 4846
f 4846 4847 4927
f 4927 4928 5008
f 5008 5009 5089
f 5089 5090 5170
f 5170 5171 5251
f 5251 5252 5332
f 5332 5333 5413
f 5413 5414 5494
f 5494 5495 5575
f 5575 5576 5656
f 5656 5657 5737
f 5737 5738 5818
f 5818 5819 5899
f 5899 5900 5980
f 5980 5981 6061
f 6061 6062 6142
f 6142 6143 6223
f 6223 6224 6304
f 6304 6305 6385
f 6385 6386 6466
f 6466 6467 6547
f 68 69 149
f 149 150 230
f 230 231 311
f 311 312 392
f 392 393 473
f 473 474 554
f 554 555 635
f 635 636 716
f 716 717 797
f 797 798 878
f 878 879 959
f 959 960 1040
f 1040 1041 1121
f 1121 1122 1202
f 1202 1203 1283
f 1283 1284 1364
f 1364 1365 1445
f 1445 1446 1526
f 1526 1527 1607
f 1607 1608 1688
f 1688 1689 1769
f 1769 1770 1850
f 1850 1851 1931
f 1931 1932 2012
f 2012 2013 2093
f 2093 2094 2174
f 2174 2175 2255
f 2255 2256 2336
f 2336 2337 2417
f 2417 2418 2498
f 2498 2499 2579
f 2579 2580 2660
f 2660 2661 2741
f 2741 2742 2822
f 2822 2823 2903
f 2903 2904 2984
f 2984 2985 3065
f 3065 3066 3146
f 3146 3147 3227
f 3227 3228 3308
f 3308 3309 3389
f 3389 3390 3470
f 3470 3471 3551
f 3551 3552 3632
f 3632 3633 3713
f 3713 3714 3794
f 3794 3795 3875
f 3875 3876 3956
f 3956 3957 4037
f 4037 4038 4118
f 4118 4119 4199
f 4199 4200 4280
f 4280 4281 4361
f 4361 4362 4442
f 4442 4443 4523
f 4523 4524 4604
f 4604 4605 4685
f 4685 4686 4766
f 4766 4767 4847
f 4847 4848 4928
f 4928 4929 5009
f 5009 5010 5090
f 5090 5091 5171
f 5171 5172 5252
f 5252 5253 5333
f 5333 5334 5414
f 5414 5415 5495
f 5495 5496 5576
f 5576 5577 5657
f 5657 5658 5738
f 5738 5739 5819
f 5819 5820 5900
f 5900 5901 5981
f 5981 5982 6062
f 6062 6063 6143
f 6143 6144 6224
f 6224 6225 6305
f 6305 6306 6386
f 6386 6387 6467
f 6467 6468 6548
f 69 70 150
f 150 151 231
f 231 232 312
f 312 313 393
f 393 394 474
f 474 475 555
f 555 556 636
f 636 637 717
f 717 718 798
f 798 799 879
f 879 880 960
f 960 961 1041
f 1041 1042 1122
f 1122 1123 1203
f 1203 1204 1284
f 1284 1285 1365
f 1365 1366 1446
f 1446 1447 1527
f 1527 1528 1608
f 1608 1609 1689
f 1689 1690 1770
f 1770 1771 1851
f 1851 1852 1932
f 1932 1933 2013
f 2013 2014 2094
f 2094 2095 2175
f 2175 2176 2256
f 2256 2257 2337
f 2337 2338 2418
f 2418 2419 2499
f 2499 2500 2580
f 2580 2581 2661
f 2661 2662 2742
f 2742 2743 2823
f 2823 2824 2904
f 2904 2905 2985
f 2985 2986 3066
f 3066 3067 3147
f 3147 3148 3228
f 3228 3229 3309
f 3309 3310 3390
f 3390 3391 3471
f 3471 3472 3552
f 3552 3553 3633
f 3633 3634 3714
f 3714 3715 3795
f 3795 3796 3876
f 3876 3877 3957
f 3957 3958 4038
f 4038 4039 4119
f 4119 4120 4200
f 4200 4201 4281
f 4281 4282 4362
f 4362 4363 4443
f 4443 4444 4524
f 4524 4525 4605
f 4605 4606 4686
f 4686 4687 4767
f 4767 4768 4848
f 4848 4849 4929
f 4929 4930 5010
f 5010 5011 5091
f 5091 5092 5172
f 5172 5173 5253
f 5253 5254 5334
f 5334 5335 5415
f 5415 5416 5496
f 5496 5497 5577
f 5577 5578 5658
f 5658 5659 5739
f 5739 5740 5820
f 5820 5821 5901
f 5901 5902 5982
f 5982 5983 6063
f 6063 6064 6144
f 6144 6145 6225
f 6225 6226 6306
f 6306 6307 6387
f 6387 6388 6468
f 6468 6469 6549
f 70 71 151
f 151 152 232
f 232 233 313
f 313 314 394
f 394 395 475
f 475 476 556
f 556 557 637
f 637 638 718
f 718 719 799
f 799 800 880
f 880 881 961
f 961 962 1042
f 1042 1043 1123
f 1123 1124 1204
f 1204 1205 1285
f 1285 1286 1366
f 1366 1367 1447
f 1447 1448 1528
f 1528 1529 1609
f 1609 1610 1690
f 1690 1691 1771
f 1771 1772 1852
f 1852 1853 1933
f 1933 1934 2014
f 2014 2015 2095
f 2095 2096 2176
f 2176 2177 2257
f 2257 2258 2338
f 2338 2339 2419
f 2419 2420 2500
f 2500 2501 2581
f 2581 2582 2662
f 2662 2663 2743
f 2743 2744 2824
f 2824 2825 2905
f 2905 2906 2986
f 2986 2987 3067
f 3067 3068 3148
f 3148 3149 3229
f 3229 3230 3310
f 3310 3311 3391
f 3391 3392 3472
f 3472 3473 3553
f 3553 3554 3634
f 3634 3635 3715
f 3715 3716 3796
f 3796 3797 3877
f 3877 3878 3958
f 3958 3959 4039
f 4039 4040 4120
f 4120 4121 4201
f 4201 4202 4282
f 4282 4283 4363
f 4363 4364 4444
f 4444 4445 4525
f 4525 4526 4606
f 4606 4607 4687
f 4687 4688 4768
f 4768 4769 4849
f 4849 4850 4930
f 4930 4931 5011
f 5011 5012 5092
f 5092 5093 5173
f 5173 5174 5254
f 5254 5255 5335
f 5335 5336 5416
f 5416 5417 5497
f 5497 5498 5578
f 5578 5579 5659
f 5659 5660 5740
f 5740 5741 5821
f 5821 5822 5902
f 5902 5903 5983
f 5983 5984 6064
f 6064 6065 6145
f 6145 6146 6226
f 6226 6227 6307
f 6307 6308 6388
f 6388 6389 6469
f 6469 6470 6550
f 71 72 152
f 152 153 233
f 233 234 314
f 314 315 395
f 395 396 476
f 476 477 557
f 557 558 638
f 638 639 719
f 719 720 800
f 800 801 881
f 881 882 962
f 962 963 1043
f 1043 1044 1124
f 1124 1125 1205
f 1205 1206 1286
f 1286 1287 1367
f 1367 1368 1448
f 1448 1449 1529
f 1529 1530 1610
f 1610 1611 1691
f 1691 1692 1772
f 1772 1773 1853
f 1853 1854 1934
f 1934 1935 2015
f 2015 2016 2096
f 2096 2097 2177
f 2177 2178 2258
f 2258 2259 2339
f 2339 2340 2420
f 2420 2421 2501
f 2501 2502 2582
f 2582 2583 2663
f 2663 2664 2744
f 2744 2745 2825
f 2825 2826 2906
f 2906 2907 2987
f 2987 2988 3068
f 3068 3069 3149
f 3149 3150 3230
f 3230 3231 3311
f 3311 3312 3392
f 3392 3393 3473
f 3473 3474 3554
f 3554 3555 3635
f 3635 3636 3716
f 3716 3717 3797
f 3797 3798 3878
f 3878 3879 3959
f 3959 3960 4040
f 4040 4041 4121
f 4121 4122 4202
f 4202 4203 4283
f 4283 4284 4364
f 4364 4365 4445
f 4445 4446 4526
f 4526 4527 4607
f 4607 4608 4688
f 4688 4689 4769
f 4769 4770 4850
f 4850 4851 4931
f 4931 4932 5012
f 5012 5013 5093
f 5093 5094 5174
f 5174 5175 5255
f 5255 5256 5336
f 5336 5337 5417
f 5417 5418 5498
f 5498 5499 5579
f 5579 5580 5660
f 5660 5661 5741
f 5741 5742 5822
f 5822 5823 5903
f 5903 5904 5984
f 5984 5985 6065
f 6065 6066 6146
f 6146 6147 6227
f 6227 6228 6308
f 6308 6309 6389
f 6389 6390 6470
f 6470 6471 6551
f 72 73 153
f 153 154 234
f 234 235 315
f 315 316 396
f 396 397 477
f 477 478 558
f 558 559 639
f 639 640 720
f 720 721 801
f 801 802 882
f 882 883 963
f 963 964 1044
f 1044 1045 1125
f 1125 1126 1206
f 1206 1207 1287
f 1287 1288 1368
f 1368 1369 1449
f 1449 1450 1530
f 1530 1531 1611
f 1611 1612 1692
f 1692 1693 1773
f 1773 1774 1854
f 1854 1855 1935
f 1935 1936 2016
f 2016 2017 2097
f 2097 2098 2178
f 2178 2179 2259
f 2259 2260 2340
f 2340 2341 2421
f 2421 2422 2502
f 2502 2503 2583
f 2583 2584 2664
f 2664 2665 2745
f 2745 2746 2826
f 2826 2827 2907
f 2907 2908 2988
f 2988 2989 3069
f 3069 3070 3150
f 3150 3151 3231
f 3231 3232 3312
f 3312 3313 3393
f 3393 3394 3474
f 3474 3475 3555
f 3555 3556 3636
f 3636 3637 3717
f 3717 3718 3798
f 3798 3799 3879
f 3879 3880 3960
f 3960 3961 4041
f 4041 4042 4122
f 4122 4123 4203
f 4203 4204 4284
f 4284 4285 4365
f 4365 4366 4446
f 4446 4447 4527
f 4527 4528 4608
f 4608 4609 4689
f 4689 4690 4770
f 4770 4771 4851
f 4851 4852 4932
f 4932 4933 5013
f 5013 5014 5094
f 5094 5095 5175
f 5175 5176 5256
f 5256 5257 5337
f 5337 5338 5418
f 5418 5419 5499
f 5499 5500 5580
f 5580 5581 5661
f 5661 5662 5742
f 5742 5743 5823
f 5823 5824 5904
f 5904 5905 5985
f 5985 5986 6066
f 6066 6067 6147
f 6147 6148 6228
f 6228 6229 6309
f 6309 6310 6390
f 6390 6391 6471
f 6471 6472 6552
f 73 74 154
f 154 155 235
f 235 236 316
f 316 317 397
f 397 398 478
f 478 479 559
f 559 560 640
f 640 641 721
f 721 722 802
f 802 803 883
f 883 884 964
f 964 965 1045
f 1045 1046 1126
f 1126 1127 1207
f 1207 1208 1288
f 1288 1289 1369
f 1369 1370 1450
f 1450 1451 1531
f 1531 1532 1612
f 1612 1613 1693
f 1693 1694 1774
f 1774 1775 1855
f 1855 1856 1936
f 1936 1937 2017
f 2017 2018 2098
f 2098 2099 2179
f 2179 2180 2260
f 2260 2261 2341
f 2341 2342 2422
f 2422 2423 2503
f 2503 2504 2584
f 2584 2585 2665
f 2665 2666 2746
f 2746 2747 2827
f 2827 2828 2908
f 2908 2909 2989
f 2989 2990 3070
f 3070 3071 3151
f 3151 3152 3232
f 3232 3233 3313
f 3313 3314 3394
f 3394 3395 3475
f 3475 3476 3556
f 3556 3557 3637
f 3637 3638 3718
f 3718 3719 3799
f 3799 3800 3880
f 3880 3881 3961
f 3961 3962 4042
f 4042 4043 4123
f 4123 4124 4204
f 4204 4205 4285
f 4285 4286 4366
f 4366 4367 4447
f 4447 4448 4528
f 4528 4529 4609
f 4609 4610 4690
f 4690 4691 4771
f 4771 4772 4852
f 4852 4853 4933
f 4933 4934 5014
f 5014 5015 5095
f 5095 5096 5176
f 5176 5177 5257
f 5257 5258 5338
f 5338 5339 5419
f 5419 5420 5500
f 5500 5501 5581
f 5581 5582 5662
f 5662 5663 5743
f 5743 5744 5824
f 5824 5825 5905
f 5905 5906 5986
f 5986 5987 6067
f 6067 6068 6148
f 6148 6149 6229
f 6229 6230 6310
f 6310 6311 6391
f 6391 6392 6472
f 6472 6473 6553
f 74 75 155
f 155 156 236
f 236 237 317
f 317 318 398
f 398 399 479
f 479 480 560
f 560 561 641
f 641 642 722
f 722 723 803
f 803 804 884
f 884 885 965
f 965 966 1046
f 1046 1047 1127
f 1127 1128 1208
f 1208 1209 1289
f 1289 1290 1370
f 1370 1371 1451
f 1451 1452 1532
f 1532 1533 1613
f 1613 1614 1694
f 1694 1695 1775
f 1775 1776 1856
f 1856 1857 1937
f 1937 1938 2018
f 2018 2019 2099
f 2099 2100 2180
f 2180 2181 2261
f 2261 2262 2342
f 2342 2343 2423
f 2423 2424 2504
f 2504 2505 2585
f 2585 2586 2666
f 2666 2667 2747
f 2747 2748 2828
f 2828 2829 2909
f 2909 2910 2990
f 2990 2991 3071
f 3071 3072 3152
f 3152 3153 3233
f 3233 3234 3314
f 3314 3315 3395
f 3395 3396 3476
f 3476 3477 3557
f 3557 3558 3638
f 3638 3639 3719
f 3719 3720 3800
f 3800 3801 3881
f 3881 3882 3962
f 3962 3963 4043
f 4043 4044 4124
f 4124 4125 4205
f 4205 4206 4286
f 4286 4287 4367
f 4367 4368 4448
f 4448 4449 4529
f 4529 4530 4610
f 4610 4611 4691
f 4691 4692 4772
f 4772 4773 4853
f 4853 4854 4934
f 4934 4935 5015
f 5015 5016 5096
f 5096 5097 5177
f 5177 5178 5258
f 5258 5259 5339
f 5339 5340 5420
f 5420 5421 5501
f 5501 5502 5582
f 5582 5583 5663
f 5663 5664 5744
f 5744 5745 5825
f 5825 5826 5906
f 5906 5907 5987
f 5987 5988 6068
f 6068 6069 6149
f 6149 6150 6230
f 6230 6231 6311
f 6311 6312 6392
f 6392 6393 6473
f 6473 6474 6554
f 75 76 156
f 156 157 237
f 237 238 318
f 318 319 399
f 399 400 480
f 480 481 561
f 561 562 642
f 642 643 723
f 723 724 804
f 804 805 885
f 885 886 966
f 966 967 1047
f 1047 1048 1128
f 1128 1129 1209
f 1209 1210 1290
f 1290 1291 1371
f 1371 1372 1452
f 1452 1453 1533
f 1533 1534 1614
f 1614 1615 1695
f 1695 1696 1776
f 1776 1777 1857
f 1857 1858 1938
f 1938 1939 2019
f 2019 2020 2100
f 2100 2101 2181
f 2181 2182 2262
f 2262 2263 2343
f 2343 2344 2424
f 2424 2425 2505
f 2505 2506 2586
f 2586 2587 2667
f 2667 2668 2748
f 2748 2749 2829
f 2829 2830 2910
f 2910 2911 2991
f 2991 2992 3072
f 3072 3073 3153
f 3153 3154 3234
f 3234 3235 3315
f 3315 3316 3396
f 3396 3397 3477
f 3477 3478 3558
f 3558 3559 3639
f 3639 3640 3720
f 3720 3721 3801
f 3801 3802 3882
f 3882 3883 3963
f 3963 3964 4044
f 4044 4045 4125
f 4125 4126 4206
f 4206 4207 4287
f 4287 4288 4368
f 4368 4369 4449
f 4449 4450 4530
f 4530 4531 4611
f 4611 4612 4692
f 4692 4693 4773
f 4773 4774 4854
f 4854 4855 4935
f 4935 4936 5016
f 5016 5017 5097
f 5097 5098 5178
f 5178 5179 5259
f 5259 5260 5340
f 5340 5341 5421
f 5421 5422 5502
f 5502 5503 5583
f 5583 5584 5664
f 5664 5665 5745
f 5745 5746 5826
f 5826 5827 5907
f 5907 5908 5988
f 5988 5989 6069
f 6069 6070 6150
f 6150 6151 6231
f 6231 6232 6312
f 6312 6313 6393
f 6393 6394 6474
f 6474 6475 6555
f 76 77 157
f 157 158 238
f 238 239 319
f 319 320 400
f 400 401 481
f 481 482 562
f 562 563 643
f 643 644 724
f 724 725 805
f 805 806 886
f 886 887 967
f 967 968 1048
f 1048 1049 1129
f 1129 1130 1210
f 1210 1211 1291
f 1291 1292 1372
f 1372 1373 1453
f 1453 1454 1534
f 1534 1535 1615
f 1615 1616 1696
f 1696 1697 1777
f 1777 1778 1858
f 1858 1859 1939
f 1939 1940 2020
f 2020 2021 2101
f 2101 2102 2182
f 2182 2183 2263
f 2263 2264 2344
f 2344 2345 2425
f 2425 2426 2506
f 2506 2507 2587
f 2587 2588 2668
f 2668 2669 2749
f 2749 2750 2830
f 2830 2831 2911
f 2911 2912 2992
f 2992 2993 3073
f 3073 3074 3154
f 3154 3155 3235
f 3235 3236 3316
f 3316 3317 3397
f 3397 3398 3478
f 3478 3479 3559
f 3559 3560 3640
f 3640 3641 3721
f 3721 3722 3802
f 3802 3803 3883
f 3883 3884 3964
f 3964 3965 4045
f 4045 4046 4126
f 4126 4127 4207
f 4207 4208 4288
f 4288 4289 4369
f 4369 4370 4450
f 4450 4451 4531
f 4531 4532 4612
f 4612 4613 4693
f 4693 4694 4774
f 4774 4775 4855
f 4855 4856 4936
f 4936 4937 5017
f 5017 5018 5098
f 5098 5099 5179
f 5179 5180 5260
f 5260 5261 5341
f 5341 5342 5422
f 5422 5423 5503
f 5503 5504 5584
f 5584 5585 5665
f 5665 5666 5746
f 5746 5747 5827
f 5827 5828 5908
f 5908 5909 5989
f 5989 5990 6070
f 6070 6071 6151
f 6151 6152 6232
f 6232 6233 6313
f 6313 6314 6394
f 6394 6395 6475
f 6475 6476 6556
f 77 78 158
f 158 159 239
f 239 240 320
f 320 321 401
f 401 402 482
f 482 483 563
f 563 564 644
f 644 645 725
f 725 726 806
f 806 807 887
f 887 888 968
f 968 969 1049
f 1049 1050 1130
f 1130 1131 1211
f 1211 1212 1292
f 1292 1293 1373
f 1373 1374 1454
f 1454 1455 1535
f 1535 1536 1616
f 1616 1617 1697
f 1697 1698 1778
f 1778 1779 1859
f 1859 1860 1940
f 1940 1941 2021
f 2021 2022 2102
f 2102 2103 2183
f 2183 2184 2264
f 2264 2265 2345
f 2345 2346 2426
f 2426 2427 2507
f 2507 2508 2588
f 2588 2589 2669
f 2669 2670 2750
f 2750 2751 2831
f 2831 2832 2912
f 2912 2913 2993
f 2993 2994 3074
f 3074 3075 3155
f 3155 3156 3236
f 3236 3237 3317
f 3317 3318 3398
f 3398 3399 3479
f 3479 3480 3560
f 3560 3561 3641
f 3641 3642 3722
f 3722 3723 3803
f 3803 3804 3884
f 3884 3885 3965
f 3965 3966 4046
f 4046 4047 4127
f 4127 4128 4208
f 4208 4209 4289
f 4289 4290 4370
f 4370 4371 4451
f 4451 4452 4532
f 4532 4533 4613
f 4613 4614 4694
f 4694 4695 4775
f 4775 4776 4856
f 4856 4857 4937
f 4937 4938 5018
f 5018 5019 5099
f 5099 5100 5180
f 5180 5181 5261
f 5261 5262 5342
f 5342 5343 5423
f 5423 5424 5504
f 5504 5505 5585
f 5585 5586 5666
f 5666 5667 5747
f 5747 5748 5828
f 5828 5829 5909
f 5909 5910 5990
f 5990 5991 6071
f 6071 6072 6152
f 6152 6153 6233
f 6233 6234 6314
f 6314 6315 6395
f 6395 6396 6476
f 6476 6477 6557
f 78 79 159
f 159 160 240
f 240 241 321
f 321 322 402
f 402 403 483
f 483 484 564
f 564 565 645
f 645 646 726
f 726 727 807
f 807 808 888
f 888 889 969
f 969 970 1050
f 1050 1051 1131
f 1131 1132 1212
f 1212 1213 1293
f 1293 1294 1374
f 1374 1375 1455
f 1455 1456 1536
f 1536 1537 1617
f 1617 1618 1698
f 1698 1699 1779
f 1779 1780 1860
f 1860 1861 1941
f 1941 1942 2022
f 2022 2023 2103
f 2103 2104 2184
f 2184 2185 2265
f 2265 2266 2346
f 2346 2347 2427
f 2427 2428 2508
f 2508 2509 2589
f 2589 2590 2670
f 2670 2671 2751
f 2751 2752 2832
f 2832 2833 2913
f 2913 2914 2994
f 2994 2995 3075
f 3075 3076 3156
f 3156 3157 3237
f 3237 3238 3318
f 3318 3319 3399
f 3399 3400 3480
f 3480 3481 3561
f 3561 3562 3642
f 3642 3643 3723
f 3723 3724 3804
f 3804 3805 3885
f 3885 3886 3966
f 3966 3967 4047
f 4047 4048 4128
f 4128 4129 4209
f 4209 4210 4290
f 4290 4291 4371
f 4371 4372 4452
f 4452 4453 4533
f 4533 4534 4614
f 4614 4615 4695
f 4695 4696 4776
f 4776 4777 4857
f 4857 4858 4938
f 4938 4939 5019
f 5019 5020 5100
f 5100 5101 5181
f 5181 5182 5262
f 5262 5263 5343
f 5343 5344 5424
f 5424 5425 5505
f 5505 5506 5586
f 5586 5587 5667
f 5667 5668 5748
f 5748 5749 5829
f 5829 5830 5910
f 5910 5911 5991
f 5991 5992 6072
f 6072 6073 6153
f 6153 6154 6234
f 6234 6235 6315
f 6315 6316 6396
f 6396 6397 6477
f 6477 6478 6558
f 79 80 160
f 160 161 241
f 241 242 322
f 322 323 403
f 403 404 484
f 484 485 565
f 565 566 646
f 646 647 727
f 727 728 808
f 808 809 889
f 889 890 970
f 970 971 1051
f 1051 1052 1132
f 1132 1133 1213
f 1213 1214 1294
f 1294 1295 1375
f 1375 1376 1456
f 1456 1457 1537
f 1537 1538 1618
f 1618 1619 1699
f 1699 1700 1780
f 1780 1781 1861
f 1861 1862 1942
f 1942 1943 2023
f 2023 2024 2104
f 2104 2105 2185
f 2185 2186 2266
f 2266 2267 2347
f 2347 2348 2428
f 2428 2429 2509
f 2509 2510 2590
f 2590 2591 2671
f 2671 2672 2752
f 2752 2753 2833
f 2833 2834 2914
f 2914 2915 2995
f 2995 2996 3076
f 3076 3077 3157
f 3157 3158 3238
f 3238 3239 3319
f 3319 3320 3400
f 3400 3401 3481
f 3481 3482 3562
f 3562 3563 3643
f 3643 3644 3724
f 3724 3725 3805
f 3805 3806 3886
f 3886 3887 3967
f 3967 3968 4048
f 4048 4049 4129
f 4129 4130 4210
f 4210 4211 4291
f 4291 4292 4372
f 4372 4373 4453
f 4453 4454 4534
f 4534 4535 4615
f 4615 4616 4696
f 4696 4697 4777
f 4777 4778 4858
f 4858 4859 4939
f 4939 4940 5020
f 5020 5021 5101
f 5101 5102 5182
f 5182 5183 5263
f 5263 5264 5344
f 5344 5345 5425
f 5425 5426 5506
f 5506 5507 5587
f 5587 5588 5668
f 5668 5669 5749
f 5749 5750 5830
f 5830 5831 5911
f 5911 5912 5992
f 5992 5993 6073
f 6073 6074 6154
f 6154 6155 6235
f 6235 6236 6316
f 6316 6317 6397
f 6397 6398 6478
f 6478 6479 6559
f 80 81 161
f 161 162 242
f 242 243 323
f 323 324 404
f 404 405 485
f 485 486 566
f 566 567 647
f 647 648 728
f 728 729 809
f 809 810 890
f 890 891 971
f 971 972 1052
f 1052 1053 1133
f 1133 1134 1214
f 1214 1215 1295
f 1295 1296 1376
f 1376 1377 1457
f 1457 1458 1538
f 1538 1539 1619
f 1619 1620 1700
f 1700 1701 1781
f 1781 1782 1862
f 1862 1863 1943
f 1943 1944 2024
f 2024 2025 2105
f 2105 2106 2186
f 2186 2187 2267
f 2267 2268 2348
f 2348 2349 2429
f 2429 2430 2510
f 2510 2511 2591
f 2591 2592 2672
f 2672 2673 2753
f 2753 2754 2834
f 2834 2835 2915
f 2915 2916 2996
f 2996 2997 3077
f 3077 3078 3158
f 3158 3159 3239
f 3239 3240 3320
f 3320 3321 3401
f 3401 3402 3482
f 3482 3483 3563
f 3563 3564 3644
f 3644 3645 3725
f 3725 3726 3806
f 3806 3807 3887
f 3887 3888 3968
f 3968 3969 4049
f 4049 4050 4130
f 4130 4131 4211
f 4211 4212 4292
f 4292 4293 4373
f 4373 4374 4454
f 4454 4455 4535
f 4535 4536 4616
f 4616 4617 4697
f 4697 4698 4778
f 4778 4779 4859
f 4859 4860 4940
f 4940 4941 5021
f 5021 5022 5102
f 5102 5103 5183
f 5183 5184 5264
f 5264 5265 5345
f 5345 5346 5426
f 5426 5427 5507
f 5507 5508 5588
f 5588 5589 5669
f 5669 5670 5750
f 5750 5751 5831
f 5831 5832 5912
f 5912 5913 5993
f 5993 5994 6074
f 6074 6075 6155
f 6155 6156 6236
f 6236 6237 6317
f 6317 6318 6398
f 6398 6399 6479
f 6479 6480 6560
f 83 82 2
f 164 163 83
f 245 244 164
f 326 325 245
f 407 406 326
f 488 487 407
f 569 568 488
f 650 649 569
f 731 730 650
f 812 811 731
f 893 892 812
f 974 973 893
f 1055 1054 974
f 1136 1135 1055
f 1217 1216 1136
f 1298 1297 1217
f 1379 1378 1298
f 1460 1459 1379
f 1541 1540 1460
f 1622 1621 1541
f 1703 1702 1622
f 1784 1783 1703
f 1865 1864 1784
f 1946 1945 1865
f 2027 2026 1946
f 2108 2107 2027
f 2189 2188 2108
f 2270 2269 2189
f 2351 2350 2270
f 2432 2431 2351
f 2513 2512 2432
f 2594 2593 2513
f 2675 2674 2594
f 2756 2755 2675
f 2837 2836 2756
f 2918 2917 2837
f 2999 2998 2918
f 3080 3079 2999
f 3161 3160 3080
f 3242 3241 3161
f 3323 3322 3242
f 3404 3403 3323
f 3485 3484 3404
f 3566 3565 3485
f 3647 3646 3566
f 3728 3727 3647
f 3809 3808 3728
f 3890 3889 3809
f 3971 3970 3890
f 4052 4051 3971
f 4133 4132 4052
f 4214 4213 4133
f 4295 4294 4214
f 4376 4375 4295
f 4457 4456 4376
f 4538 4537 4457
f 4619 4618 4538
f 4700 4699 4619
f 4781 4780 4700
f 4862 4861 4781
f 4943 4942 4862
f 5024 5023 4943
f 5105 5104 5024
f 5186 5185 5105
f 5267 5266 5186
f 5348 5347 5267
f 5429 5428 5348
f 5510 5509 5429
f 5591 5590 5510
f 5672 5671 5591
f 5753 5752 5672
f 5834 5833 5753
f 5915 5914 5834
f 5996 5995 5915
f 6077 6076 5996
f 6158 6157 6077
f 6239 6238 6158
f 6320 6319 6239
f 6401 6400 6320
f 6482 6481 6401
f 84 83 3
f 165 164 84
f 246 245 165
f 327 326 246
f 408 407 327
f 489 488 408
f 570 569 489
f 651 650 570
f 732 731 651
f 813 812 732
f 894 893 813
f 975 974 894
f 1056 1055 975
f 1137 1136 1056
f 1218 1217 1137
f 1299 1298 1218
f 1380 1379 1299
f 1461 1460 1380
f 1542 1541 1461
f 1623 1622 1542
f 1704 1703 1623
f 1785 1784 1704
f 1866 1865 1785
f 1947 1946 1866
f 2028 2027 1947
f 2109 2108 2028
f 2190 2189 2109
f 2271 2270 2190
f 2352 2351 2271
f 2433 2432 2352
f 2514 2513 2433
f 2595 2594 2514
f 2676 2675 2595
f 2757 2756 2676
f 2838 2837 2757
f 2919 2918 2838
f 3000 2999 2919
f 3081 3080 3000
f 3162 3161 3081
f 3243 3242 3162
f 3324 3323 3243
f 3405 3404 3324
f 3486 3485 3405
f 3567 3566 3486
f 3648 3647 3567
f 3729 3728 3648
f 3810 3809 3729
f 3891 3890 3810
f 3972 3971 3891
f 4053 4052 3972
f 4134 4133 4053
f 4215 4214 4134
f 4296 4295 4215
f 4377 4376 4296
f 4458 4457 4377
f 4539 4538 4458
f 4620 4619 4539
f 4701 4700 4620
f 4782 4781 4701
f 4863 4862 4782
f 4944 4943 4863
f 5025 5024 4944
f 5106 5105 5025
f 5187 5186 5106
f 5268 5267 5187
f 5349 5348 5268
f 5430 5429 5349
f 5511 5510 5430
f 5592 5591 5511
f 5673 5672 5592
f 5754 5753 5673
f 5835 5834 5754
f 5916 5915 5835
f 5997 5996 5916
f 6078 6077 5997
f 6159 6158 6078
f 6240 6239 6159
f 6321 6320 6240
f 6402 6401 6321
f 6483 6482 6402
f 85 84 4
f 166 165 85
f 247 246 166
f 328 327 247
f 409 408 328
f 490 489 409
f 571 570 490
f 652 651 571
f 733 732 652
f 814 813 733
f 895 894 814
f 976 975 895
f 1057 1056 976
f 1138 1137 1057
f 1219 1218 1138
f 1300 1299 1219
f 1381 1380 1300
f 1462 1461 1381
f 1543 1542 1462
f 1624 1623 1543
f 1705 1704 1624
f 1786 1785 1705
f 1867 1866 1786
f 1948 1947 1867
f 2029 2028 1948
f 2110 2109 2029
f 2191 2190 2110
f 2272 2271 2191
f 2353 2352 2272
f 2434 2433 2353
f 2515 2514 2434
f 2596 2595 2515
f 2677 2676 2596
f 2758 2757 2677
f 2839 2838 2758
f 2920 2919 2839
f 3001 3000 2920
f 3082 3081 3001
f 3163 3162 3082
f 3244 3243 3163
f 3325 3324 3244
f 3406 3405 3325
f 3487 3486 3406
f 3568 3567 3487
f 3649 3648 3568
f 3730 3729 3649
f 3811 3810 3730
f 3892 3891 3811
f 3973 3972 3892
f 4054 4053 3973
f 4135 4134 4054
f 4216 4215 4135
f 4297 4296 4216
f 4378 4377 4297
f 4459 4458 4378
f 4540 4539 4459
f 4621 4620 4540
f 4702 4701 4621
f 4783 4782 4702
f 4864 4863 4783
f 4945 4944 4864
f 5026 5025 4945
f 5107 5106 5026
f 5188 5187 5107
f 5269 5268 5188
f 5350 5349 5269
f 5431 5430 5350
f 5512 5511 5431
f 5593 5592 5512
f 5674 5673 5593
f 5755 5754 5674
f 5836 5835 5755
f 5917 5916 5836
f 5998 5997 5917
f 6079 6078 5998
f 6160 6159 6079
f 6241 6240 6160
f 6322 6321 6241
f 6403 6402 6322
f 6484 6483 6403
f 86 85 5
f 167 166 86
f 248 247 167
f 329 328 248
f 410 409 329
f 491 490 410
f 572 571 491
f 653 652 572
f 734 733 653
f 815 814 734
f 896 895 815
f 977 976 896
f 1058 1057 977
f 1139 1138 1058
f 1220 1219 1139
f 1301 1300 1220
f 1382 1381 1301
f 1463 1462 1382
f 1544 1543 1463
f 1625 1624 1544
f 1706 1705 1625
f 1787 1786 1706
f 1868 1867 1787
f 1949 1948 1868
f 2030 2029 1949
f 2111 2110 2030
f 2192 2191 2111
f 2273 2272 2192
f 2354 2353 2273
f 2435 2434 2354
f 2516 2515 2435
f 2597 2596 2516
f 2678 2677 2597
f 2759 2758 2678
f 2840 2839 2759
f 2921 2920 2840
f 3002 3001 2921
f 3083 3082 3002
f 3164 3163 3083
f 3245 3244 3164
f 3326 3325 3245
f 3407 3406 3326
f 3488 3487 3407
f 3569 3568 3488
f 3650 3649 3569
f 3731 3730 3650
f 3812 3811 3731
f 3893 3892 3812
f 3974 3973 3893
f 4055 4054 3974
f 4136 4135 4055
f 4217 4216 4136
f 4298 4297 4217
f 4379 4378 4298
f 4460 4459 4379
f 4541 4540 4460
f 4622 4621 4541
f 4703 4702 4622
f 4784 4783 4703
f 4865 4864 4784
f 4946 4945 4865
f 5027 5026 4946
f 5108 5107 5027
f 5189 5188 5108
f 5270 5269 5189
f 5351 5350 5270
f 5432 5431 5351
f 5513 5512 5432
f 5594 5593 5513
f 5675 5674 5594
f 5756 5755 5675
f 5837 5836 5756
f 5918 5917 5837
f 5999 5998 5918
f 6080 6079 5999
f 6161 6160 6080
f 6242 6241 6161
f 6323 6322 6242
f 6404 6403 6323
f 6485 6484 6404
f 87 86 6
f 168 167 87
f 249 248 168
f 330 329 249
f 411 410 330
f 492 491 411
f 573 572 492
f 654 653 573
f 735 734 654
f 816 815 735
f 897 896 816
f 978 977 897
f 1059 1058 978
f 1140 1139 1059
f 1221 1220 1140
f 1302 1301 1221
f 1383 1382 1302
f 1464 1463 1383
f 1545 1544 1464
f 1626 1625 1545
f 1707 1706 1626
f 1788 1787 1707
f 1869 1868 1788
f 1950 1949 1869
f 2031 2030 1950
f 2112 2111 2031
f 2193 2192 2112
f 2274 2273 2193
f 2355 2354 2274
f 2436 2435 2355
f 2517 2516 2436
f 2598 2597 2517
f 2679 2678 2598
f 2760 2759 2679
f 2841 2840 2760
f 2922 2921 2841
f 3003 3002 2922
f 3084 3083 3003
f 3165 3164 3084
f 3246 3245 3165
f 3327 3326 3246
f 3408 3407 3327
f 3489 3488 3408
f 3570 3569 3489
f 3651 3650 3570
f 3732 3731 3651
f 3813 3812 3732
f 3894 3893 3813
f 3975 3974 3894
f 4056 4055 3975
f 4137 4136 4056
f 4218 4217 4137
f 4299 4298 4218
f 4380 4379 4299
f 4461 4460 4380
f 4542 4541 4461
f 4623 4622 4542
f 4704 4703 4623
f 4785 4784 4704
f 4866 4865 4785
f 4947 4946 4866
f 5028 5027 4947
f 5109 5108 5028
f 5190 5189 5109
f 5271 5270 5190
f 5352 5351 5271
f 5433 5432 5352
f 5514 5513 5433
f 5595 5594 5514
f 5676 5675 5595
f 5757 5756 5676
f 5838 5837 5757
f 5919 5918 5838
f 6000 5999 5919
f 6081 6080 6000
f 6162 6161 6081
f 6243 6242 6162
f 6324 6323 6243
f 6405 6404 6324
f 6486 6485 6405
f 88 87 7
f 169 168 88
f 250 249 169
f 331 330 250
f 412 411 331
f 493 492 412
f 574 573 493
f 655 654 574
f 736 735 655
f 817 816 736
f 898 897 817
f 979 978 898
f 1060 1059 979
f 1141 1140 1060
f 1222 1221 1141
f 1303 1302 1222
f 1384 1383 1303
f 1465 1464 1384
f 1546 1545 1465
f 1627 1626 1546
f 1708 1707 1627
f 1789 1788 1708
f 1870 1869 1789
f 1951 1950 1870
f 2032 2031 1951
f 2113 2112 2032
f 2194 2193 2113
f 2275 2274 2194
f 2356 2355 2275
f 2437 2436 2356
f 2518 2517 2437
f 2599 2598 2518
f 2680 2679 2599
f 2761 2760 2680
f 2842 2841 2761
f 2923 2922 2842
f 3004 3003 2923
f 3085 3084 3004
f 3166 3165 3085
f 3247 3246 3166
f 3328 3327 3247
f 3409 3408 3328
f 3490 3489 3409
f 3571 3570 3490
f 3652 3651 3571
f 3733 3732 3652
f 3814 3813 3733
f 3895 3894 3814
f 3976 3975 3895
f 4057 4056 3976
f 4138 4137 4057
f 4219 4218 4138
f 4300 4299 4219
f 4381 4380 4300
f 4462 4461 4381
f 4543 4542 4462
f 4624 4623 4543
f 4705 4704 4624
f 4786 4785 4705
f 4867 4866 4786
f 4948 4947 4867
f 5029 5028 4948
f 5110 5109 5029
f 5191 5190 5110
f 5272 5271 5191
f 5353 5352 5272
f 5434 5433 5353
f 5515 5514 5434
f 5596 5595 5515
f 5677 5676 5596
f 5758 5757 5677
f 5839 5838 5758
f 5920 5919 5839
f 6001 6000 5920
f 6082 6081 6001
f 6163 6162 6082
f 6244 6243 6163
f 6325 6324 6244
f 6406 6405 6325
f 6487 6486 6406
f 89 88 8
f 170 169 89
f 251 250 170
f 332 331 251
f 413 412 332
f 494 493 413
f 575 574 494
f 656 655 575
f 737 736 656
f 818 817 737
f 899 898 818
f 980 979 899
f 1061 1060 980
f 1142 1141 1061
f 1223 1222 1142
f 1304 1303 1223
f 1385 1384 1304
f 1466 1465 1385
f 1547 1546 1466
f 1628 1627 1547
f 1709 1708 1628
f 1790 1789 1709
f 1871 1870 1790
f 1952 1951 1871
f 2033 2032 1952
f 2114 2113 2033
f 2195 2194 2114
f 2276 2275 2195
f 2357 2356 2276
f 2438 2437 2357
f 2519 2518 2438
f 2600 2599 2519
f 2681 2680 2600
f 2762 2761 2681
f 2843 2842 2762
f 2924 2923 2843
f 3005 3004 2924
f 3086 3085 3005
f 3167 3166 3086
f 3248 3247 3167
f 3329 3328 3248
f 3410 3409 3329
f 3491 3490 3410
f 3572 3571 3491
f 3653 3652 3572
f 3734 3733 3653
f 3815 3814 3734
f 3896 3895 3815
f 3977 3976 3896
f 4058 4057 3977
f 4139 4138 4058
f 4220 4219 4139
f 4301 4300 4220
f 4382 4381 4301
f 4463 4462 4382
f 4544 4543 4463
f 4625 4624 4544
f 4706 4705 4625
f 4787 4786 4706
f 4868 4867 4787
f 4949 4948 4868
f 5030 5029 4949
f 5111 5110 5030
f 5192 5191 5111
f 5273 5272 5192
f 5354 5353 5273
f 5435 5434 5354
f 5516 5515 5435
f 5597 5596 5516
f 5678 5677 5597
f 5759 5758 5678
f 5840 5839 5759
f 5921 5920 5840
f 6002 6001 5921
f 6083 6082 6002
f 6164 6163 6083
f 6245 6244 6164
f 6326 6325 6245
f 6407 6406 6326
f 6488 6487 6407
f 90 89 9
f 171 170 90
f 252 251 171
f 333 332 252
f 414 413 333
f 495 494 414
f 576 575 495
f 657 656 576
f 738 737 657
f 819 818 738
f 900 899 819
f 981 980 900
f 1062 1061 981
f 1143 1142 1062
f 1224 1223 1143
f 1305 1304 1224
f 1386 1385 1305
f 1467 1466 1386
f 1548 1547 1467
f 1629 1628 1548
f 1710 1709 1629
f 1791 1790 1710
f 1872 1871 1791
f 1953 1952 1872
f 2034 2033 1953
f 2115 2114 2034
f 2196 2195 2115
f 2277 2276 2196
f 2358 2357 2277
f 2439 2438 2358
f 2520 2519 2439
f 2601 2600 2520
f 2682 2681 2601
f 2763 2762 2682
f 2844 2843 2763
f 2925 2924 2844
f 3006 3005 2925
f 3087 3086 3006
f 3168 3167 3087
f 3249 3248 3168
f 3330 3329 3249
f 3411 3410 3330
f 3492 3491 3411
f 3573 3572 3492
f 3654 3653 3573
f 3735 3734 3654
f 3816 3815 3735
f 3897 3896 3816
f 3978 3977 3897
f 4059 4058 3978
f 4140 4139 4059
f 4221 4220 4140
f 4302 4301 4221
f 4383 4382 4302
f 4464 4463 4383
f 4545 4544 4464
f 4626 4625 4545
f 4707 4706 4626
f 4788 4787 4707
f 4869 4868 4788
f 4950 4949 4869
f 5031 5030 4950
f 5112 5111 5031
f 5193 5192 5112
f 5274 5273 5193
f 5355 5354 5274
f 5436 5435 5355
f 5517 5516 5436
f 5598 5597 5517
f 5679 5678 5598
f 5760 5759 5679
f 5841 5840 5760
f 5922 5921 5841
f 6003 6002 5922
f 6084 6083 6003
f 6165 6164 6084
f 6246 6245 6165
f 6327 6326 6246
f 6408 6407 6327
f 6489 6488 6408
f 91 90 10
f 172 171 91
f 253 252 172
f 334 333 253
f 415 414 334
f 496 495 415
f 577 576 496
f 658 657 577
f 739 738 658
f 820 819 739
f 901 900 820
f 982 981 901
f 1063 1062 982
f 1144 1143 1063
f 1225 1224 1144
f 1306 1305 1225
f 1387 1386 1306
f 1468 1467 1387
f 1549 1548 1468
f 1630 1629 1549
f 1711 1710 1630
f 1792 1791 1711
f 1873 1872 1792
f 1954 1953 1873
f 2035 2034 1954
f 2116 2115 2035
f 2197 2196 2116
f 2278 2277 2197
f 2359 2358 2278
f 2440 2439 2359
f 2521 2520 2440
f 2602 2601 2521
f 2683 2682 2602
f 2764 2763 2683
f 2845 2844 2764
f 2926 2925 2845
f 3007 3006 2926
f 3088 3087 3007
f 3169 3168 3088
f 3250 3249 3169
f 3331 3330 3250
f 3412 3411 3331
f 3493 3492 3412
f 3574 3573 3493
f 3655 3654 3574
f 3736 3735 3655
f 3817 3816 3736
f 3898 3897 3817
f 3979 3978 3898
f 4060 4059 3979
f 4141 4140 4060
f 4222 4221 4141
f 4303 4302 4222
f 4384 4383 4303
f 4465 4464 4384
f 4546 4545 4465
f 4627 4626 4546
f 4708 4707 4627
f 4789 4788 4708
f 4870 4869 4789
f 4951 4950 4870
f 5032 5031 4951
f 5113 5112 5032
f 5194 5193 5113
f 5275 5274 5194
f 5356 5355 5275
f 5437 5436 5356
f 5518 5517 5437
f 5599 5598 5518
f 5680 5679 5599
f 5761 5760 5680
f 5842 5841 5761
f 5923 5922 5842
f 6004 6003 5923
f 6085 6084 6004
f 6166 6165 6085
f 6247 6246 6166
f 6328 6327 6247
f 6409 6408 6328
f 6490 6489 6409
f 92 91 11
f 173 172 92
f 254 253 173
f 335 334 254
f 416 415 335
f 497 496 416
f 578 577 497
f 659 658 578
f 740 739 659
f 821 820 740
f 902 901 821
f 983 982 902
f 1064 1063 983
f 1145 1144 1064
f 1226 1225 1145
f 1307 1306 1226
f 1388 1387 1307
f 1469 1468 1388
f 1550 1549 1469
f 1631 1630 1550
f 1712 1711 1631
f 1793 1792 1712
f 1874 1873 1793
f 1955 1954 1874
f 2036 2035 1955
f 2117 2116 2036
f 2198 2197 2117
f 2279 2278 2198
f 2360 2359 2279
f 2441 2440 2360
f 2522 2521 2441
f 2603 2602 2522
f 2684 2683 2603
f 2765 2764 2684
f 2846 2845 2765
f 2927 2926 2846
f 3008 3007 2927
f 3089 3088 3008
f 3170 3169 3089
f 3251 3250 3170
f 3332 3331 3251
f 3413 3412 3332
f 3494 3493 3413
f 3575 3574 3494
f 3656 3655 3575
f 3737 3736 3656
f 3818 3817 3737
f 3899 3898 3818
f 3980 3979 3899
f 4061 4060 3980
f 4142 4141 4061
f 4223 4222 4142
f 4304 4303 4223
f 4385 4384 4304
f 4466 4465 4385
f 4547 4546 4466
f 4628 4627 4547
f 4709 4708 4628
f 4790 4789 4709
f 4871 4870 4790
f 4952 4951 4871
f 5033 5032 4952
f 5114 5113 5033
f 5195 5194 5114
f 5276 5275 5195
f 5357 5356 5276
f 5438 5437 5357
f 5519 5518 5438
f 5600 5599 5519
f 5681 5680 5600
f 5762 5761 5681
f 5843 5842 5762
f 5924 5923 5843
f 6005 6004 5924
f 6086 6085 6005
f 6167 6166 6086
f 6248 6247 6167
f 6329 6328 6248
f 6410 6409 6329
f 6491 6490 6410
f 93 92 12
f 174 173 93
f 255 254 174
f 336 335 255
f 417 416 336
f 498 497 417
f 579 578 498
f 660 659 579
f 741 740 660
f 822 821 741
f 903 902 822
f 984 983 903
f 1065 1064 984
f 1146 1145 1065
f 1227 1226 1146
f 1308 1307 1227
f 1389 1388 1308
f 1470 1469 1389
f 1551 1550 1470
f 1632 1631 1551
f 1713 1712 1632
f 1794 1793 1713
f 1875 1874 1794
f 1956 1955 1875
f 2037 2036 1956
f 2118 2117 2037
f 2199 2198 2118
f 2280 2279 2199
f 2361 2360 2280
f 2442 2441 2361
f 2523 2522 2442
f 2604 2603 2523
f 2685 2684 2604
f 2766 2765 2685
f 2847 2846 2766
f 2928 2927 2847
f 3009 3008 2928
f 3090 3089 3009
f 3171 3170 3090
f 3252 3251 3171
f 3333 3332 3252
f 3414 3413 3333
f 3495 3494 3414
f 3576 3575 3495
f 3657 3656 3576
f 3738 3737 3657
f 3819 3818 3738
f 3900 3899 3819
f 3981 3980 3900
f 4062 4061 3981
f 4143 4142 4062
f 4224 4223 4143
f 4305 4304 4224
f 4386 4385 4305
f 4467 4466 4386
f 4548 4547 4467
f 4629 4628 4548
f 4710 4709 4629
f 4791 4790 4710
f 4872 4871 4791
f 4953 4952 4872
f 5034 5033 4953
f 5115 5114 5034
f 5196 5195 5115
f 5277 5276 5196
f 5358 5357 5277
f 5439 5438 5358
f 5520 5519 5439
f 5601 5600 5520
f 5682 5681 5601
f 5763 5762 5682
f 5844 5843 5763
f 5925 5924 5844
f 6006 6005 5925
f 6087 6086 6006
f 6168 6167 6087
f 6249 6248 6168
f 6330 6329 6249
f 6411 6410 6330
f 6492 6491 6411
f 94 93 13
f 175 174 94
f 256 255 175
f 337 336 256
f 418 417 337
f 499 498 418
f 580 579 499
f 661 660 580
f 742 741 661
f 823 822 742
f 904 903 823
f 985 984 904
f 1066 1065 985
f 1147 1146 1066
f 1228 1227 1147
f 1309 1308 1228
f 1390 1389 1309
f 1471 1470 1390
f 1552 1551 1471
f 1633 1632 1552
f 1714 1713 1633
f 1795 1794 1714
f 1876 1875 1795
f 1957 1956 1876
f 2038 2037 1957
f 2119 2118 2038
f 2200 2199 2119
f 2281 2280 2200
f 2362 2361 2281
f 2443 2442 2362
f 2524 2523 2443
f 2605 2604 2524
f 2686 2685 2605
f 2767 2766 2686
f 2848 2847 2767
f 2929 2928 2848
f 3010 3009 2929
f 3091 3090 3010
f 3172 3171 3091
f 3253 3252 3172
f 3334 3333 3253
f 3415 3414 3334
f 3496 3495 3415
f 3577 3576 3496
f 3658 3657 3577
f 3739 3738 3658
f 3820 3819 3739
f 3901 3900 3820
f 3982 3981 3901
f 4063 4062 3982
f 4144 4143 4063
f 4225 4224 4144
f 4306 4305 4225
f 4387 4386 4306
f 4468 4467 4387
f 4549 4548 4468
f 4630 4629 4549
f 4711 4710 4630
f 4792 4791 4711
f 4873 4872 4792
f 4954 4953 4873
f 5035 5034 4954
f 5116 5115 5035
f 5197 5196 5116
f 5278 5277 5197
f 5359 5358 5278
f 5440 5439 5359
f 5521 5520 5440
f 5602 5601 5521
f 5683 5682 5602
f 5764 5763 5683
f 5845 5844 5764
f 5926 5925 5845
f 6007 6006 5926
f 6088 6087 6007
f 6169 6168 6088
f 6250 6249 6169
f 6331 6330 6250
f 6412 6411 6331
f 6493 6492 6412
f 95 94 14
f 176 175 95
f 257 256 176
f 338 337 257
f 419 418 338
f 500 499 419
f 581 580 500
f 662 661 581
f 743 742 662
f 824 823 743
f 905 904 824
f 986 985 905
f 1067 1066 986
f 1148 1147 1067
f 1229 1228 1148
f 1310 1309 1229
f 1391 1390 1310
f 1472 1471 1391
f 1553 1552 1472
f 1634 1633 1553
f 1715 1714 1634
f 1796 1795 1715
f 1877 1876 1796
f 1958 1957 1877
f 2039 2038 1958
f 2120 2119 2039
f 2201 2200 2120
f 2282 2281 2201
f 2363 2362 2282
f 2444 2443 2363
f 2525 2524 2444
f 2606 2605 2525
f 2687 2686 2606
f 2768 2767 2687
f 2849 2848 2768
f 2930 2929 2849
f 3011 3010 2930
f 3092 3091 3011
f 3173 3172 3092
f 3254 3253 3173
f 3335 3334 3254
f 3416 3415 3335
f 3497 3496 3416
f 3578 3577 3497
f 3659 3658 3578
f 3740 3739 3659
f 3821 3820 3740
f 3902 3901 3821
f 3983 3982 3902
f 4064 4063 3983
f 4145 4144 4064
f 4226 4225 4145
f 4307 4306 4226
f 4388 4387 4307
f 4469 4468 4388
f 4550 4549 4469
f 4631 4630 4550
f 4712 4711 4631
f 4793 4792 4712
f 4874 4873 4793
f 4955 4954 4874
f 5036 5035 4955
f 5117 5116 5036
f 5198 5197 5117
f 5279 5278 5198
f 5360 5359 5279
f 5441 5440 5360
f 5522 5521 5441
f 5603 5602 5522
f 5684 5683 5603
f 5765 5764 5684
f 5846 5845 5765
f 5927 5926 5846
f 6008 6007 5927
f 6089 6088 6008
f 6170 6169 6089
f 6251 6250 6170
f 6332 6331 6251
f 6413 6412 6332
f 6494 6493 6413
f 96 95 15
f 177 176 96
f 258 257 177
f 339 338 258
f 420 419 339
f 501 500 420
f 582 581 501
f 663 662 582
f 744 743 663
f 825 824 744
f 906 905 825
f 987 986 906
f 1068 1067 987
f 1149 1148 1068
f 1230 1229 1149
f 1311 1310 1230
f 1392 1391 1311
f 1473 1472 1392
f 1554 1553 1473
f 1635 1634 1554
f 1716 1715 1635
f 1797 1796 1716
f 1878 1877 1797
f 1959 1958 1878
f 2040 2039 1959
f 2121 2120 2040
f 2202 2201 2121
f 2283 2282 2202
f 2364 2363 2283
f 2445 2444 2364
f 2526 2525 2445
f 2607 2606 2526
f 2688 2687 2607
f 2769 2768 2688
f 2850 2849 2769
f 2931 2930 2850
f 3012 3011 2931
f 3093 3092 3012
f 3174 3173 3093
f 3255 3254 3174
f 3336 3335 3255
f 3417 3416 3336
f 3498 3497 3417
f 3579 3578 3498
f 3660 3659 3579
f 3741 3740 3660
f 3822 3821 3741
f 3903 3902 3822
f 3984 3983 3903
f 4065 4064 3984
f 4146 4145 4065
f 4227 4226 4146
f 4308 4307 4227
f 4389 4388 4308
f 4470 4469 4389
f 4551 4550 4470
f 4632 4631 4551
f 4713 4712 4632
f 4794 4793 4713
f 4875 4874 4794
f 4956 4955 4875
f 5037 5036 4956
f 5118 5117 5037
f 5199 5198 5118
f 5280 5279 5199
f 5361 5360 5280
f 5442 5441 5361
f 5523 5522 5442
f 5604 5603 5523
f 5685 5684 5604
f 5766 5765 5685
f 5847 5846 5766
f 5928 5927 5847
f 6009 6008 5928
f 6090 6089 6009
f 6171 6170 6090
f 6252 6251 6171
f 6333 6332 6252
f 6414 6413 6333
f 6495 6494 6414
f 97 96 16
f 178 177 97
f 259 258 178
f 340 339 259
f 421 420 340
f 502 501 421
f 583 582 502
f 664 663 583
f 745 744 664
f 826 825 745
f 907 906 826
f 988 987 907
f 1069 1068 988
f 1150 1149 1069
f 1231 1230 1150
f 1312 1311 1231
f 1393 1392 1312
f 1474 1473 1393
f 1555 1554 1474
f 1636 1635 1555
f 1717 1716 1636
f 1798 1797 1717
f 1879 1878 1798
f 1960 1959 1879
f 2041 2040 1960
f 2122 2121 2041
f 2203 2202 2122
f 2284 2283 2203
f 2365 2364 2284
f 2446 2445 2365
f 2527 2526 2446
f 2608 2607 2527
f 2689 2688 2608
f 2770 2769 2689
f 2851 2850 2770
f 2932 2931 2851
f 3013 3012 2932
f 3094 3093 3013
f 3175 3174 3094
f 3256 3255 3175
f 3337 3336 3256
f 3418 3417 3337
f 3499 3498 3418
f 3580 3579 3499
f 3661 3660 3580
f 3742 3741 3661
f 3823 3822 3742
f 3904 3903 3823
f 3985 3984 3904
f 4066 4065 3985
f 4147 4146 4066
f 4228 4227 4147
f 4309 4308 4228
f 4390 4389 4309
f 4471 4470 4390
f 4552 4551 4471
f 4633 4632 4552
f 4714 4713 4633
f 4795 4794 4714
f 4876 4875 4795
f 4957 4956 4876
f 5038 5037 4957
f 5119 5118 5038
f 5200 5199 5119
f 5281 5280 5200
f 5362 5361 5281
f 5443 5442 5362
f 5524 5523 5443
f 5605 5604 5524
f 5686 5685 5605
f 5767 5766 5686
f 5848 5847 5767
f 5929 5928 5848
f 6010 6009 5929
f 6091 6090 6010
f 6172 6171 6091
f 6253 6252 6172
f 6334 6333 6253
f 6415 6414 6334
f 6496 6495 6415
f 98 97 17
f 179 178 98
f 260 259 179
f 341 340 260
f 422 421 341
f 503 502 422
f 584 583 503
f 665 664 584
f 746 745 665
f 827 826 746
f 908 907 827
f 989 988 908
f 1070 1069 989
f 1151 1150 1070
f 1232 1231 1151
f 1313 1312 1232
f 1394 1393 1313
f 1475 1474 1394
f 1556 1555 1475
f 1637 1636 1556
f 1718 1717 1637
f 1799 1798 1718
f 1880 1879 1799
f 1961 1960 1880
f 2042 2041 1961
f 2123 2122 2042
f 2204 2203 2123
f 2285 2284 2204
f 2366 2365 2285
f 2447 2446 2366
f 2528 2527 2447
f 2609 2608 2528
f 2690 2689 2609
f 2771 2770 2690
f 2852 2851 2771
f 2933 2932 2852
f 3014 3013 2933
f 3095 3094 3014
f 3176 3175 3095
f 3257 3256 3176
f 3338 3337 3257
f 3419 3418 3338
f 3500 3499 3419
f 3581 3580 3500
f 3662 3661 3581
f 3743 3742 3662
f 3824 3823 3743
f 3905 3904 3824
f 3986 3985 3905
f 4067 4066 3986
f 4148 4147 4067
f 4229 4228 4148
f 4310 4309 4229
f 4391 4390 4310
f 4472 4471 4391
f 4553 4552 4472
f 4634 4633 4553
f 4715 4714 4634
f 4796 4795 4715
f 4877 4876 4796
f 4958 4957 4877
f 5039 5038 4958
f 5120 5119 5039
f 5201 5200 5120
f 5282 5281 5201
f 5363 5362 5282
f 5444 5443 5363
f 5525 5524 5444
f 5606 5605 5525
f 5687 5686 5606
f 5768 5767 5687
f 5849 5848 5768
f 5930 5929 5849
f 6011 6010 5930
f 6092 6091 6011
f 6173 6172 6092
f 6254 6253 6173
f 6335 6334 6254
f 6416 6415 6335
f 6497 6496 6416
f 99 98 18
f 180 179 99
f 261 260 180
f 342 341 261
f 423 422 342
f 504 503 423
f 585 584 504
f 666 665 585
f 747 746 666
f 828 827 747
f 909 908 828
f 990 989 909
f 1071 1070 990
f 1152 1151 1071
f 1233 1232 1152
f 1314 1313 1233
f 1395 1394 1314
f 1476 1475 1395
f 1557 1556 1476
f 1638 1637 1557
f 1719 1718 1638
f 1800 1799 1719
f 1881 1880 1800
f 1962 1961 1881
f 2043 2042 1962
f 2124 2123 2043
f 2205 2204 2124
f 2286 2285 2205
f 2367 2366 2286
f 2448 2447 2367
f 2529 2528 2448
f 2610 2609 2529
f 2691 2690 2610
f 2772 2771 2691
f 2853 2852 2772
f 2934 2933 2853
f 3015 3014 2934
f 3096 3095 3015
f 3177 3176 3096
f 3258 3257 3177
f 3339 3338 3258
f 3420 3419 3339
f 3501 3500 3420
f 3582 3581 3501
f 3663 3662 3582
f 3744 3743 3663
f 3825 3824 3744
f 3906 3905 3825
f 3987 3986 3906
f 4068 4067 3987
f 4149 4148 4068
f 4230 4229 4149
f 4311 4310 4230
f 4392 4391 4311
f 4473 4472 4392
f 4554 4553 4473
f 4635 4634 4554
f 4716 4715 4635
f 4797 4796 4716
f 4878 4877 4797
f 4959 4958 4878
f 5040 5039 4959
f 5121 5120 5040
f 5202 5201 5121
f 5283 5282 5202
f 5364 5363 5283
f 5445 5444 5364
f 5526 5525 5445
f 5607 5606 5526
f 5688 5687 5607
f 5769 5768 5688
f 5850 5849 5769
f 5931 5930 5850
f 6012 6011 5931
f 6093 6092 6012
f 6174 6173 6093
f 6255 6254 6174
f 6336 6335 6255
f 6417 6416 6336
f 6498 6497 6417
f 100 99 19
f 181 180 100
f 262 261 181
f 343 342 262
f 424 423 343
f 505 504 424
f 586 585 505
f 667 666 586
f 748 747 667
f 829 828 748
f 910 909 829
f 991 990 910
f 1072 1071 991
f 1153 1152 1072
f 1234 1233 1153
f 1315 1314 1234
f 1396 1395 1315
f 1477 1476 1396
f 1558 1557 1477
f 1639 1638 1558
f 1720 1719 1639
f 1801 1800 1720
f 1882 1881 1801
f 1963 1962 1882
f 2044 2043 1963
f 2125 2124 2044
f 2206 2205 2125
f 2287 2286 2206
f 2368 2367 2287
f 2449 2448 2368
f 2530 2529 2449
f 2611 2610 2530
f 2692 2691 2611
f 2773 2772 2692
f 2854 2853 2773
f 2935 2934 2854
f 3016 3015 2935
f 3097 3096 3016
f 3178 3177 3097
f 3259 3258 3178
f 3340 3339 3259
f 3421 3420 3340
f 3502 3501 3421
f 3583 3582 3502
f 3664 3663 3583
f 3745 3744 3664
f 3826 3825 3745
f 3907 3906 3826
f 3988 3987 3907
f 4069 4068 3988
f 4150 4149 4069
f 4231 4230 4150
f 4312 4311 4231
f 4393 4392 4312
f 4474 4473 4393
f 4555 4554 4474
f 4636 4635 4555
f 4717 4716 4636
f 4798 4797 4717
f 4879 4878 4798
f 4960 4959 4879
f 5041 5040 4960
f 5122 5121 5041
f 5203 5202 5122
f 5284 5283 5203
f 5365 5364 5284
f 5446 5445 5365
f 5527 5526 5446
f 5608 5607 5527
f 5689 5688 5608
f 5770 5769 5689
f 5851 5850 5770
f 5932 5931 5851
f 6013 6012 5932
f 6094 6093 6013
f 6175 6174 6094
f 6256 6255 6175
f 6337 6336 6256
f 6418 6417 6337
f 6499 6498 6418
f 101 100 20
f 182 181 101
f 263 262 182
f 344 343 263
f 425 424 344
f 506 505 425
f 587 586 506
f 668 667 587
f 749 748 668
f 830 829 749
f 911 910 830
f 992 991 911
f 1073 1072 992
f 1154 1153 1073
f 1235 1234 1154
f 1316 1315 1235
f 1397 1396 1316
f 1478 1477 1397
f 1559 1558 1478
f 1640 1639 1559
f 1721 1720 1640
f 1802 1801 1721
f 1883 1882 1802
f 1964 1963 1883
f 2045 2044 1964
f 2126 2125 2045
f 2207 2206 2126
f 2288 2287 2207
f 2369 2368 2288
f 2450 2449 2369
f 2531 2530 2450
f 2612 2611 2531
f 2693 2692 2612
f 2774 2773 2693
f 2855 2854 2774
f 2936 2935 2855
f 3017 3016 2936
f 3098 3097 3017
f 3179 3178 3098
f 3260 3259 3179
f 3341 3340 3260
f 3422 3421 3341
f 3503 3502 3422
f 3584 3583 3503
f 3665 3664 3584
f 3746 3745 3665
f 3827 3826 3746
f 3908 3907 3827
f 3989 3988 3908
f 4070 4069 3989
f 4151 4150 4070
f 4232 4231 4151
f 4313 4312 4232
f 4394 4393 4313
f 4475 4474 4394
f 4556 4555 4475
f 4637 4636 4556
f 4718 4717 4637
f 4799 4798 4718
f 4880 4879 4799
f 4961 4960 4880
f 5042 5041 4961
f 5123 5122 5042
f 5204 5203 5123
f 5285 5284 5204
f 5366 5365 5285
f 5447 5446 5366
f 5528 5527 5447
f 5609 5608 5528
f 5690 5689 5609
f 5771 5770 5690
f 5852 5851 5771
f 5933 5932 5852
f 6014 6013 5933
f 6095 6094 6014
f 6176 6175 6095
f 6257 6256 6176
f 6338 6337 6257
f 6419 6418 6338
f 6500 6499 6419
f 102 101 21
f 183 182 102
f 264 263 183
f 345 344 264
f 426 425 345
f 507 506 426
f 588 587 507
f 669 668 588
f 750 749 669
f 831 830 750
f 912 911 831
f 993 992 912
f 1074 1073 993
f 1155 1154 1074
f 1236 1235 1155
f 1317 1316 1236
f 1398 1397 1317
f 1479 1478 1398
f 1560 1559 1479
f 1641 1640 1560
f 1722 1721 1641
f 1803 1802 1722
f 1884 1883 1803
f 1965 1964 1884
f 2046 2045 1965
f 2127 2126 2046
f 2208 2207 2127
f 2289 2288 2208
f 2370 2369 2289
f 2451 2450 2370
f 2532 2531 2451
f 2613 2612 2532
f 2694 2693 2613
f 2775 2774 2694
f 2856 2855 2775
f 2937 2936 2856
f 3018 3017 2937
f 3099 3098 3018
f 3180 3179 3099
f 3261 3260 3180
f 3342 3341 3261
f 3423 3422 3342
f 3504 3503 3423
f 3585 3584 3504
f 3666 3665 3585
f 3747 3746 3666
f 3828 3827 3747
f 3909 3908 3828
f 3990 3989 3909
f 4071 4070 3990
f 4152 4151 4071
f 4233 4232 4152
f 4314 4313 4233
f 4395 4394 4314
f 4476 4475 4395
f 4557 4556 4476
f 4638 4637 4557
f 4719 4718 4638
f 4800 4799 4719
f 4881 4880 4800
f 4962 4961 4881
f 5043 5042 4962
f 5124 5123 5043
f 5205 5204 5124
f 5286 5285 5205
f 5367 5366 5286
f 5448 5447 5367
f 5529 5528 5448
f 5610 5609 5529
f 5691 5690 5610
f 5772 5771 5691
f 5853 5852 5772
f 5934 5933 5853
f 6015 6014 5934
f 6096 6095 6015
f 6177 6176 6096
f 6258 6257 6177
f 6339 6338 6258
f 6420 6419 6339
f 6501 6500 6420
f 103 102 22
f 184 183 103
f 265 264 184
f 346 345 265
f 427 426 346
f 508 507 427
f 589 588 508
f 670 669 589
f 751 750 670
f 832 831 751
f 913 912 832
f 994 993 913
f 1075 1074 994
f 1156 1155 1075
f 1237 1236 1156
f 1318 1317 1237
f 1399 1398 1318
f 1480 1479 1399
f 1561 1560 1480
f 1642 1641 1561
f 1723 1722 1642
f 1804 1803 1723
f 1885 1884 1804
f 1966 1965 1885
f 2047 2046 1966
f 2128 2127 2047
f 2209 2208 2128
f 2290 2289 2209
f 2371 2370 2290
f 2452 2451 2371
f 2533 2532 2452
f 2614 2613 2533
f 2695 2694 2614
f 2776 2775 2695
f 2857 2856 2776
f 2938 2937 2857
f 3019 3018 2938
f 3100 3099 3019
f 3181 3180 3100
f 3262 3261 3181
f 3343 3342 3262
f 3424 3423 3343
f 3505 3504 3424
f 3586 3585 3505
f 3667 3666 3586
f 3748 3747 3667
f 3829 3828 3748
f 3910 3909 3829
f 3991 3990 3910
f 4072 4071 3991
f 4153 4152 4072
f 4234 4233 4153
f 4315 4314 4234
f 4396 4395 4315
f 4477 4476 4396
f 4558 4557 4477
f 4639 4638 4558
f 4720 4719 4639
f 4801 4800 4720
f 4882 4881 4801
f 4963 4962 4882
f 5044 5043 4963
f 5125 5124 5044
f 5206 5205 5125
f 5287 5286 5206
f 5368 5367 5287
f 5449 5448 5368
f 5530 5529 5449
f 5611 5610 5530
f 5692 5691 5611
f 5773 5772 5692
f 5854 5853 5773
f 5935 5934 5854
f 6016 6015 5935
f 6097 6096 6016
f 6178 6177 6097
f 6259 6258 6178
f 6340 6339 6259
f 6421 6420 6340
f 6502 6501 6421
f 104 103 23
f 185 184 104
f 266 265 185
f 347 346 266
f 428 427 347
f 509 508 428
f 590 589 509
f 671 670 590
f 752 751 671
f 833 832 752
f 914 913 833
f 995 994 914
f 1076 1075 995
f 1157 1156 1076
f 1238 1237 1157
f 1319 1318 1238
f 1400 1399 1319
f 1481 1480 1400
f 1562 1561 1481
f 1643 1642 1562
f 1724 1723 1643
f 1805 1804 1724
f 1886 1885 1805
f 1967 1966 1886
f 2048 2047 1967
f 2129 2128 2048
f 2210 2209 2129
f 2291 2290 2210
f 2372 2371 2291
f 2453 2452 2372
f 2534 2533 2453
f 2615 2614 2534
f 2696 2695 2615
f 2777 2776 2696
f 2858 2857 2777
f 2939 2938 2858
f 3020 3019 2939
f 3101 3100 3020
f 3182 3181 3101
f 3263 3262 3182
f 3344 3343 3263
f 3425 3424 3344
f 3506 3505 3425
f 3587 3586 3506
f 3668 3667 3587
f 3749 3748 3668
f 3830 3829 3749
f 3911 3910 3830
f 3992 3991 3911
f 4073 4072 3992
f 4154 4153 4073
f 4235 4234 4154
f 4316 4315 4235
f 4397 4396 4316
f 4478 4477 4397
f 4559 4558 4478
f 4640 4639 4559
f 4721 4720 4640
f 4802 4801 4721
f 4883 4882 4802
f 4964 4963 4883
f 5045 5044 4964
f 5126 5125 5045
f 5207 5206 5126
f 5288 5287 5207
f 5369 5368 5288
f 5450 5449 5369
f 5531 5530 5450
f 5612 5611 5531
f 5693 5692 5612
f 5774 5773 5693
f 5855 5854 5774
f 5936 5935 5855
f 6017 6016 5936
f 6098 6097 6017
f 6179 6178 6098
f 6260 6259 6179
f 6341 6340 6260
f 6422 6421 6341
f 6503 6502 6422
f 105 104 24
f 186 185 105
f 267 266 186
f 348 347 267
f 429 428 348
f 510 509 429
f 591 590 510
f 672 671 591
f 753 752 672
f 834 833 753
f 915 914 834
f 996 995 915
f 1077 1076 996
f 1158 1157 1077
f 1239 1238 1158
f 1320 1319 1239
f 1401 1400 1320
f 1482 1481 1401
f 1563 1562 1482
f 1644 1643 1563
f 1725 1724 1644
f 1806 1805 1725
f 1887 1886 1806
f 1968 1967 1887
f 2049 2048 1968
f 2130 2129 2049
f 2211 2210 2130
f 2292 2291 2211
f 2373 2372 2292
f 2454 2453 2373
f 2535 2534 2454
f 2616 2615 2535
f 2697 2696 2616
f 2778 2777 2697
f 2859 2858 2778
f 2940 2939 2859
f 3021 3020 2940
f 3102 3101 3021
f 3183 3182 3102
f 3264 3263 3183
f 3345 3344 3264
f 3426 3425 3345
f 3507 3506 3426
f 3588 3587 3507
f 3669 3668 3588
f 3750 3749 3669
f 3831 3830 3750
f 3912 3911 3831
f 3993 3992 3912
f 4074 4073 3993
f 4155 4154 4074
f 4236 4235 4155
f 4317 4316 4236
f 4398 4397 4317
f 4479 4478 4398
f 4560 4559 4479
f 4641 4640 4560
f 4722 4721 4641
f 4803 4802 4722
f 4884 4883 4803
f 4965 4964 4884
f 5046 5045 4965
f 5127 5126 5046
f 5208 5207 5127
f 5289 5288 5208
f 5370 5369 5289
f 5451 5450 5370
f 5532 5531 5451
f 5613 5612 5532
f 5694 5693 5613
f 5775 5774 5694
f 5856 5855 5775
f 5937 5936 5856
f 6018 6017 5937
f 6099 6098 6018
f 6180 6179 6099
f 6261 6260 6180
f 6342 6341 6261
f 6423 6422 6342
f 6504 6503 6423
f 106 105 25
f 187 186 106
f 268 267 187
f 349 348 268
f 430 429 349
f 511 510 430
f 592 591 511
f 673 672 592
f 754 753 673
f 835 834 754
f 916 915 835
f 997 996 916
f 1078 1077 997
f 1159 1158 1078
f 1240 1239 1159
f 1321 1320 1240
f 1402 1401 1321
f 1483 1482 1402
f 1564 1563 1483
f 1645 1644 1564
f 1726 1725 1645
f 1807 1806 1726
f 1888 1887 1807
f 1969 1968 1888
f 2050 2049 1969
f 2131 2130 2050
f 2212 2211 2131
f 2293 2292 2212
f 2374 2373 2293
f 2455 2454 2374
f 2536 2535 2455
f 2617 2616 2536
f 2698 2697 2617
f 2779 2778 2698
f 2860 2859 2779
f 2941 2940 2860
f 3022 3021 2941
f 3103 3102 3022
f 3184 3183 3103
f 3265 3264 3184
f 3346 3345 3265
f 3427 3426 3346
f 3508 3507 3427
f 3589 3588 3508
f 3670 3669 3589
f 3751 3750 3670
f 3832 3831 3751
f 3913 3912 3832
f 3994 3993 3913
f 4075 4074 3994
f 4156 4155 4075
f 4237 4236 4156
f 4318 4317 4237
f 4399 4398 4318
f 4480 4479 4399
f 4561 4560 4480
f 4642 4641 4561
f 4723 4722 4642
f 4804 4803 4723
f 4885 4884 4804
f 4966 4965 4885
f 5047 5046 4966
f 5128 5127 5047
f 5209 5208 5128
f 5290 5289 5209
f 5371 5370 5290
f 5452 5451 5371
f 5533 5532 5452
f 5614 5613 5533
f 5695 5694 5614
f 5776 5775 5695
f 5857 5856 5776
f 5938 5937 5857
f 6019 6018 5938
f 6100 6099 6019
f 6181 6180 6100
f 6262 6261 6181
f 6343 6342 6262
f 6424 6423 6343
f 6505 6504 6424
f 107 106 26
f 188 187 107
f 269 268 188
f 350 349 269
f 431 430 350
f 512 511 431
f 593 592 512
f 674 673 593
f 755 754 674
f 836 835 755
f 917 916 836
f 998 997 917
f 1079 1078 998
f 1160 1159 1079
f 1241 1240 1160
f 1322 1321 1241
f 1403 1402 1322
f 1484 1483 1403
f 1565 1564 1484
f 1646 1645 1565
f 1727 1726 1646
f 1808 1807 1727
f 1889 1888 1808
f 1970 1969 1889
f 2051 2050 1970
f 2132 2131 2051
f 2213 2212 2132
f 2294 2293 2213
f 2375 2374 2294
f 2456 2455 2375
f 2537 2536 2456
f 2618 2617 2537
f 2699 2698 2618
f 2780 2779 2699
f 2861 2860 2780
f 2942 2941 2861
f 3023 3022 2942
f 3104 3103 3023
f 3185 3184 3104
f 3266 3265 3185
f 3347 3346 3266
f 3428 3427 3347
f 3509 3508 3428
f 3590 3589 3509
f 3671 3670 3590
f 3752 3751 3671
f 3833 3832 3752
f 3914 3913 3833
f 3995 3994 3914
f 4076 4075 3995
f 4157 4156 4076
f 4238 4237 4157
f 4319 4318 4238
f 4400 4399 4319
f 4481 4480 4400
f 4562 4561 4481
f 4643 4642 4562
f 4724 4723 4643
f 4805 4804 4724
f 4886 4885 4805
f 4967 4966 4886
f 5048 5047 4967
f 5129 5128 5048
f 5210 5209 5129
f 5291 5290 5210
f 5372 5371 5291
f 5453 5452 5372
f 5534 5533 5453
f 5615 5614 5534
f 5696 5695 5615
f 5777 5776 5696
f 5858 5857 5777
f 5939 5938 5858
f 6020 6019 5939
f 6101 6100 6020
f 6182 6181 6101
f 6263 6262 6182
f 6344 6343 6263
f 6425 6424 6344
f 6506 6505 6425
f 108 107 27
f 189 188 108
f 270 269 189
f 351 350 270
f 432 431 351
f 513 512 432
f 594 593 513
f 675 674 594
f 756 755 675
f 837 836 756
f 918 917 837
f 999 998 918
f 1080 1079 999
f 1161 1160 1080
f 1242 1241 1161
f 1323 1322 1242
f 1404 1403 1323
f 1485 1484 1404
f 1566 1565 1485
f 1647 1646 1566
f 1728 1727 1647
f 1809 1808 1728
f 1890 1889 1809
f 1971 1970 1890
f 2052 2051 1971
f 2133 2132 2052
f 2214 2213 2133
f 2295 2294 2214
f 2376 2375 2295
f 2457 2456 2376
f 2538 2537 2457
f 2619 2618 2538
f 2700 2699 2619
f 2781 2780 2700
f 2862 2861 2781
f 2943 2942 2862
f 3024 3023 2943
f 3105 3104 3024
f 3186 3185 3105
f 3267 3266 3186
f 3348 3347 3267
f 3429 3428 3348
f 3510 3509 3429
f 3591 3590 3510
f 3672 3671 3591
f 3753 3752 3672
f 3834 3833 3753
f 3915 3914 3834
f 3996 3995 3915
f 4077 4076 3996
f 4158 4157 4077
f 4239 4238 4158
f 4320 4319 4239
f 4401 4400 4320
f 4482 4481 4401
f 4563 4562 4482
f 4644 4643 4563
f 4725 4724 4644
f 4806 4805 4725
f 4887 4886 4806
f 4968 4967 4887
f 5049 5048 4968
f 5130 5129 5049
f 5211 5210 5130
f 5292 5291 5211
f 5373 5372 5292
f 5454 5453 5373
f 5535 5534 5454
f 5616 5615 5535
f 5697 5696 5616
f 5778 5777 5697
f 5859 5858 5778
f 5940 5939 5859
f 6021 6020 5940
f 6102 6101 6021
f 6183 6182 6102
f 6264 6263 6183
f 6345 6344 6264
f 6426 6425 6345
f 6507 6506 6426
f 109 108 28
f 190 189 109
f 271 270 190
f 352 351 271
f 433 432 352
f 514 513 433
f 595 594 514
f 676 675 595
f 757 756 676
f 838 837 757
f 919 918 838
f 1000 999 919
f 1081 1080 1000
f 1162 1161 1081
f 1243 1242 1162
f 1324 1323 1243
f 1405 1404 1324
f 1486 1485 1405
f 1567 1566 1486
f 1648 1647 1567
f 1729 1728 1648
f 1810 1809 1729
f 1891 1890 1810
f 1972 1971 1891
f 2053 2052 1972
f 2134 2133 2053
f 2215 2214 2134
f 2296 2295 2215
f 2377 2376 2296
f 2458 2457 2377
f 2539 2538 2458
f 2620 2619 2539
f 2701 2700 2620
f 2782 2781 2701
f 2863 2862 2782
f 2944 2943 2863
f 3025 3024 2944
f 3106 3105 3025
f 3187 3186 3106
f 3268 3267 3187
f 3349 3348 3268
f 3430 3429 3349
f 3511 3510 3430
f 3592 3591 3511
f 3673 3672 3592
f 3754 3753 3673
f 3835 3834 3754
f 3916 3915 3835
f 3997 3996 3916
f 4078 4077 3997
f 4159 4158 4078
f 4240 4239 4159
f 4321 4320 4240
f 4402 4401 4321
f 4483 4482 4402
f 4564 4563 4483
f 4645 4644 4564
f 4726 4725 4645
f 4807 4806 4726
f 4888 4887 4807
f 4969 4968 4888
f 5050 5049 4969
f 5131 5130 5050
f 5212 5211 5131
f 5293 5292 5212
f 5374 5373 5293
f 5455 5454 5374
f 5536 5535 5455
f 5617 5616 5536
f 5698 5697 5617
f 5779 5778 5698
f 5860 5859 5779
f 5941 5940 5860
f 6022 6021 5941
f 6103 6102 6022
f 6184 6183 6103
f 6265 6264 6184
f 6346 6345 6265
f 6427 6426 6346
f 6508 6507 6427
f 110 109 29
f 191 190 110
f 272 271 191
f 353 352 272
f 434 433 353
f 515 514 434
f 596 595 515
f 677 676 596
f 758 757 677
f 839 838 758
f 920 919 839
f 1001 1000 920
f 1082 1081 1001
f 1163 1162 1082
f 1244 1243 1163
f 1325 1324 1244
f 1406 1405 1325
f 1487 1486 1406
f 1568 1567 1487
f 1649 1648 1568
f 1730 1729 1649
f 1811 1810 1730
f 1892 1891 1811
f 1973 1972 1892
f 2054 2053 1973
f 2135 2134 2054
f 2216 2215 2135
f 2297 2296 2216
f 2378 2377 2297
f 2459 2458 2378
f 2540 2539 2459
f 2621 2620 2540
f 2702 2701 2621
f 2783 2782 2702
f 2864 2863 2783
f 2945 2944 2864
f 3026 3025 2945
f 3107 3106 3026
f 3188 3187 3107
f 3269 3268 3188
f 3350 3349 3269
f 3431 3430 3350
f 3512 3511 3431
f 3593 3592 3512
f 3674 3673 3593
f 3755 3754 3674
f 3836 3835 3755
f 3917 3916 3836
f 3998 3997 3917
f 4079 4078 3998
f 4160 4159 4079
f 4241 4240 4160
f 4322 4321 4241
f 4403 4402 4322
f 4484 4483 4403
f 4565 4564 4484
f 4646 4645 4565
f 4727 4726 4646
f 4808 4807 4727
f 4889 4888 4808
f 4970 4969 4889
f 5051 5050 4970
f 5132 5131 5051
f 5213 5212 5132
f 5294 5293 5213
f 5375 5374 5294
f 5456 5455 5375
f 5537 5536 5456
f 5618 5617 5537
f 5699 5698 5618
f 5780 5779 5699
f 5861 5860 5780
f 5942 5941 5861
f 6023 6022 5942
f 6104 6103 6023
f 6185 6184 6104
f 6266 6265 6185
f 6347 6346 6266
f 6428 6427 6347
f 6509 6508 6428
f 111 110 30
f 192 191 111
f 273 272 192
f 354 353 273
f 435 434 354
f 516 515 435
f 597 596 516
f 678 677 597
f 759 758 678
f 840 839 759
f 921 920 840
f 1002 1001 921
f 1083 1082 1002
f 1164 1163 1083
f 1245 1244 1164
f 1326 1325 1245
f 1407 1406 1326
f 1488 1487 1407
f 1569 1568 1488
f 1650 1649 1569
f 1731 1730 1650
f 1812 1811 1731
f 1893 1892 1812
f 1974 1973 1893
f 2055 2054 1974
f 2136 2135 2055
f 2217 2216 2136
f 2298 2297 2217
f 2379 2378 2298
f 2460 2459 2379
f 2541 2540 2460
f 2622 2621 2541
f 2703 2702 2622
f 2784 2783 2703
f 2865 2864 2784
f 2946 2945 2865
f 3027 3026 2946
f 3108 3107 3027
f 3189 3188 3108
f 3270 3269 3189
f 3351 3350 3270
f 3432 3431 3351
f 3513 3512 3432
f 3594 3593 3513
f 3675 3674 3594
f 3756 3755 3675
f 3837 3836 3756
f 3918 3917 3837
f 3999 3998 3918
f 4080 4079 3999
f 4161 4160 4080
f 4242 4241 4161
f 4323 4322 4242
f 4404 4403 4323
f 4485 4484 4404
f 4566 4565 4485
f 4647 4646 4566
f 4728 4727 4647
f 4809 4808 4728
f 4890 4889 4809
f 4971 4970 4890
f 5052 5051 4971
f 5133 5132 5052
f 5214 5213 5133
f 5295 5294 5214
f 5376 5375 5295
f 5457 5456 5376
f 5538 5537 5457
f 5619 5618 5538
f 5700 5699 5619
f 5781 5780 5700
f 5862 5861 5781
f 5943 5942 5862
f 6024 6023 5943
f 6105 6104 6024
f 6186 6185 6105
f 6267 6266 6186
f 6348 6347 6267
f 6429 6428 6348
f 6510 6509 6429
f 112 111 31
f 193 192 112
f 274 273 193
f 355 354 274
f 436 435 355
f 517 516 436
f 598 597 517
f 679 678 598
f 760 759 679
f 841 840 760
f 922 921 841
f 1003 1002 922
f 1084 1083 1003
f 1165 1164 1084
f 1246 1245 1165
f 1327 1326 1246
f 1408 1407 1327
f 1489 1488 1408
f 1570 1569 1489
f 1651 1650 1570
f 1732 1731 1651
f 1813 1812 1732
f 1894 1893 1813
f 1975 1974 1894
f 2056 2055 1975
f 2137 2136 2056
f 2218 2217 2137
f 2299 2298 2218
f 2380 2379 2299
f 2461 2460 2380
f 2542 2541 2461
f 2623 2622 2542
f 2704 2703 2623
f 2785 2784 2704
f 2866 2865 2785
f 2947 2946 2866
f 3028 3027 2947
f 3109 3108 3028
f 3190 3189 3109
f 3271 3270 3190
f 3352 3351 3271
f 3433 3432 3352
f 3514 3513 3433
f 3595 3594 3514
f 3676 3675 3595
f 3757 3756 3676
f 3838 3837 3757
f 3919 3918 3838
f 4000 3999 3919
f 4081 4080 4000
f 4162 4161 4081
f 4243 4242 4162
f 4324 4323 4243
f 4405 4404 4324
f 4486 4485 4405
f 4567 4566 4486
f 4648 4647 4567
f 4729 4728 4648
f 4810 4809 4729
f 4891 4890 4810
f 4972 4971 4891
f 5053 5052 4972
f 5134 5133 5053
f 5215 5214 5134
f 5296 5295 5215
f 5377 5376 5296
f 5458 5457 5377
f 5539 5538 5458
f 5620 5619 5539
f 5701 5700 5620
f 5782 5781 5701
f 5863 5862 5782
f 5944 5943 5863
f 6025 6024 5944
f 6106 6105 6025
f 6187 6186 6106
f 6268 6267 6187
f 6349 6348 6268
f 6430 6429 6349
f 6511 6510 6430
f 113 112 32
f 194 193 113
f 275 274 194
f 356 355 275
f 437 436 356
f 518 517 437
f 599 598 518
f 680 679 599
f 761 760 680
f 842 841 761
f 923 922 842
f 1004 1003 923
f 1085 1084 1004
f 1166 1165 1085
f 1247 1246 1166
f 1328 1327 1247
f 1409 1408 1328
f 1490 1489 1409
f 1571 1570 1490
f 1652 1651 1571
f 1733 1732 1652
f 1814 1813 1733
f 1895 1894 1814
f 1976 1975 1895
f 2057 2056 1976
f 2138 2137 2057
f 2219 2218 2138
f 2300 2299 2219
f 2381 2380 2300
f 2462 2461 2381
f 2543 2542 2462
f 2624 2623 2543
f 2705 2704 2624
f 2786 2785 2705
f 2867 2866 2786
f 2948 2947 2867
f 3029 3028 2948
f 3110 3109 3029
f 3191 3190 3110
f 3272 3271 3191
f 3353 3352 3272
f 3434 3433 3353
f 3515 3514 3434
f 3596 3595 3515
f 3677 3676 3596
f 3758 3757 3677
f 3839 3838 3758
f 3920 3919 3839
f 4001 4000 3920
f 4082 4081 4001
f 4163 4162 4082
f 4244 4243 4163
f 4325 4324 4244
f 4406 4405 4325
f 4487 4486 4406
f 4568 4567 4487
f 4649 4648 4568
f 4730 4729 4649
f 4811 4810 4730
f 4892 4891 4811
f 4973 4972 4892
f 5054 5053 4973
f 5135 5134 5054
f 5216 5215 5135
f 5297 5296 5216
f 5378 5377 5297
f 5459 5458 5378
f 5540 5539 5459
f 5621 5620 5540
f 5702 5701 5621
f 5783 5782 5702
f 5864 5863 5783
f 5945 5944 5864
f 6026 6025 5945
f 6107 6106 6026
f 6188 6187 6107
f 6269 6268 6188
f 6350 6349 6269
f 6431 6430 6350
f 6512 6511 6431
f 114 113 33
f 195 194 114
f 276 275 195
f 357 356 276
f 438 437 357
f 519 518 438
f 600 599 519
f 681 680 600
f 762 761 681
f 843 842 762
f 924 923 843
f 1005 1004 924
f 1086 1085 1005
f 1167 1166 1086
f 1248 1247 1167
f 1329 1328 1248
f 1410 1409 1329
f 1491 1490 1410
f 1572 1571 1491
f 1653 1652 1572
f 1734 1733 1653
f 1815 1814 1734
f 1896 1895 1815
f 1977 1976 1896
f 2058 2057 1977
f 2139 2138 2058
f 2220 2219 2139
f 2301 2300 2220
f 2382 2381 2301
f 2463 2462 2382
f 2544 2543 2463
f 2625 2624 2544
f 2706 2705 2625
f 2787 2786 2706
f 2868 2867 2787
f 2949 2948 2868
f 3030 3029 2949
f 3111 3110 3030
f 3192 3191 3111
f 3273 3272 3192
f 3354 3353 3273
f 3435 3434 3354
f 3516 3515 3435
f 3597 3596 3516
f 3678 3677 3597
f 3759 3758 3678
f 3840 3839 3759
f 3921 3920 3840
f 4002 4001 3921
f 4083 4082 4002
f 4164 4163 4083
f 4245 4244 4164
f 4326 4325 4245
f 4407 4406 4326
f 4488 4487 4407
f 4569 4568 4488
f 4650 4649 4569
f 4731 4730 4650
f 4812 4811 4731
f 4893 4892 4812
f 4974 4973 4893
f 5055 5054 4974
f 5136 5135 5055
f 5217 5216 5136
f 5298 5297 5217
f 5379 5378 5298
f 5460 5459 5379
f 5541 5540 5460
f 5622 5621 5541
f 5703 5702 5622
f 5784 5783 5703
f 5865 5864 5784
f 5946 5945 5865
f 6027 6026 5946
f 6108 6107 6027
f 6189 6188 6108
f 6270 6269 6189
f 6351 6350 6270
f 6432 6431 6351
f 6513 6512 6432
f 115 114 34
f 196 195 115
f 277 276 196
f 358 357 277
f 439 438 358
f 520 519 439
f 601 600 520
f 682 681 601
f 763 762 682
f 844 843 763
f 925 924 844
f 1006 1005 925
f 1087 1086 1006
f 1168 1167 1087
f 1249 1248 1168
f 1330 1329 1249
f 1411 1410 1330
f 1492 1491 1411
f 1573 1572 1492
f 1654 1653 1573
f 1735 1734 1654
f 1816 1815 1735
f 1897 1896 1816
f 1978 1977 1897
f 2059 2058 1978
f 2140 2139 2059
f 2221 2220 2140
f 2302 2301 2221
f 2383 2382 2302
f 2464 2463 2383
f 2545 2544 2464
f 2626 2625 2545
f 2707 2706 2626
f 2788 2787 2707
f 2869 2868 2788
f 2950 2949 2869
f 3031 3030 2950
f 3112 3111 3031
f 3193 3192 3112
f 3274 3273 3193
f 3355 3354 3274
f 3436 3435 3355
f 3517 3516 3436
f 3598 3597 3517
f 3679 3678 3598
f 3760 3759 3679
f 3841 3840 3760
f 3922 3921 3841
f 4003 4002 3922
f 4084 4083 4003
f 4165 4164 4084
f 4246 4245 4165
f 4327 4326 4246
f 4408 4407 4327
f 4489 4488 4408
f 4570 4569 4489
f 4651 4650 4570
f 4732 4731 4651
f 4813 4812 4732
f 4894 4893 4813
f 4975 4974 4894
f 5056 5055 4975
f 5137 5136 5056
f 5218 5217 5137
f 5299 5298 5218
f 5380 5379 5299
f 5461 5460 5380
f 5542 5541 5461
f 5623 5622 5542
f 5704 5703 5623
f 5785 5784 5704
f 5866 5865 5785
f 5947 5946 5866
f 6028 6027 5947
f 6109 6108 6028
f 6190 6189 6109
f 6271 6270 6190
f 6352 6351 6271
f 6433 6432 6352
f 6514 6513 6433
f 116 115 35
f 197 196 116
f 278 277 197
f 359 358 278
f 440 439 359
f 521 520 440
f 602 601 521
f 683 682 602
f 764 763 683
f 845 844 764
f 926 925 845
f 1007 1006 926
f 1088 1087 1007
f 1169 1168 1088
f 1250 1249 1169
f 1331 1330 1250
f 1412 1411 1331
f 1493 1492 1412
f 1574 1573 1493
f 1655 1654 1574
f 1736 1735 1655
f 1817 1816 1736
f 1898 1897 1817
f 1979 1978 1898
f 2060 2059 1979
f 2141 2140 2060
f 2222 2221 2141
f 2303 2302 2222
f 2384 2383 2303
f 2465 2464 2384
f 2546 2545 2465
f 2627 2626 2546
f 2708 2707 2627
f 2789 2788 2708
f 2870 2869 2789
f 2951 2950 2870
f 3032 3031 2951
f 3113 3112 3032
f 3194 3193 3113
f 3275 3274 3194
f 3356 3355 3275
f 3437 3436 3356
f 3518 3517 3437
f 3599 3598 3518
f 3680 3679 3599
f 3761 3760 3680
f 3842 3841 3761
f 3923 3922 3842
f 4004 4003 3923
f 4085 4084 4004
f 4166 4165 4085
f 4247 4246 4166
f 4328 4327 4247
f 4409 4408 4328
f 4490 4489 4409
f 4571 4570 4490
f 4652 4651 4571
f 4733 4732 4652
f 4814 4813 4733
f 4895 4894 4814
f 4976 4975 4895
f 5057 5056 4976
f 5138 5137 5057
f 5219 5218 5138
f 5300 5299 5219
f 5381 5380 5300
f 5462 5461 5381
f 5543 5542 5462
f 5624 5623 5543
f 5705 5704 5624
f 5786 5785 5705
f 5867 5866 5786
f 5948 5947 5867
f 6029 6028 5948
f 6110 6109 6029
f 6191 6190 6110
f 6272 6271 6191
f 6353 6352 6272
f 6434 6433 6353
f 6515 6514 6434
f 117 116 36
f 198 197 117
f 279 278 198
f 360 359 279
f 441 440 360
f 522 521 441
f 603 602 522
f 684 683 603
f 765 764 684
f 846 845 765
f 927 926 846
f 1008 1007 927
f 1089 1088 1008
f 1170 1169 1089
f 1251 1250 1170
f 1332 1331 1251
f 1413 1412 1332
f 1494 1493 1413
f 1575 1574 1494
f 1656 1655 1575
f 1737 1736 1656
f 1818 1817 1737
f 1899 1898 1818
f 1980 1979 1899
f 2061 2060 1980
f 2142 2141 2061
f 2223 2222 2142
f 2304 2303 2223
f 2385 2384 2304
f 2466 2465 2385
f 2547 2546 2466
f 2628 2627 2547
f 2709 2708 2628
f 2790 2789 2709
f 2871 2870 2790
f 2952 2951 2871
f 3033 3032 2952
f 3114 3113 3033
f 3195 3194 3114
f 3276 3275 3195
f 3357 3356 3276
f 3438 3437 3357
f 3519 3518 3438
f 3600 3599 3519
f 3681 3680 3600
f 3762 3761 3681
f 3843 3842 3762
f 3924 3923 3843
f 4005 4004 3924
f 4086 4085 4005
f 4167 4166 4086
f 4248 4247 4167
f 4329 4328 4248
f 4410 4409 4329
f 4491 4490 4410
f 4572 4571 4491
f 4653 4652 4572
f 4734 4733 4653
f 4815 4814 4734
f 4896 4895 4815
f 4977 4976 4896
f 5058 5057 4977
f 5139 5138 5058
f 5220 5219 5139
f 5301 5300 5220
f 5382 5381 5301
f 5463 5462 5382
f 5544 5543 5463
f 5625 5624 5544
f 5706 5705 5625
f 5787 5786 5706
f 5868 5867 5787
f 5949 5948 5868
f 6030 6029 5949
f 6111 6110 6030
f 6192 6191 6111
f 6273 6272 6192
f 6354 6353 6273
f 6435 6434 6354
f 6516 6515 6435
f 118 117 37
f 199 198 118
f 280 279 199
f 361 360 280
f 442 441 361
f 523 522 442
f 604 603 523
f 685 684 604
f 766 765 685
f 847 846 766
f 928 927 847
f 1009 1008 928
f 1090 1089 1009
f 1171 1170 1090
f 1252 1251 1171
f 1333 1332 1252
f 1414 1413 1333
f 1495 1494 1414
f 1576 1575 1495
f 1657 1656 1576
f 1738 1737 1657
f 1819 1818 1738
f 1900 1899 1819
f 1981 1980 1900
f 2062 2061 1981
f 2143 2142 2062
f 2224 2223 2143
f 2305 2304 2224
f 2386 2385 2305
f 2467 2466 2386
f 2548 2547 2467
f 2629 2628 2548
f 2710 2709 2629
f 2791 2790 2710
f 2872 2871 2791
f 2953 2952 2872
f 3034 3033 2953
f 3115 3114 3034
f 3196 3195 3115
f 3277 3276 3196
f 3358 3357 3277
f 3439 3438 3358
f 3520 3519 3439
f 3601 3600 3520
f 3682 3681 3601
f 3763 3762 3682
f 3844 3843 3763
f 3925 3924 3844
f 4006 4005 3925
f 4087 4086 4006
f 4168 4167 4087
f 4249 4248 4168
f 4330 4329 4249
f 4411 4410 4330
f 4492 4491 4411
f 4573 4572 4492
f 4654 4653 4573
f 4735 4734 4654
f 4816 4815 4735
f 4897 4896 4816
f 4978 4977 4897
f 5059 5058 4978
f 5140 5139 5059
f 5221 5220 5140
f 5302 5301 5221
f 5383 5382 5302
f 5464 5463 5383
f 5545 5544 5464
f 5626 5625 5545
f 5707 5706 5626
f 5788 5787 5707
f 5869 5868 5788
f 5950 5949 5869
f 6031 6030 5950
f 6112 6111 6031
f 6193 6192 6112
f 6274 6273 6193
f 6355 6354 6274
f 6436 6435 6355
f 6517 6516 6436
f 119 118 38
f 200 199 119
f 281 280 200
f 362 361 281
f 443 442 362
f 524 523 443
f 605 604 524
f 686 685 605
f 767 766 686
f 848 847 767
f 929 928 848
f 1010 1009 929
f 1091 1090 1010
f 1172 1171 1091
f 1253 1252 1172
f 1334 1333 1253
f 1415 1414 1334
f 1496 1495 1415
f 1577 1576 1496
f 1658 1657 1577
f 1739 1738 1658
f 1820 1819 1739
f 1901 1900 1820
f 1982 1981 1901
f 2063 2062 1982
f 2144 2143 2063
f 2225 2224 2144
f 2306 2305 2225
f 2387 2386 2306
f 2468 2467 2387
f 2549 2548 2468
f 2630 2629 2549
f 2711 2710 2630
f 2792 2791 2711
f 2873 2872 2792
f 2954 2953 2873
f 3035 3034 2954
f 3116 3115 3035
f 3197 3196 3116
f 3278 3277 3197
f 3359 3358 3278
f 3440 3439 3359
f 3521 3520 3440
f 3602 3601 3521
f 3683 3682 3602
f 3764 3763 3683
f 3845 3844 3764
f 3926 3925 3845
f 4007 4006 3926
f 4088 4087 4007
f 4169 4168 4088
f 4250 4249 4169
f 4331 4330 4250
f 4412 4411 4331
f 4493 4492 4412
f 4574 4573 4493
f 4655 4654 4574
f 4736 4735 4655
f 4817 4816 4736
f 4898 4897 4817
f 4979 4978 4898
f 5060 5059 4979
f 5141 5140 5060
f 5222 5221 5141
f 5303 5302 5222
f 5384 5383 5303
f 5465 5464 5384
f 5546 5545 5465
f 5627 5626 5546
f 5708 5707 5627
f 5789 5788 5708
f 5870 5869 5789
f 5951 5950 5870
f 6032 6031 5951
f 6113 6112 6032
f 6194 6193 6113
f 6275 6274 6194
f 6356 6355 6275
f 6437 6436 6356
f 6518 6517 6437
f 120 119 39
f 201 200 120
f 282 281 201
f 363 362 282
f 444 443 363
f 525 524 444
f 606 605 525
f 687 686 606
f 768 767 687
f 849 848 768
f 930 929 849
f 1011 1010 930
f 1092 1091 1011
f 1173 1172 1092
f 1254 1253 1173
f 1335 1334 1254
f 1416 1415 1335
f 1497 1496 1416
f 1578 1577 1497
f 1659 1658 1578
f 1740 1739 1659
f 1821 1820 1740
f 1902 1901 1821
f 1983 1982 1902
f 2064 2063 1983
f 2145 2144 2064
f 2226 2225 2145
f 2307 2306 2226
f 2388 2387 2307
f 2469 2468 2388
f 2550 2549 2469
f 2631 2630 2550
f 2712 2711 2631
f 2793 2792 2712
f 2874 2873 2793
f 2955 2954 2874
f 3036 3035 2955
f 3117 3116 3036
f 3198 3197 3117
f 3279 3278 3198
f 3360 3359 3279
f 3441 3440 3360
f 3522 3521 3441
f 3603 3602 3522
f 3684 3683 3603
f 3765 3764 3684
f 3846 3845 3765
f 3927 3926 3846
f 4008 4007 3927
f 4089 4088 4008
f 4170 4169 4089
f 4251 4250 4170
f 4332 4331 4251
f 4413 4412 4332
f 4494 4493 4413
f 4575 4574 4494
f 4656 4655 4575
f 4737 4736 4656
f 4818 4817 4737
f 4899 4898 4818
f 4980 4979 4899
f 5061 5060 4980
f 5142 5141 5061
f 5223 5222 5142
f 5304 5303 5223
f 5385 5384 5304
f 5466 5465 5385
f 5547 5546 5466
f 5628 5627 5547
f 5709 5708 5628
f 5790 5789 5709
f 5871 5870 5790
f 5952 5951 5871
f 6033 6032 5952
f 6114 6113 6033
f 6195 6194 6114
f 6276 6275 6195
f 6357 6356 6276
f 6438 6437 6357
f 6519 6518 6438
f 121 120 40
f 202 201 121
f 283 282 202
f 364 363 283
f 445 444 364
f 526 525 445
f 607 606 526
f 688 687 607
f 769 768 688
f 850 849 769
f 931 930 850
f 1012 1011 931
f 1093 1092 1012
f 1174 1173 1093
f 1255 1254 1174
f 1336 1335 1255
f 1417 1416 1336
f 1498 1497 1417
f 1579 1578 1498
f 1660 1659 1579
f 1741 1740 1660
f 1822 1821 1741
f 1903 1902 1822
f 1984 1983 1903
f 2065 2064 1984
f 2146 2145 2065
f 2227 2226 2146
f 2308 2307 2227
f 2389 2388 2308
f 2470 2469 2389
f 2551 2550 2470
f 2632 2631 2551
f 2713 2712 2632
f 2794 2793 2713
f 2875 2874 2794
f 2956 2955 2875
f 3037 3036 2956
f 3118 3117 3037
f 3199 3198 3118
f 3280 3279 3199
f 3361 3360 3280
f 3442 3441 3361
f 3523 3522 3442
f 3604 3603 3523
f 3685 3684 3604
f 3766 3765 3685
f 3847 3846 3766
f 3928 3927 3847
f 4009 4008 3928
f 4090 4089 4009
f 4171 4170 4090
f 4252 4251 4171
f 4333 4332 4252
f 4414 4413 4333
f 4495 4494 4414
f 4576 4575 4495
f 4657 4656 4576
f 4738 4737 4657
f 4819 4818 4738
f 4900 4899 4819
f 4981 4980 4900
f 5062 5061 4981
f 5143 5142 5062
f 5224 5223 5143
f 5305 5304 5224
f 5386 5385 5305
f 5467 5466 5386
f 5548 5547 5467
f 5629 5628 5548
f 5710 5709 5629
f 5791 5790 5710
f 5872 5871 5791
f 5953 5952 5872
f 6034 6033 5953
f 6115 6114 6034
f 6196 6195 6115
f 6277 6276 6196
f 6358 6357 6277
f 6439 6438 6358
f 6520 6519 6439
f 122 121 41
f 203 202 122
f 284 283 203
f 365 364 284
f 446 445 365
f 527 526 446
f 608 607 527
f 689 688 608
f 770 769 689
f 851 850 770
f 932 931 851
f 1013 1012 932
f 1094 1093 1013
f 1175 1174 1094
f 1256 1255 1175
f 1337 1336 1256
f 1418 1417 1337
f 1499 1498 1418
f 1580 1579 1499
f 1661 1660 1580
f 1742 1741 1661
f 1823 1822 1742
f 1904 1903 1823
f 1985 1984 1904
f 2066 2065 1985
f 2147 2146 2066
f 2228 2227 2147
f 2309 2308 2228
f 2390 2389 2309
f 2471 2470 2390
f 2552 2551 2471
f 2633 2632 2552
f 2714 2713 2633
f 2795 2794 2714
f 2876 2875 2795
f 2957 2956 2876
f 3038 3037 2957
f 3119 3118 3038
f 3200 3199 3119
f 3281 3280 3200
f 3362 3361 3281
f 3443 3442 3362
f 3524 3523 3443
f 3605 3604 3524
f 3686 3685 3605
f 3767 3766 3686
f 3848 3847 3767
f 3929 3928 3848
f 4010 4009 3929
f 4091 4090 4010
f 4172 4171 4091
f 4253 4252 4172
f 4334 4333 4253
f 4415 4414 4334
f 4496 4495 4415
f 4577 4576 4496
f 4658 4657 4577
f 4739 4738 4658
f 4820 4819 4739
f 4901 4900 4820
f 4982 4981 4901
f 5063 5062 4982
f 5144 5143 5063
f 5225 5224 5144
f 5306 5305 5225
f 5387 5386 5306
f 5468 5467 5387
f 5549 5548 5468
f 5630 5629 5549
f 5711 5710 5630
f 5792 5791 5711
f 5873 5872 5792
f 5954 5953 5873
f 6035 6034 5954
f 6116 6115 6035
f 6197 6196 6116
f 6278 6277 6197
f 6359 6358 6278
f 6440 6439 6359
f 6521 6520 6440
f 123 122 42
f 204 203 123
f 285 284 204
f 366 365 285
f 447 446 366
f 528 527 447
f 609 608 528
f 690 689 609
f 771 770 690
f 852 851 771
f 933 932 852
f 1014 1013 933
f 1095 1094 1014
f 1176 1175 1095
f 1257 1256 1176
f 1338 1337 1257
f 1419 1418 1338
f 1500 1499 1419
f 1581 1580 1500
f 1662 1661 1581
f 1743 1742 1662
f 1824 1823 1743
f 1905 1904 1824
f 1986 1985 1905
f 2067 2066 1986
f 2148 2147 2067
f 2229 2228 2148
f 2310 2309 2229
f 2391 2390 2310
f 2472 2471 2391
f 2553 2552 2472
f 2634 2633 2553
f 2715 2714 2634
f 2796 2795 2715
f 2877 2876 2796
f 2958 2957 2877
f 3039 3038 2958
f 3120 3119 3039
f 3201 3200 3120
f 3282 3281 3201
f 3363 3362 3282
f 3444 3443 3363
f 3525 3524 3444
f 3606 3605 3525
f 3687 3686 3606
f 3768 3767 3687
f 3849 3848 3768
f 3930 3929 3849
f 4011 4010 3930
f 4092 4091 4011
f 4173 4172 4092
f 4254 4253 4173
f 4335 4334 4254
f 4416 4415 4335
f 4497 4496 4416
f 4578 4577 4497
f 4659 4658 4578
f 4740 4739 4659
f 4821 4820 4740
f 4902 4901 4821
f 4983 4982 4902
f 5064 5063 4983
f 5145 5144 5064
f 5226 5225 5145
f 5307 5306 5226
f 5388 5387 5307
f 5469 5468 5388
f 5550 5549 5469
f 5631 5630 5550
f 5712 5711 5631
f 5793 5792 5712
f 5874 5873 5793
f 5955 5954 5874
f 6036 6035 5955
f 6117 6116 6036
f 6198 6197 6117
f 6279 6278 6198
f 6360 6359 6279
f 6441 6440 6360
f 6522 6521 6441
f 124 123 43
f 205 204 124
f 286 285 205
f 367 366 286
f 448 447 367
f 529 528 448
f 610 609 529
f 691 690 610
f 772 771 691
f 853 852 772
f 934 933 853
f 1015 1014 934
f 1096 1095 1015
f 1177 1176 1096
f 1258 1257 1177
f 1339 1338 1258
f 1420 1419 1339
f 1501 1500 1420
f 1582 1581 1501
f 1663 1662 1582
f 1744 1743 1663
f 1825 1824 1744
f 1906 1905 1825
f 1987 1986 1906
f 2068 2067 1987
f 2149 2148 2068
f 2230 2229 2149
f 2311 2310 2230
f 2392 2391 2311
f 2473 2472 2392
f 2554 2553 2473
f 2635 2634 2554
f 2716 2715 2635
f 2797 2796 2716
f 2878 2877 2797
f 2959 2958 2878
f 3040 3039 2959
f 3121 3120 3040
f 3202 3201 3121
f 3283 3282 3202
f 3364 3363 3283
f 3445 3444 3364
f 3526 3525 3445
f 3607 3606 3526
f 3688 3687 3607
f 3769 3768 3688
f 3850 3849 3769
f 3931 3930 3850
f 4012 4011 3931
f 4093 4092 4012
f 4174 4173 4093
f 4255 4254 4174
f 4336 4335 4255
f 4417 4416 4336
f 4498 4497 4417
f 4579 4578 4498
f 4660 4659 4579
f 4741 4740 4660
f 4822 4821 4741
f 4903 4902 4822
f 4984 4983 4903
f 5065 5064 4984
f 5146 5145 5065
f 5227 5226 5146
f 5308 5307 5227
f 5389 5388 5308
f 5470 5469 5389
f 5551 5550 5470
f 5632 5631 5551
f 5713 5712 5632
f 5794 5793 5713
f 5875 5874 5794
f 5956 5955 5875
f 6037 6036 5956
f 6118 6117 6037
f 6199 6198 6118
f 6280 6279 6199
f 6361 6360 6280
f 6442 6441 6361
f 6523 6522 6442
f 125 124 44
f 206 205 125
f 287 286 206
f 368 367 287
f 449 448 368
f 530 529 449
f 611 610 530
f 692 691 611
f 773 772 692
f 854 853 773
f 935 934 854
f 1016 1015 935
f 1097 1096 1016
f 1178 1177 1097
f 1259 1258 1178
f 1340 1339 1259
f 1421 1420 1340
f 1502 1501 1421
f 1583 1582 1502
f 1664 1663 1583
f 1745 1744 1664
f 1826 1825 1745
f 1907 1906 1826
f 1988 1987 1907
f 2069 2068 1988
f 2150 2149 2069
f 2231 2230 2150
f 2312 2311 2231
f 2393 2392 2312
f 2474 2473 2393
f 2555 2554 2474
f 2636 2635 2555
f 2717 2716 2636
f 2798 2797 2717
f 2879 2878 2798
f 2960 2959 2879
f 3041 3040 2960
f 3122 3121 3041
f 3203 3202 3122
f 3284 3283 3203
f 3365 3364 3284
f 3446 3445 3365
f 3527 3526 3446
f 3608 3607 3527
f 3689 3688 3608
f 3770 3769 3689
f 3851 3850 3770
f 3932 3931 3851
f 4013 4012 3932
f 4094 4093 4013
f 4175 4174 4094
f 4256 4255 4175
f 4337 4336 4256
f 4418 4417 4337
f 4499 4498 4418
f 4580 4579 4499
f 4661 4660 4580
f 4742 4741 4661
f 4823 4822 4742
f 4904 4903 4823
f 4985 4984 4904
f 5066 5065 4985
f 5147 5146 5066
f 5228 5227 5147
f 5309 5308 5228
f 5390 5389 5309
f 5471 5470 5390
f 5552 5551 5471
f 5633 5632 5552
f 5714 5713 5633
f 5795 5794 5714
f 5876 5875 5795
f 5957 5956 5876
f 6038 6037 5957
f 6119 6118 6038
f 6200 6199 6119
f 6281 6280 6200
f 6362 6361 6281
f 6443 6442 6362
f 6524 6523 6443
f 126 125 45
f 207 206 126
f 288 287 207
f 369 368 288
f 450 449 369
f 531 530 450
f 612 611 531
f 693 692 612
f 774 773 693
f 855 854 774
f 936 935 855
f 1017 1016 936
f 1098 1097 1017
f 1179 1178 1098
f 1260 1259 1179
f 1341 1340 1260
f 1422 1421 1341
f 1503 1502 1422
f 1584 1583 1503
f 1665 1664 1584
f 1746 1745 1665
f 1827 1826 1746
f 1908 1907 1827
f 1989 1988 1908
f 2070 2069 1989
f 2151 2150 2070
f 2232 2231 2151
f 2313 2312 2232
f 2394 2393 2313
f 2475 2474 2394
f 2556 2555 2475
f 2637 2636 2556
f 2718 2717 2637
f 2799 2798 2718
f 2880 2879 2799
f 2961 2960 2880
f 3042 3041 2961
f 3123 3122 3042
f 3204 3203 3123
f 3285 3284 3204
f 3366 3365 3285
f 3447 3446 3366
f 3528 3527 3447
f 3609 3608 3528
f 3690 3689 3609
f 3771 3770 3690
f 3852 3851 3771
f 3933 3932 3852
f 4014 4013 3933
f 4095 4094 4014
f 4176 4175 4095
f 4257 4256 4176
f 4338 4337 4257
f 4419 4418 4338
f 4500 4499 4419
f 4581 4580 4500
f 4662 4661 4581
f 4743 4742 4662
f 4824 4823 4743
f 4905 4904 4824
f 4986 4985 4905
f 5067 5066 4986
f 5148 5147 5067
f 5229 5228 5148
f 5310 5309 5229
f 5391 5390 5310
f 5472 5471 5391
f 5553 5552 5472
f 5634 5633 5553
f 5715 5714 5634
f 5796 5795 5715
f 5877 5876 5796
f 5958 5957 5877
f 6039 6038 5958
f 6120 6119 6039
f 6201 6200 6120
f 6282 6281 6201
f 6363 6362 6282
f 6444 6443 6363
f 6525 6524 6444
f 127 126 46
f 208 207 127
f 289 288 208
f 370 369 289
f 451 450 370
f 532 531 451
f 613 612 532
f 694 693 613
f 775 774 694
f 856 855 775
f 937 936 856
f 1018 1017 937
f 1099 1098 1018
f 1180 1179 1099
f 1261 1260 1180
f 1342 1341 1261
f 1423 1422 1342
f 1504 1503 1423
f 1585 1584 1504
f 1666 1665 1585
f 1747 1746 1666
f 1828 1827 1747
f 1909 1908 1828
f 1990 1989 1909
f 2071 2070 1990
f 2152 2151 2071
f 2233 2232 2152
f 2314 2313 2233
f 2395 2394 2314
f 2476 2475 2395
f 2557 2556 2476
f 2638 2637 2557
f 2719 2718 2638
f 2800 2799 2719
f 2881 2880 2800
f 2962 2961 2881
f 3043 3042 2962
f 3124 3123 3043
f 3205 3204 3124
f 3286 3285 3205
f 3367 3366 3286
f 3448 3447 3367
f 3529 3528 3448
f 3610 3609 3529
f 3691 3690 3610
f 3772 3771 3691
f 3853 3852 3772
f 3934 3933 3853
f 4015 4014 3934
f 4096 4095 4015
f 4177 4176 4096
f 4258 4257 4177
f 4339 4338 4258
f 4420 4419 4339
f 4501 4500 4420
f 4582 4581 4501
f 4663 4662 4582
f 4744 4743 4663
f 4825 4824 4744
f 4906 4905 4825
f 4987 4986 4906
f 5068 5067 4987
f 5149 5148 5068
f 5230 5229 5149
f 5311 5310 5230
f 5392 5391 5311
f 5473 5472 5392
f 5554 5553 5473
f 5635 5634 5554
f 5716 5715 5635
f 5797 5796 5716
f 5878 5877 5797
f 5959 5958 5878
f 6040 6039 5959
f 6121 6120 6040
f 6202 6201 6121
f 6283 6282 6202
f 6364 6363 6283
f 6445 6444 6364
f 6526 6525 6445
f 128 127 47
f 209 208 128
f 290 289 209
f 371 370 290
f 452 451 371
f 533 532 452
f 614 613 533
f 695 694 614
f 776 775 695
f 857 856 776
f 938 937 857
f 1019 1018 938
f 1100 1099 1019
f 1181 1180 1100
f 1262 1261 1181
f 1343 1342 1262
f 1424 1423 1343
f 1505 1504 1424
f 1586 1585 1505
f 1667 1666 1586
f 1748 1747 1667
f 1829 1828 1748
f 1910 1909 1829
f 1991 1990 1910
f 2072 2071 1991
f 2153 2152 2072
f 2234 2233 2153
f 2315 2314 2234
f 2396 2395 2315
f 2477 2476 2396
f 2558 2557 2477
f 2639 2638 2558
f 2720 2719 2639
f 2801 2800 2720
f 2882 2881 2801
f 2963 2962 2882
f 3044 3043 2963
f 3125 3124 3044
f 3206 3205 3125
f 3287 3286 3206
f 3368 3367 3287
f 3449 3448 3368
f 3530 3529 3449
f 3611 3610 3530
f 3692 3691 3611
f 3773 3772 3692
f 3854 3853 3773
f 3935 3934 3854
f 4016 4015 3935
f 4097 4096 4016
f 4178 4177 4097
f 4259 4258 4178
f 4340 4339 4259
f 4421 4420 4340
f 4502 4501 4421
f 4583 4582 4502
f 4664 4663 4583
f 4745 4744 4664
f 4826 4825 4745
f 4907 4906 4826
f 4988 4987 4907
f 5069 5068 4988
f 5150 5149 5069
f 5231 5230 5150
f 5312 5311 5231
f 5393 5392 5312
f 5474 5473 5393
f 5555 5554 5474
f 5636 5635 5555
f 5717 5716 5636
f 5798 5797 5717
f 5879 5878 5798
f 5960 5959 5879
f 6041 6040 5960
f 6122 6121 6041
f 6203 6202 6122
f 6284 6283 6203
f 6365 6364 6284
f 6446 6445 6365
f 6527 6526 6446
f 129 128 48
f 210 209 129
f 291 290 210
f 372 371 291
f 453 452 372
f 534 533 453
f 615 614 534
f 696 695 615
f 777 776 696
f 858 857 777
f 939 938 858
f 1020 1019 939
f 1101 1100 1020
f 1182 1181 1101
f 1263 1262 1182
f 1344 1343 1263
f 1425 1424 1344
f 1506 1505 1425
f 1587 1586 1506
f 1668 1667 1587
f 1749 1748 1668
f 1830 1829 1749
f 1911 1910 1830
f 1992 1991 1911
f 2073 2072 1992
f 2154 2153 2073
f 2235 2234 2154
f 2316 2315 2235
f 2397 2396 2316
f 2478 2477 2397
f 2559 2558 2478
f 2640 2639 2559
f 2721 2720 2640
f 2802 2801 2721
f 2883 2882 2802
f 2964 2963 2883
f 3045 3044 2964
f 3126 3125 3045
f 3207 3206 3126
f 3288 3287 3207
f 3369 3368 3288
f 3450 3449 3369
f 3531 3530 3450
f 3612 3611 3531
f 3693 3692 3612
f 3774 3773 3693
f 3855 3854 3774
f 3936 3935 3855
f 4017 4016 3936
f 4098 4097 4017
f 4179 4178 4098
f 4260 4259 4179
f 4341 4340 4260
f 4422 4421 4341
f 4503 4502 4422
f 4584 4583 4503
f 4665 4664 4584
f 4746 4745 4665
f 4827 4826 4746
f 4908 4907 4827
f 4989 4988 4908
f 5070 5069 4989
f 5151 5150 5070
f 5232 5231 5151
f 5313 5312 5232
f 5394 5393 5313
f 5475 5474 5394
f 5556 5555 5475
f 5637 5636 5556
f 5718 5717 5637
f 5799 5798 5718
f 5880 5879 5799
f 5961 5960 5880
f 6042 6041 5961
f 6123 6122 6042
f 6204 6203 6123
f 6285 6284 6204
f 6366 6365 6285
f 6447 6446 6366
f 6528 6527 6447
f 130 129 49
f 211 210 130
f 292 291 211
f 373 372 292
f 454 453 373
f 535 534 454
f 616 615 535
f 697 696 616
f 778 777 697
f 859 858 778
f 940 939 859
f 1021 1020 940
f 1102 1101 1021
f 1183 1182 1102
f 1264 1263 1183
f 1345 1344 1264
f 1426 1425 1345
f 1507 1506 1426
f 1588 1587 1507
f 1669 1668 1588
f 1750 1749 1669
f 1831 1830 1750
f 1912 1911 1831
f 1993 1992 1912
f 2074 2073 1993
f 2155 2154 2074
f 2236 2235 2155
f 2317 2316 2236
f 2398 2397 2317
f 2479 2478 2398
f 2560 2559 2479
f 2641 2640 2560
f 2722 2721 2641
f 2803 2802 2722
f 2884 2883 2803
f 2965 2964 2884
f 3046 3045 2965
f 3127 3126 3046
f 3208 3207 3127
f 3289 3288 3208
f 3370 3369 3289
f 3451 3450 3370
f 3532 3531 3451
f 3613 3612 3532
f 3694 3693 3613
f 3775 3774 3694
f 3856 3855 3775
f 3937 3936 3856
f 4018 4017 3937
f 4099 4098 4018
f 4180 4179 4099
f 4261 4260 4180
f 4342 4341 4261
f 4423 4422 4342
f 4504 4503 4423
f 4585 4584 4504
f 4666 4665 4585
f 4747 4746 4666
f 4828 4827 4747
f 4909 4908 4828
f 4990 4989 4909
f 5071 5070 4990
f 5152 5151 5071
f 5233 5232 5152
f 5314 5313 5233
f 5395 5394 5314
f 5476 5475 5395
f 5557 5556 5476
f 5638 5637 5557
f 5719 5718 5638
f 5800 5799 5719
f 5881 5880 5800
f 5962 5961 5881
f 6043 6042 5962
f 6124 6123 6043
f 6205 6204 6124
f 6286 6285 6205
f 6367 6366 6286
f 6448 6447 6367
f 6529 6528 6448
f 131 130 50
f 212 211 131
f 293 292 212
f 374 373 293
f 455 454 374
f 536 535 455
f 617 616 536
f 698 697 617
f 779 778 698
f 860 859 779
f 941 940 860
f 1022 1021 941
f 1103 1102 1022
f 1184 1183 1103
f 1265 1264 1184
f 1346 1345 1265
f 1427 1426 1346
f 1508 1507 1427
f 1589 1588 1508
f 1670 1669 1589
f 1751 1750 1670
f 1832 1831 1751
f 1913 1912 1832
f 1994 1993 1913
f 2075 2074 1994
f 2156 2155 2075
f 2237 2236 2156
f 2318 2317 2237
f 2399 2398 2318
f 2480 2479 2399
f 2561 2560 2480
f 2642 2641 2561
f 2723 2722 2642
f 2804 2803 2723
f 2885 2884 2804
f 2966 2965 2885
f 3047 3046 2966
f 3128 3127 3047
f 3209 3208 3128
f 3290 3289 3209
f 3371 3370 3290
f 3452 3451 3371
f 3533 3532 3452
f 3614 3613 3533
f 3695 3694 3614
f 3776 3775 3695
f 3857 3856 3776
f 3938 3937 3857
f 4019 4018 3938
f 4100 4099 4019
f 4181 4180 4100
f 4262 4261 4181
f 4343 4342 4262
f 4424 4423 4343
f 4505 4504 4424
f 4586 4585 4505
f 4667 4666 4586
f 4748 4747 4667
f 4829 4828 4748
f 4910 4909 4829
f 4991 4990 4910
f 5072 5071 4991
f 5153 5152 5072
f 5234 5233 5153
f 5315 5314 5234
f 5396 5395 5315
f 5477 5476 5396
f 5558 5557 5477
f 5639 5638 5558
f 5720 5719 5639
f 5801 5800 5720
f 5882 5881 5801
f 5963 5962 5882
f 6044 6043 5963
f 6125 6124 6044
f 6206 6205 6125
f 6287 6286 6206
f 6368 6367 6287
f 6449 6448 6368
f 6530 6529 6449
f 132 131 51
f 213 212 132
f 294 293 213
f 375 374 294
f 456 455 375
f 537 536 456
f 618 617 537
f 699 698 618
f 780 779 699
f 861 860 780
f 942 941 861
f 1023 1022 942
f 1104 1103 1023
f 1185 1184 1104
f 1266 1265 1185
f 1347 1346 1266
f 1428 1427 1347
f 1509 1508 1428
f 1590 1589 1509
f 1671 1670 1590
f 1752 1751 1671
f 1833 1832 1752
f 1914 1913 1833
f 1995 1994 1914
f 2076 2075 1995
f 2157 2156 2076
f 2238 2237 2157
f 2319 2318 2238
f 2400 2399 2319
f 2481 2480 2400
f 2562 2561 2481
f 2643 2642 2562
f 2724 2723 2643
f 2805 2804 2724
f 2886 2885 2805
f 2967 2966 2886
f 3048 3047 2967
f 3129 3128 3048
f 3210 3209 3129
f 3291 3290 3210
f 3372 3371 3291
f 3453 3452 3372
f 3534 3533 3453
f 3615 3614 3534
f 3696 3695 3615
f 3777 3776 3696
f 3858 3857 3777
f 3939 3938 3858
f 4020 4019 3939
f 4101 4100 4020
f 4182 4181 4101
f 4263 4262 4182
f 4344 4343 4263
f 4425 4424 4344
f 4506 4505 4425
f 4587 4586 4506
f 4668 4667 4587
f 4749 4748 4668
f 4830 4829 4749
f 4911 4910 4830
f 4992 4991 4911
f 5073 5072 4992
f 5154 5153 5073
f 5235 5234 5154
f 5316 5315 5235
f 5397 5396 5316
f 5478 5477 5397
f 5559 5558 5478
f 5640 5639 5559
f 5721 5720 5640
f 5802 5801 5721
f 5883 5882 5802
f 5964 5963 5883
f 6045 6044 5964
f 6126 6125 6045
f 6207 6206 6126
f 6288 6287 6207
f 6369 6368 6288
f 6450 6449 6369
f 6531 6530 6450
f 133 132 52
f 214 213 133
f 295 294 214
f 376 375 295
f 457 456 376
f 538 537 457
f 619 618 538
f 700 699 619
f 781 780 700
f 862 861 781
f 943 942 862
f 1024 1023 943
f 1105 1104 1024
f 1186 1185 1105
f 1267 1266 1186
f 1348 1347 1267
f 1429 1428 1348
f 1510 1509 1429
f 1591 1590 1510
f 1672 1671 1591
f 1753 1752 1672
f 1834 1833 1753
f 1915 1914 1834
f 1996 1995 1915
f 2077 2076 1996
f 2158 2157 2077
f 2239 2238 2158
f 2320 2319 2239
f 2401 2400 2320
f 2482 2481 2401
f 2563 2562 2482
f 2644 2643 2563
f 2725 2724 2644
f 2806 2805 2725
f 2887 2886 2806
f 2968 2967 2887
f 3049 3048 2968
f 3130 3129 3049
f 3211 3210 3130
f 3292 3291 3211
f 3373 3372 3292
f 3454 3453 3373
f 3535 3534 3454
f 3616 3615 3535
f 3697 3696 3616
f 3778 3777 3697
f 3859 3858 3778
f 3940 3939 3859
f 4021 4020 3940
f 4102 4101 4021
f 4183 4182 4102
f 4264 4263 4183
f 4345 4344 4264
f 4426 4425 4345
f 4507 4506 4426
f 4588 4587 4507
f 4669 4668 4588
f 4750 4749 4669
f 4831 4830 4750
f 4912 4911 4831
f 4993 4992 4912
f 5074 5073 4993
f 5155 5154 5074
f 5236 5235 5155
f 5317 5316 5236
f 5398 5397 5317
f 5479 5478 5398
f 5560 5559 5479
f 5641 5640 5560
f 5722 5721 5641
f 5803 5802 5722
f 5884 5883 5803
f 5965 5964 5884
f 6046 6045 5965
f 6127 6126 6046
f 6208 6207 6127
f 6289 6288 6208
f 6370 6369 6289
f 6451 6450 6370
f 6532 6531 6451
f 134 133 53
f 215 214 134
f 296 295 215
f 377 376 296
f 458 457 377
f 539 538 458
f 620 619 539
f 701 700 620
f 782 781 701
f 863 862 782
f 944 943 863
f 1025 1024 944
f 1106 1105 1025
f 1187 1186 1106
f 1268 1267 1187
f 1349 1348 1268
f 1430 1429 1349
f 1511 1510 1430
f 1592 1591 1511
f 1673 1672 1592
f 1754 1753 1673
f 1835 1834 1754
f 1916 1915 1835
f 1997 1996 1916
f 2078 2077 1997
f 2159 2158 2078
f 2240 2239 2159
f 2321 2320 2240
f 2402 2401 2321
f 2483 2482 2402
f 2564 2563 2483
f 2645 2644 2564
f 2726 2725 2645
f 2807 2806 2726
f 2888 2887 2807
f 2969 2968 2888
f 3050 3049 2969
f 3131 3130 3050
f 3212 3211 3131
f 3293 3292 3212
f 3374 3373 3293
f 3455 3454 3374
f 3536 3535 3455
f 3617 3616 3536
f 3698 3697 3617
f 3779 3778 3698
f 3860 3859 3779
f 3941 3940 3860
f 4022 4021 3941
f 4103 4102 4022
f 4184 4183 4103
f 4265 4264 4184
f 4346 4345 4265
f 4427 4426 4346
f 4508 4507 4427
f 4589 4588 4508
f 4670 4669 4589
f 4751 4750 4670
f 4832 4831 4751
f 4913 4912 4832
f 4994 4993 4913
f 5075 5074 4994
f 5156 5155 5075
f 5237 5236 5156
f 5318 5317 5237
f 5399 5398 5318
f 5480 5479 5399
f 5561 5560 5480
f 5642 5641 5561
f 5723 5722 5642
f 5804 5803 5723
f 5885 5884 5804
f 5966 5965 5885
f 6047 6046 5966
f 6128 6127 6047
f 6209 6208 6128
f 6290 6289 6209
f 6371 6370 6290
f 6452 6451 6371
f 6533 6532 6452
f 135 134 54
f 216 215 135
f 297 296 216
f 378 377 297
f 459 458 378
f 540 539 459
f 621 620 540
f 702 701 621
f 783 782 702
f 864 863 783
f 945 944 864
f 1026 1025 945
f 1107 1106 1026
f 1188 1187 1107
f 1269 1268 1188
f 1350 1349 1269
f 1431 1430 1350
f 1512 1511 1431
f 1593 1592 1512
f 1674 1673 1593
f 1755 1754 1674
f 1836 1835 1755
f 1917 1916 1836
f 1998 1997 1917
f 2079 2078 1998
f 2160 2159 2079
f 2241 2240 2160
f 2322 2321 2241
f 2403 2402 2322
f 2484 2483 2403
f 2565 2564 2484
f 2646 2645 2565
f 2727 2726 2646
f 2808 2807 2727
f 2889 2888 2808
f 2970 2969 2889
f 3051 3050 2970
f 3132 3131 3051
f 3213 3212 3132
f 3294 3293 3213
f 3375 3374 3294
f 3456 3455 3375
f 3537 3536 3456
f 3618 3617 3537
f 3699 3698 3618
f 3780 3779 3699
f 3861 3860 3780
f 3942 3941 3861
f 4023 4022 3942
f 4104 4103 4023
f 4185 4184 4104
f 4266 4265 4185
f 4347 4346 4266
f 4428 4427 4347
f 4509 4508 4428
f 4590 4589 4509
f 4671 4670 4590
f 4752 4751 4671
f 4833 4832 4752
f 4914 4913 4833
f 4995 4994 4914
f 5076 5075 4995
f 5157 5156 5076
f 5238 5237 5157
f 5319 5318 5238
f 5400 5399 5319
f 5481 5480 5400
f 5562 5561 5481
f 5643 5642 5562
f 5724 5723 5643
f 5805 5804 5724
f 5886 5885 5805
f 5967 5966 5886
f 6048 6047 5967
f 6129 6128 6048
f 6210 6209 6129
f 6291 6290 6210
f 6372 6371 6291
f 6453 6452 6372
f 6534 6533 6453
f 136 135 55
f 217 216 136
f 298 297 217
f 379 378 298
f 460 459 379
f 541 540 460
f 622 621 541
f 703 702 622
f 784 783 703
f 865 864 784
f 946 945 865
f 1027 1026 946
f 1108 1107 1027
f 1189 1188 1108
f 1270 1269 1189
f 1351 1350 1270
f 1432 1431 1351
f 1513 1512 1432
f 1594 1593 1513
f 1675 1674 1594
f 1756 1755 1675
f 1837 1836 1756
f 1918 1917 1837
f 1999 1998 1918
f 2080 2079 1999
f 2161 2160 2080
f 2242 2241 2161
f 2323 2322 2242
f 2404 2403 2323
f 2485 2484 2404
f 2566 2565 2485
f 2647 2646 2566
f 2728 2727 2647
f 2809 2808 2728
f 2890 2889 2809
f 2971 2970 2890
f 3052 3051 2971
f 3133 3132 3052
f 3214 3213 3133
f 3295 3294 3214
f 3376 3375 3295
f 3457 3456 3376
f 3538 3537 3457
f 3619 3618 3538
f 3700 3699 3619
f 3781 3780 3700
f 3862 3861 3781
f 3943 3942 3862
f 4024 4023 3943
f 4105 4104 4024
f 4186 4185 4105
f 4267 4266 4186
f 4348 4347 4267
f 4429 4428 4348
f 4510 4509 4429
f 4591 4590 4510
f 4672 4671 4591
f 4753 4752 4672
f 4834 4833 4753
f 4915 4914 4834
f 4996 4995 4915
f 5077 5076 4996
f 5158 5157 5077
f 5239 5238 5158
f 5320 5319 5239
f 5401 5400 5320
f 5482 5481 5401
f 5563 5562 5482
f 5644 5643 5563
f 5725 5724 5644
f 5806 5805 5725
f 5887 5886 5806
f 5968 5967 5887
f 6049 6048 5968
f 6130 6129 6049
f 6211 6210 6130
f 6292 6291 6211
f 6373 6372 6292
f 6454 6453 6373
f 6535 6534 6454
f 137 136 56
f 218 217 137
f 299 298 218
f 380 379 299
f 461 460 380
f 542 541 461
f 623 622 542
f 704 703 623
f 785 784 704
f 866 865 785
f 947 946 866
f 1028 1027 947
f 1109 1108 1028
f 1190 1189 1109
f 1271 1270 1190
f 1352 1351 1271
f 1433 1432 1352
f 1514 1513 1433
f 1595 1594 1514
f 1676 1675 1595
f 1757 1756 1676
f 1838 1837 1757
f 1919 1918 1838
f 2000 1999 1919
f 2081 2080 2000
f 2162 2161 2081
f 2243 2242 2162
f 2324 2323 2243
f 2405 2404 2324
f 2486 2485 2405
f 2567 2566 2486
f 2648 2647 2567
f 2729 2728 2648
f 2810 2809 2729
f 2891 2890 2810
f 2972 2971 2891
f 3053 3052 2972
f 3134 3133 3053
f 3215 3214 3134
f 3296 3295 3215
f 3377 3376 3296
f 3458 3457 3377
f 3539 3538 3458
f 3620 3619 3539
f 3701 3700 3620
f 3782 3781 3701
f 3863 3862 3782
f 3944 3943 3863
f 4025 4024 3944
f 4106 4105 4025
f 4187 4186 4106
f 4268 4267 4187
f 4349 4348 4268
f 4430 4429 4349
f 4511 4510 4430
f 4592 4591 4511
f 4673 4672 4592
f 4754 4753 4673
f 4835 4834 4754
f 4916 4915 4835
f 4997 4996 4916
f 5078 5077 4997
f 5159 5158 5078
f 5240 5239 5159
f 5321 5320 5240
f 5402 5401 5321
f 5483 5482 5402
f 5564 5563 5483
f 5645 5644 5564
f 5726 5725 5645
f 5807 5806 5726
f 5888 5887 5807
f 5969 5968 5888
f 6050 6049 5969
f 6131 6130 6050
f 6212 6211 6131
f 6293 6292 6212
f 6374 6373 6293
f 6455 6454 6374
f 6536 6535 6455
f 138 137 57
f 219 218 138
f 300 299 219
f 381 380 300
f 462 461 381
f 543 542 462
f 624 623 543
f 705 704 624
f 786 785 705
f 867 866 786
f 948 947 867
f 1029 1028 948
f 1110 1109 1029
f 1191 1190 1110
f 1272 1271 1191
f 1353 1352 1272
f 1434 1433 1353
f 1515 1514 1434
f 1596 1595 1515
f 1677 1676 1596
f 1758 1757 1677
f 1839 1838 1758
f 1920 1919 1839
f 2001 2000 1920
f 2082 2081 2001
f 2163 2162 2082
f 2244 2243 2163
f 2325 2324 2244
f 2406 2405 2325
f 2487 2486 2406
f 2568 2567 2487
f 2649 2648 2568
f 2730 2729 2649
f 2811 2810 2730
f 2892 2891 2811
f 2973 2972 2892
f 3054 3053 2973
f 3135 3134 3054
f 3216 3215 3135
f 3297 3296 3216
f 3378 3377 3297
f 3459 3458 3378
f 3540 3539 3459
f 3621 3620 3540
f 3702 3701 3621
f 3783 3782 3702
f 3864 3863 3783
f 3945 3944 3864
f 4026 4025 3945
f 4107 4106 4026
f 4188 4187 4107
f 4269 4268 4188
f 4350 4349 4269
f 4431 4430 4350
f 4512 4511 4431
f 4593 4592 4512
f 4674 4673 4593
f 4755 4754 4674
f 4836 4835 4755
f 4917 4916 4836
f 4998 4997 4917
f 5079 5078 4998
f 5160 5159 5079
f 5241 5240 5160
f 5322 5321 5241
f 5403 5402 5322
f 5484 5483 5403
f 5565 5564 5484
f 5646 5645 5565
f 5727 5726 5646
f 5808 5807 5727
f 5889 5888 5808
f 5970 5969 5889
f 6051 6050 5970
f 6132 6131 6051
f 6213 6212 6132
f 6294 6293 6213
f 6375 6374 6294
f 6456 6455 6375
f 6537 6536 6456
f 139 138 58
f 220 219 139
f 301 300 220
f 382 381 301
f 463 462 382
f 544 543 463
f 625 624 544
f 706 705 625
f 787 786 706
f 868 867 787
f 949 948 868
f 1030 1029 949
f 1111 1110 1030
f 1192 1191 1111
f 1273 1272 1192
f 1354 1353 1273
f 1435 1434 1354
f 1516 1515 1435
f 1597 1596 1516
f 1678 1677 1597
f 1759 1758 1678
f 1840 1839 1759
f 1921 1920 1840
f 2002 2001 1921
f 2083 2082 2002
f 2164 2163 2083
f 2245 2244 2164
f 2326 2325 2245
f 2407 2406 2326
f 2488 2487 2407
f 2569 2568 2488
f 2650 2649 2569
f 2731 2730 2650
f 2812 2811 2731
f 2893 2892 2812
f 2974 2973 2893
f 3055 3054 2974
f 3136 3135 3055
f 3217 3216 3136
f 3298 3297 3217
f 3379 3378 3298
f 3460 3459 3379
f 3541 3540 3460
f 3622 3621 3541
f 3703 3702 3622
f 3784 3783 3703
f 3865 3864 3784
f 3946 3945 3865
f 4027 4026 3946
f 4108 4107 4027
f 4189 4188 4108
f 4270 4269 4189
f 4351 4350 4270
f 4432 4431 4351
f 4513 4512 4432
f 4594 4593 4513
f 4675 4674 4594
f 4756 4755 4675
f 4837 4836 4756
f 4918 4917 4837
f 4999 4998 4918
f 5080 5079 4999
f 5161 5160 5080
f 5242 5241 5161
f 5323 5322 5242
f 5404 5403 5323
f 5485 5484 5404
f 5566 5565 5485
f 5647 5646 5566
f 5728 5727 5647
f 5809 5808 5728
f 5890 5889 5809
f 5971 5970 5890
f 6052 6051 5971
f 6133 6132 6052
f 6214 6213 6133
f 6295 6294 6214
f 6376 6375 6295
f 6457 6456 6376
f 6538 6537 6457
f 140 139 59
f 221 220 140
f 302 301 221
f 383 382 302
f 464 463 383
f 545 544 464
f 626 625 545
f 707 706 626
f 788 787 707
f 869 868 788
f 950 949 869
f 1031 1030 950
f 1112 1111 1031
f 1193 1192 1112
f 1274 1273 1193
f 1355 1354 1274
f 1436 1435 1355
f 1517 1516 1436
f 1598 1597 1517
f 1679 1678 1598
f 1760 1759 1679
f 1841 1840 1760
f 1922 1921 1841
f 2003 2002 1922
f 2084 2083 2003
f 2165 2164 2084
f 2246 2245 2165
f 2327 2326 2246
f 2408 2407 2327
f 2489 2488 2408
f 2570 2569 2489
f 2651 2650 2570
f 2732 2731 2651
f 2813 2812 2732
f 2894 2893 2813
f 2975 2974 2894
f 3056 3055 2975
f 3137 3136 3056
f 3218 3217 3137
f 3299 3298 3218
f 3380 3379 3299
f 3461 3460 3380
f 3542 3541 3461
f 3623 3622 3542
f 3704 3703 3623
f 3785 3784 3704
f 3866 3865 3785
f 3947 3946 3866
f 4028 4027 3947
f 4109 4108 4028
f 4190 4189 4109
f 4271 4270 4190
f 4352 4351 4271
f 4433 4432 4352
f 4514 4513 4433
f 4595 4594 4514
f 4676 4675 4595
f 4757 4756 4676
f 4838 4837 4757
f 4919 4918 4838
f 5000 4999 4919
f 5081 5080 5000
f 5162 5161 5081
f 5243 5242 5162
f 5324 5323 5243
f 5405 5404 5324
f 5486 5485 5405
f 5567 5566 5486
f 5648 5647 5567
f 5729 5728 5648
f 5810 5809 5729
f 5891 5890 5810
f 5972 5971 5891
f 6053 6052 5972
f 6134 6133 6053
f 6215 6214 6134
f 6296 6295 6215
f 6377 6376 6296
f 6458 6457 6377
f 6539 6538 6458
f 141 140 60
f 222 221 141
f 303 302 222
f 384 383 303
f 465 464 384
f 546 545 465
f 627 626 546
f 708 707 627
f 789 788 708
f 870 869 789
f 951 950 870
f 1032 1031 951
f 1113 1112 1032
f 1194 1193 1113
f 1275 1274 1194
f 1356 1355 1275
f 1437 1436 1356
f 1518 1517 1437
f 1599 1598 1518
f 1680 1679 1599
f 1761 1760 1680
f 1842 1841 1761
f 1923 1922 1842
f 2004 2003 1923
f 2085 2084 2004
f 2166 2165 2085
f 2247 2246 2166
f 2328 2327 2247
f 2409 2408 2328
f 2490 2489 2409
f 2571 2570 2490
f 2652 2651 2571
f 2733 2732 2652
f 2814 2813 2733
f 2895 2894 2814
f 2976 2975 2895
f 3057 3056 2976
f 3138 3137 3057
f 3219 3218 3138
f 3300 3299 3219
f 3381 3380 3300
f 3462 3461 3381
f 3543 3542 3462
f 3624 3623 3543
f 3705 3704 3624
f 3786 3785 3705
f 3867 3866 3786
f 3948 3947 3867
f 4029 4028 3948
f 4110 4109 4029
f 4191 4190 4110
f 4272 4271 4191
f 4353 4352 4272
f 4434 4433 4353
f 4515 4514 4434
f 4596 4595 4515
f 4677 4676 4596
f 4758 4757 4677
f 4839 4838 4758
f 4920 4919 4839
f 5001 5000 4920
f 5082 5081 5001
f 5163 5162 5082
f 5244 5243 5163
f 5325 5324 5244
f 5406 5405 5325
f 5487 5486 5406
f 5568 5567 5487
f 5649 5648 5568
f 5730 5729 5649
f 5811 5810 5730
f 5892 5891 5811
f 5973 5972 5892
f 6054 6053 5973
f 6135 6134 6054
f 6216 6215 6135
f 6297 6296 6216
f 6378 6377 6297
f 6459 6458 6378
f 6540 6539 6459
f 142 141 61
f 223 222 142
f 304 303 223
f 385 384 304
f 466 465 385
f 547 546 466
f 628 627 547
f 709 708 628
f 790 789 709
f 871 870 790
f 952 951 871
f 1033 1032 952
f 1114 1113 1033
f 1195 1194 1114
f 1276 1275 1195
f 1357 1356 1276
f 1438 1437 1357
f 1519 1518 1438
f 1600 1599 1519
f 1681 1680 1600
f 1762 1761 1681
f 1843 1842 1762
f 1924 1923 1843
f 2005 2004 1924
f 2086 2085 2005
f 2167 2166 2086
f 2248 2247 2167
f 2329 2328 2248
f 2410 2409 2329
f 2491 2490 2410
f 2572 2571 2491
f 2653 2652 2572
f 2734 2733 2653
f 2815 2814 2734
f 2896 2895 2815
f 2977 2976 2896
f 3058 3057 2977
f 3139 3138 3058
f 3220 3219 3139
f 3301 3300 3220
f 3382 3381 3301
f 3463 3462 3382
f 3544 3543 3463
f 3625 3624 3544
f 3706 3705 3625
f 3787 3786 3706
f 3868 3867 3787
f 3949 3948 3868
f 4030 4029 3949
f 4111 4110 4030
f 4192 4191 4111
f 4273 4272 4192
f 4354 4353 4273
f 4435 4434 4354
f 4516 4515 4435
f 4597 4596 4516
f 4678 4677 4597
f 4759 4758 4678
f 4840 4839 4759
f 4921 4920 4840
f 5002 5001 4921
f 5083 5082 5002
f 5164 5163 5083
f 5245 5244 5164
f 5326 5325 5245
f 5407 5406 5326
f 5488 5487 5407
f 5569 5568 5488
f 5650 5649 5569
f 5731 5730 5650
f 5812 5811 5731
f 5893 5892 5812
f 5974 5973 5893
f 6055 6054 5974
f 6136 6135 6055
f 6217 6216 6136
f 6298 6297 6217
f 6379 6378 6298
f 6460 6459 6379
f 6541 6540 6460
f 143 142 62
f 224 223 143
f 305 304 224
f 386 385 305
f 467 466 386
f 548 547 467
f 629 628 548
f 710 709 629
f 791 790 710
f 872 871 791
f 953 952 872
f 1034 1033 953
f 1115 1114 1034
f 1196 1195 1115
f 1277 1276 1196
f 1358 1357 1277
f 1439 1438 1358
f 1520 1519 1439
f 1601 1600 1520
f 1682 1681 1601
f 1763 1762 1682
f 1844 1843 1763
f 1925 1924 1844
f 2006 2005 1925
f 2087 2086 2006
f 2168 2167 2087
f 2249 2248 2168
f 2330 2329 2249
f 2411 2410 2330
f 2492 2491 2411
f 2573 2572 2492
f 2654 2653 2573
f 2735 2734 2654
f 2816 2815 2735
f 2897 2896 2816
f 2978 2977 2897
f 3059 3058 2978
f 3140 3139 3059
f 3221 3220 3140
f 3302 3301 3221
f 3383 3382 3302
f 3464 3463 3383
f 3545 3544 3464
f 3626 3625 3545
f 3707 3706 3626
f 3788 3787 3707
f 3869 3868 3788
f 3950 3949 3869
f 4031 4030 3950
f 4112 4111 4031
f 4193 4192 4112
f 4274 4273 4193
f 4355 4354 4274
f 4436 4435 4355
f 4517 4516 4436
f 4598 4597 4517
f 4679 4678 4598
f 4760 4759 4679
f 4841 4840 4760
f 4922 4921 4841
f 5003 5002 4922
f 5084 5083 5003
f 5165 5164 5084
f 5246 5245 5165
f 5327 5326 5246
f 5408 5407 5327
f 5489 5488 5408
f 5570 5569 5489
f 5651 5650 5570
f 5732 5731 5651
f 5813 5812 5732
f 5894 5893 5813
f 5975 5974 5894
f 6056 6055 5975
f 6137 6136 6056
f 6218 6217 6137
f 6299 6298 6218
f 6380 6379 6299
f 6461 6460 6380
f 6542 6541 6461
f 144 143 63
f 225 224 144
f 306 305 225
f 387 386 306
f 468 467 387
f 549 548 468
f 630 629 549
f 711 710 630
f 792 791 711
f 873 872 792
f 954 953 873
f 1035 1034 954
f 1116 1115 1035
f 1197 1196 1116
f 1278 1277 1197
f 1359 1358 1278
f 1440 1439 1359
f 1521 1520 1440
f 1602 1601 1521
f 1683 1682 1602
f 1764 1763 1683
f 1845 1844 1764
f 1926 1925 1845
f 2007 2006 1926
f 2088 2087 2007
f 2169 2168 2088
f 2250 2249 2169
f 2331 2330 2250
f 2412 2411 2331
f 2493 2492 2412
f 2574 2573 2493
f 2655 2654 2574
f 2736 2735 2655
f 2817 2816 2736
f 2898 2897 2817
f 2979 2978 2898
f 3060 3059 2979
f 3141 3140 3060
f 3222 3221 3141
f 3303 3302 3222
f 3384 3383 3303
f 3465 3464 3384
f 3546 3545 3465
f 3627 3626 3546
f 3708 3707 3627
f 3789 3788 3708
f 3870 3869 3789
f 3951 3950 3870
f 4032 4031 3951
f 4113 4112 4032
f 4194 4193 4113
f 4275 4274 4194
f 4356 4355 4275
f 4437 4436 4356
f 4518 4517 4437
f 4599 4598 4518
f 4680 4679 4599
f 4761 4760 4680
f 4842 4841 4761
f 4923 4922 4842
f 5004 5003 4923
f 5085 5084 5004
f 5166 5165 5085
f 5247 5246 5166
f 5328 5327 5247
f 5409 5408 5328
f 5490 5489 5409
f 5571 5570 5490
f 5652 5651 5571
f 5733 5732 5652
f 5814 5813 5733
f 5895 5894 5814
f 5976 5975 5895
f 6057 6056 5976
f 6138 6137 6057
f 6219 6218 6138
f 6300 6299 6219
f 6381 6380 6300
f 6462 6461 6381
f 6543 6542 6462
f 145 144 64
f 226 225 145
f 307 306 226
f 388 387 307
f 469 468 388
f 550 549 469
f 631 630 550
f 712 711 631
f 793 792 712
f 874 873 793
f 955 954 874
f 1036 1035 955
f 1117 1116 1036
f 1198 1197 1117
f 1279 1278 1198
f 1360 1359 1279
f 1441 1440 1360
f 1522 1521 1441
f 1603 1602 1522
f 1684 1683 1603
f 1765 1764 1684
f 1846 1845 1765
f 1927 1926 1846
f 2008 2007 1927
f 2089 2088 2008
f 2170 2169 2089
f 2251 2250 2170
f 2332 2331 2251
f 2413 2412 2332
f 2494 2493 2413
f 2575 2574 2494
f 2656 2655 2575
f 2737 2736 2656
f 2818 2817 2737
f 2899 2898 2818
f 2980 2979 2899
f 3061 3060 2980
f 3142 3141 3061
f 3223 3222 3142
f 3304 3303 3223
f 3385 3384 3304
f 3466 3465 3385
f 3547 3546 3466
f 3628 3627 3547
f 3709 3708 3628
f 3790 3789 3709
f 3871 3870 3790
f 3952 3951 3871
f 4033 4032 3952
f 4114 4113 4033
f 4195 4194 4114
f 4276 4275 4195
f 4357 4356 4276
f 4438 4437 4357
f 4519 4518 4438
f 4600 4599 4519
f 4681 4680 4600
f 4762 4761 4681
f 4843 4842 4762
f 4924 4923 4843
f 5005 5004 4924
f 5086 5085 5005
f 5167 5166 5086
f 5248 5247 5167
f 5329 5328 5248
f 5410 5409 5329
f 5491 5490 5410
f 5572 5571 5491
f 5653 5652 5572
f 5734 5733 5653
f 5815 5814 5734
f 5896 5895 5815
f 5977 5976 5896
f 6058 6057 5977
f 6139 6138 6058
f 6220 6219 6139
f 6301 6300 6220
f 6382 6381 6301
f 6463 6462 6382
f 6544 6543 6463
f 146 145 65
f 227 226 146
f 308 307 227
f 389 388 308
f 470 469 389
f 551 550 470
f 632 631 551
f 713 712 632
f 794 793 713
f 875 874 794
f 956 955 875
f 1037 1036 956
f 1118 1117 1037
f 1199 1198 1118
f 1280 1279 1199
f 1361 1360 1280
f 1442 1441 1361
f 1523 1522 1442
f 1604 1603 1523
f 1685 1684 1604
f 1766 1765 1685
f 1847 1846 1766
f 1928 1927 1847
f 2009 2008 1928
f 2090 2089 2009
f 2171 2170 2090
f 2252 2251 2171
f 2333 2332 2252
f 2414 2413 2333
f 2495 2494 2414
f 2576 2575 2495
f 2657 2656 2576
f 2738 2737 2657
f 2819 2818 2738
f 2900 2899 2819
f 2981 2980 2900
f 3062 3061 2981
f 3143 3142 3062
f 3224 3223 3143
f 3305 3304 3224
f 3386 3385 3305
f 3467 3466 3386
f 3548 3547 3467
f 3629 3628 3548
f 3710 3709 3629
f 3791 3790 3710
f 3872 3871 3791
f 3953 3952 3872
f 4034 4033 3953
f 4115 4114 4034
f 4196 4195 4115
f 4277 4276 4196
f 4358 4357 4277
f 4439 4438 4358
f 4520 4519 4439
f 4601 4600 4520
f 4682 4681 4601
f 4763 4762 4682
f 4844 4843 4763
f 4925 4924 4844
f 5006 5005 4925
f 5087 5086 5006
f 5168 5167 5087
f 5249 5248 5168
f 5330 5329 5249
f 5411 5410 5330
f 5492 5491 5411
f 5573 5572 5492
f 5654 5653 5573
f 5735 5734 5654
f 5816 5815 5735
f 5897 5896 5816
f 5978 5977 5897
f 6059 6058 5978
f 6140 6139 6059
f 6221 6220 6140
f 6302 6301 6221
f 6383 6382 6302
f 6464 6463 6383
f 6545 6544 6464
f 147 146 66
f 228 227 147
f 309 308 228
f 390 389 309
f 471 470 390
f 552 551 471
f 633 632 552
f 714 713 633
f 795 794 714
f 876 875 795
f 957 956 876
f 1038 1037 957
f 1119 1118 1038
f 1200 1199 1119
f 1281 1280 1200
f 1362 1361 1281
f 1443 1442 1362
f 1524 1523 1443
f 1605 1604 1524
f 1686 1685 1605
f 1767 1766 1686
f 1848 1847 1767
f 1929 1928 1848
f 2010 2009 1929
f 2091 2090 2010
f 2172 2171 2091
f 2253 2252 2172
f 2334 2333 2253
f 2415 2414 2334
f 2496 2495 2415
f 2577 2576 2496
f 2658 2657 2577
f 2739 2738 2658
f 2820 2819 2739
f 2901 2900 2820
f 2982 2981 2901
f 3063 3062 2982
f 3144 3143 3063
f 3225 3224 3144
f 3306 3305 3225
f 3387 3386 3306
f 3468 3467 3387
f 3549 3548 3468
f 3630 3629 3549
f 3711 3710 3630
f 3792 3791 3711
f 3873 3872 3792
f 3954 3953 3873
f 4035 4034 3954
f 4116 4115 4035
f 4197 4196 4116
f 4278 4277 4197
f 4359 4358 4278
f 4440 4439 4359
f 4521 4520 4440
f 4602 4601 4521
f 4683 4682 4602
f 4764 4763 4683
f 4845 4844 4764
f 4926 4925 4845
f 5007 5006 4926
f 5088 5087 5007
f 5169 5168 5088
f 5250 5249 5169
f 5331 5330 5250
f 5412 5411 5331
f 5493 5492 5412
f 5574 5573 5493
f 5655 5654 5574
f 5736 5735 5655
f 5817 5816 5736
f 5898 5897 5817
f 5979 5978 5898
f 6060 6059 5979
f 6141 6140 6060
f 6222 6221 6141
f 6303 6302 6222
f 6384 6383 6303
f 6465 6464 6384
f 6546 6545 6465
f 148 147 67
f 229 228 148
f 310 309 229
f 391 390 310
f 472 471 391
f 553 552 472
f 634 633 553
f 715 714 634
f 796 795 715
f 877 876 796
f 958 957 877
f 1039 1038 958
f 1120 1119 1039
f 1201 1200 1120
f 1282 1281 1201
f 1363 1362 1282
f 1444 1443 1363
f 1525 1524 1444
f 1606 1605 1525
f 1687 1686 1606
f 1768 1767 1687
f 1849 1848 1768
f 1930 1929 1849
f 2011 2010 1930
f 2092 2091 2011
f 2173 2172 2092
f 2254 2253 2173
f 2335 2334 2254
f 2416 2415 2335
f 2497 2496 2416
f 2578 2577 2497
f 2659 2658 2578
f 2740 2739 2659
f 2821 2820 2740
f 2902 2901 2821
f 2983 2982 2902
f 3064 3063 2983
f 3145 3144 3064
f 3226 3225 3145
f 3307 3306 3226
f 3388 3387 3307
f 3469 3468 3388
f 3550 3549 3469
f 3631 3630 3550
f 3712 3711 3631
f 3793 3792 3712
f 3874 3873 3793
f 3955 3954 3874
f 4036 4035 3955
f 4117 4116 4036
f 4198 4197 4117
f 4279 4278 4198
f 4360 4359 4279
f 4441 4440 4360
f 4522 4521 4441
f 4603 4602 4522
f 4684 4683 4603
f 4765 4764 4684
f 4846 4845 4765
f 4927 4926 4846
f 5008 5007 4927
f 5089 5088 5008
f 5170 5169 5089
f 5251 5250 5170
f 5332 5331 5251
f 5413 5412 5332
f 5494 5493 5413
f 5575 5574 5494
f 5656 5655 5575
f 5737 5736 5656
f 5818 5817 5737
f 5899 5898 5818
f 5980 5979 5899
f 6061 6060 5980
f 6142 6141 6061
f 6223 6222 6142
f 6304 6303 6223
f 6385 6384 6304
f 6466 6465 6385
f 6547 6546 6466
f 149 148 68
f 230 229 149
f 311 310 230
f 392 391 311
f 473 472 392
f 554 553 473
f 635 634 554
f 716 715 635
f 797 796 716
f 878 877 797
f 959 958 878
f 1040 1039 959
f 1121 1120 1040
f 1202 1201 1121
f 1283 1282 1202
f 1364 1363 1283
f 1445 1444 1364
f 1526 1525 1445
f 1607 1606 1526
f 1688 1687 1607
f 1769 1768 1688
f 1850 1849 1769
f 1931 1930 1850
f 2012 2011 1931
f 2093 2092 2012
f 2174 2173 2093
f 2255 2254 2174
f 2336 2335 2255
f 2417 2416 2336
f 2498 2497 2417
f 2579 2578 2498
f 2660 2659 2579
f 2741 2740 2660
f 2822 2821 2741
f 2903 2902 2822
f 2984 2983 2903
f 3065 3064 2984
f 3146 3145 3065
f 3227 3226 3146
f 3308 3307 3227
f 3389 3388 3308
f 3470 3469 3389
f 3551 3550 3470
f 3632 3631 3551
f 3713 3712 3632
f 3794 3793 3713
f 3875 3874 3794
f 3956 3955 3875
f 4037 4036 3956
f 4118 4117 4037
f 4199 4198 4118
f 4280 4279 4199
f 4361 4360 4280
f 4442 4441 4361
f 4523 4522 4442
f 4604 4603 4523
f 4685 4684 4604
f 4766 4765 4685
f 4847 4846 4766
f 4928 4927 4847
f 5009 5008 4928
f 5090 5089 5009
f 5171 5170 5090
f 5252 5251 5171
f 5333 5332 5252
f 5414 5413 5333
f 5495 5494 5414
f 5576 5575 5495
f 5657 5656 5576
f 5738 5737 5657
f 5819 5818 5738
f 5900 5899 5819
f 5981 5980 5900
f 6062 6061 5981
f 6143 6142 6062
f 6224 6223 6143
f 6305 6304 6224
f 6386 6385 6305
f 6467 6466 6386
f 6548 6547 6467
f 150 149 69
f 231 230 150
f 312 311 231
f 393 392 312
f 474 473 393
f 555 554 474
f 636 635 555
f 717 716 636
f 798 797 717
f 879 878 798
f 960 959 879
f 1041 1040 960
f 1122 1121 1041
f 1203 1202 1122
f 1284 1283 1203
f 1365 1364 1284
f 1446 1445 1365
f 1527 1526 1446
f 1608 1607 1527
f 1689 1688 1608
f 1770 1769 1689
f 1851 1850 1770
f 1932 1931 1851
f 2013 2012 1932
f 2094 2093 2013
f 2175 2174 2094
f 2256 2255 2175
f 2337 2336 2256
f 2418 2417 2337
f 2499 2498 2418
f 2580 2579 2499
f 2661 2660 2580
f 2742 2741 2661
f 2823 2822 2742
f 2904 2903 2823
f 2985 2984 2904
f 3066 3065 2985
f 3147 3146 3066
f 3228 3227 3147
f 3309 3308 3228
f 3390 3389 3309
f 3471 3470 3390
f 3552 3551 3471
f 3633 3632 3552
f 3714 3713 3633
f 3795 3794 3714
f 3876 3875 3795
f 3957 3956 3876
f 4038 4037 3957
f 4119 4118 4038
f 4200 4199 4119
f 4281 4280 4200
f 4362 4361 4281
f 4443 4442 4362
f 4524 4523 4443
f 4605 4604 4524
f 4686 4685 4605
f 4767 4766 4686
f 4848 4847 4767
f 4929 4928 4848
f 5010 5009 4929
f 5091 5090 5010
f 5172 5171 5091
f 5253 5252 5172
f 5334 5333 5253
f 5415 5414 5334
f 5496 5495 5415
f 5577 5576 5496
f 5658 5657 5577
f 5739 5738 5658
f 5820 5819 5739
f 5901 5900 5820
f 5982 5981 5901
f 6063 6062 5982
f 6144 6143 6063
f 6225 6224 6144
f 6306 6305 6225
f 6387 6386 6306
f 6468 6467 6387
f 6549 6548 6468
f 151 150 70
f 232 231 151
f 313 312 232
f 394 393 313
f 475 474 394
f 556 555 475
f 637 636 556
f 718 717 637
f 799 798 718
f 880 879 799
f 961 960 880
f 1042 1041 961
f 1123 1122 1042
f 1204 1203 1123
f 1285 1284 1204
f 1366 1365 1285
f 1447 1446 1366
f 1528 1527 1447
f 1609 1608 1528
f 1690 1689 1609
f 1771 1770 1690
f 1852 1851 1771
f 1933 1932 1852
f 2014 2013 1933
f 2095 2094 2014
f 2176 2175 2095
f 2257 2256 2176
f 2338 2337 2257
f 2419 2418 2338
f 2500 2499 2419
f 2581 2580 2500
f 2662 2661 2581
f 2743 2742 2662
f 2824 2823 2743
f 2905 2904 2824
f 2986 2985 2905
f 3067 3066 2986
f 3148 3147 3067
f 3229 3228 3148
f 3310 3309 3229
f 3391 3390 3310
f 3472 3471 3391
f 3553 3552 3472
f 3634 3633 3553
f 3715 3714 3634
f 3796 3795 3715
f 3877 3876 3796
f 3958 3957 3877
f 4039 4038 3958
f 4120 4119 4039
f 4201 4200 4120
f 4282 4281 4201
f 4363 4362 4282
f 4444 4443 4363
f 4525 4524 4444
f 4606 4605 4525
f 4687 4686 4606
f 4768 4767 4687
f 4849 4848 4768
f 4930 4929 4849
f 5011 5010 4930
f 5092 5091 5011
f 5173 5172 5092
f 5254 5253 5173
f 5335 5334 5254
f 5416 5415 5335
f 5497 5496 5416
f 5578 5577 5497
f 5659 5658 5578
f 5740 5739 5659
f 5821 5820 5740
f 5902 5901 5821
f 5983 5982 5902
f 6064 6063 5983
f 6145 6144 6064
f 6226 6225 6145
f 6307 6306 6226
f 6388 6387 6307
f 6469 6468 6388
f 6550 6549 6469
f 152 151 71
f 233 232 152
f 314 313 233
f 395 394 314
f 476 475 395
f 557 556 476
f 638 637 557
f 719 718 638
f 800 799 719
f 881 880 800
f 962 961 881
f 1043 1042 962
f 1124 1123 1043
f 1205 1204 1124
f 1286 1285 1205
f 1367 1366 1286
f 1448 1447 1367
f 1529 1528 1448
f 1610 1609 1529
f 1691 1690 1610
f 1772 1771 1691
f 1853 1852 1772
f 1934 1933 1853
f 2015 2014 1934
f 2096 2095 2015
f 2177 2176 2096
f 2258 2257 2177
f 2339 2338 2258
f 2420 2419 2339
f 2501 2500 2420
f 2582 2581 2501
f 2663 2662 2582
f 2744 2743 2663
f 2825 2824 2744
f 2906 2905 2825
f 2987 2986 2906
f 3068 3067 2987
f 3149 3148 3068
f 3230 3229 3149
f 3311 3310 3230
f 3392 3391 3311
f 3473 3472 3392
f 3554 3553 3473
f 3635 3634 3554
f 3716 3715 3635
f 3797 3796 3716
f 3878 3877 3797
f 3959 3958 3878
f 4040 4039 3959
f 4121 4120 4040
f 4202 4201 4121
f 4283 4282 4202
f 4364 4363 4283
f 4445 4444 4364
f 4526 4525 4445
f 4607 4606 4526
f 4688 4687 4607
f 4769 4768 4688
f 4850 4849 4769
f 4931 4930 4850
f 5012 5011 4931
f 5093 5092 5012
f 5174 5173 5093
f 5255 5254 5174
f 5336 5335 5255
f 5417 5416 5336
f 5498 5497 5417
f 5579 5578 5498
f 5660 5659 5579
f 5741 5740 5660
f 5822 5821 5741
f 5903 5902 5822
f 5984 5983 5903
f 6065 6064 5984
f 6146 6145 6065
f 6227 6226 6146
f 6308 6307 6227
f 6389 6388 6308
f 6470 6469 6389
f 6551 6550 6470
f 153 152 72
f 234 233 153
f 315 314 234
f 396 395 315
f 477 476 396
f 558 557 477
f 639 638 558
f 720 719 639
f 801 800 720
f 882 881 801
f 963 962 882
f 1044 1043 963
f 1125 1124 1044
f 1206 1205 1125
f 1287 1286 1206
f 1368 1367 1287
f 1449 1448 1368
f 1530 1529 1449
f 1611 1610 1530
f 1692 1691 1611
f 1773 1772 1692
f 1854 1853 1773
f 1935 1934 1854
f 2016 2015 1935
f 2097 2096 2016
f 2178 2177 2097
f 2259 2258 2178
f 2340 2339 2259
f 2421 2420 2340
f 2502 2501 2421
f 2583 2582 2502
f 2664 2663 2583
f 2745 2744 2664
f 2826 2825 2745
f 2907 2906 2826
f 2988 2987 2907
f 3069 3068 2988
f 3150 3149 3069
f 3231 3230 3150
f 3312 3311 3231
f 3393 3392 3312
f 3474 3473 3393
f 3555 3554 3474
f 3636 3635 3555
f 3717 3716 3636
f 3798 3797 3717
f 3879 3878 3798
f 3960 3959 3879
f 4041 4040 3960
f 4122 4121 4041
f 4203 4202 4122
f 4284 4283 4203
f 4365 4364 4284
f 4446 4445 4365
f 4527 4526 4446
f 4608 4607 4527
f 4689 4688 4608
f 4770 4769 4689
f 4851 4850 4770
f 4932 4931 4851
f 5013 5012 4932
f 5094 5093 5013
f 5175 5174 5094
f 5256 5255 5175
f 5337 5336 5256
f 5418 5417 5337
f 5499 5498 5418
f 5580 5579 5499
f 5661 5660 5580
f 5742 5741 5661
f 5823 5822 5742
f 5904 5903 5823
f 5985 5984 5904
f 6066 6065 5985
f 6147 6146 6066
f 6228 6227 6147
f 6309 6308 6228
f 6390 6389 6309
f 6471 6470 6390
f 6552 6551 6471
f 154 153 73
f 235 234 154
f 316 315 235
f 397 396 316
f 478 477 397
f 559 558 478
f 640 639 559
f 721 720 640
f 802 801 721
f 883 882 802
f 964 963 883
f 1045 1044 964
f 1126 1125 1045
f 1207 1206 1126
f 1288 1287 1207
f 1369 1368 1288
f 1450 1449 1369
f 1531 1530 1450
f 1612 1611 1531
f 1693 1692 1612
f 1774 1773 1693
f 1855 1854 1774
f 1936 1935 1855
f 2017 2016 1936
f 2098 2097 2017
f 2179 2178 2098
f 2260 2259 2179
f 2341 2340 2260
f 2422 2421 2341
f 2503 2502 2422
f 2584 2583 2503
f 2665 2664 2584
f 2746 2745 2665
f 2827 2826 2746
f 2908 2907 2827
f 2989 2988 2908
f 3070 3069 2989
f 3151 3150 3070
f 3232 3231 3151
f 3313 3312 3232
f 3394 3393 3313
f 3475 3474 3394
f 3556 3555 3475
f 3637 3636 3556
f 3718 3717 3637
f 3799 3798 3718
f 3880 3879 3799
f 3961 3960 3880
f 4042 4041 3961
f 4123 4122 4042
f 4204 4203 4123
f 4285 4284 4204
f 4366 4365 4285
f 4447 4446 4366
f 4528 4527 4447
f 4609 4608 4528
f 4690 4689 4609
f 4771 4770 4690
f 4852 4851 4771
f 4933 4932 4852
f 5014 5013 4933
f 5095 5094 5014
f 5176 5175 5095
f 5257 5256 5176
f 5338 5337 5257
f 5419 5418 5338
f 5500 5499 5419
f 5581 5580 5500
f 5662 5661 5581
f 5743 5742 5662
f 5824 5823 5743
f 5905 5904 5824
f 5986 5985 5905
f 6067 6066 5986
f 6148 6147 6067
f 6229 6228 6148
f 6310 6309 6229
f 6391 6390 6310
f 6472 6471 6391
f 6553 6552 6472
f 155 154 74
f 236 235 155
f 317 316 236
f 398 397 317
f 479 478 398
f 560 559 479
f 641 640 560
f 722 721 641
f 803 802 722
f 884 883 803
f 965 964 884
f 1046 1045 965
f 1127 1126 1046
f 1208 1207 1127
f 1289 1288 1208
f 1370 1369 1289
f 1451 1450 1370
f 1532 1531 1451
f 1613 1612 1532
f 1694 1693 1613
f 1775 1774 1694
f 1856 1855 1775
f 1937 1936 1856
f 2018 2017 1937
f 2099 2098 2018
f 2180 2179 2099
f 2261 2260 2180
f 2342 2341 2261
f 2423 2422 2342
f 2504 2503 2423
f 2585 2584 2504
f 2666 2665 2585
f 2747 2746 2666
f 2828 2827 2747
f 2909 2908 2828
f 2990 2989 2909
f 3071 3070 2990
f 3152 3151 3071
f 3233 3232 3152
f 3314 3313 3233
f 3395 3394 3314
f 3476 3475 3395
f 3557 3556 3476
f 3638 3637 3557
f 3719 3718 3638
f 3800 3799 3719
f 3881 3880 3800
f 3962 3961 3881
f 4043 4042 3962
f 4124 4123 4043
f 4205 4204 4124
f 4286 4285 4205
f 4367 4366 4286
f 4448 4447 4367
f 4529 4528 4448
f 4610 4609 4529
f 4691 4690 4610
f 4772 4771 4691
f 4853 4852 4772
f 4934 4933 4853
f 5015 5014 4934
f 5096 5095 5015
f 5177 5176 5096
f 5258 5257 5177
f 5339 5338 5258
f 5420 5419 5339
f 5501 5500 5420
f 5582 5581 5501
f 5663 5662 5582
f 5744 5743 5663
f 5825 5824 5744
f 5906 5905 5825
f 5987 5986 5906
f 6068 6067 5987
f 6149 6148 6068
f 6230 6229 6149
f 6311 6310 6230
f 6392 6391 6311
f 6473 6472 6392
f 6554 6553 6473
f 156 155 75
f 237 236 156
f 318 317 237
f 399 398 318
f 480 479 399
f 561 560 480
f 642 641 561
f 723 722 642
f 804 803 723
f 885 884 804
f 966 965 885
f 1047 1046 966
f 1128 1127 1047
f 1209 1208 1128
f 1290 1289 1209
f 1371 1370 1290
f 1452 1451 1371
f 1533 1532 1452
f 1614 1613 1533
f 1695 1694 1614
f 1776 1775 1695
f 1857 1856 1776
f 1938 1937 1857
f 2019 2018 1938
f 2100 2099 2019
f 2181 2180 2100
f 2262 2261 2181
f 2343 2342 2262
f 2424 2423 2343
f 2505 2504 2424
f 2586 2585 2505
f 2667 2666 2586
f 2748 2747 2667
f 2829 2828 2748
f 2910 2909 2829
f 2991 2990 2910
f 3072 3071 2991
f 3153 3152 3072
f 3234 3233 3153
f 3315 3314 3234
f 3396 3395 3315
f 3477 3476 3396
f 3558 3557 3477
f 3639 3638 3558
f 3720 3719 3639
f 3801 3800 3720
f 3882 3881 3801
f 3963 3962 3882
f 4044 4043 3963
f 4125 4124 4044
f 4206 4205 4125
f 4287 4286 4206
f 4368 4367 4287
f 4449 4448 4368
f 4530 4529 4449
f 4611 4610 4530
f 4692 4691 4611
f 4773 4772 4692
f 4854 4853 4773
f 4935 4934 4854
f 5016 5015 4935
f 5097 5096 5016
f 5178 5177 5097
f 5259 5258 5178
f 5340 5339 5259
f 5421 5420 5340
f 5502 5501 5421
f 5583 5582 5502
f 5664 5663 5583
f 5745 5744 5664
f 5826 5825 5745
f 5907 5906 5826
f 5988 5987 5907
f 6069 6068 5988
f 6150 6149 6069
f 6231 6230 6150
f 6312 6311 6231
f 6393 6392 6312
f 6474 6473 6393
f 6555 6554 6474
f 157 156 76
f 238 237 157
f 319 318 238
f 400 399 319
f 481 480 400
f 562 561 481
f 643 642 562
f 724 723 643
f 805 804 724
f 886 885 805
f 967 966 886
f 1048 1047 967
f 1129 1128 1048
f 1210 1209 1129
f 1291 1290 1210
f 1372 1371 1291
f 1453 1452 1372
f 1534 1533 1453
f 1615 1614 1534
f 1696 1695 1615
f 1777 1776 1696
f 1858 1857 1777
f 1939 1938 1858
f 2020 2019 1939
f 2101 2100 2020
f 2182 2181 2101
f 2263 2262 2182
f 2344 2343 2263
f 2425 2424 2344
f 2506 2505 2425
f 2587 2586 2506
f 2668 2667 2587
f 2749 2748 2668
f 2830 2829 2749
f 2911 2910 2830
f 2992 2991 2911
f 3073 3072 2992
f 3154 3153 3073
f 3235 3234 3154
f 3316 3315 3235
f 3397 3396 3316
f 3478 3477 3397
f 3559 3558 3478
f 3640 3639 3559
f 3721 3720 3640
f 3802 3801 3721
f 3883 3882 3802
f 3964 3963 3883
f 4045 4044 3964
f 4126 4125 4045
f 4207 4206 4126
f 4288 4287 4207
f 4369 4368 4288
f 4450 4449 4369
f 4531 4530 4450
f 4612 4611 4531
f 4693 4692 4612
f 4774 4773 4693
f 4855 4854 4774
f 4936 4935 4855
f 5017 5016 4936
f 5098 5097 5017
f 5179 5178 5098
f 5260 5259 5179
f 5341 5340 5260
f 5422 5421 5341
f 5503 5502 5422
f 5584 5583 5503
f 5665 5664 5584
f 5746 5745 5665
f 5827 5826 5746
f 5908 5907 5827
f 5989 5988 5908
f 6070 6069 5989
f 6151 6150 6070
f 6232 6231 6151
f 6313 6312 6232
f 6394 6393 6313
f 6475 6474 6394
f 6556 6555 6475
f 158 157 77
f 239 238 158
f 320 319 239
f 401 400 320
f 482 481 401
f 563 562 482
f 644 643 563
f 725 724 644
f 806 805 725
f 887 886 806
f 968 967 887
f 1049 1048 968
f 1130 1129 1049
f 1211 1210 1130
f 1292 1291 1211
f 1373 1372 1292
f 1454 1453 1373
f 1535 1534 1454
f 1616 1615 1535
f 1697 1696 1616
f 1778 1777 1697
f 1859 1858 1778
f 1940 1939 1859
f 2021 2020 1940
f 2102 2101 2021
f 2183 2182 2102
f 2264 2263 2183
f 2345 2344 2264
f 2426 2425 2345
f 2507 2506 2426
f 2588 2587 2507
f 2669 2668 2588
f 2750 2749 2669
f 2831 2830 2750
f 2912 2911 2831
f 2993 2992 2912
f 3074 3073 2993
f 3155 3154 3074
f 3236 3235 3155
f 3317 3316 3236
f 3398 3397 3317
f 3479 3478 3398
f 3560 3559 3479
f 3641 3640 3560
f 3722 3721 3641
f 3803 3802 3722
f 3884 3883 3803
f 3965 3964 3884
f 4046 4045 3965
f 4127 4126 4046
f 4208 4207 4127
f 4289 4288 4208
f 4370 4369 4289
f 4451 4450 4370
f 4532 4531 4451
f 4613 4612 4532
f 4694 4693 4613
f 4775 4774 4694
f 4856 4855 4775
f 4937 4936 4856
f 5018 5017 4937
f 5099 5098 5018
f 5180 5179 5099
f 5261 5260 5180
f 5342 5341 5261
f 5423 5422 5342
f 5504 5503 5423
f 5585 5584 5504
f 5666 5665 5585
f 5747 5746 5666
f 5828 5827 5747
f 5909 5908 5828
f 5990 5989 5909
f 6071 6070 5990
f 6152 6151 6071
f 6233 6232 6152
f 6314 6313 6233
f 6395 6394 6314
f 6476 6475 6395
f 6557 6556 6476
f 159 158 78
f 240 239 159
f 321 320 240
f 402 401 321
f 483 482 402
f 564 563 483
f 645 644 564
f 726 725 645
f 807 806 726
f 888 887 807
f 969 968 888
f 1050 1049 969
f 1131 1130 1050
f 1212 1211 1131
f 1293 1292 1212
f 1374 1373 1293
f 1455 1454 1374
f 1536 1535 1455
f 1617 1616 1536
f 1698 1697 1617
f 1779 1778 1698
f 1860 1859 1779
f 1941 1940 1860
f 2022 2021 1941
f 2103 2102 2022
f 2184 2183 2103
f 2265 2264 2184
f 2346 2345 2265
f 2427 2426 2346
f 2508 2507 2427
f 2589 2588 2508
f 2670 2669 2589
f 2751 2750 2670
f 2832 2831 2751
f 2913 2912 2832
f 2994 2993 2913
f 3075 3074 2994
f 3156 3155 3075
f 3237 3236 3156
f 3318 3317 3237
f 3399 3398 3318
f 3480 3479 3399
f 3561 3560 3480
f 3642 3641 3561
f 3723 3722 3642
f 3804 3803 3723
f 3885 3884 3804
f 3966 3965 3885
f 4047 4046 3966
f 4128 4127 4047
f 4209 4208 4128
f 4290 4289 4209
f 4371 4370 4290
f 4452 4451 4371
f 4533 4532 4452
f 4614 4613 4533
f 4695 4694 4614
f 4776 4775 4695
f 4857 4856 4776
f 4938 4937 4857
f 5019 5018 4938
f 5100 5099 5019
f 5181 5180 5100
f 5262 5261 5181
f 5343 5342 5262
f 5424 5423 5343
f 5505 5504 5424
f 5586 5585 5505
f 5667 5666 5586
f 5748 5747 5667
f 5829 5828 5748
f 5910 5909 5829
f 5991 5990 5910
f 6072 6071 5991
f 6153 6152 6072
f 6234 6233 6153
f 6315 6314 6234
f 6396 6395 6315
f 6477 6476 6396
f 6558 6557 6477
f 160 159 79
f 241 240 160
f 322 321 241
f 403 402 322
f 484 483 403
f 565 564 484
f 646 645 565
f 727 726 646
f 808 807 727
f 889 888 808
f 970 969 889
f 1051 1050 970
f 1132 1131 1051
f 1213 1212 1132
f 1294 1293 1213
f 1375 1374 1294
f 1456 1455 1375
f 1537 1536 1456
f 1618 1617 1537
f 1699 1698 1618
f 1780 1779 1699
f 1861 1860 1780
f 1942 1941 1861
f 2023 2022 1942
f 2104 2103 2023
f 2185 2184 2104
f 2266 2265 2185
f 2347 2346 2266
f 2428 2427 2347
f 2509 2508 2428
f 2590 2589 2509
f 2671 2670 2590
f 2752 2751 2671
f 2833 2832 2752
f 2914 2913 2833
f 2995 2994 2914
f 3076 3075 2995
f 3157 3156 3076
f 3238 3237 3157
f 3319 3318 3238
f 3400 3399 3319
f 3481 3480 3400
f 3562 3561 3481
f 3643 3642 3562
f 3724 3723 3643
f 3805 3804 3724
f 3886 3885 3805
f 3967 3966 3886
f 4048 4047 3967
f 4129 4128 4048
f 4210 4209 4129
f 4291 4290 4210
f 4372 4371 4291
f 4453 4452 4372
f 4534 4533 4453
f 4615 4614 4534
f 4696 4695 4615
f 4777 4776 4696
f 4858 4857 4777
f 4939 4938 4858
f 5020 5019 4939
f 5101 5100 5020
f 5182 5181 5101
f 5263 5262 5182
f 5344 5343 5263
f 5425 5424 5344
f 5506 5505 5425
f 5587 5586 5506
f 5668 5667 5587
f 5749 5748 5668
f 5830 5829 5749
f 5911 5910 5830
f 5992 5991 5911
f 6073 6072 5992
f 6154 6153 6073
f 6235 6234 6154
f 6316 6315 6235
f 6397 6396 6316
f 6478 6477 6397
f 6559 6558 6478
f 161 160 80
f 242 241 161
f 323 322 242
f 404 403 323
f 485 484 404
f 566 565 485
f 647 646 566
f 728 727 647
f 809 808 728
f 890 889 809
f 971 970 890
f 1052 1051 971
f 1133 1132 1052
f 1214 1213 1133
f 1295 1294 1214
f 1376 1375 1295
f 1457 1456 1376
f 1538 1537 1457
f 1619 1618 1538
f 1700 1699 1619
f 1781 1780 1700
f 1862 1861 1781
f 1943 1942 1862
f 2024 2023 1943
f 2105 2104 2024
f 2186 2185 2105
f 2267 2266 2186
f 2348 2347 2267
f 2429 2428 2348
f 2510 2509 2429
f 2591 2590 2510
f 2672 2671 2591
f 2753 2752 2672
f 2834 2833 2753
f 2915 2914 2834
f 2996 2995 2915
f 3077 3076 2996
f 3158 3157 3077
f 3239 3238 3158
f 3320 3319 3239
f 3401 3400 3320
f 3482 3481 3401
f 3563 3562 3482
f 3644 3643 3563
f 3725 3724 3644
f 3806 3805 3725
f 3887 3886 3806
f 3968 3967 3887
f 4049 4048 3968
f 4130 4129 4049
f 4211 4210 4130
f 4292 4291 4211
f 4373 4372 4292
f 4454 4453 4373
f 4535 4534 4454
f 4616 4615 4535
f 4697 4696 4616
f 4778 4777 4697
f 4859 4858 4778
f 4940 4939 4859
f 5021 5020 4940
f 5102 5101 5021
f 5183 5182 5102
f 5264 5263 5183
f 5345 5344 5264
f 5426 5425 5345
f 5507 5506 5426
f 5588 5587 5507
f 5669 5668 5588
f 5750 5749 5669
f 5831 5830 5750
f 5912 5911 5831
f 5993 5992 5912
f 6074 6073 5993
f 6155 6154 6074
f 6236 6235 6155
f 6317 6316 6236
f 6398 6397 6317
f 6479 6478 6398
f 6560 6559 6479
f 162 161 81
f 243 242 162
f 324 323 243
f 405 404 324
f 486 485 405
f 567 566 486
f 648 647 567
f 729 728 648
f 810 809 729
f 891 890 810
f 972 971 891
f 1053 1052 972
f 1134 1133 1053
f 1215 1214 1134
f 1296 1295 1215
f 1377 1376 1296
f 1458 1457 1377
f 1539 1538 1458
f 1620 1619 1539
f 1701 1700 1620
f 1782 1781 1701
f 1863 1862 1782
f 1944 1943 1863
f 2025 2024 1944
f 2106 2105 2025
f 2187 2186 2106
f 2268 2267 2187
f 2349 2348 2268
f 2430 2429 2349
f 2511 2510 2430
f 2592 2591 2511
f 2673 2672 2592
f 2754 2753 2673
f 2835 2834 2754
f 2916 2915 2835
f 2997 2996 2916
f 3078 3077 2997
f 3159 3158 3078
f 3240 3239 3159
f 3321 3320 3240
f 3402 3401 3321
f 3483 3482 3402
f 3564 3563 3483
f 3645 3644 3564
f 3726 3725 3645
f 3807 3806 3726
f 3888 3887 3807
f 3969 3968 3888
f 4050 4049 3969
f 4131 4130 4050
f 4212 4211 4131
f 4293 4292 4212
f 4374 4373 4293
f 4455 4454 4374
f 4536 4535 4455
f 4617 4616 4536
f 4698 4697 4617
f 4779 4778 4698
f 4860 4859 4779
f 4941 4940 4860
f 5022 5021 4941
f 5103 5102 5022
f 5184 5183 5103
f 5265 5264 5184
f 5346 5345 5265
f 5427 5426 5346
f 5508 5507 5427
f 5589 5588 5508
f 5670 5669 5589
f 5751 5750 5670
f 5832 5831 5751
f 5913 5912 5832
f 5994 5993 5913
f 6075 6074 5994
f 6156 6155 6075
f 6237 6236 6156
f 6318 6317 6237
f 6399 6398 6318
f 6480 6479 6399
f 6561 6560 6480
