v -0.5 -0.5 4.73682928085327
v -0.4875 -0.5 4.7298002243042
v -0.475 -0.5 4.72252225875854
v -0.4625 -0.5 4.71502733230591
v -0.45 -0.5 4.70735549926758
v -0.4375 -0.5 4.69955444335938
v -0.425 -0.5 4.6916766166687
v -0.4125 -0.5 4.68378114700317
v -0.4 -0.5 4.67592763900757
v -0.3875 -0.5 4.66817474365234
v -0.375 -0.5 4.66057825088501
v -0.3625 -0.5 4.65318250656128
v -0.35 -0.5 4.64602136611938
v -0.3375 -0.5 4.63911581039429
v -0.325 -0.5 4.63247489929199
v -0.3125 -0.5 4.62609815597534
v -0.3 -0.5 4.61997890472412
v -0.2875 -0.5 4.6141037940979
v -0.275 -0.5 4.60846042633057
v -0.2625 -0.5 4.60303640365601
v -0.25 -0.5 4.59782123565674
v -0.2375 -0.5 4.59281063079834
v -0.225 -0.5 4.58800458908081
v -0.2125 -0.5 4.58340644836426
v -0.2 -0.5 4.57903003692627
v -0.1875 -0.5 4.57489156723022
v -0.175 -0.5 4.5710129737854
v -0.1625 -0.5 4.56742191314697
v -0.15 -0.5 4.56414937973022
v -0.1375 -0.5 4.56122779846191
v -0.125 -0.5 4.55869293212891
v -0.1125 -0.5 4.55657720565796
v -0.0999999999999996 -0.5 4.55491352081299
v -0.0874999999999996 -0.5 4.55372762680054
v -0.0749999999999996 -0.5 4.55304098129272
v -0.0624999999999996 -0.5 4.55286502838135
v -0.0499999999999996 -0.5 4.55320358276367
v -0.0374999999999996 -0.5 4.55404901504517
v -0.0249999999999996 -0.5 4.55538415908813
v -0.0124999999999996 -0.5 4.55718278884888
v 4.44089209850063e-16 -0.5 4.55941247940063
v 0.0125000000000004 -0.5 4.56203603744507
v 0.0250000000000005 -0.5 4.56501579284668
v 0.0375000000000005 -0.5 4.56831073760986
v 0.0500000000000005 -0.5 4.57188272476196
v 0.0625000000000004 -0.5 4.57569456100464
v 0.0750000000000005 -0.5 4.57970809936523
v 0.0875000000000006 -0.5 4.58388900756836
v 0.100000000000001 -0.5 4.58820152282715
v 0.1125 -0.5 4.59261274337769
v 0.125000000000001 -0.5 4.59708642959595
v 0.137500000000001 -0.5 4.60159254074097
v 0.150000000000001 -0.5 4.60609912872314
v 0.162500000000001 -0.5 4.61057806015015
v 0.175000000000001 -0.5 4.61500120162964
v 0.187500000000001 -0.5 4.61934614181519
v 0.200000000000001 -0.5 4.62358999252319
v 0.212500000000001 -0.5 4.62771987915039
v 0.225000000000001 -0.5 4.63172054290771
v 0.237500000000001 -0.5 4.63558197021484
v 0.250000000000001 -0.5 4.63929796218872
v 0.262500000000001 -0.5 4.64286375045776
v 0.275000000000001 -0.5 4.64627695083618
v 0.287500000000001 -0.5 4.64953517913818
v 0.300000000000001 -0.5 4.65263605117798
v 0.312500000000001 -0.5 4.65557670593262
v 0.325000000000001 -0.5 4.6583514213562
v 0.337500000000001 -0.5 4.66095352172852
v 0.350000000000001 -0.5 4.66337537765503
v 0.362500000000001 -0.5 4.66560459136963
v 0.375000000000001 -0.5 4.66763257980347
v 0.387500000000001 -0.5 4.66944646835327
v 0.400000000000001 -0.5 4.67103576660156
v 0.412500000000001 -0.5 4.67239093780518
v 0.425000000000001 -0.5 4.67350339889526
v 0.437500000000001 -0.5 4.67436552047729
v 0.450000000000001 -0.5 4.67497587203979
v 0.462500000000001 -0.5 4.6753306388855
v 0.475000000000001 -0.5 4.6754298210144
v 0.487500000000001 -0.5 4.67527770996094
v 0.500000000000001 -0.5 4.67487812042236
v -0.5 -0.4875 4.73469257354736
v -0.4875 -0.4875 4.72752141952515
v -0.475 -0.4875 4.72008848190308
v -0.4625 -0.4875 4.71242809295654
v -0.45 -0.4875 4.7045783996582
v -0.4375 -0.4875 4.69658803939819
v -0.425 -0.4875 4.68851089477539
v -0.4125 -0.4875 4.68040704727173
v -0.4 -0.4875 4.67234039306641
v -0.3875 -0.4875 4.66437244415283
v -0.375 -0.4875 4.65656232833862
v -0.3625 -0.4875 4.64895820617676
v -0.35 -0.4875 4.64159774780273
v -0.3375 -0.4875 4.6345043182373
v -0.325 -0.4875 4.62768697738647
v -0.3125 -0.4875 4.62114477157593
v -0.3 -0.4875 4.61486577987671
v -0.2875 -0.4875 4.60883712768555
v -0.275 -0.4875 4.60304117202759
v -0.2625 -0.4875 4.59746313095093
v -0.25 -0.4875 4.59208917617798
v -0.2375 -0.4875 4.58691358566284
v -0.225 -0.4875 4.58193206787109
v -0.2125 -0.4875 4.57715082168579
v -0.2 -0.4875 4.5725793838501
v -0.1875 -0.4875 4.56823301315308
v -0.175 -0.4875 4.56413459777832
v -0.1625 -0.4875 4.56030988693237
v -0.15 -0.4875 4.55679130554199
v -0.1375 -0.4875 4.55361127853394
v -0.125 -0.4875 4.55080556869507
v -0.1125 -0.4875 4.54841089248657
v -0.0999999999999996 -0.4875 4.54645872116089
v -0.0874999999999996 -0.4875 4.54498243331909
v -0.0749999999999996 -0.4875 4.54400587081909
v -0.0624999999999996 -0.4875 4.54354810714722
v -0.0499999999999996 -0.4875 4.54362010955811
v -0.0374999999999996 -0.4875 4.54422235488892
v -0.0249999999999996 -0.4875 4.54534387588501
v -0.0124999999999996 -0.4875 4.5469651222229
v 4.44089209850063e-16 -0.4875 4.54905652999878
v 0.0125000000000004 -0.4875 4.55157995223999
v 0.0250000000000005 -0.4875 4.55449819564819
v 0.0375000000000005 -0.4875 4.55776739120483
v 0.0500000000000005 -0.4875 4.56134414672852
v 0.0625000000000004 -0.4875 4.56518793106079
v 0.0750000000000005 -0.4875 4.56925916671753
v 0.0875000000000006 -0.4875 4.57351922988892
v 0.100000000000001 -0.4875 4.57793235778809
v 0.1125 -0.4875 4.5824613571167
v 0.125000000000001 -0.4875 4.587073802948
v 0.137500000000001 -0.4875 4.59173488616943
v 0.150000000000001 -0.4875 4.59641408920288
v 0.162500000000001 -0.4875 4.60107851028442
v 0.175000000000001 -0.4875 4.60570240020752
v 0.187500000000001 -0.4875 4.61025857925415
v 0.200000000000001 -0.4875 4.61472368240356
v 0.212500000000001 -0.4875 4.61908054351807
v 0.225000000000001 -0.4875 4.62331199645996
v 0.237500000000001 -0.4875 4.62740802764893
v 0.250000000000001 -0.4875 4.63135862350464
v 0.262500000000001 -0.4875 4.63515853881836
v 0.275000000000001 -0.4875 4.63880491256714
v 0.287500000000001 -0.4875 4.64229536056519
v 0.300000000000001 -0.4875 4.64562606811523
v 0.312500000000001 -0.4875 4.64879560470581
v 0.325000000000001 -0.4875 4.65179777145386
v 0.337500000000001 -0.4875 4.65462636947632
v 0.350000000000001 -0.4875 4.65727186203003
v 0.362500000000001 -0.4875 4.65972518920898
v 0.375000000000001 -0.4875 4.66197347640991
v 0.387500000000001 -0.4875 4.66400480270386
v 0.400000000000001 -0.4875 4.66580677032471
v 0.412500000000001 -0.4875 4.66736745834351
v 0.425000000000001 -0.4875 4.66867923736572
v 0.437500000000001 -0.4875 4.66973352432251
v 0.450000000000001 -0.4875 4.6705265045166
v 0.462500000000001 -0.4875 4.67105531692505
v 0.475000000000001 -0.4875 4.67132043838501
v 0.487500000000001 -0.4875 4.67132329940796
v 0.500000000000001 -0.4875 4.67107009887695
v -0.5 -0.475 4.73236036300659
v -0.4875 -0.475 4.72503805160522
v -0.475 -0.475 4.71744394302368
v -0.4625 -0.475 4.7096095085144
v -0.45 -0.475 4.70157480239868
v -0.4375 -0.475 4.69338941574097
v -0.425 -0.475 4.68510675430298
v -0.4125 -0.475 4.6767897605896
v -0.4 -0.475 4.66850471496582
v -0.3875 -0.475 4.660315990448
v -0.375 -0.475 4.65228652954102
v -0.3625 -0.475 4.64446783065796
v -0.35 -0.475 4.63690185546875
v -0.3375 -0.475 4.62961292266846
v -0.325 -0.475 4.62261009216309
v -0.3125 -0.475 4.61589241027832
v -0.3 -0.475 4.60944700241089
v -0.2875 -0.475 4.6032543182373
v -0.275 -0.475 4.59729623794556
v -0.2625 -0.475 4.59155416488647
v -0.25 -0.475 4.58601236343384
v -0.2375 -0.475 4.58066177368164
v -0.225 -0.475 4.57549905776978
v -0.2125 -0.475 4.57052755355835
v -0.2 -0.475 4.56575536727905
v -0.1875 -0.475 4.56120014190674
v -0.175 -0.475 4.55688238143921
v -0.1625 -0.475 4.55282926559448
v -0.15 -0.475 4.549072265625
v -0.1375 -0.475 4.54564523696899
v -0.125 -0.475 4.54258441925049
v -0.1125 -0.475 4.53992605209351
v -0.0999999999999996 -0.475 4.53770685195923
v -0.0874999999999996 -0.475 4.53595876693726
v -0.0749999999999996 -0.475 4.53471231460571
v -0.0624999999999996 -0.475 4.53398990631104
v -0.0499999999999996 -0.475 4.53380680084229
v -0.0374999999999996 -0.475 4.53417158126831
v -0.0249999999999996 -0.475 4.53507995605469
v -0.0124999999999996 -0.475 4.53651666641235
v 4.44089209850063e-16 -0.475 4.53845930099487
v 0.0125000000000004 -0.475 4.54087209701538
v 0.0250000000000005 -0.475 4.54371643066406
v 0.0375000000000005 -0.475 4.54694747924805
v 0.0500000000000005 -0.475 4.55051946640015
v 0.0625000000000004 -0.475 4.55438852310181
v 0.0750000000000005 -0.475 4.55851030349731
v 0.0875000000000006 -0.475 4.56284427642822
v 0.100000000000001 -0.475 4.56734991073608
v 0.1125 -0.475 4.57199287414551
v 0.125000000000001 -0.475 4.57673597335815
v 0.137500000000001 -0.475 4.58154487609863
v 0.150000000000001 -0.475 4.58638858795166
v 0.162500000000001 -0.475 4.59123373031616
v 0.175000000000001 -0.475 4.59605169296265
v 0.187500000000001 -0.475 4.60081577301025
v 0.200000000000001 -0.475 4.6055006980896
v 0.212500000000001 -0.475 4.61008453369141
v 0.225000000000001 -0.475 4.61455059051514
v 0.237500000000001 -0.475 4.61888360977173
v 0.250000000000001 -0.475 4.62307500839233
v 0.262500000000001 -0.475 4.62711620330811
v 0.275000000000001 -0.475 4.6310019493103
v 0.287500000000001 -0.475 4.63473129272461
v 0.300000000000001 -0.475 4.63830137252808
v 0.312500000000001 -0.475 4.64170742034912
v 0.325000000000001 -0.475 4.64494466781616
v 0.337500000000001 -0.475 4.64800882339478
v 0.350000000000001 -0.475 4.65088891983032
v 0.362500000000001 -0.475 4.65357351303101
v 0.375000000000001 -0.475 4.65605306625366
v 0.387500000000001 -0.475 4.6583104133606
v 0.400000000000001 -0.475 4.66033554077148
v 0.412500000000001 -0.475 4.66211414337158
v 0.425000000000001 -0.475 4.66363716125488
v 0.437500000000001 -0.475 4.66489601135254
v 0.450000000000001 -0.475 4.66588449478149
v 0.462500000000001 -0.475 4.66660022735596
v 0.475000000000001 -0.475 4.66704273223877
v 0.487500000000001 -0.475 4.66721487045288
v 0.500000000000001 -0.475 4.66712141036987
v -0.5 -0.4625 4.7298264503479
v -0.4875 -0.4625 4.72234439849854
v -0.475 -0.4625 4.7145791053772
v -0.4625 -0.4625 4.70656204223633
v -0.45 -0.4625 4.69833517074585
v -0.4375 -0.4625 4.68994665145874
v -0.425 -0.4625 4.68145322799683
v -0.4125 -0.4625 4.67291736602783
v -0.4 -0.4625 4.66440725326538
v -0.3875 -0.4625 4.65599155426025
v -0.375 -0.4625 4.64773464202881
v -0.3625 -0.4625 4.63969421386719
v -0.35 -0.4625 4.63191366195679
v -0.3375 -0.4625 4.62441778182983
v -0.325 -0.4625 4.61722087860107
v -0.3125 -0.4625 4.61031675338745
v -0.3 -0.4625 4.60369205474854
v -0.2875 -0.4625 4.59732437133789
v -0.275 -0.4625 4.59119272232056
v -0.2625 -0.4625 4.58527374267578
v -0.25 -0.4625 4.57955169677734
v -0.2375 -0.4625 4.57401561737061
v -0.225 -0.4625 4.56865978240967
v -0.2125 -0.4625 4.56348752975464
v -0.2 -0.4625 4.55850744247437
v -0.1875 -0.4625 4.5537371635437
v -0.175 -0.4625 4.54919767379761
v -0.1625 -0.4625 4.54491567611694
v -0.15 -0.4625 4.54092407226562
v -0.1375 -0.4625 4.53725624084473
v -0.125 -0.4625 4.53395080566406
v -0.1125 -0.4625 4.53104496002197
v -0.0999999999999996 -0.4625 4.52857542037964
v -0.0874999999999996 -0.4625 4.52657604217529
v -0.0749999999999996 -0.4625 4.52507925033569
v -0.0624999999999996 -0.4625 4.52411222457886
v -0.0499999999999996 -0.4625 4.52369260787964
v -0.0374999999999996 -0.4625 4.52383279800415
v -0.0249999999999996 -0.4625 4.52453470230103
v -0.0124999999999996 -0.4625 4.52578973770142
v 4.44089209850063e-16 -0.4625 4.52757883071899
v 0.0125000000000004 -0.4625 4.52987241744995
v 0.0250000000000005 -0.4625 4.53263235092163
v 0.0375000000000005 -0.4625 4.53581571578979
v 0.0500000000000005 -0.4625 4.53937435150146
v 0.0625000000000004 -0.4625 4.54326057434082
v 0.0750000000000005 -0.4625 4.54742765426636
v 0.0875000000000006 -0.4625 4.55182981491089
v 0.100000000000001 -0.4625 4.55642652511597
v 0.1125 -0.4625 4.5611777305603
v 0.125000000000001 -0.4625 4.56604719161987
v 0.137500000000001 -0.4625 4.57100009918213
v 0.150000000000001 -0.4625 4.57600259780884
v 0.162500000000001 -0.4625 4.58102369308472
v 0.175000000000001 -0.4625 4.58603286743164
v 0.187500000000001 -0.4625 4.5910005569458
v 0.200000000000001 -0.4625 4.59590148925781
v 0.212500000000001 -0.4625 4.60071325302124
v 0.225000000000001 -0.4625 4.60541486740112
v 0.237500000000001 -0.4625 4.60999011993408
v 0.250000000000001 -0.4625 4.61442565917969
v 0.262500000000001 -0.4625 4.61871433258057
v 0.275000000000001 -0.4625 4.62284803390503
v 0.287500000000001 -0.4625 4.62682485580444
v 0.300000000000001 -0.4625 4.63063955307007
v 0.312500000000001 -0.4625 4.63429117202759
v 0.325000000000001 -0.4625 4.63777303695679
v 0.337500000000001 -0.4625 4.64107990264893
v 0.350000000000001 -0.4625 4.644202709198
v 0.362500000000001 -0.4625 4.64712953567505
v 0.375000000000001 -0.4625 4.64984798431396
v 0.387500000000001 -0.4625 4.65234375
v 0.400000000000001 -0.4625 4.65460252761841
v 0.412500000000001 -0.4625 4.65661096572876
v 0.425000000000001 -0.4625 4.65835762023926
v 0.437500000000001 -0.4625 4.65983247756958
v 0.450000000000001 -0.4625 4.66102981567383
v 0.462500000000001 -0.4625 4.66194534301758
v 0.475000000000001 -0.4625 4.66257953643799
v 0.487500000000001 -0.4625 4.66293334960938
v 0.500000000000001 -0.4625 4.66301202774048
v -0.5 -0.45 4.72708749771118
v -0.4875 -0.45 4.71943330764771
v -0.475 -0.45 4.71148538589478
v -0.4625 -0.45 4.70327711105347
v -0.45 -0.45 4.69484806060791
v -0.4375 -0.45 4.68624830245972
v -0.425 -0.45 4.67753505706787
v -0.4125 -0.45 4.66877269744873
v -0.4 -0.45 4.66003036499023
v -0.3875 -0.45 4.65137958526611
v -0.375 -0.45 4.64288854598999
v -0.3625 -0.45 4.63461637496948
v -0.35 -0.45 4.62660980224609
v -0.3375 -0.45 4.61889839172363
v -0.325 -0.45 4.6114935874939
v -0.3125 -0.45 4.60439014434814
v -0.3 -0.45 4.59757232666016
v -0.2875 -0.45 4.59101533889771
v -0.275 -0.45 4.58469390869141
v -0.2625 -0.45 4.57858419418335
v -0.25 -0.45 4.57266616821289
v -0.2375 -0.45 4.56692886352539
v -0.225 -0.45 4.56136655807495
v -0.2125 -0.45 4.55598068237305
v -0.2 -0.45 4.55078268051147
v -0.1875 -0.45 4.54578733444214
v -0.175 -0.45 4.54101896286011
v -0.1625 -0.45 4.53650522232056
v -0.15 -0.45 4.53227758407593
v -0.1375 -0.45 4.52837324142456
v -0.125 -0.45 4.52482938766479
v -0.1125 -0.45 4.5216851234436
v -0.0999999999999996 -0.45 4.5189790725708
v -0.0874999999999996 -0.45 4.51674652099609
v -0.0749999999999996 -0.45 4.51502084732056
v -0.0624999999999996 -0.45 4.51382970809937
v -0.0499999999999996 -0.45 4.51319456100464
v -0.0374999999999996 -0.45 4.51312971115112
v -0.0249999999999996 -0.45 4.51364040374756
v -0.0124999999999996 -0.45 4.51472187042236
v 4.44089209850063e-16 -0.45 4.51636123657227
v 0.0125000000000004 -0.45 4.51853275299072
v 0.0250000000000005 -0.45 4.52120351791382
v 0.0375000000000005 -0.45 4.52433061599731
v 0.0500000000000005 -0.45 4.52786731719971
v 0.0625000000000004 -0.45 4.53176403045654
v 0.0750000000000005 -0.45 4.53597021102905
v 0.0875000000000006 -0.45 4.54043912887573
v 0.100000000000001 -0.45 4.54512453079224
v 0.1125 -0.45 4.5499849319458
v 0.125000000000001 -0.45 4.55497932434082
v 0.137500000000001 -0.45 4.56007480621338
v 0.150000000000001 -0.45 4.56523466110229
v 0.162500000000001 -0.45 4.57042837142944
v 0.175000000000001 -0.45 4.57562398910522
v 0.187500000000001 -0.45 4.58079433441162
v 0.200000000000001 -0.45 4.58591032028198
v 0.212500000000001 -0.45 4.59094858169556
v 0.225000000000001 -0.45 4.59588575363159
v 0.237500000000001 -0.45 4.60070562362671
v 0.250000000000001 -0.45 4.60539150238037
v 0.262500000000001 -0.45 4.60993242263794
v 0.275000000000001 -0.45 4.6143217086792
v 0.287500000000001 -0.45 4.61855316162109
v 0.300000000000001 -0.45 4.6226224899292
v 0.312500000000001 -0.45 4.62652683258057
v 0.325000000000001 -0.45 4.63026142120361
v 0.337500000000001 -0.45 4.63381910324097
v 0.350000000000001 -0.45 4.63719320297241
v 0.362500000000001 -0.45 4.64037179946899
v 0.375000000000001 -0.45 4.64334011077881
v 0.387500000000001 -0.45 4.64608383178711
v 0.400000000000001 -0.45 4.64858770370483
v 0.412500000000001 -0.45 4.65083742141724
v 0.425000000000001 -0.45 4.65281915664673
v 0.437500000000001 -0.45 4.6545238494873
v 0.450000000000001 -0.45 4.65594291687012
v 0.462500000000001 -0.45 4.65707302093506
v 0.475000000000001 -0.45 4.65791082382202
v 0.487500000000001 -0.45 4.65846061706543
v 0.500000000000001 -0.45 4.65872669219971
v -0.5 -0.4375 4.72413492202759
v -0.4875 -0.4375 4.71629667282104
v -0.475 -0.4375 4.70815420150757
v -0.4625 -0.4375 4.69974231719971
v -0.45 -0.4375 4.69110059738159
v -0.4375 -0.4375 4.68227910995483
v -0.425 -0.4375 4.67333745956421
v -0.4125 -0.4375 4.66433906555176
v -0.4 -0.4375 4.65535593032837
v -0.3875 -0.4375 4.64646148681641
v -0.375 -0.4375 4.63772535324097
v -0.3625 -0.4375 4.62921094894409
v -0.35 -0.4375 4.62096738815308
v -0.3375 -0.4375 4.6130256652832
v -0.325 -0.4375 4.60539865493774
v -0.3125 -0.4375 4.59808111190796
v -0.3 -0.4375 4.59105396270752
v -0.2875 -0.4375 4.58429050445557
v -0.275 -0.4375 4.57776260375977
v -0.2625 -0.4375 4.57144498825073
v -0.25 -0.4375 4.56531381607056
v -0.2375 -0.4375 4.5593581199646
v -0.225 -0.4375 4.55357217788696
v -0.2125 -0.4375 4.54795789718628
v -0.2 -0.4375 4.5425271987915
v -0.1875 -0.4375 4.53729581832886
v -0.175 -0.4375 4.53228902816772
v -0.1625 -0.4375 4.5275354385376
v -0.15 -0.4375 4.52306890487671
v -0.1375 -0.4375 4.51892614364624
v -0.125 -0.4375 4.51514673233032
v -0.1125 -0.4375 4.51177024841309
v -0.0999999999999996 -0.4375 4.50883817672729
v -0.0874999999999996 -0.4375 4.5063853263855
v -0.0749999999999996 -0.4375 4.50444746017456
v -0.0624999999999996 -0.4375 4.50305271148682
v -0.0499999999999996 -0.4375 4.50222492218018
v -0.0374999999999996 -0.4375 4.50197649002075
v -0.0249999999999996 -0.4375 4.50231599807739
v -0.0124999999999996 -0.4375 4.50324201583862
v 4.44089209850063e-16 -0.4375 4.50474262237549
v 0.0125000000000004 -0.4375 4.50679779052734
v 0.0250000000000005 -0.4375 4.50937795639038
v 0.0375000000000005 -0.4375 4.51244592666626
v 0.0500000000000005 -0.4375 4.51595449447632
v 0.0625000000000004 -0.4375 4.51985549926758
v 0.0750000000000005 -0.4375 4.52409839630127
v 0.0875000000000006 -0.4375 4.52863025665283
v 0.100000000000001 -0.4375 4.53340482711792
v 0.1125 -0.4375 4.53837442398071
v 0.125000000000001 -0.4375 4.54349899291992
v 0.137500000000001 -0.4375 4.5487380027771
v 0.150000000000001 -0.4375 4.55405759811401
v 0.162500000000001 -0.4375 4.55942487716675
v 0.175000000000001 -0.4375 4.56480741500854
v 0.187500000000001 -0.4375 4.57017755508423
v 0.200000000000001 -0.4375 4.57550811767578
v 0.212500000000001 -0.4375 4.58077239990234
v 0.225000000000001 -0.4375 4.58594751358032
v 0.237500000000001 -0.4375 4.59101247787476
v 0.250000000000001 -0.4375 4.59595251083374
v 0.262500000000001 -0.4375 4.60075235366821
v 0.275000000000001 -0.4375 4.60540151596069
v 0.287500000000001 -0.4375 4.6098952293396
v 0.300000000000001 -0.4375 4.61422729492188
v 0.312500000000001 -0.4375 4.61839294433594
v 0.325000000000001 -0.4375 4.62238883972168
v 0.337500000000001 -0.4375 4.62620782852173
v 0.350000000000001 -0.4375 4.62984228134155
v 0.362500000000001 -0.4375 4.6332802772522
v 0.375000000000001 -0.4375 4.63650798797607
v 0.387500000000001 -0.4375 4.63951063156128
v 0.400000000000001 -0.4375 4.64227056503296
v 0.412500000000001 -0.4375 4.64477396011353
v 0.425000000000001 -0.4375 4.6470046043396
v 0.437500000000001 -0.4375 4.64895105361938
v 0.450000000000001 -0.4375 4.65060567855835
v 0.462500000000001 -0.4375 4.65196228027344
v 0.475000000000001 -0.4375 4.65301990509033
v 0.487500000000001 -0.4375 4.65377807617188
v 0.500000000000001 -0.4375 4.65424489974976
v -0.5 -0.425 4.72096347808838
v -0.4875 -0.425 4.71292543411255
v -0.475 -0.425 4.70457458496094
v -0.4625 -0.425 4.69594526290894
v -0.45 -0.425 4.68707799911499
v -0.4375 -0.425 4.67802381515503
v -0.425 -0.425 4.66884183883667
v -0.4125 -0.425 4.65959787368774
v -0.4 -0.425 4.65036344528198
v -0.3875 -0.425 4.64121389389038
v -0.375 -0.425 4.63222217559814
v -0.3625 -0.425 4.62345266342163
v -0.35 -0.425 4.61495780944824
v -0.3375 -0.425 4.60677099227905
v -0.325 -0.425 4.59890604019165
v -0.3125 -0.425 4.59135580062866
v -0.3 -0.425 4.58410120010376
v -0.2875 -0.425 4.57711219787598
v -0.275 -0.425 4.5703592300415
v -0.2625 -0.425 4.56381177902222
v -0.25 -0.425 4.55744886398315
v -0.2375 -0.425 4.55125617980957
v -0.225 -0.425 4.54522705078125
v -0.2125 -0.425 4.53936767578125
v -0.2 -0.425 4.53368711471558
v -0.1875 -0.425 4.52820587158203
v -0.175 -0.425 4.52294778823853
v -0.1625 -0.425 4.5179443359375
v -0.15 -0.425 4.51323080062866
v -0.1375 -0.425 4.50884532928467
v -0.125 -0.425 4.50482892990112
v -0.1125 -0.425 4.50122261047363
v -0.0999999999999996 -0.425 4.49806928634644
v -0.0874999999999996 -0.425 4.49540710449219
v -0.0749999999999996 -0.425 4.49327087402344
v -0.0624999999999996 -0.425 4.49169063568115
v -0.0499999999999996 -0.425 4.49068832397461
v -0.0374999999999996 -0.425 4.49028015136719
v -0.0249999999999996 -0.425 4.49047183990479
v -0.0124999999999996 -0.425 4.49126434326172
v 4.44089209850063e-16 -0.425 4.49264526367188
v 0.0125000000000004 -0.425 4.49459838867188
v 0.0250000000000005 -0.425 4.4970965385437
v 0.0375000000000005 -0.425 4.50010681152344
v 0.0500000000000005 -0.425 4.50358581542969
v 0.0625000000000004 -0.425 4.5074896812439
v 0.0750000000000005 -0.425 4.51176404953003
v 0.0875000000000006 -0.425 4.51635885238647
v 0.100000000000001 -0.425 4.52122211456299
v 0.1125 -0.425 4.52630519866943
v 0.125000000000001 -0.425 4.53156232833862
v 0.137500000000001 -0.425 4.53695249557495
v 0.150000000000001 -0.425 4.54243659973145
v 0.162500000000001 -0.425 4.54798221588135
v 0.175000000000001 -0.425 4.55355596542358
v 0.187500000000001 -0.425 4.55912971496582
v 0.200000000000001 -0.425 4.56467533111572
v 0.212500000000001 -0.425 4.57016706466675
v 0.225000000000001 -0.425 4.57558012008667
v 0.237500000000001 -0.425 4.58089399337769
v 0.250000000000001 -0.425 4.58609104156494
v 0.262500000000001 -0.425 4.59115362167358
v 0.275000000000001 -0.425 4.59607124328613
v 0.287500000000001 -0.425 4.60083341598511
v 0.300000000000001 -0.425 4.60543584823608
v 0.312500000000001 -0.425 4.60987186431885
v 0.325000000000001 -0.425 4.61413669586182
v 0.337500000000001 -0.425 4.61822509765625
v 0.350000000000001 -0.425 4.6221284866333
v 0.362500000000001 -0.425 4.62583541870117
v 0.375000000000001 -0.425 4.62933301925659
v 0.387500000000001 -0.425 4.63260412216187
v 0.400000000000001 -0.425 4.63563251495361
v 0.412500000000001 -0.425 4.63839960098267
v 0.425000000000001 -0.425 4.64089202880859
v 0.437500000000001 -0.425 4.64309406280518
v 0.450000000000001 -0.425 4.64499807357788
v 0.462500000000001 -0.425 4.64659643173218
v 0.475000000000001 -0.425 4.64788579940796
v 0.487500000000001 -0.425 4.64886856079102
v 0.500000000000001 -0.425 4.64954900741577
v -0.5 -0.4125 4.71756267547607
v -0.4875 -0.4125 4.70930814743042
v -0.475 -0.4125 4.70073270797729
v -0.4625 -0.4125 4.69187021255493
v -0.45 -0.4125 4.68276357650757
v -0.4375 -0.4125 4.67346286773682
v -0.425 -0.4125 4.66402769088745
v -0.4125 -0.4125 4.65452527999878
v -0.4 -0.4125 4.64502716064453
v -0.3875 -0.4125 4.63561105728149
v -0.375 -0.4125 4.62634992599487
v -0.3625 -0.4125 4.61731147766113
v -0.35 -0.4125 4.60854959487915
v -0.3375 -0.4125 4.60010099411011
v -0.325 -0.4125 4.59197950363159
v -0.3125 -0.4125 4.58417749404907
v -0.3 -0.4125 4.5766749382019
v -0.2875 -0.4125 4.56943988800049
v -0.275 -0.4125 4.56243848800659
v -0.2625 -0.4125 4.55564117431641
v -0.25 -0.4125 4.54902410507202
v -0.2375 -0.4125 4.54257202148438
v -0.225 -0.4125 4.5362811088562
v -0.2125 -0.4125 4.53015613555908
v -0.2 -0.4125 4.52420806884766
v -0.1875 -0.4125 4.5184588432312
v -0.175 -0.4125 4.51293563842773
v -0.1625 -0.4125 4.5076699256897
v -0.15 -0.4125 4.50269842147827
v -0.1375 -0.4125 4.49806261062622
v -0.125 -0.4125 4.49380445480347
v -0.1125 -0.4125 4.48996734619141
v -0.0999999999999996 -0.4125 4.48659515380859
v -0.0874999999999996 -0.4125 4.48372793197632
v -0.0749999999999996 -0.4125 4.48140239715576
v -0.0624999999999996 -0.4125 4.47964954376221
v -0.0499999999999996 -0.4125 4.47849225997925
v -0.0374999999999996 -0.4125 4.47794485092163
v -0.0249999999999996 -0.4125 4.47801303863525
v -0.0124999999999996 -0.4125 4.47869539260864
v 4.44089209850063e-16 -0.4125 4.47998094558716
v 0.0125000000000004 -0.4125 4.48185253143311
v 0.0250000000000005 -0.4125 4.48428583145142
v 0.0375000000000005 -0.4125 4.48724937438965
v 0.0500000000000005 -0.4125 4.49070644378662
v 0.0625000000000004 -0.4125 4.4946117401123
v 0.0750000000000005 -0.4125 4.49891901016235
v 0.0875000000000006 -0.4125 4.50357532501221
v 0.100000000000001 -0.4125 4.50852918624878
v 0.1125 -0.4125 4.51372909545898
v 0.125000000000001 -0.4125 4.51912498474121
v 0.137500000000001 -0.4125 4.5246729850769
v 0.150000000000001 -0.4125 4.5303316116333
v 0.162500000000001 -0.4125 4.53606414794922
v 0.175000000000001 -0.4125 4.54183769226074
v 0.187500000000001 -0.4125 4.54762125015259
v 0.200000000000001 -0.4125 4.55338764190674
v 0.212500000000001 -0.4125 4.55911016464233
v 0.225000000000001 -0.4125 4.56476545333862
v 0.237500000000001 -0.4125 4.57033109664917
v 0.250000000000001 -0.4125 4.57578897476196
v 0.262500000000001 -0.4125 4.58111906051636
v 0.275000000000001 -0.4125 4.58630895614624
v 0.287500000000001 -0.4125 4.59134769439697
v 0.300000000000001 -0.4125 4.59622812271118
v 0.312500000000001 -0.4125 4.60094213485718
v 0.325000000000001 -0.4125 4.60548543930054
v 0.337500000000001 -0.4125 4.60985136032104
v 0.350000000000001 -0.4125 4.61403369903564
v 0.362500000000001 -0.4125 4.61801862716675
v 0.375000000000001 -0.4125 4.62179517745972
v 0.387500000000001 -0.4125 4.6253457069397
v 0.400000000000001 -0.4125 4.62865209579468
v 0.412500000000001 -0.4125 4.63169622421265
v 0.425000000000001 -0.4125 4.63446092605591
v 0.437500000000001 -0.4125 4.63693237304688
v 0.450000000000001 -0.4125 4.63909864425659
v 0.462500000000001 -0.4125 4.64095211029053
v 0.475000000000001 -0.4125 4.64248991012573
v 0.487500000000001 -0.4125 4.64371061325073
v 0.500000000000001 -0.4125 4.64462041854858
v -0.5 -0.4 4.71392154693604
v -0.4875 -0.4 4.70543241500854
v -0.475 -0.4 4.69661426544189
v -0.4625 -0.4 4.68750143051147
v -0.45 -0.4 4.678138256073
v -0.4375 -0.4 4.66857481002808
v -0.425 -0.4 4.65887117385864
v -0.4125 -0.4 4.64909553527832
v -0.4 -0.4 4.639319896698
v -0.3875 -0.4 4.62962198257446
v -0.375 -0.4 4.62007665634155
v -0.3625 -0.4 4.61075353622437
v -0.35 -0.4 4.60170888900757
v -0.3375 -0.4 4.59297895431519
v -0.325 -0.4 4.58458089828491
v -0.3125 -0.4 4.57650661468506
v -0.3 -0.4 4.56873273849487
v -0.2875 -0.4 4.56122875213623
v -0.275 -0.4 4.55395650863647
v -0.2625 -0.4 4.54688596725464
v -0.25 -0.4 4.53998994827271
v -0.2375 -0.4 4.53325653076172
v -0.225 -0.4 4.5266809463501
v -0.2125 -0.4 4.52026748657227
v -0.2 -0.4 4.51403188705444
v -0.1875 -0.4 4.50799703598022
v -0.175 -0.4 4.50219106674194
v -0.1625 -0.4 4.49664735794067
v -0.15 -0.4 4.49140596389771
v -0.1375 -0.4 4.48650884628296
v -0.125 -0.4 4.48200178146362
v -0.1125 -0.4 4.47792816162109
v -0.0999999999999996 -0.4 4.47433567047119
v -0.0874999999999996 -0.4 4.47126483917236
v -0.0749999999999996 -0.4 4.46875524520874
v -0.0624999999999996 -0.4 4.46683835983276
v -0.0499999999999996 -0.4 4.46553897857666
v -0.0374999999999996 -0.4 4.4648699760437
v -0.0249999999999996 -0.4 4.46483564376831
v -0.0124999999999996 -0.4 4.46543312072754
v 4.44089209850063e-16 -0.4 4.46664953231812
v 0.0125000000000004 -0.4 4.46846628189087
v 0.0250000000000005 -0.4 4.47085809707642
v 0.0375000000000005 -0.4 4.47379493713379
v 0.0500000000000005 -0.4 4.47724294662476
v 0.0625000000000004 -0.4 4.48116254806519
v 0.0750000000000005 -0.4 4.48550653457642
v 0.0875000000000006 -0.4 4.49022769927979
v 0.100000000000001 -0.4 4.49527502059937
v 0.1125 -0.4 4.50059509277344
v 0.125000000000001 -0.4 4.50613641738892
v 0.137500000000001 -0.4 4.5118522644043
v 0.150000000000001 -0.4 4.51769638061523
v 0.162500000000001 -0.4 4.52362823486328
v 0.175000000000001 -0.4 4.52961301803589
v 0.187500000000001 -0.4 4.53561735153198
v 0.200000000000001 -0.4 4.54161405563354
v 0.212500000000001 -0.4 4.54757642745972
v 0.225000000000001 -0.4 4.55347919464111
v 0.237500000000001 -0.4 4.55930280685425
v 0.250000000000001 -0.4 4.56502485275269
v 0.262500000000001 -0.4 4.57062864303589
v 0.275000000000001 -0.4 4.57609796524048
v 0.287500000000001 -0.4 4.58141994476318
v 0.300000000000001 -0.4 4.58658456802368
v 0.312500000000001 -0.4 4.59158563613892
v 0.325000000000001 -0.4 4.59641599655151
v 0.337500000000001 -0.4 4.60106945037842
v 0.350000000000001 -0.4 4.60553741455078
v 0.362500000000001 -0.4 4.60980987548828
v 0.375000000000001 -0.4 4.6138744354248
v 0.387500000000001 -0.4 4.6177134513855
v 0.400000000000001 -0.4 4.62130880355835
v 0.412500000000001 -0.4 4.62464141845703
v 0.425000000000001 -0.4 4.62769269943237
v 0.437500000000001 -0.4 4.630446434021
v 0.450000000000001 -0.4 4.63288879394531
v 0.462500000000001 -0.4 4.63501167297363
v 0.475000000000001 -0.4 4.63681125640869
v 0.487500000000001 -0.4 4.63828563690186
v 0.500000000000001 -0.4 4.63943958282471
v -0.5 -0.3875 4.71002674102783
v -0.4875 -0.3875 4.70128202438354
v -0.475 -0.3875 4.69220066070557
v -0.4625 -0.3875 4.6828179359436
v -0.45 -0.3875 4.67317867279053
v -0.4375 -0.3875 4.66333436965942
v -0.425 -0.3875 4.65334510803223
v -0.4125 -0.3875 4.64327955245972
v -0.4 -0.3875 4.6332106590271
v -0.3875 -0.3875 4.62321424484253
v -0.375 -0.3875 4.61336851119995
v -0.3625 -0.3875 4.60374307632446
v -0.35 -0.3875 4.59439563751221
v -0.3375 -0.3875 4.58536529541016
v -0.325 -0.3875 4.57666778564453
v -0.3125 -0.3875 4.56829833984375
v -0.3 -0.3875 4.56023025512695
v -0.2875 -0.3875 4.5524320602417
v -0.275 -0.3875 4.54486417770386
v -0.2625 -0.3875 4.53749370574951
v -0.25 -0.3875 4.53029489517212
v -0.2375 -0.3875 4.52325439453125
v -0.225 -0.3875 4.5163688659668
v -0.2125 -0.3875 4.50964593887329
v -0.2 -0.3875 4.50310087203979
v -0.1875 -0.3875 4.49675846099854
v -0.175 -0.3875 4.49065017700195
v -0.1625 -0.3875 4.48481225967407
v -0.15 -0.3875 4.4792857170105
v -0.1375 -0.3875 4.47411584854126
v -0.125 -0.3875 4.46934843063354
v -0.1125 -0.3875 4.46503114700317
v -0.0999999999999996 -0.3875 4.46121168136597
v -0.0874999999999996 -0.3875 4.45793628692627
v -0.0749999999999996 -0.3875 4.45524311065674
v -0.0624999999999996 -0.3875 4.45316648483276
v -0.0499999999999996 -0.3875 4.45173263549805
v -0.0374999999999996 -0.3875 4.45095443725586
v -0.0249999999999996 -0.3875 4.45083570480347
v -0.0124999999999996 -0.3875 4.45137119293213
v 4.44089209850063e-16 -0.3875 4.45254421234131
v 0.0125000000000004 -0.3875 4.45433378219604
v 0.0250000000000005 -0.3875 4.45671415328979
v 0.0375000000000005 -0.3875 4.45965147018433
v 0.0500000000000005 -0.3875 4.4631142616272
v 0.0625000000000004 -0.3875 4.46706390380859
v 0.0750000000000005 -0.3875 4.47145938873291
v 0.0875000000000006 -0.3875 4.47625589370728
v 0.100000000000001 -0.3875 4.48140287399292
v 0.1125 -0.3875 4.48684883117676
v 0.125000000000001 -0.3875 4.49254417419434
v 0.137500000000001 -0.3875 4.49843645095825
v 0.150000000000001 -0.3875 4.50447797775269
v 0.162500000000001 -0.3875 4.51062345504761
v 0.175000000000001 -0.3875 4.51683378219604
v 0.187500000000001 -0.3875 4.52307558059692
v 0.200000000000001 -0.3875 4.52931690216064
v 0.212500000000001 -0.3875 4.53553152084351
v 0.225000000000001 -0.3875 4.54169416427612
v 0.237500000000001 -0.3875 4.54778385162354
v 0.250000000000001 -0.3875 4.55377912521362
v 0.262500000000001 -0.3875 4.55966234207153
v 0.275000000000001 -0.3875 4.56541681289673
v 0.287500000000001 -0.3875 4.57102966308594
v 0.300000000000001 -0.3875 4.57648801803589
v 0.312500000000001 -0.3875 4.58178281784058
v 0.325000000000001 -0.3875 4.58690881729126
v 0.337500000000001 -0.3875 4.59185743331909
v 0.350000000000001 -0.3875 4.59662055969238
v 0.362500000000001 -0.3875 4.60119009017944
v 0.375000000000001 -0.3875 4.60555171966553
v 0.387500000000001 -0.3875 4.60968923568726
v 0.400000000000001 -0.3875 4.61358499526978
v 0.412500000000001 -0.3875 4.61721658706665
v 0.425000000000001 -0.3875 4.62056589126587
v 0.437500000000001 -0.3875 4.6236138343811
v 0.450000000000001 -0.3875 4.62634658813477
v 0.462500000000001 -0.3875 4.62875413894653
v 0.475000000000001 -0.3875 4.63083028793335
v 0.487500000000001 -0.3875 4.63257312774658
v 0.500000000000001 -0.3875 4.63398599624634
v -0.5 -0.375 4.70585966110229
v -0.4875 -0.375 4.69683694839478
v -0.475 -0.375 4.68746948242188
v -0.4625 -0.375 4.67779493331909
v -0.45 -0.375 4.6678581237793
v -0.4375 -0.375 4.65771245956421
v -0.425 -0.375 4.6474175453186
v -0.4125 -0.375 4.63704299926758
v -0.4 -0.375 4.62666130065918
v -0.3875 -0.375 4.61634969711304
v -0.375 -0.375 4.60618543624878
v -0.3625 -0.375 4.5962381362915
v -0.35 -0.375 4.5865683555603
v -0.3375 -0.375 4.57721567153931
v -0.325 -0.375 4.56819725036621
v -0.3125 -0.375 4.55950593948364
v -0.3 -0.375 4.55111885070801
v -0.2875 -0.375 4.54299926757812
v -0.275 -0.375 4.53510808944702
v -0.2625 -0.375 4.52741050720215
v -0.25 -0.375 4.51988220214844
v -0.2375 -0.375 4.51250886917114
v -0.225 -0.375 4.50528812408447
v -0.2125 -0.375 4.49822950363159
v -0.2 -0.375 4.49135112762451
v -0.1875 -0.375 4.48467969894409
v -0.175 -0.375 4.47824907302856
v -0.1625 -0.375 4.47209692001343
v -0.15 -0.375 4.46626949310303
v -0.1375 -0.375 4.46081018447876
v -0.125 -0.375 4.45576953887939
v -0.1125 -0.375 4.45119714736938
v -0.0999999999999996 -0.375 4.4471435546875
v -0.0874999999999996 -0.375 4.44365549087524
v -0.0749999999999996 -0.375 4.44077634811401
v -0.0624999999999996 -0.375 4.43854093551636
v -0.0499999999999996 -0.375 4.43697690963745
v -0.0374999999999996 -0.375 4.43609762191772
v -0.0249999999999996 -0.375 4.43590784072876
v -0.0124999999999996 -0.375 4.43639850616455
v 4.44089209850063e-16 -0.375 4.43755102157593
v 0.0125000000000004 -0.375 4.43934202194214
v 0.0250000000000005 -0.375 4.44174003601074
v 0.0375000000000005 -0.375 4.44471073150635
v 0.0500000000000005 -0.375 4.44821929931641
v 0.0625000000000004 -0.375 4.45222806930542
v 0.0750000000000005 -0.375 4.4566969871521
v 0.0875000000000006 -0.375 4.46158599853516
v 0.100000000000001 -0.375 4.46684646606445
v 0.1125 -0.375 4.47243070602417
v 0.125000000000001 -0.375 4.47828912734985
v 0.137500000000001 -0.375 4.48436880111694
v 0.150000000000001 -0.375 4.49061965942383
v 0.162500000000001 -0.375 4.49699449539185
v 0.175000000000001 -0.375 4.50344944000244
v 0.187500000000001 -0.375 4.50994634628296
v 0.200000000000001 -0.375 4.51645040512085
v 0.212500000000001 -0.375 4.52293539047241
v 0.225000000000001 -0.375 4.52937269210815
v 0.237500000000001 -0.375 4.53574180603027
v 0.250000000000001 -0.375 4.54202222824097
v 0.262500000000001 -0.375 4.54819488525391
v 0.275000000000001 -0.375 4.55424451828003
v 0.287500000000001 -0.375 4.56015634536743
v 0.300000000000001 -0.375 4.56591606140137
v 0.312500000000001 -0.375 4.57151508331299
v 0.325000000000001 -0.375 4.57694387435913
v 0.337500000000001 -0.375 4.5821967124939
v 0.350000000000001 -0.375 4.58726453781128
v 0.362500000000001 -0.375 4.59213924407959
v 0.375000000000001 -0.375 4.59680700302124
v 0.387500000000001 -0.375 4.60125303268433
v 0.400000000000001 -0.375 4.60545778274536
v 0.412500000000001 -0.375 4.60940027236938
v 0.425000000000001 -0.375 4.61305856704712
v 0.437500000000001 -0.375 4.61641454696655
v 0.450000000000001 -0.375 4.61945247650146
v 0.462500000000001 -0.375 4.62215805053711
v 0.475000000000001 -0.375 4.62452507019043
v 0.487500000000001 -0.375 4.62655210494995
v 0.500000000000001 -0.375 4.62823963165283
v -0.5 -0.3625 4.70140027999878
v -0.4875 -0.3625 4.69207334518433
v -0.475 -0.3625 4.68239545822144
v -0.4625 -0.3625 4.67240381240845
v -0.45 -0.3625 4.66214513778687
v -0.4375 -0.3625 4.65167570114136
v -0.425 -0.3625 4.64105415344238
v -0.4125 -0.3625 4.63034915924072
v -0.4 -0.3625 4.61963510513306
v -0.3875 -0.3625 4.60898733139038
v -0.375 -0.3625 4.59848308563232
v -0.3625 -0.3625 4.58819532394409
v -0.35 -0.3625 4.57818078994751
v -0.3375 -0.3625 4.56848287582397
v -0.325 -0.3625 4.55911684036255
v -0.3125 -0.3625 4.55008029937744
v -0.3 -0.3625 4.54134511947632
v -0.2875 -0.3625 4.53287601470947
v -0.275 -0.3625 4.52463245391846
v -0.2625 -0.3625 4.51657962799072
v -0.25 -0.3625 4.5086932182312
v -0.2375 -0.3625 4.50095748901367
v -0.225 -0.3625 4.49337482452393
v -0.2125 -0.3625 4.48595428466797
v -0.2 -0.3625 4.47871732711792
v -0.1875 -0.3625 4.47169351577759
v -0.175 -0.3625 4.46491861343384
v -0.1625 -0.3625 4.45843267440796
v -0.15 -0.3625 4.45228338241577
v -0.1375 -0.3625 4.44651889801025
v -0.125 -0.3625 4.44118928909302
v -0.1125 -0.3625 4.43634939193726
v -0.0999999999999996 -0.3625 4.43204975128174
v -0.0874999999999996 -0.3625 4.42834091186523
v -0.0749999999999996 -0.3625 4.42526817321777
v -0.0624999999999996 -0.3625 4.42286920547485
v -0.0499999999999996 -0.3625 4.42117404937744
v -0.0374999999999996 -0.3625 4.42019748687744
v -0.0249999999999996 -0.3625 4.41994333267212
v -0.0124999999999996 -0.3625 4.42040300369263
v 4.44089209850063e-16 -0.3625 4.42155599594116
v 0.0125000000000004 -0.3625 4.42337131500244
v 0.0250000000000005 -0.3625 4.42581701278687
v 0.0375000000000005 -0.3625 4.42885446548462
v 0.0500000000000005 -0.3625 4.43244409561157
v 0.0625000000000004 -0.3625 4.43654680252075
v 0.0750000000000005 -0.3625 4.44112253189087
v 0.0875000000000006 -0.3625 4.44613122940063
v 0.100000000000001 -0.3625 4.45152854919434
v 0.1125 -0.3625 4.45727014541626
v 0.125000000000001 -0.3625 4.46330738067627
v 0.137500000000001 -0.3625 4.46958875656128
v 0.150000000000001 -0.3625 4.47606420516968
v 0.162500000000001 -0.3625 4.48268461227417
v 0.175000000000001 -0.3625 4.48940134048462
v 0.187500000000001 -0.3625 4.49617385864258
v 0.200000000000001 -0.3625 4.50296354293823
v 0.212500000000001 -0.3625 4.50973892211914
v 0.225000000000001 -0.3625 4.51647233963013
v 0.237500000000001 -0.3625 4.52313995361328
v 0.250000000000001 -0.3625 4.52972173690796
v 0.262500000000001 -0.3625 4.53619909286499
v 0.275000000000001 -0.3625 4.54255533218384
v 0.287500000000001 -0.3625 4.5487756729126
v 0.300000000000001 -0.3625 4.554847240448
v 0.312500000000001 -0.3625 4.5607590675354
v 0.325000000000001 -0.3625 4.56650161743164
v 0.337500000000001 -0.3625 4.57206726074219
v 0.350000000000001 -0.3625 4.57744932174683
v 0.362500000000001 -0.3625 4.58263731002808
v 0.375000000000001 -0.3625 4.58762073516846
v 0.387500000000001 -0.3625 4.59238386154175
v 0.400000000000001 -0.3625 4.59690761566162
v 0.412500000000001 -0.3625 4.60117101669312
v 0.425000000000001 -0.3625 4.60515117645264
v 0.437500000000001 -0.3625 4.60882711410522
v 0.450000000000001 -0.3625 4.61218214035034
v 0.462500000000001 -0.3625 4.61520099639893
v 0.475000000000001 -0.3625 4.61787509918213
v 0.487500000000001 -0.3625 4.62020063400269
v 0.500000000000001 -0.3625 4.62217950820923
v -0.5 -0.35 4.69662189483643
v -0.4875 -0.35 4.68696403503418
v -0.475 -0.35 4.67694711685181
v -0.4625 -0.35 4.66661214828491
v -0.45 -0.35 4.65600633621216
v -0.4375 -0.35 4.64518642425537
v -0.425 -0.35 4.63421297073364
v -0.4125 -0.35 4.62315464019775
v -0.4 -0.35 4.61208486557007
v -0.3875 -0.35 4.60108041763306
v -0.375 -0.35 4.5902156829834
v -0.3625 -0.35 4.57956409454346
v -0.35 -0.35 4.56918287277222
v -0.3375 -0.35 4.5591139793396
v -0.325 -0.35 4.54937601089478
v -0.3125 -0.35 4.53996419906616
v -0.3 -0.35 4.53085279464722
v -0.2875 -0.35 4.52200412750244
v -0.275 -0.35 4.51337814331055
v -0.2625 -0.35 4.50493955612183
v -0.25 -0.35 4.49666309356689
v -0.2375 -0.35 4.4885368347168
v -0.225 -0.35 4.48056173324585
v -0.2125 -0.35 4.47275161743164
v -0.2 -0.35 4.46512985229492
v -0.1875 -0.35 4.45772790908813
v -0.175 -0.35 4.45058441162109
v -0.1625 -0.35 4.4437427520752
v -0.15 -0.35 4.43725204467773
v -0.1375 -0.35 4.43116331100464
v -0.125 -0.35 4.42552900314331
v -0.1125 -0.35 4.42040538787842
v -0.0999999999999996 -0.35 4.41584539413452
v -0.0874999999999996 -0.35 4.41190433502197
v -0.0749999999999996 -0.35 4.4086275100708
v -0.0624999999999996 -0.35 4.40605688095093
v -0.0499999999999996 -0.35 4.40422534942627
v -0.0374999999999996 -0.35 4.40315008163452
v -0.0249999999999996 -0.35 4.40283489227295
v -0.0124999999999996 -0.35 4.40327167510986
v 4.44089209850063e-16 -0.35 4.40443658828735
v 0.0125000000000004 -0.35 4.40629911422729
v 0.0250000000000005 -0.35 4.4088191986084
v 0.0375000000000005 -0.35 4.41195487976074
v 0.0500000000000005 -0.35 4.41566228866577
v 0.0625000000000004 -0.35 4.41989850997925
v 0.0750000000000005 -0.35 4.42462015151978
v 0.0875000000000006 -0.35 4.42978715896606
v 0.100000000000001 -0.35 4.43535566329956
v 0.1125 -0.35 4.44128179550171
v 0.125000000000001 -0.35 4.44752216339111
v 0.137500000000001 -0.35 4.45402669906616
v 0.150000000000001 -0.35 4.46074676513672
v 0.162500000000001 -0.35 4.46763038635254
v 0.175000000000001 -0.35 4.4746298789978
v 0.187500000000001 -0.35 4.48170042037964
v 0.200000000000001 -0.35 4.48879909515381
v 0.212500000000001 -0.35 4.49589109420776
v 0.225000000000001 -0.35 4.50294351577759
v 0.237500000000001 -0.35 4.50993299484253
v 0.250000000000001 -0.35 4.51683759689331
v 0.262500000000001 -0.35 4.52363729476929
v 0.275000000000001 -0.35 4.53031635284424
v 0.287500000000001 -0.35 4.53686094284058
v 0.300000000000001 -0.35 4.5432562828064
v 0.312500000000001 -0.35 4.54949235916138
v 0.325000000000001 -0.35 4.55555963516235
v 0.337500000000001 -0.35 4.56144857406616
v 0.350000000000001 -0.35 4.5671534538269
v 0.362500000000001 -0.35 4.57266473770142
v 0.375000000000001 -0.35 4.57797193527222
v 0.387500000000001 -0.35 4.58306121826172
v 0.400000000000001 -0.35 4.58791351318359
v 0.412500000000001 -0.35 4.59250783920288
v 0.425000000000001 -0.35 4.59682083129883
v 0.437500000000001 -0.35 4.600830078125
v 0.450000000000001 -0.35 4.60451507568359
v 0.462500000000001 -0.35 4.60786151885986
v 0.475000000000001 -0.35 4.61085653305054
v 0.487500000000001 -0.35 4.61349725723267
v 0.500000000000001 -0.35 4.61578178405762
v -0.5 -0.3375 4.69149303436279
v -0.4875 -0.3375 4.68147420883179
v -0.475 -0.3375 4.67108869552612
v -0.4625 -0.3375 4.66038084030151
v -0.45 -0.3375 4.64939880371094
v -0.4375 -0.3375 4.63820123672485
v -0.425 -0.3375 4.62684965133667
v -0.4125 -0.3375 4.61541318893433
v -0.4 -0.3375 4.60396432876587
v -0.3875 -0.3375 4.59257888793945
v -0.375 -0.3375 4.58133172988892
v -0.3625 -0.3375 4.57029294967651
v -0.35 -0.3375 4.55952072143555
v -0.3375 -0.3375 4.54905557632446
v -0.325 -0.3375 4.53891706466675
v -0.3125 -0.3375 4.52910089492798
v -0.3 -0.3375 4.51958179473877
v -0.2875 -0.3375 4.51032114028931
v -0.275 -0.3375 4.50127935409546
v -0.2625 -0.3375 4.49242162704468
v -0.25 -0.3375 4.48372411727905
v -0.2375 -0.3375 4.47517490386963
v -0.225 -0.3375 4.46677780151367
v -0.2125 -0.3375 4.4585485458374
v -0.2 -0.3375 4.45051336288452
v -0.1875 -0.3375 4.44270706176758
v -0.175 -0.3375 4.43516969680786
v -0.1625 -0.3375 4.42794942855835
v -0.15 -0.3375 4.42109632492065
v -0.1375 -0.3375 4.41466188430786
v -0.125 -0.3375 4.40870428085327
v -0.1125 -0.3375 4.40328025817871
v -0.0999999999999996 -0.3375 4.39844465255737
v -0.0874999999999996 -0.3375 4.39425611495972
v -0.0749999999999996 -0.3375 4.39076232910156
v -0.0624999999999996 -0.3375 4.38800954818726
v -0.0499999999999996 -0.3375 4.38603258132935
v -0.0374999999999996 -0.3375 4.38485097885132
v -0.0249999999999996 -0.3375 4.38447332382202
v -0.0124999999999996 -0.3375 4.38489007949829
v 4.44089209850063e-16 -0.3375 4.38607740402222
v 0.0125000000000004 -0.3375 4.38800144195557
v 0.0250000000000005 -0.3375 4.39061880111694
v 0.0375000000000005 -0.3375 4.39388227462769
v 0.0500000000000005 -0.3375 4.3977427482605
v 0.0625000000000004 -0.3375 4.4021520614624
v 0.0750000000000005 -0.3375 4.40706348419189
v 0.0875000000000006 -0.3375 4.41243267059326
v 0.100000000000001 -0.3375 4.41821432113647
v 0.1125 -0.3375 4.42436695098877
v 0.125000000000001 -0.3375 4.43084478378296
v 0.137500000000001 -0.3375 4.43760347366333
v 0.150000000000001 -0.3375 4.44459390640259
v 0.162500000000001 -0.3375 4.45176649093628
v 0.175000000000001 -0.3375 4.45907211303711
v 0.187500000000001 -0.3375 4.46646356582642
v 0.200000000000001 -0.3375 4.47389698028564
v 0.212500000000001 -0.3375 4.48133087158203
v 0.225000000000001 -0.3375 4.48873233795166
v 0.237500000000001 -0.3375 4.49607086181641
v 0.250000000000001 -0.3375 4.50332355499268
v 0.262500000000001 -0.3375 4.51046943664551
v 0.275000000000001 -0.3375 4.51749277114868
v 0.287500000000001 -0.3375 4.52437925338745
v 0.300000000000001 -0.3375 4.53111505508423
v 0.312500000000001 -0.3375 4.53769016265869
v 0.325000000000001 -0.3375 4.54409265518188
v 0.337500000000001 -0.3375 4.55031776428223
v 0.350000000000001 -0.3375 4.55635595321655
v 0.362500000000001 -0.3375 4.56220006942749
v 0.375000000000001 -0.3375 4.56784057617188
v 0.387500000000001 -0.3375 4.57326459884644
v 0.400000000000001 -0.3375 4.57845544815063
v 0.412500000000001 -0.3375 4.58339071273804
v 0.425000000000001 -0.3375 4.58804702758789
v 0.437500000000001 -0.3375 4.59240055084229
v 0.450000000000001 -0.3375 4.59643030166626
v 0.462500000000001 -0.3375 4.60011672973633
v 0.475000000000001 -0.3375 4.60344886779785
v 0.487500000000001 -0.3375 4.6064190864563
v 0.500000000000001 -0.3375 4.6090259552002
v -0.5 -0.325 4.68597745895386
v -0.4875 -0.325 4.67556571960449
v -0.475 -0.325 4.66478061676025
v -0.4625 -0.325 4.65366697311401
v -0.45 -0.325 4.64227819442749
v -0.4375 -0.325 4.6306734085083
v -0.425 -0.325 4.61891508102417
v -0.4125 -0.325 4.60707235336304
v -0.4 -0.325 4.59522008895874
v -0.3875 -0.325 4.58342981338501
v -0.375 -0.325 4.57177591323853
v -0.3625 -0.325 4.56032562255859
v -0.35 -0.325 4.54913663864136
v -0.3375 -0.325 4.53824758529663
v -0.325 -0.325 4.52767896652222
v -0.3125 -0.325 4.51742553710938
v -0.3 -0.325 4.50746488571167
v -0.2875 -0.325 4.49775838851929
v -0.275 -0.325 4.48826742172241
v -0.2625 -0.325 4.47895669937134
v -0.25 -0.325 4.46980237960815
v -0.2375 -0.325 4.46079635620117
v -0.225 -0.325 4.45194435119629
v -0.2125 -0.325 4.44326543807983
v -0.2 -0.325 4.43478727340698
v -0.1875 -0.325 4.42654800415039
v -0.175 -0.325 4.41859149932861
v -0.1625 -0.325 4.4109673500061
v -0.15 -0.325 4.40372800827026
v -0.1375 -0.325 4.39692974090576
v -0.125 -0.325 4.39062881469727
v -0.1125 -0.325 4.38488531112671
v -0.0999999999999996 -0.325 4.37975740432739
v -0.0874999999999996 -0.325 4.37530422210693
v -0.0749999999999996 -0.325 4.37157917022705
v -0.0624999999999996 -0.325 4.36862993240356
v -0.0499999999999996 -0.325 4.36649417877197
v -0.0374999999999996 -0.325 4.36519861221313
v -0.0249999999999996 -0.325 4.36475133895874
v -0.0124999999999996 -0.325 4.36514616012573
v 4.44089209850063e-16 -0.325 4.36635828018188
v 0.0125000000000004 -0.325 4.36835432052612
v 0.0250000000000005 -0.325 4.37108564376831
v 0.0375000000000005 -0.325 4.37450170516968
v 0.0500000000000005 -0.325 4.37854814529419
v 0.0625000000000004 -0.325 4.38317060470581
v 0.0750000000000005 -0.325 4.38831567764282
v 0.0875000000000006 -0.325 4.39393520355225
v 0.100000000000001 -0.325 4.39998006820679
v 0.1125 -0.325 4.40640735626221
v 0.125000000000001 -0.325 4.41316890716553
v 0.137500000000001 -0.325 4.42022180557251
v 0.150000000000001 -0.325 4.42751884460449
v 0.162500000000001 -0.325 4.43501329421997
v 0.175000000000001 -0.325 4.44265556335449
v 0.187500000000001 -0.325 4.45039749145508
v 0.200000000000001 -0.325 4.4581937789917
v 0.212500000000001 -0.325 4.4660005569458
v 0.225000000000001 -0.325 4.47377920150757
v 0.237500000000001 -0.325 4.48149824142456
v 0.250000000000001 -0.325 4.48912906646729
v 0.262500000000001 -0.325 4.49665069580078
v 0.275000000000001 -0.325 4.50404453277588
v 0.287500000000001 -0.325 4.51129531860352
v 0.300000000000001 -0.325 4.51839160919189
v 0.312500000000001 -0.325 4.52532196044922
v 0.325000000000001 -0.325 4.53207778930664
v 0.337500000000001 -0.325 4.53865051269531
v 0.350000000000001 -0.325 4.54503488540649
v 0.362500000000001 -0.325 4.55122232437134
v 0.375000000000001 -0.325 4.55720663070679
v 0.387500000000001 -0.325 4.56297540664673
v 0.400000000000001 -0.325 4.56851243972778
v 0.412500000000001 -0.325 4.57379770278931
v 0.425000000000001 -0.325 4.57880783081055
v 0.437500000000001 -0.325 4.58351755142212
v 0.450000000000001 -0.325 4.58790302276611
v 0.462500000000001 -0.325 4.5919451713562
v 0.475000000000001 -0.325 4.595627784729
v 0.487500000000001 -0.325 4.59894323348999
v 0.500000000000001 -0.325 4.60188913345337
v -0.5 -0.3125 4.68003225326538
v -0.4875 -0.3125 4.66919469833374
v -0.475 -0.3125 4.65797567367554
v -0.4625 -0.3125 4.64642333984375
v -0.45 -0.3125 4.63459491729736
v -0.4375 -0.3125 4.62255001068115
v -0.425 -0.3125 4.61035537719727
v -0.4125 -0.3125 4.59808015823364
v -0.4 -0.3125 4.58579587936401
v -0.3875 -0.3125 4.57357501983643
v -0.375 -0.3125 4.56148862838745
v -0.3625 -0.3125 4.54960203170776
v -0.35 -0.3125 4.53796768188477
v -0.3375 -0.3125 4.52662563323975
v -0.325 -0.3125 4.51559352874756
v -0.3125 -0.3125 4.50486993789673
v -0.3 -0.3125 4.49443197250366
v -0.2875 -0.3125 4.48424291610718
v -0.275 -0.3125 4.47426462173462
v -0.2625 -0.3125 4.46446323394775
v -0.25 -0.3125 4.45481634140015
v -0.2375 -0.3125 4.44531917572021
v -0.225 -0.3125 4.43597841262817
v -0.2125 -0.3125 4.42681646347046
v -0.2 -0.3125 4.41786432266235
v -0.1875 -0.3125 4.40916395187378
v -0.175 -0.3125 4.40076065063477
v -0.1625 -0.3125 4.39270782470703
v -0.15 -0.3125 4.38506031036377
v -0.1375 -0.3125 4.37787485122681
v -0.125 -0.3125 4.37121152877808
v -0.1125 -0.3125 4.36513042449951
v -0.0999999999999996 -0.3125 4.35969257354736
v -0.0874999999999996 -0.3125 4.35495853424072
v -0.0749999999999996 -0.3125 4.3509840965271
v -0.0624999999999996 -0.3125 4.34782266616821
v -0.0499999999999996 -0.3125 4.34551477432251
v -0.0374999999999996 -0.3125 4.34409093856812
v -0.0249999999999996 -0.3125 4.34356307983398
v -0.0124999999999996 -0.3125 4.34392929077148
v 4.44089209850063e-16 -0.3125 4.34516668319702
v 0.0125000000000004 -0.3125 4.34723806381226
v 0.0250000000000005 -0.3125 4.35009574890137
v 0.0375000000000005 -0.3125 4.353684425354
v 0.0500000000000005 -0.3125 4.35794353485107
v 0.0625000000000004 -0.3125 4.3628134727478
v 0.0750000000000005 -0.3125 4.36823606491089
v 0.0875000000000006 -0.3125 4.37415361404419
v 0.100000000000001 -0.3125 4.38051557540894
v 0.1125 -0.3125 4.38727045059204
v 0.125000000000001 -0.3125 4.394371509552
v 0.137500000000001 -0.3125 4.401771068573
v 0.150000000000001 -0.3125 4.40942430496216
v 0.162500000000001 -0.3125 4.41728353500366
v 0.175000000000001 -0.3125 4.42530155181885
v 0.187500000000001 -0.3125 4.43343067169189
v 0.200000000000001 -0.3125 4.44162321090698
v 0.212500000000001 -0.3125 4.44983530044556
v 0.225000000000001 -0.3125 4.45802545547485
v 0.237500000000001 -0.3125 4.46615743637085
v 0.250000000000001 -0.3125 4.47420024871826
v 0.262500000000001 -0.3125 4.48212862014771
v 0.275000000000001 -0.3125 4.48992347717285
v 0.287500000000001 -0.3125 4.49756765365601
v 0.300000000000001 -0.3125 4.50504922866821
v 0.312500000000001 -0.3125 4.51235723495483
v 0.325000000000001 -0.3125 4.51948404312134
v 0.337500000000001 -0.3125 4.52642202377319
v 0.350000000000001 -0.3125 4.53316593170166
v 0.362500000000001 -0.3125 4.53970956802368
v 0.375000000000001 -0.3125 4.54604816436768
v 0.387500000000001 -0.3125 4.552170753479
v 0.400000000000001 -0.3125 4.55806398391724
v 0.412500000000001 -0.3125 4.56370878219604
v 0.425000000000001 -0.3125 4.56908226013184
v 0.437500000000001 -0.3125 4.57415914535522
v 0.450000000000001 -0.3125 4.57891321182251
v 0.462500000000001 -0.3125 4.58332252502441
v 0.475000000000001 -0.3125 4.58737087249756
v 0.487500000000001 -0.3125 4.59104776382446
v 0.500000000000001 -0.3125 4.59434843063354
v -0.5 -0.3 4.67361307144165
v -0.4875 -0.3 4.66231393814087
v -0.475 -0.3 4.65062427520752
v -0.4625 -0.3 4.63859748840332
v -0.45 -0.3 4.62629413604736
v -0.4375 -0.3 4.61377668380737
v -0.425 -0.3 4.60111331939697
v -0.4125 -0.3 4.58837509155273
v -0.4 -0.3 4.57563209533691
v -0.3875 -0.3 4.56295490264893
v -0.375 -0.3 4.55040979385376
v -0.3625 -0.3 4.53805780410767
v -0.35 -0.3 4.52594900131226
v -0.3375 -0.3 4.51412057876587
v -0.325 -0.3 4.50259113311768
v -0.3125 -0.3 4.4913592338562
v -0.3 -0.3 4.4804048538208
v -0.2875 -0.3 4.46969366073608
v -0.275 -0.3 4.45918893814087
v -0.2625 -0.3 4.44885778427124
v -0.25 -0.3 4.43868017196655
v -0.2375 -0.3 4.42865371704102
v -0.225 -0.3 4.41878843307495
v -0.2125 -0.3 4.40910863876343
v -0.2 -0.3 4.39965105056763
v -0.1875 -0.3 4.39045858383179
v -0.175 -0.3 4.38158273696899
v -0.1625 -0.3 4.37307691574097
v -0.15 -0.3 4.36499738693237
v -0.1375 -0.3 4.35740518569946
v -0.125 -0.3 4.35036039352417
v -0.1125 -0.3 4.3439245223999
v -0.0999999999999996 -0.3 4.33816003799438
v -0.0874999999999996 -0.3 4.33312940597534
v -0.0749999999999996 -0.3 4.32889127731323
v -0.0624999999999996 -0.3 4.32550001144409
v -0.0499999999999996 -0.3 4.32300281524658
v -0.0374999999999996 -0.3 4.32143402099609
v -0.0249999999999996 -0.3 4.32081317901611
v -0.0124999999999996 -0.3 4.32113838195801
v 4.44089209850063e-16 -0.3 4.32239294052124
v 0.0125000000000004 -0.3 4.32453918457031
v 0.0250000000000005 -0.3 4.32752990722656
v 0.0375000000000005 -0.3 4.33130407333374
v 0.0500000000000005 -0.3 4.3357982635498
v 0.0625000000000004 -0.3 4.34094667434692
v 0.0750000000000005 -0.3 4.34668350219727
v 0.0875000000000006 -0.3 4.35294675827026
v 0.100000000000001 -0.3 4.3596773147583
v 0.1125 -0.3 4.36681842803955
v 0.125000000000001 -0.3 4.37431669235229
v 0.137500000000001 -0.3 4.38212442398071
v 0.150000000000001 -0.3 4.39019155502319
v 0.162500000000001 -0.3 4.39847087860107
v 0.175000000000001 -0.3 4.40691471099854
v 0.187500000000001 -0.3 4.41547584533691
v 0.200000000000001 -0.3 4.42410802841187
v 0.212500000000001 -0.3 4.4327654838562
v 0.225000000000001 -0.3 4.44140434265137
v 0.237500000000001 -0.3 4.44998693466187
v 0.250000000000001 -0.3 4.45847845077515
v 0.262500000000001 -0.3 4.46685123443604
v 0.275000000000001 -0.3 4.47508096694946
v 0.287500000000001 -0.3 4.48315191268921
v 0.300000000000001 -0.3 4.49104785919189
v 0.312500000000001 -0.3 4.49875974655151
v 0.325000000000001 -0.3 4.50628042221069
v 0.337500000000001 -0.3 4.51360321044922
v 0.350000000000001 -0.3 4.52072381973267
v 0.362500000000001 -0.3 4.52763891220093
v 0.375000000000001 -0.3 4.53434324264526
v 0.387500000000001 -0.3 4.54083061218262
v 0.400000000000001 -0.3 4.54708957672119
v 0.412500000000001 -0.3 4.55310392379761
v 0.425000000000001 -0.3 4.55884981155396
v 0.437500000000001 -0.3 4.56430339813232
v 0.450000000000001 -0.3 4.56943798065186
v 0.462500000000001 -0.3 4.57422876358032
v 0.475000000000001 -0.3 4.5786566734314
v 0.487500000000001 -0.3 4.58270978927612
v 0.500000000000001 -0.3 4.58638143539429
v -0.5 -0.2875 4.66666650772095
v -0.4875 -0.2875 4.65486764907837
v -0.475 -0.2875 4.64266967773438
v -0.4625 -0.2875 4.63013076782227
v -0.45 -0.2875 4.61731624603271
v -0.4375 -0.2875 4.6042914390564
v -0.425 -0.2875 4.59112882614136
v -0.4125 -0.2875 4.57789707183838
v -0.4 -0.2875 4.56466627120972
v -0.3875 -0.2875 4.55150365829468
v -0.375 -0.2875 4.53847122192383
v -0.3625 -0.2875 4.52562427520752
v -0.35 -0.2875 4.51300764083862
v -0.3375 -0.2875 4.50065755844116
v -0.325 -0.2875 4.48859167098999
v -0.3125 -0.2875 4.47681188583374
v -0.3 -0.2875 4.46529912948608
v -0.2875 -0.2875 4.45402383804321
v -0.275 -0.2875 4.4429497718811
v -0.2625 -0.2875 4.43204641342163
v -0.25 -0.2875 4.42129850387573
v -0.2375 -0.2875 4.4107027053833
v -0.225 -0.2875 4.40027475357056
v -0.2125 -0.2875 4.39004278182983
v -0.2 -0.2875 4.38004779815674
v -0.1875 -0.2875 4.37033462524414
v -0.175 -0.2875 4.36095809936523
v -0.1625 -0.2875 4.35197448730469
v -0.15 -0.2875 4.34344434738159
v -0.1375 -0.2875 4.33542680740356
v -0.125 -0.2875 4.32798480987549
v -0.1125 -0.2875 4.32117986679077
v -0.0999999999999996 -0.2875 4.31507587432861
v -0.0874999999999996 -0.2875 4.30973434448242
v -0.0749999999999996 -0.2875 4.30521774291992
v -0.0624999999999996 -0.2875 4.30158281326294
v -0.0499999999999996 -0.2875 4.29888010025024
v -0.0374999999999996 -0.2875 4.29715061187744
v -0.0249999999999996 -0.2875 4.29641819000244
v -0.0124999999999996 -0.2875 4.29668760299683
v 4.44089209850063e-16 -0.2875 4.29794645309448
v 0.0125000000000004 -0.2875 4.30016183853149
v 0.0250000000000005 -0.2875 4.30328321456909
v 0.0375000000000005 -0.2875 4.30724954605103
v 0.0500000000000005 -0.2875 4.31199407577515
v 0.0625000000000004 -0.2875 4.31744384765625
v 0.0750000000000005 -0.2875 4.32352828979492
v 0.0875000000000006 -0.2875 4.33017730712891
v 0.100000000000001 -0.2875 4.3373236656189
v 0.1125 -0.2875 4.3449068069458
v 0.125000000000001 -0.2875 4.35286474227905
v 0.137500000000001 -0.2875 4.36114454269409
v 0.150000000000001 -0.2875 4.36969089508057
v 0.162500000000001 -0.2875 4.37845373153687
v 0.175000000000001 -0.2875 4.38738584518433
v 0.187500000000001 -0.2875 4.39643621444702
v 0.200000000000001 -0.2875 4.40556049346924
v 0.212500000000001 -0.2875 4.41471147537231
v 0.225000000000001 -0.2875 4.42384576797485
v 0.237500000000001 -0.2875 4.43292236328125
v 0.250000000000001 -0.2875 4.44190454483032
v 0.262500000000001 -0.2875 4.45076131820679
v 0.275000000000001 -0.2875 4.45946598052979
v 0.287500000000001 -0.2875 4.46799850463867
v 0.300000000000001 -0.2875 4.4763445854187
v 0.312500000000001 -0.2875 4.48449182510376
v 0.325000000000001 -0.2875 4.49243307113647
v 0.337500000000001 -0.2875 4.50016498565674
v 0.350000000000001 -0.2875 4.50768232345581
v 0.362500000000001 -0.2875 4.51498508453369
v 0.375000000000001 -0.2875 4.52207040786743
v 0.387500000000001 -0.2875 4.52893447875977
v 0.400000000000001 -0.2875 4.53556966781616
v 0.412500000000001 -0.2875 4.54196166992188
v 0.425000000000001 -0.2875 4.54809045791626
v 0.437500000000001 -0.2875 4.55393075942993
v 0.450000000000001 -0.2875 4.55945587158203
v 0.462500000000001 -0.2875 4.56464052200317
v 0.475000000000001 -0.2875 4.56946229934692
v 0.487500000000001 -0.2875 4.57390594482422
v 0.500000000000001 -0.2875 4.57796478271484
v -0.5 -0.275 4.65913867950439
v -0.4875 -0.275 4.64680051803589
v -0.475 -0.275 4.63405513763428
v -0.4625 -0.275 4.62096548080444
v -0.45 -0.275 4.60760116577148
v -0.4375 -0.275 4.59403371810913
v -0.425 -0.275 4.58033657073975
v -0.4125 -0.275 4.56657934188843
v -0.4 -0.275 4.55283164978027
v -0.3875 -0.275 4.53915452957153
v -0.375 -0.275 4.52560377120972
v -0.3625 -0.275 4.51222848892212
v -0.35 -0.275 4.49906873703003
v -0.3375 -0.275 4.48615646362305
v -0.325 -0.275 4.47351169586182
v -0.3125 -0.275 4.4611382484436
v -0.3 -0.275 4.44902276992798
v -0.2875 -0.275 4.43713760375977
v -0.275 -0.275 4.42544937133789
v -0.2625 -0.275 4.41393041610718
v -0.25 -0.275 4.40256786346436
v -0.2375 -0.275 4.39136266708374
v -0.225 -0.275 4.38033390045166
v -0.2125 -0.275 4.36951541900635
v -0.2 -0.275 4.35894918441772
v -0.1875 -0.275 4.34868717193604
v -0.175 -0.275 4.33878660202026
v -0.1625 -0.275 4.32930564880371
v -0.15 -0.275 4.32030630111694
v -0.1375 -0.275 4.31185102462769
v -0.125 -0.275 4.30400037765503
v -0.1125 -0.275 4.29681730270386
v -0.0999999999999996 -0.275 4.29036569595337
v -0.0874999999999996 -0.275 4.28470706939697
v -0.0749999999999996 -0.275 4.27990293502808
v -0.0624999999999996 -0.275 4.2760124206543
v -0.0499999999999996 -0.275 4.27309131622314
v -0.0374999999999996 -0.275 4.27118444442749
v -0.0249999999999996 -0.275 4.2703218460083
v -0.0124999999999996 -0.275 4.27051687240601
v 4.44089209850063e-16 -0.275 4.27176237106323
v 0.0125000000000004 -0.275 4.27403020858765
v 0.0250000000000005 -0.275 4.27727365493774
v 0.0375000000000005 -0.275 4.2814302444458
v 0.0500000000000005 -0.275 4.2864294052124
v 0.0625000000000004 -0.275 4.29219532012939
v 0.0750000000000005 -0.275 4.29865026473999
v 0.0875000000000006 -0.275 4.30571889877319
v 0.100000000000001 -0.275 4.31332540512085
v 0.1125 -0.275 4.3213996887207
v 0.125000000000001 -0.275 4.32987546920776
v 0.137500000000001 -0.275 4.33869075775146
v 0.150000000000001 -0.275 4.3477840423584
v 0.162500000000001 -0.275 4.35710191726685
v 0.175000000000001 -0.275 4.36659002304077
v 0.187500000000001 -0.275 4.37619924545288
v 0.200000000000001 -0.275 4.3858790397644
v 0.212500000000001 -0.275 4.39558362960815
v 0.225000000000001 -0.275 4.40526723861694
v 0.237500000000001 -0.275 4.41488981246948
v 0.250000000000001 -0.275 4.42441129684448
v 0.262500000000001 -0.275 4.43379735946655
v 0.275000000000001 -0.275 4.44302082061768
v 0.287500000000001 -0.275 4.4520583152771
v 0.300000000000001 -0.275 4.46089267730713
v 0.312500000000001 -0.275 4.46951007843018
v 0.325000000000001 -0.275 4.4779052734375
v 0.337500000000001 -0.275 4.48607349395752
v 0.350000000000001 -0.275 4.49401330947876
v 0.362500000000001 -0.275 4.5017237663269
v 0.375000000000001 -0.275 4.50920820236206
v 0.387500000000001 -0.275 4.51646280288696
v 0.400000000000001 -0.275 4.52348566055298
v 0.412500000000001 -0.275 4.53026580810547
v 0.425000000000001 -0.275 4.53678607940674
v 0.437500000000001 -0.275 4.54302215576172
v 0.450000000000001 -0.275 4.54894876480103
v 0.462500000000001 -0.275 4.55453824996948
v 0.475000000000001 -0.275 4.55976629257202
v 0.487500000000001 -0.275 4.56461668014526
v 0.500000000000001 -0.275 4.56907749176025
v -0.5 -0.2625 4.65096807479858
v -0.4875 -0.2625 4.63805103302002
v -0.475 -0.2625 4.62471628189087
v -0.4625 -0.2625 4.61103534698486
v -0.45 -0.2625 4.597083568573
v -0.4375 -0.2625 4.58293676376343
v -0.425 -0.2625 4.56867074966431
v -0.4125 -0.2625 4.55435752868652
v -0.4 -0.2625 4.54006052017212
v -0.3875 -0.2625 4.52583646774292
v -0.375 -0.2625 4.5117335319519
v -0.3625 -0.2625 4.49779224395752
v -0.35 -0.2625 4.48404741287231
v -0.3375 -0.2625 4.47052764892578
v -0.325 -0.2625 4.45725727081299
v -0.3125 -0.2625 4.44424152374268
v -0.3 -0.2625 4.43147420883179
v -0.2875 -0.2625 4.41893005371094
v -0.275 -0.2625 4.40658044815063
v -0.2625 -0.2625 4.39439916610718
v -0.25 -0.2625 4.38237762451172
v -0.2375 -0.2625 4.37052154541016
v -0.225 -0.2625 4.3588547706604
v -0.2125 -0.2625 4.34741353988647
v -0.2 -0.2625 4.33624792098999
v -0.1875 -0.2625 4.32541275024414
v -0.175 -0.2625 4.31496858596802
v -0.1625 -0.2625 4.3049750328064
v -0.15 -0.2625 4.29549741744995
v -0.1375 -0.2625 4.28659772872925
v -0.125 -0.2625 4.27833557128906
v -0.1125 -0.2625 4.27077484130859
v -0.0999999999999996 -0.2625 4.26397657394409
v -0.0874999999999996 -0.2625 4.25800085067749
v -0.0749999999999996 -0.2625 4.25291013717651
v -0.0624999999999996 -0.2625 4.24876260757446
v -0.0499999999999996 -0.2625 4.24561548233032
v -0.0374999999999996 -0.2625 4.2435188293457
v -0.0249999999999996 -0.2625 4.24250936508179
v -0.0124999999999996 -0.2625 4.24260854721069
v 4.44089209850063e-16 -0.2625 4.2438178062439
v 0.0125000000000004 -0.2625 4.24611663818359
v 0.0250000000000005 -0.2625 4.24946165084839
v 0.0375000000000005 -0.2625 4.25379323959351
v 0.0500000000000005 -0.2625 4.25904130935669
v 0.0625000000000004 -0.2625 4.26512479782104
v 0.0750000000000005 -0.2625 4.27196264266968
v 0.0875000000000006 -0.2625 4.27947044372559
v 0.100000000000001 -0.2625 4.28756713867188
v 0.1125 -0.2625 4.29617595672607
v 0.125000000000001 -0.2625 4.30522012710571
v 0.137500000000001 -0.2625 4.31462907791138
v 0.150000000000001 -0.2625 4.32433652877808
v 0.162500000000001 -0.2625 4.33427906036377
v 0.175000000000001 -0.2625 4.34439849853516
v 0.187500000000001 -0.2625 4.35463809967041
v 0.200000000000001 -0.2625 4.36494731903076
v 0.212500000000001 -0.2625 4.37527465820312
v 0.225000000000001 -0.2625 4.38557434082031
v 0.237500000000001 -0.2625 4.39580392837524
v 0.250000000000001 -0.2625 4.405921459198
v 0.262500000000001 -0.2625 4.41589260101318
v 0.275000000000001 -0.2625 4.4256854057312
v 0.287500000000001 -0.2625 4.43527460098267
v 0.300000000000001 -0.2625 4.44464206695557
v 0.312500000000001 -0.2625 4.45377254486084
v 0.325000000000001 -0.2625 4.4626579284668
v 0.337500000000001 -0.2625 4.4712963104248
v 0.350000000000001 -0.2625 4.47968578338623
v 0.362500000000001 -0.2625 4.48782968521118
v 0.375000000000001 -0.2625 4.49573087692261
v 0.387500000000001 -0.2625 4.50339412689209
v 0.400000000000001 -0.2625 4.51081800460815
v 0.412500000000001 -0.2625 4.51799726486206
v 0.425000000000001 -0.2625 4.52491760253906
v 0.437500000000001 -0.2625 4.53156042098999
v 0.450000000000001 -0.2625 4.53789710998535
v 0.462500000000001 -0.2625 4.54390239715576
v 0.475000000000001 -0.2625 4.54954957962036
v 0.487500000000001 -0.2625 4.55481863021851
v 0.500000000000001 -0.2625 4.55969858169556
v -0.5 -0.25 4.64209413528442
v -0.4875 -0.25 4.62855434417725
v -0.475 -0.25 4.61458873748779
v -0.4625 -0.25 4.60027503967285
v -0.45 -0.25 4.58569574356079
v -0.4375 -0.25 4.57093191146851
v -0.425 -0.25 4.55606412887573
v -0.4125 -0.25 4.54115962982178
v -0.4 -0.25 4.52627992630005
v -0.3875 -0.25 4.511474609375
v -0.375 -0.25 4.49678134918213
v -0.3625 -0.25 4.48223114013672
v -0.35 -0.25 4.46785354614258
v -0.3375 -0.25 4.45367670059204
v -0.325 -0.25 4.43972635269165
v -0.3125 -0.25 4.42601680755615
v -0.3 -0.25 4.41254425048828
v -0.2875 -0.25 4.39928960800171
v -0.275 -0.25 4.38622760772705
v -0.2625 -0.25 4.37333679199219
v -0.25 -0.25 4.36061191558838
v -0.2375 -0.25 4.34806394577026
v -0.225 -0.25 4.33572244644165
v -0.2125 -0.25 4.32362985610962
v -0.2 -0.25 4.31184005737305
v -0.1875 -0.25 4.30041360855103
v -0.175 -0.25 4.28941249847412
v -0.1625 -0.25 4.27890157699585
v -0.15 -0.25 4.26894521713257
v -0.1375 -0.25 4.25960445404053
v -0.125 -0.25 4.25094175338745
v -0.1125 -0.25 4.24301528930664
v -0.0999999999999996 -0.25 4.23588514328003
v -0.0874999999999996 -0.25 4.22960996627808
v -0.0749999999999996 -0.25 4.22424554824829
v -0.0624999999999996 -0.25 4.21985197067261
v -0.0499999999999996 -0.25 4.21648359298706
v -0.0374999999999996 -0.25 4.21419477462769
v -0.0249999999999996 -0.25 4.21302795410156
v -0.0124999999999996 -0.25 4.21301317214966
v 4.44089209850063e-16 -0.25 4.21416187286377
v 0.0125000000000004 -0.25 4.21646070480347
v 0.0250000000000005 -0.25 4.21987628936768
v 0.0375000000000005 -0.25 4.22435474395752
v 0.0500000000000005 -0.25 4.2298264503479
v 0.0625000000000004 -0.25 4.23621082305908
v 0.0750000000000005 -0.25 4.2434229850769
v 0.0875000000000006 -0.25 4.25137424468994
v 0.100000000000001 -0.25 4.25997686386108
v 0.1125 -0.25 4.26914358139038
v 0.125000000000001 -0.25 4.27879285812378
v 0.137500000000001 -0.25 4.28884506225586
v 0.150000000000001 -0.25 4.29922294616699
v 0.162500000000001 -0.25 4.30985593795776
v 0.175000000000001 -0.25 4.32067728042603
v 0.187500000000001 -0.25 4.33162498474121
v 0.200000000000001 -0.25 4.3426399230957
v 0.212500000000001 -0.25 4.35366773605347
v 0.225000000000001 -0.25 4.36465930938721
v 0.237500000000001 -0.25 4.37556648254395
v 0.250000000000001 -0.25 4.38634872436523
v 0.262500000000001 -0.25 4.39696741104126
v 0.275000000000001 -0.25 4.40738916397095
v 0.287500000000001 -0.25 4.41758680343628
v 0.300000000000001 -0.25 4.42753744125366
v 0.312500000000001 -0.25 4.43722772598267
v 0.325000000000001 -0.25 4.44664859771729
v 0.337500000000001 -0.25 4.45579481124878
v 0.350000000000001 -0.25 4.46466779708862
v 0.362500000000001 -0.25 4.47327375411987
v 0.375000000000001 -0.25 4.48161840438843
v 0.387500000000001 -0.25 4.48970890045166
v 0.400000000000001 -0.25 4.49754953384399
v 0.412500000000001 -0.25 4.50513982772827
v 0.425000000000001 -0.25 4.5124716758728
v 0.437500000000001 -0.25 4.51952743530273
v 0.450000000000001 -0.25 4.52628469467163
v 0.462500000000001 -0.25 4.53271579742432
v 0.475000000000001 -0.25 4.53879308700562
v 0.487500000000001 -0.25 4.54449558258057
v 0.500000000000001 -0.25 4.54980707168579
v -0.5 -0.2375 4.63245153427124
v -0.4875 -0.2375 4.61824512481689
v -0.475 -0.2375 4.60360479354858
v -0.4625 -0.2375 4.58861780166626
v -0.45 -0.2375 4.57337093353271
v -0.4375 -0.2375 4.55795288085938
v -0.425 -0.2375 4.54244470596313
v -0.4125 -0.2375 4.52691411972046
v -0.4 -0.2375 4.51141691207886
v -0.3875 -0.2375 4.49599027633667
v -0.375 -0.2375 4.48066186904907
v -0.3625 -0.2375 4.46545362472534
v -0.35 -0.2375 4.45038843154907
v -0.3375 -0.2375 4.43549680709839
v -0.325 -0.2375 4.42080926895142
v -0.3125 -0.2375 4.40634679794312
v -0.3 -0.2375 4.39211320877075
v -0.2875 -0.2375 4.37809371948242
v -0.275 -0.2375 4.3642692565918
v -0.2625 -0.2375 4.35062026977539
v -0.25 -0.2375 4.33714818954468
v -0.2375 -0.2375 4.32387018203735
v -0.225 -0.2375 4.31082248687744
v -0.2125 -0.2375 4.29805374145508
v -0.2 -0.2375 4.28562498092651
v -0.1875 -0.2375 4.27359914779663
v -0.175 -0.2375 4.26204252243042
v -0.1625 -0.2375 4.25102233886719
v -0.15 -0.2375 4.24060153961182
v -0.1375 -0.2375 4.23084259033203
v -0.125 -0.2375 4.22180461883545
v -0.1125 -0.2375 4.21354389190674
v -0.0999999999999996 -0.2375 4.20611524581909
v -0.0874999999999996 -0.2375 4.1995735168457
v -0.0749999999999996 -0.2375 4.1939697265625
v -0.0624999999999996 -0.2375 4.18935918807983
v -0.0499999999999996 -0.2375 4.18579483032227
v -0.0374999999999996 -0.2375 4.18333005905151
v -0.0249999999999996 -0.2375 4.18200969696045
v -0.0124999999999996 -0.2375 4.18187189102173
v 4.44089209850063e-16 -0.2375 4.18293619155884
v 0.0125000000000004 -0.2375 4.18520355224609
v 0.0250000000000005 -0.2375 4.18864917755127
v 0.0375000000000005 -0.2375 4.19322967529297
v 0.0500000000000005 -0.2375 4.19888067245483
v 0.0625000000000004 -0.2375 4.20552492141724
v 0.0750000000000005 -0.2375 4.21307706832886
v 0.0875000000000006 -0.2375 4.22144603729248
v 0.100000000000001 -0.2375 4.23054122924805
v 0.1125 -0.2375 4.24026823043823
v 0.125000000000001 -0.2375 4.25053739547729
v 0.137500000000001 -0.2375 4.26125860214233
v 0.150000000000001 -0.2375 4.27234792709351
v 0.162500000000001 -0.2375 4.28372430801392
v 0.175000000000001 -0.2375 4.29531049728394
v 0.187500000000001 -0.2375 4.30703592300415
v 0.200000000000001 -0.2375 4.31883239746094
v 0.212500000000001 -0.2375 4.33064031600952
v 0.225000000000001 -0.2375 4.34240341186523
v 0.237500000000001 -0.2375 4.35406875610352
v 0.250000000000001 -0.2375 4.36559247970581
v 0.262500000000001 -0.2375 4.37693119049072
v 0.275000000000001 -0.2375 4.3880500793457
v 0.287500000000001 -0.2375 4.39892053604126
v 0.300000000000001 -0.2375 4.40951681137085
v 0.312500000000001 -0.2375 4.41982269287109
v 0.325000000000001 -0.2375 4.42982769012451
v 0.337500000000001 -0.2375 4.43952751159668
v 0.350000000000001 -0.2375 4.44892597198486
v 0.362500000000001 -0.2375 4.45802783966064
v 0.375000000000001 -0.2375 4.4668436050415
v 0.387500000000001 -0.2375 4.4753851890564
v 0.400000000000001 -0.2375 4.48366117477417
v 0.412500000000001 -0.2375 4.49167776107788
v 0.425000000000001 -0.2375 4.49943208694458
v 0.437500000000001 -0.2375 4.50691223144531
v 0.450000000000001 -0.2375 4.51409769058228
v 0.462500000000001 -0.2375 4.52096319198608
v 0.475000000000001 -0.2375 4.52748107910156
v 0.487500000000001 -0.2375 4.53362798690796
v 0.500000000000001 -0.2375 4.53938674926758
v -0.5 -0.225 4.62197256088257
v -0.4875 -0.225 4.60705518722534
v -0.475 -0.225 4.59169721603394
v -0.4625 -0.225 4.57599353790283
v -0.45 -0.225 4.56003952026367
v -0.4375 -0.225 4.54392957687378
v -0.425 -0.225 4.52774381637573
v -0.4125 -0.225 4.51154947280884
v -0.4 -0.225 4.49539184570312
v -0.3875 -0.225 4.47929763793945
v -0.375 -0.225 4.46328210830688
v -0.3625 -0.225 4.44735670089722
v -0.35 -0.225 4.43154239654541
v -0.3375 -0.225 4.41587209701538
v -0.325 -0.225 4.40038394927979
v -0.3125 -0.225 4.38510704040527
v -0.3 -0.225 4.37005376815796
v -0.2875 -0.225 4.35521459579468
v -0.275 -0.225 4.34057426452637
v -0.2625 -0.225 4.32612180709839
v -0.25 -0.225 4.31186294555664
v -0.2375 -0.225 4.29782438278198
v -0.225 -0.225 4.28404855728149
v -0.2125 -0.225 4.27059268951416
v -0.2 -0.225 4.25752210617065
v -0.1875 -0.225 4.2449049949646
v -0.175 -0.225 4.23281145095825
v -0.1625 -0.225 4.22130823135376
v -0.15 -0.225 4.21045923233032
v -0.1375 -0.225 4.20032405853271
v -0.125 -0.225 4.19096040725708
v -0.1125 -0.225 4.18241882324219
v -0.0999999999999996 -0.225 4.17475032806396
v -0.0874999999999996 -0.225 4.1680006980896
v -0.0749999999999996 -0.225 4.16221761703491
v -0.0624999999999996 -0.225 4.15744733810425
v -0.0499999999999996 -0.225 4.15373706817627
v -0.0374999999999996 -0.225 4.15113401412964
v -0.0249999999999996 -0.225 4.14968633651733
v -0.0124999999999996 -0.225 4.14943504333496
v 4.44089209850063e-16 -0.225 4.15040826797485
v 0.0125000000000004 -0.225 4.15261793136597
v 0.0250000000000005 -0.225 4.15605306625366
v 0.0375000000000005 -0.225 4.16068124771118
v 0.0500000000000005 -0.225 4.16644811630249
v 0.0625000000000004 -0.225 4.17328262329102
v 0.0750000000000005 -0.225 4.18110752105713
v 0.0875000000000006 -0.225 4.18983268737793
v 0.100000000000001 -0.225 4.19936609268188
v 0.1125 -0.225 4.20961284637451
v 0.125000000000001 -0.225 4.22047758102417
v 0.137500000000001 -0.225 4.23186206817627
v 0.150000000000001 -0.225 4.24367237091064
v 0.162500000000001 -0.225 4.25581884384155
v 0.175000000000001 -0.225 4.26821136474609
v 0.187500000000001 -0.225 4.28076934814453
v 0.200000000000001 -0.225 4.29341459274292
v 0.212500000000001 -0.225 4.30607604980469
v 0.225000000000001 -0.225 4.31868886947632
v 0.237500000000001 -0.225 4.33119535446167
v 0.250000000000001 -0.225 4.34354162216187
v 0.262500000000001 -0.225 4.35568237304688
v 0.275000000000001 -0.225 4.36757802963257
v 0.287500000000001 -0.225 4.37919473648071
v 0.300000000000001 -0.225 4.39050436019897
v 0.312500000000001 -0.225 4.40149068832397
v 0.325000000000001 -0.225 4.41213941574097
v 0.337500000000001 -0.225 4.422447681427
v 0.350000000000001 -0.225 4.43241739273071
v 0.362500000000001 -0.225 4.44205760955811
v 0.375000000000001 -0.225 4.45137977600098
v 0.387500000000001 -0.225 4.46040105819702
v 0.400000000000001 -0.225 4.46913623809814
v 0.412500000000001 -0.225 4.47759628295898
v 0.425000000000001 -0.225 4.48578596115112
v 0.437500000000001 -0.225 4.49370050430298
v 0.450000000000001 -0.225 4.50132322311401
v 0.462500000000001 -0.225 4.50863265991211
v 0.475000000000001 -0.225 4.51560068130493
v 0.487500000000001 -0.225 4.52220296859741
v 0.500000000000001 -0.225 4.52842092514038
v -0.5 -0.2125 4.61058950424194
v -0.4875 -0.2125 4.59491634368896
v -0.475 -0.2125 4.57879734039307
v -0.4625 -0.2125 4.5623345375061
v -0.45 -0.2125 4.54563283920288
v -0.4375 -0.2125 4.52879095077515
v -0.425 -0.2125 4.51188898086548
v -0.4125 -0.2125 4.49498748779297
v -0.4 -0.2125 4.47812223434448
v -0.3875 -0.2125 4.46130657196045
v -0.375 -0.2125 4.44454097747803
v -0.3625 -0.2125 4.42783117294312
v -0.35 -0.2125 4.41119718551636
v -0.3375 -0.2125 4.39467668533325
v -0.325 -0.2125 4.37831878662109
v -0.3125 -0.2125 4.36216354370117
v -0.3 -0.2125 4.34622955322266
v -0.2875 -0.2125 4.33051633834839
v -0.275 -0.2125 4.31501245498657
v -0.2625 -0.2125 4.29971599578857
v -0.25 -0.2125 4.28463983535767
v -0.2375 -0.2125 4.26981973648071
v -0.225 -0.2125 4.25530862808228
v -0.2125 -0.2125 4.24117040634155
v -0.2 -0.2125 4.22747802734375
v -0.1875 -0.2125 4.21430158615112
v -0.175 -0.2125 4.20171356201172
v -0.1625 -0.2125 4.18978214263916
v -0.15 -0.2125 4.17856740951538
v -0.1375 -0.2125 4.16812896728516
v -0.125 -0.2125 4.1585168838501
v -0.1125 -0.2125 4.14977788925171
v -0.0999999999999996 -0.2125 4.14195489883423
v -0.0874999999999996 -0.2125 4.13508701324463
v -0.0749999999999996 -0.2125 4.12920999526978
v -0.0624999999999996 -0.2125 4.12436389923096
v -0.0499999999999996 -0.2125 4.12058353424072
v -0.0374999999999996 -0.2125 4.11791229248047
v -0.0249999999999996 -0.2125 4.1163911819458
v -0.0124999999999996 -0.2125 4.11606073379517
v 4.44089209850063e-16 -0.2125 4.11695718765259
v 0.0125000000000004 -0.2125 4.11910104751587
v 0.0250000000000005 -0.2125 4.12249612808228
v 0.0375000000000005 -0.2125 4.12712240219116
v 0.0500000000000005 -0.2125 4.13293695449829
v 0.0625000000000004 -0.2125 4.1398811340332
v 0.0750000000000005 -0.2125 4.14788341522217
v 0.0875000000000006 -0.2125 4.15686178207397
v 0.100000000000001 -0.2125 4.1667332649231
v 0.1125 -0.2125 4.17740488052368
v 0.125000000000001 -0.2125 4.18878316879272
v 0.137500000000001 -0.2125 4.20076847076416
v 0.150000000000001 -0.2125 4.21326017379761
v 0.162500000000001 -0.2125 4.22615766525269
v 0.175000000000001 -0.2125 4.23936128616333
v 0.187500000000001 -0.2125 4.25277519226074
v 0.200000000000001 -0.2125 4.26631116867065
v 0.212500000000001 -0.2125 4.27988195419312
v 0.225000000000001 -0.2125 4.29341316223145
v 0.237500000000001 -0.2125 4.30683612823486
v 0.250000000000001 -0.2125 4.32008838653564
v 0.262500000000001 -0.2125 4.33311462402344
v 0.275000000000001 -0.2125 4.34586906433105
v 0.287500000000001 -0.2125 4.358314037323
v 0.300000000000001 -0.2125 4.37041711807251
v 0.312500000000001 -0.2125 4.38215684890747
v 0.325000000000001 -0.2125 4.39351892471313
v 0.337500000000001 -0.2125 4.40449714660645
v 0.350000000000001 -0.2125 4.41509532928467
v 0.362500000000001 -0.2125 4.42532300949097
v 0.375000000000001 -0.2125 4.43519449234009
v 0.387500000000001 -0.2125 4.44473075866699
v 0.400000000000001 -0.2125 4.45395374298096
v 0.412500000000001 -0.2125 4.46288013458252
v 0.425000000000001 -0.2125 4.47152233123779
v 0.437500000000001 -0.2125 4.47988271713257
v 0.450000000000001 -0.2125 4.48795175552368
v 0.462500000000001 -0.2125 4.49571228027344
v 0.475000000000001 -0.2125 4.50313949584961
v 0.487500000000001 -0.2125 4.51020765304565
v 0.500000000000001 -0.2125 4.51689577102661
v -0.5 -0.2 4.59823369979858
v -0.4875 -0.2 4.58176136016846
v -0.475 -0.2 4.56483840942383
v -0.4625 -0.2 4.54757642745972
v -0.45 -0.2 4.53008651733398
v -0.4375 -0.2 4.51246976852417
v -0.425 -0.2 4.49480628967285
v -0.4125 -0.2 4.47714757919312
v -0.4 -0.2 4.45951795578003
v -0.3875 -0.2 4.44191360473633
v -0.375 -0.2 4.42432641983032
v -0.3625 -0.2 4.40675449371338
v -0.35 -0.2 4.38922071456909
v -0.3375 -0.2 4.37177276611328
v -0.325 -0.2 4.35447311401367
v -0.3125 -0.2 4.33737325668335
v -0.3 -0.2 4.32050275802612
v -0.2875 -0.2 4.30386447906494
v -0.275 -0.2 4.28745651245117
v -0.2625 -0.2 4.27128553390503
v -0.25 -0.2 4.25537490844727
v -0.2375 -0.2 4.23977375030518
v -0.225 -0.2 4.22454309463501
v -0.2125 -0.2 4.20975589752197
v -0.2 -0.2 4.19548797607422
v -0.1875 -0.2 4.18181657791138
v -0.175 -0.2 4.16881227493286
v -0.1625 -0.2 4.15654134750366
v -0.15 -0.2 4.14506101608276
v -0.1375 -0.2 4.13442468643188
v -0.125 -0.2 4.12467670440674
v -0.1125 -0.2 4.11585569381714
v -0.0999999999999996 -0.2 4.10799551010132
v -0.0874999999999996 -0.2 4.10112237930298
v -0.0749999999999996 -0.2 4.09526395797729
v -0.0624999999999996 -0.2 4.09044408798218
v -0.0499999999999996 -0.2 4.08669137954712
v -0.0374999999999996 -0.2 4.08403587341309
v -0.0249999999999996 -0.2 4.08251190185547
v -0.0124999999999996 -0.2 4.08215856552124
v 4.44089209850063e-16 -0.2 4.08301258087158
v 0.0125000000000004 -0.2 4.08510446548462
v 0.0250000000000005 -0.2 4.08845090866089
v 0.0375000000000005 -0.2 4.09304523468018
v 0.0500000000000005 -0.2 4.09885883331299
v 0.0625000000000004 -0.2 4.10584211349487
v 0.0750000000000005 -0.2 4.11393070220947
v 0.0875000000000006 -0.2 4.1230525970459
v 0.100000000000001 -0.2 4.13313150405884
v 0.1125 -0.2 4.14408874511719
v 0.125000000000001 -0.2 4.15583896636963
v 0.137500000000001 -0.2 4.16829061508179
v 0.150000000000001 -0.2 4.18134784698486
v 0.162500000000001 -0.2 4.19490575790405
v 0.175000000000001 -0.2 4.20885801315308
v 0.187500000000001 -0.2 4.22309684753418
v 0.200000000000001 -0.2 4.23751783370972
v 0.212500000000001 -0.2 4.25202035903931
v 0.225000000000001 -0.2 4.26651191711426
v 0.237500000000001 -0.2 4.28090906143188
v 0.250000000000001 -0.2 4.29513549804688
v 0.262500000000001 -0.2 4.30912590026855
v 0.275000000000001 -0.2 4.3228235244751
v 0.287500000000001 -0.2 4.33618116378784
v 0.300000000000001 -0.2 4.34916162490845
v 0.312500000000001 -0.2 4.36173629760742
v 0.325000000000001 -0.2 4.37388944625854
v 0.337500000000001 -0.2 4.38561058044434
v 0.350000000000001 -0.2 4.39690256118774
v 0.362500000000001 -0.2 4.40777587890625
v 0.375000000000001 -0.2 4.41824865341187
v 0.387500000000001 -0.2 4.42834424972534
v 0.400000000000001 -0.2 4.43808937072754
v 0.412500000000001 -0.2 4.447509765625
v 0.425000000000001 -0.2 4.45662498474121
v 0.437500000000001 -0.2 4.46544742584229
v 0.450000000000001 -0.2 4.47397470474243
v 0.462500000000001 -0.2 4.48219585418701
v 0.475000000000001 -0.2 4.49008941650391
v 0.487500000000001 -0.2 4.49763154983521
v 0.500000000000001 -0.2 4.50480031967163
v -0.5 -0.1875 4.58484029769897
v -0.4875 -0.1875 4.5675253868103
v -0.475 -0.1875 4.5497579574585
v -0.4625 -0.1875 4.53165435791016
v -0.45 -0.1875 4.51333332061768
v -0.4375 -0.1875 4.49489545822144
v -0.425 -0.1875 4.47641849517822
v -0.4125 -0.1875 4.45794343948364
v -0.4 -0.1875 4.4394793510437
v -0.3875 -0.1875 4.42101001739502
v -0.375 -0.1875 4.40251493453979
v -0.3625 -0.1875 4.38399219512939
v -0.35 -0.1875 4.36547183990479
v -0.3375 -0.1875 4.34701633453369
v -0.325 -0.1875 4.32870244979858
v -0.3125 -0.1875 4.31059503555298
v -0.3 -0.1875 4.29273319244385
v -0.2875 -0.1875 4.27512979507446
v -0.275 -0.1875 4.25779008865356
v -0.2625 -0.1875 4.2407341003418
v -0.25 -0.1875 4.22399854660034
v -0.2375 -0.1875 4.20764493942261
v -0.225 -0.1875 4.19174432754517
v -0.2125 -0.1875 4.17637968063354
v -0.2 -0.1875 4.16162872314453
v -0.1875 -0.1875 4.14756917953491
v -0.175 -0.1875 4.13427019119263
v -0.1625 -0.1875 4.12179136276245
v -0.15 -0.1875 4.1101861000061
v -0.1375 -0.1875 4.09949827194214
v -0.125 -0.1875 4.08976030349731
v -0.1125 -0.1875 4.08099985122681
v -0.0999999999999996 -0.1875 4.07323789596558
v -0.0874999999999996 -0.1875 4.06648874282837
v -0.0749999999999996 -0.1875 4.06076526641846
v -0.0624999999999996 -0.1875 4.05608081817627
v -0.0499999999999996 -0.1875 4.05245018005371
v -0.0374999999999996 -0.1875 4.04989385604858
v -0.0249999999999996 -0.1875 4.04843807220459
v -0.0124999999999996 -0.1875 4.04811716079712
v 4.44089209850063e-16 -0.1875 4.04896783828735
v 0.0125000000000004 -0.1875 4.05102872848511
v 0.0250000000000005 -0.1875 4.05432844161987
v 0.0375000000000005 -0.1875 4.05887603759766
v 0.0500000000000005 -0.1875 4.06466197967529
v 0.0625000000000004 -0.1875 4.0716438293457
v 0.0750000000000005 -0.1875 4.07976627349854
v 0.0875000000000006 -0.1875 4.08895874023438
v 0.100000000000001 -0.1875 4.0991473197937
v 0.1125 -0.1875 4.1102614402771
v 0.125000000000001 -0.1875 4.12222671508789
v 0.137500000000001 -0.1875 4.13496875762939
v 0.150000000000001 -0.1875 4.14840698242188
v 0.162500000000001 -0.1875 4.16245079040527
v 0.175000000000001 -0.1875 4.17699909210205
v 0.187500000000001 -0.1875 4.19194364547729
v 0.200000000000001 -0.1875 4.20716619491577
v 0.212500000000001 -0.1875 4.22255420684814
v 0.225000000000001 -0.1875 4.23799562454224
v 0.237500000000001 -0.1875 4.25338459014893
v 0.250000000000001 -0.1875 4.26862812042236
v 0.262500000000001 -0.1875 4.28364133834839
v 0.275000000000001 -0.1875 4.29835414886475
v 0.287500000000001 -0.1875 4.31270503997803
v 0.300000000000001 -0.1875 4.32664632797241
v 0.312500000000001 -0.1875 4.34014272689819
v 0.325000000000001 -0.1875 4.35316848754883
v 0.337500000000001 -0.1875 4.36571311950684
v 0.350000000000001 -0.1875 4.37777280807495
v 0.362500000000001 -0.1875 4.3893609046936
v 0.375000000000001 -0.1875 4.40049457550049
v 0.387500000000001 -0.1875 4.41120147705078
v 0.400000000000001 -0.1875 4.42151355743408
v 0.412500000000001 -0.1875 4.43146276473999
v 0.425000000000001 -0.1875 4.44107866287231
v 0.437500000000001 -0.1875 4.45038223266602
v 0.450000000000001 -0.1875 4.45938301086426
v 0.462500000000001 -0.1875 4.46807432174683
v 0.475000000000001 -0.1875 4.47644281387329
v 0.487500000000001 -0.1875 4.48446798324585
v 0.500000000000001 -0.1875 4.49212741851807
v -0.5 -0.175 4.57034683227539
v -0.4875 -0.175 4.55214834213257
v -0.475 -0.175 4.53349447250366
v -0.4625 -0.175 4.51450872421265
v -0.45 -0.175 4.4953088760376
v -0.4375 -0.175 4.47599744796753
v -0.425 -0.175 4.45664358139038
v -0.4125 -0.175 4.43728017807007
v -0.4 -0.175 4.41789960861206
v -0.3875 -0.175 4.39847278594971
v -0.375 -0.175 4.37897443771362
v -0.3625 -0.175 4.35940313339233
v -0.35 -0.175 4.33980417251587
v -0.3375 -0.175 4.32025861740112
v -0.325 -0.175 4.30086088180542
v -0.3125 -0.175 4.28169059753418
v -0.3 -0.175 4.26279783248901
v -0.2875 -0.175 4.24420547485352
v -0.275 -0.175 4.22593069076538
v -0.2625 -0.175 4.20800876617432
v -0.25 -0.175 4.19049453735352
v -0.2375 -0.175 4.1734619140625
v -0.225 -0.175 4.1569938659668
v -0.2125 -0.175 4.14117479324341
v -0.2 -0.175 4.12608575820923
v -0.1875 -0.175 4.11179971694946
v -0.175 -0.175 4.09837865829468
v -0.1625 -0.175 4.08587217330933
v -0.15 -0.175 4.0743203163147
v -0.1375 -0.175 4.06375122070312
v -0.125 -0.175 4.0541844367981
v -0.1125 -0.175 4.04563093185425
v -0.0999999999999996 -0.175 4.03809499740601
v -0.0874999999999996 -0.175 4.03158092498779
v -0.0749999999999996 -0.175 4.02608823776245
v -0.0624999999999996 -0.175 4.02161931991577
v -0.0499999999999996 -0.175 4.01818037033081
v -0.0374999999999996 -0.175 4.01578378677368
v -0.0249999999999996 -0.175 4.0144476890564
v -0.0124999999999996 -0.175 4.01420211791992
v 4.44089209850063e-16 -0.175 4.01508188247681
v 0.0125000000000004 -0.175 4.01712894439697
v 0.0250000000000005 -0.175 4.02038431167603
v 0.0375000000000005 -0.175 4.02487659454346
v 0.0500000000000005 -0.175 4.03061246871948
v 0.0625000000000004 -0.175 4.03756952285767
v 0.0750000000000005 -0.175 4.0457010269165
v 0.0875000000000006 -0.175 4.05493783950806
v 0.100000000000001 -0.175 4.06520366668701
v 0.1125 -0.175 4.07642078399658
v 0.125000000000001 -0.175 4.08851623535156
v 0.137500000000001 -0.175 4.10142183303833
v 0.150000000000001 -0.175 4.11507320404053
v 0.162500000000001 -0.175 4.12939977645874
v 0.175000000000001 -0.175 4.14432621002197
v 0.187500000000001 -0.175 4.15976190567017
v 0.200000000000001 -0.175 4.17560148239136
v 0.212500000000001 -0.175 4.19172668457031
v 0.225000000000001 -0.175 4.20801544189453
v 0.237500000000001 -0.175 4.22434234619141
v 0.250000000000001 -0.175 4.24058675765991
v 0.262500000000001 -0.175 4.25664234161377
v 0.275000000000001 -0.175 4.27241373062134
v 0.287500000000001 -0.175 4.28781986236572
v 0.300000000000001 -0.175 4.30279636383057
v 0.312500000000001 -0.175 4.31729364395142
v 0.325000000000001 -0.175 4.3312783241272
v 0.337500000000001 -0.175 4.34472799301147
v 0.350000000000001 -0.175 4.35763788223267
v 0.362500000000001 -0.175 4.3700156211853
v 0.375000000000001 -0.175 4.38187885284424
v 0.387500000000001 -0.175 4.3932580947876
v 0.400000000000001 -0.175 4.40418863296509
v 0.412500000000001 -0.175 4.41471099853516
v 0.425000000000001 -0.175 4.42486143112183
v 0.437500000000001 -0.175 4.43467330932617
v 0.450000000000001 -0.175 4.44416379928589
v 0.462500000000001 -0.175 4.45334005355835
v 0.475000000000001 -0.175 4.46219444274902
v 0.487500000000001 -0.175 4.47071027755737
v 0.500000000000001 -0.175 4.47886800765991
v -0.5 -0.1625 4.55469512939453
v -0.4875 -0.1625 4.53557634353638
v -0.475 -0.1625 4.51599645614624
v -0.4625 -0.1625 4.49608182907104
v -0.45 -0.1625 4.47594976425171
v -0.4375 -0.1625 4.45570039749146
v -0.425 -0.1625 4.43539667129517
v -0.4125 -0.1625 4.41505765914917
v -0.4 -0.1625 4.39466238021851
v -0.3875 -0.1625 4.37417316436768
v -0.375 -0.1625 4.35356140136719
v -0.3625 -0.1625 4.33283996582031
v -0.35 -0.1625 4.31207036972046
v -0.3375 -0.1625 4.29135656356812
v -0.325 -0.1625 4.27081632614136
v -0.3125 -0.1625 4.25054407119751
v -0.3 -0.1625 4.23060178756714
v -0.2875 -0.1625 4.21102571487427
v -0.275 -0.1625 4.19185209274292
v -0.2625 -0.1625 4.17313432693481
v -0.25 -0.1625 4.154944896698
v -0.2375 -0.1625 4.13737106323242
v -0.225 -0.1625 4.1205005645752
v -0.2125 -0.1625 4.10441970825195
v -0.2 -0.1625 4.08920001983643
v -0.1875 -0.1625 4.07490015029907
v -0.175 -0.1625 4.06156778335571
v -0.1625 -0.1625 4.04923295974731
v -0.15 -0.1625 4.03791427612305
v -0.1375 -0.1625 4.02762174606323
v -0.125 -0.1625 4.0183539390564
v -0.1125 -0.1625 4.01010847091675
v -0.0999999999999996 -0.1625 4.0028772354126
v -0.0874999999999996 -0.1625 3.99665307998657
v -0.0749999999999996 -0.1625 3.99143099784851
v -0.0624999999999996 -0.1625 3.9872100353241
v -0.0499999999999996 -0.1625 3.98398971557617
v -0.0374999999999996 -0.1625 3.9817795753479
v -0.0249999999999996 -0.1625 3.98059272766113
v -0.0124999999999996 -0.1625 3.98045229911804
v 4.44089209850063e-16 -0.1625 3.9813916683197
v 0.0125000000000004 -0.1625 3.98345041275024
v 0.0250000000000005 -0.1625 3.98667573928833
v 0.0375000000000005 -0.1625 3.99111032485962
v 0.0500000000000005 -0.1625 3.9967827796936
v 0.0625000000000004 -0.1625 4.0036940574646
v 0.0750000000000005 -0.1625 4.01181554794312
v 0.0875000000000006 -0.1625 4.02108716964722
v 0.100000000000001 -0.1625 4.03142881393433
v 0.1125 -0.1625 4.0427565574646
v 0.125000000000001 -0.1625 4.05498504638672
v 0.137500000000001 -0.1625 4.0680365562439
v 0.150000000000001 -0.1625 4.0818452835083
v 0.162500000000001 -0.1625 4.09634733200073
v 0.175000000000001 -0.1625 4.11148452758789
v 0.187500000000001 -0.1625 4.12719535827637
v 0.200000000000001 -0.1625 4.14340543746948
v 0.212500000000001 -0.1625 4.16002607345581
v 0.225000000000001 -0.1625 4.17694807052612
v 0.237500000000001 -0.1625 4.19404411315918
v 0.250000000000001 -0.1625 4.21117877960205
v 0.262500000000001 -0.1625 4.22821617126465
v 0.275000000000001 -0.1625 4.24503183364868
v 0.287500000000001 -0.1625 4.26151514053345
v 0.300000000000001 -0.1625 4.27757501602173
v 0.312500000000001 -0.1625 4.29313898086548
v 0.325000000000001 -0.1625 4.30815505981445
v 0.337500000000001 -0.1625 4.32259130477905
v 0.350000000000001 -0.1625 4.33643102645874
v 0.362500000000001 -0.1625 4.34967708587646
v 0.375000000000001 -0.1625 4.36234521865845
v 0.387500000000001 -0.1625 4.37446403503418
v 0.400000000000001 -0.1625 4.38607406616211
v 0.412500000000001 -0.1625 4.39722013473511
v 0.425000000000001 -0.1625 4.40794849395752
v 0.437500000000001 -0.1625 4.41829919815063
v 0.450000000000001 -0.1625 4.42830514907837
v 0.462500000000001 -0.1625 4.43798303604126
v 0.475000000000001 -0.1625 4.4473352432251
v 0.487500000000001 -0.1625 4.45635223388672
v 0.500000000000001 -0.1625 4.4650182723999
v -0.5 -0.15 4.53784132003784
v -0.4875 -0.15 4.51776361465454
v -0.475 -0.15 4.49721622467041
v -0.4625 -0.15 4.47632074356079
v -0.45 -0.15 4.45519495010376
v -0.4375 -0.15 4.43393182754517
v -0.425 -0.15 4.41258764266968
v -0.4125 -0.15 4.39117002487183
v -0.4 -0.15 4.36964845657349
v -0.3875 -0.15 4.3479790687561
v -0.375 -0.15 4.32614183425903
v -0.3625 -0.15 4.30416488647461
v -0.35 -0.15 4.28213787078857
v -0.3375 -0.15 4.26019287109375
v -0.325 -0.15 4.23846960067749
v -0.3125 -0.15 4.21708345413208
v -0.3 -0.15 4.19611120223999
v -0.2875 -0.15 4.17560911178589
v -0.275 -0.15 4.15563344955444
v -0.2625 -0.15 4.13626194000244
v -0.25 -0.15 4.11758136749268
v -0.2375 -0.15 4.09968328475952
v -0.225 -0.15 4.0826530456543
v -0.2125 -0.15 4.06655979156494
v -0.2 -0.15 4.05145263671875
v -0.1875 -0.15 4.03736734390259
v -0.175 -0.15 4.02431964874268
v -0.1625 -0.15 4.01231384277344
v -0.15 -0.15 4.00134611129761
v -0.1375 -0.15 3.99140548706055
v -0.125 -0.15 3.98247981071472
v -0.1125 -0.15 3.97455763816833
v -0.0999999999999996 -0.15 3.96762704849243
v -0.0874999999999996 -0.15 3.96167993545532
v -0.0749999999999996 -0.15 3.95671081542969
v -0.0624999999999996 -0.15 3.95271944999695
v -0.0499999999999996 -0.15 3.94970774650574
v -0.0374999999999996 -0.15 3.94768309593201
v -0.0249999999999996 -0.15 3.94665694236755
v -0.0124999999999996 -0.15 3.94664692878723
v 4.44089209850063e-16 -0.15 3.94768071174622
v 0.0125000000000004 -0.15 3.94979357719421
v 0.0250000000000005 -0.15 3.95302891731262
v 0.0375000000000005 -0.15 3.95743560791016
v 0.0500000000000005 -0.15 3.96305894851685
v 0.0625000000000004 -0.15 3.96992421150208
v 0.0750000000000005 -0.15 3.97802710533142
v 0.0875000000000006 -0.15 3.98732757568359
v 0.100000000000001 -0.15 3.99775385856628
v 0.1125 -0.15 4.00921392440796
v 0.125000000000001 -0.15 4.02161169052124
v 0.137500000000001 -0.15 4.03485441207886
v 0.150000000000001 -0.15 4.04886198043823
v 0.162500000000001 -0.15 4.06356143951416
v 0.175000000000001 -0.15 4.07889127731323
v 0.187500000000001 -0.15 4.09479522705078
v 0.200000000000001 -0.15 4.11122179031372
v 0.212500000000001 -0.15 4.12811422348022
v 0.225000000000001 -0.15 4.14540338516235
v 0.237500000000001 -0.15 4.16300201416016
v 0.250000000000001 -0.15 4.18079137802124
v 0.262500000000001 -0.15 4.19863367080688
v 0.275000000000001 -0.15 4.21638154983521
v 0.287500000000001 -0.15 4.23388528823853
v 0.300000000000001 -0.15 4.2510199546814
v 0.312500000000001 -0.15 4.26767730712891
v 0.325000000000001 -0.15 4.28377628326416
v 0.337500000000001 -0.15 4.29926347732544
v 0.350000000000001 -0.15 4.3141074180603
v 0.362500000000001 -0.15 4.32829761505127
v 0.375000000000001 -0.15 4.34184455871582
v 0.387500000000001 -0.15 4.35477495193481
v 0.400000000000001 -0.15 4.36712837219238
v 0.412500000000001 -0.15 4.37895536422729
v 0.425000000000001 -0.15 4.39030790328979
v 0.437500000000001 -0.15 4.40123844146729
v 0.450000000000001 -0.15 4.41178941726685
v 0.462500000000001 -0.15 4.4219913482666
v 0.475000000000001 -0.15 4.43185663223267
v 0.487500000000001 -0.15 4.4413857460022
v 0.500000000000001 -0.15 4.45056915283203
v -0.5 -0.1375 4.51974725723267
v -0.4875 -0.1375 4.49867534637451
v -0.475 -0.1375 4.47711324691772
v -0.4625 -0.1375 4.45517826080322
v -0.45 -0.1375 4.4329833984375
v -0.4375 -0.1375 4.41061735153198
v -0.425 -0.1375 4.38812875747681
v -0.4125 -0.1375 4.36551666259766
v -0.4 -0.1375 4.34274482727051
v -0.3875 -0.1375 4.31977367401123
v -0.375 -0.1375 4.29659605026245
v -0.3625 -0.1375 4.27326917648315
v -0.35 -0.1375 4.24991369247437
v -0.3375 -0.1375 4.22669696807861
v -0.325 -0.1375 4.20378875732422
v -0.3125 -0.1375 4.18132638931274
v -0.3 -0.1375 4.15940809249878
v -0.2875 -0.1375 4.13811445236206
v -0.275 -0.1375 4.11752796173096
v -0.2625 -0.1375 4.09773969650269
v -0.25 -0.1375 4.07884311676025
v -0.2375 -0.1375 4.06091403961182
v -0.225 -0.1375 4.04400968551636
v -0.2125 -0.1375 4.02816247940063
v -0.2 -0.1375 4.01338291168213
v -0.1875 -0.1375 3.99966859817505
v -0.175 -0.1375 3.98700571060181
v -0.1625 -0.1375 3.97537779808044
v -0.15 -0.1375 3.96476483345032
v -0.1375 -0.1375 3.95514941215515
v -0.125 -0.1375 3.94651794433594
v -0.1125 -0.1375 3.9388587474823
v -0.0999999999999996 -0.1375 3.93216562271118
v -0.0874999999999996 -0.1375 3.92643594741821
v -0.0749999999999996 -0.1375 3.92166781425476
v -0.0624999999999996 -0.1375 3.91786575317383
v -0.0499999999999996 -0.1375 3.915034532547
v -0.0374999999999996 -0.1375 3.91318297386169
v -0.0249999999999996 -0.1375 3.9123215675354
v -0.0124999999999996 -0.1375 3.9124641418457
v 4.44089209850063e-16 -0.1375 3.91363143920898
v 0.0125000000000004 -0.1375 3.91584968566895
v 0.0250000000000005 -0.1375 3.91915512084961
v 0.0375000000000005 -0.1375 3.92359352111816
v 0.0500000000000005 -0.1375 3.92921376228333
v 0.0625000000000004 -0.1375 3.93605995178223
v 0.0750000000000005 -0.1375 3.94415593147278
v 0.0875000000000006 -0.1375 3.95349049568176
v 0.100000000000001 -0.1375 3.9640109539032
v 0.1125 -0.1375 3.97563028335571
v 0.125000000000001 -0.1375 3.98824167251587
v 0.137500000000001 -0.1375 4.00173664093018
v 0.150000000000001 -0.1375 4.01601552963257
v 0.162500000000001 -0.1375 4.03099155426025
v 0.175000000000001 -0.1375 4.04658937454224
v 0.187500000000001 -0.1375 4.06274461746216
v 0.200000000000001 -0.1375 4.07940149307251
v 0.212500000000001 -0.1375 4.09650993347168
v 0.225000000000001 -0.1375 4.11402273178101
v 0.237500000000001 -0.1375 4.13189268112183
v 0.250000000000001 -0.1375 4.15005493164062
v 0.262500000000001 -0.1375 4.16841697692871
v 0.275000000000001 -0.1375 4.18685007095337
v 0.287500000000001 -0.1375 4.20519876480103
v 0.300000000000001 -0.1375 4.22330188751221
v 0.312500000000001 -0.1375 4.24100637435913
v 0.325000000000001 -0.1375 4.25819063186646
v 0.337500000000001 -0.1375 4.27476119995117
v 0.350000000000001 -0.1375 4.29066038131714
v 0.362500000000001 -0.1375 4.30585718154907
v 0.375000000000001 -0.1375 4.32035112380981
v 0.387500000000001 -0.1375 4.33415985107422
v 0.400000000000001 -0.1375 4.3473219871521
v 0.412500000000001 -0.1375 4.35988855361938
v 0.425000000000001 -0.1375 4.37191772460938
v 0.437500000000001 -0.1375 4.38347005844116
v 0.450000000000001 -0.1375 4.39459991455078
v 0.462500000000001 -0.1375 4.40535116195679
v 0.475000000000001 -0.1375 4.41574859619141
v 0.487500000000001 -0.1375 4.42580366134644
v 0.500000000000001 -0.1375 4.43551635742188
v -0.5 -0.125 4.50039529800415
v -0.4875 -0.125 4.47828912734985
v -0.475 -0.125 4.45565938949585
v -0.4625 -0.125 4.43261528015137
v -0.45 -0.125 4.40926504135132
v -0.4375 -0.125 4.38569498062134
v -0.425 -0.125 4.36194705963135
v -0.4125 -0.125 4.33801507949829
v -0.4 -0.125 4.31386709213257
v -0.3875 -0.125 4.2894721031189
v -0.375 -0.125 4.26485204696655
v -0.3625 -0.125 4.24009943008423
v -0.35 -0.125 4.2153787612915
v -0.3375 -0.125 4.19089984893799
v -0.325 -0.125 4.16686773300171
v -0.3125 -0.125 4.14344882965088
v -0.3 -0.125 4.12076854705811
v -0.2875 -0.125 4.09893178939819
v -0.275 -0.125 4.07803869247437
v -0.2625 -0.125 4.0581750869751
v -0.25 -0.125 4.03940200805664
v -0.2375 -0.125 4.02174806594849
v -0.225 -0.125 4.00521564483643
v -0.2125 -0.125 3.98978424072266
v -0.2 -0.125 3.97542643547058
v -0.1875 -0.125 3.96211099624634
v -0.175 -0.125 3.94980978965759
v -0.1625 -0.125 3.93849873542786
v -0.15 -0.125 3.92816090583801
v -0.1375 -0.125 3.91878175735474
v -0.125 -0.125 3.91035461425781
v -0.1125 -0.125 3.90287709236145
v -0.0999999999999996 -0.125 3.89634943008423
v -0.0874999999999996 -0.125 3.8907744884491
v -0.0749999999999996 -0.125 3.88615965843201
v -0.0624999999999996 -0.125 3.88251113891602
v -0.0499999999999996 -0.125 3.87983775138855
v -0.0374999999999996 -0.125 3.87814950942993
v -0.0249999999999996 -0.125 3.87745666503906
v -0.0124999999999996 -0.125 3.877769947052
v 4.44089209850063e-16 -0.125 3.8791024684906
v 0.0125000000000004 -0.125 3.88147330284119
v 0.0250000000000005 -0.125 3.88490748405457
v 0.0375000000000005 -0.125 3.88944101333618
v 0.0500000000000005 -0.125 3.89511609077454
v 0.0625000000000004 -0.125 3.90198493003845
v 0.0750000000000005 -0.125 3.91009068489075
v 0.0875000000000006 -0.125 3.91945767402649
v 0.100000000000001 -0.125 3.93006563186646
v 0.1125 -0.125 3.9418511390686
v 0.125000000000001 -0.125 3.95470881462097
v 0.137500000000001 -0.125 3.96851515769958
v 0.150000000000001 -0.125 3.98314547538757
v 0.162500000000001 -0.125 3.99849104881287
v 0.175000000000001 -0.125 4.01445627212524
v 0.187500000000001 -0.125 4.03096532821655
v 0.200000000000001 -0.125 4.04795217514038
v 0.212500000000001 -0.125 4.06536054611206
v 0.225000000000001 -0.125 4.08313751220703
v 0.237500000000001 -0.125 4.1012396812439
v 0.250000000000001 -0.125 4.11962699890137
v 0.262500000000001 -0.125 4.13825988769531
v 0.275000000000001 -0.125 4.15707492828369
v 0.287500000000001 -0.125 4.17597007751465
v 0.300000000000001 -0.125 4.19479894638062
v 0.312500000000001 -0.125 4.21338796615601
v 0.325000000000001 -0.125 4.23156595230103
v 0.337500000000001 -0.125 4.24918794631958
v 0.350000000000001 -0.125 4.26614999771118
v 0.362500000000001 -0.125 4.28238916397095
v 0.375000000000001 -0.125 4.29787826538086
v 0.387500000000001 -0.125 4.31262159347534
v 0.400000000000001 -0.125 4.32664823532104
v 0.412500000000001 -0.125 4.3400092124939
v 0.425000000000001 -0.125 4.35276460647583
v 0.437500000000001 -0.125 4.36498165130615
v 0.450000000000001 -0.125 4.3767261505127
v 0.462500000000001 -0.125 4.38805341720581
v 0.475000000000001 -0.125 4.39900350570679
v 0.487500000000001 -0.125 4.40960073471069
v 0.500000000000001 -0.125 4.41985273361206
v -0.5 -0.1125 4.47978544235229
v -0.4875 -0.1125 4.45659971237183
v -0.475 -0.1125 4.43283987045288
v -0.4625 -0.1125 4.40861082077026
v -0.45 -0.1125 4.38401174545288
v -0.4375 -0.1125 4.35912942886353
v -0.425 -0.1125 4.33400297164917
v -0.4125 -0.1125 4.30862903594971
v -0.4 -0.1125 4.28298187255859
v -0.3875 -0.1125 4.25706195831299
v -0.375 -0.1125 4.23092555999756
v -0.3625 -0.1125 4.20471572875977
v -0.35 -0.1125 4.17865467071533
v -0.3375 -0.1125 4.15300416946411
v -0.325 -0.1125 4.12801361083984
v -0.3125 -0.1125 4.10388422012329
v -0.3 -0.1125 4.08076667785645
v -0.2875 -0.1125 4.05877494812012
v -0.275 -0.1125 4.03798532485962
v -0.2625 -0.1125 4.01842641830444
v -0.25 -0.1125 4.00008773803711
v -0.2375 -0.1125 3.98292279243469
v -0.225 -0.1125 3.96687698364258
v -0.2125 -0.1125 3.95189452171326
v -0.2 -0.1125 3.93792963027954
v -0.1875 -0.1125 3.92494654655457
v -0.175 -0.1125 3.9129204750061
v -0.1625 -0.1125 3.90183615684509
v -0.15 -0.1125 3.89168405532837
v -0.1375 -0.1125 3.88246393203735
v -0.125 -0.1125 3.87417674064636
v -0.1125 -0.1125 3.86682748794556
v -0.0999999999999996 -0.1125 3.86042475700378
v -0.0874999999999996 -0.1125 3.85497832298279
v -0.0749999999999996 -0.1125 3.85049819946289
v -0.0624999999999996 -0.1125 3.84699368476868
v -0.0499999999999996 -0.1125 3.84447646141052
v -0.0374999999999996 -0.1125 3.84295392036438
v -0.0249999999999996 -0.1125 3.84243702888489
v -0.0124999999999996 -0.1125 3.84293365478516
v 4.44089209850063e-16 -0.1125 3.84445238113403
v 0.0125000000000004 -0.1125 3.84700322151184
v 0.0250000000000005 -0.1125 3.8506019115448
v 0.0375000000000005 -0.1125 3.85527038574219
v 0.0500000000000005 -0.1125 3.86104083061218
v 0.0625000000000004 -0.1125 3.86795973777771
v 0.0750000000000005 -0.1125 3.8760781288147
v 0.0875000000000006 -0.1125 3.88544392585754
v 0.100000000000001 -0.1125 3.89608311653137
v 0.1125 -0.1125 3.90797281265259
v 0.125000000000001 -0.1125 3.9210364818573
v 0.137500000000001 -0.1125 3.93515396118164
v 0.150000000000001 -0.1125 3.95017981529236
v 0.162500000000001 -0.1125 3.96597218513489
v 0.175000000000001 -0.1125 3.98240447044373
v 0.187500000000001 -0.1125 3.99937438964844
v 0.200000000000001 -0.1125 4.01680135726929
v 0.212500000000001 -0.1125 4.03462171554565
v 0.225000000000001 -0.1125 4.05277490615845
v 0.237500000000001 -0.1125 4.07120800018311
v 0.250000000000001 -0.1125 4.08987283706665
v 0.262500000000001 -0.1125 4.10873079299927
v 0.275000000000001 -0.1125 4.12775421142578
v 0.287500000000001 -0.1125 4.14691019058228
v 0.300000000000001 -0.1125 4.16613483428955
v 0.312500000000001 -0.1125 4.18530368804932
v 0.325000000000001 -0.1125 4.20424747467041
v 0.337500000000001 -0.1125 4.22278070449829
v 0.350000000000001 -0.1125 4.2407374382019
v 0.362500000000001 -0.1125 4.25800085067749
v 0.375000000000001 -0.1125 4.27449941635132
v 0.387500000000001 -0.1125 4.29020929336548
v 0.400000000000001 -0.1125 4.30514287948608
v 0.412500000000001 -0.1125 4.31934213638306
v 0.425000000000001 -0.1125 4.33286619186401
v 0.437500000000001 -0.1125 4.34578609466553
v 0.450000000000001 -0.1125 4.35817670822144
v 0.462500000000001 -0.1125 4.3701057434082
v 0.475000000000001 -0.1125 4.38162708282471
v 0.487500000000001 -0.1125 4.39277791976929
v 0.500000000000001 -0.1125 4.4035792350769
v -0.5 -0.0999999999999996 4.45793914794922
v -0.4875 -0.0999999999999996 4.43362379074097
v -0.475 -0.0999999999999996 4.40866851806641
v -0.4625 -0.0999999999999996 4.38317060470581
v -0.45 -0.0999999999999996 4.35723066329956
v -0.4375 -0.0999999999999996 4.33093166351318
v -0.425 -0.0999999999999996 4.30431509017944
v -0.4125 -0.0999999999999996 4.2773871421814
v -0.4 -0.0999999999999996 4.25014734268188
v -0.3875 -0.0999999999999996 4.22263383865356
v -0.375 -0.0999999999999996 4.19495964050293
v -0.3625 -0.0999999999999996 4.16733884811401
v -0.35 -0.0999999999999996 4.14006376266479
v -0.3375 -0.0999999999999996 4.11346578598022
v -0.325 -0.0999999999999996 4.08784294128418
v -0.3125 -0.0999999999999996 4.06342220306396
v -0.3 -0.0999999999999996 4.04034900665283
v -0.2875 -0.0999999999999996 4.01868438720703
v -0.275 -0.0999999999999996 3.99841547012329
v -0.2625 -0.0999999999999996 3.97946786880493
v -0.25 -0.0999999999999996 3.96174168586731
v -0.2375 -0.0999999999999996 3.94513940811157
v -0.225 -0.0999999999999996 3.92957854270935
v -0.2125 -0.0999999999999996 3.91500329971313
v -0.2 -0.0999999999999996 3.90137338638306
v -0.1875 -0.0999999999999996 3.88866496086121
v -0.175 -0.0999999999999996 3.87686610221863
v -0.1625 -0.0999999999999996 3.86597490310669
v -0.15 -0.0999999999999996 3.85599184036255
v -0.1375 -0.0999999999999996 3.84692692756653
v -0.125 -0.0999999999999996 3.83878970146179
v -0.1125 -0.0999999999999996 3.83159255981445
v -0.0999999999999996 -0.0999999999999996 3.82534718513489
v -0.0874999999999996 -0.0999999999999996 3.82006645202637
v -0.0749999999999996 -0.0999999999999996 3.81576085090637
v -0.0624999999999996 -0.0999999999999996 3.81243968009949
v -0.0499999999999996 -0.0999999999999996 3.81011199951172
v -0.0374999999999996 -0.0999999999999996 3.80878448486328
v -0.0249999999999996 -0.0999999999999996 3.80846261978149
v -0.0124999999999996 -0.0999999999999996 3.80915188789368
v 4.44089209850063e-16 -0.0999999999999996 3.81085658073425
v 0.0125000000000004 -0.0999999999999996 3.81358218193054
v 0.0250000000000005 -0.0999999999999996 3.81733584403992
v 0.0375000000000005 -0.0999999999999996 3.82212901115417
v 0.0500000000000005 -0.0999999999999996 3.82798314094543
v 0.0625000000000004 -0.0999999999999996 3.83492970466614
v 0.0750000000000005 -0.0999999999999996 3.843017578125
v 0.0875000000000006 -0.0999999999999996 3.85230565071106
v 0.100000000000001 -0.0999999999999996 3.86285018920898
v 0.1125 -0.0999999999999996 3.87468266487122
v 0.125000000000001 -0.0999999999999996 3.88778305053711
v 0.137500000000001 -0.0999999999999996 3.9020688533783
v 0.150000000000001 -0.0999999999999996 3.91740083694458
v 0.162500000000001 -0.0999999999999996 3.93361473083496
v 0.175000000000001 -0.0999999999999996 3.95054626464844
v 0.187500000000001 -0.0999999999999996 3.96805000305176
v 0.200000000000001 -0.0999999999999996 3.98601078987122
v 0.212500000000001 -0.0999999999999996 4.00434017181396
v 0.225000000000001 -0.0999999999999996 4.02296781539917
v 0.237500000000001 -0.0999999999999996 4.04183530807495
v 0.250000000000001 -0.0999999999999996 4.06088590621948
v 0.262500000000001 -0.0999999999999996 4.0800666809082
v 0.275000000000001 -0.0999999999999996 4.09933423995972
v 0.287500000000001 -0.0999999999999996 4.11866521835327
v 0.300000000000001 -0.0999999999999996 4.13804960250854
v 0.312500000000001 -0.0999999999999996 4.15746259689331
v 0.325000000000001 -0.0999999999999996 4.17682123184204
v 0.337500000000001 -0.0999999999999996 4.19597482681274
v 0.350000000000001 -0.0999999999999996 4.21473026275635
v 0.362500000000001 -0.0999999999999996 4.23290538787842
v 0.375000000000001 -0.0999999999999996 4.2503662109375
v 0.387500000000001 -0.0999999999999996 4.26703500747681
v 0.400000000000001 -0.0999999999999996 4.28289175033569
v 0.412500000000001 -0.0999999999999996 4.29795503616333
v 0.425000000000001 -0.0999999999999996 4.3122763633728
v 0.437500000000001 -0.0999999999999996 4.32592821121216
v 0.450000000000001 -0.0999999999999996 4.3389892578125
v 0.462500000000001 -0.0999999999999996 4.35153865814209
v 0.475000000000001 -0.0999999999999996 4.36364364624023
v 0.487500000000001 -0.0999999999999996 4.37535619735718
v 0.500000000000001 -0.0999999999999996 4.38671064376831
v -0.5 -0.0874999999999996 4.43490552902222
v -0.4875 -0.0874999999999996 4.40940523147583
v -0.475 -0.0874999999999996 4.38318490982056
v -0.4625 -0.0874999999999996 4.35633945465088
v -0.45 -0.0874999999999996 4.32897043228149
v -0.4375 -0.0874999999999996 4.30116033554077
v -0.425 -0.0874999999999996 4.27295923233032
v -0.4125 -0.0874999999999996 4.24439430236816
v -0.4 -0.0874999999999996 4.21550846099854
v -0.3875 -0.0874999999999996 4.18639516830444
v -0.375 -0.0874999999999996 4.15725040435791
v -0.3625 -0.0874999999999996 4.12838077545166
v -0.35 -0.0874999999999996 4.1001763343811
v -0.3375 -0.0874999999999996 4.07304000854492
v -0.325 -0.0874999999999996 4.04730367660522
v -0.3125 -0.0874999999999996 4.02316665649414
v -0.3 -0.0874999999999996 4.00068521499634
v -0.2875 -0.0874999999999996 3.97978639602661
v -0.275 -0.0874999999999996 3.96032190322876
v -0.2625 -0.0874999999999996 3.94212532043457
v -0.25 -0.0874999999999996 3.92505645751953
v -0.2375 -0.0874999999999996 3.90901184082031
v -0.225 -0.0874999999999996 3.89392280578613
v -0.2125 -0.0874999999999996 3.87974905967712
v -0.2 -0.0874999999999996 3.86646819114685
v -0.1875 -0.0874999999999996 3.85407257080078
v -0.175 -0.0874999999999996 3.84256339073181
v -0.1625 -0.0874999999999996 3.83194732666016
v -0.15 -0.0874999999999996 3.82223677635193
v -0.1375 -0.0874999999999996 3.81344413757324
v -0.125 -0.0874999999999996 3.80558586120605
v -0.1125 -0.0874999999999996 3.7986741065979
v -0.0999999999999996 -0.0874999999999996 3.79272150993347
v -0.0874999999999996 -0.0874999999999996 3.7877357006073
v -0.0749999999999996 -0.0874999999999996 3.78372240066528
v -0.0624999999999996 -0.0874999999999996 3.78068280220032
v -0.0499999999999996 -0.0874999999999996 3.77861857414246
v -0.0374999999999996 -0.0874999999999996 3.77753067016602
v -0.0249999999999996 -0.0874999999999996 3.77742075920105
v -0.0124999999999996 -0.0874999999999996 3.77829051017761
v 4.44089209850063e-16 -0.0874999999999996 3.78014540672302
v 0.0125000000000004 -0.0874999999999996 3.78298830986023
v 0.0250000000000005 -0.0874999999999996 3.78682565689087
v 0.0375000000000005 -0.0874999999999996 3.79166340827942
v 0.0500000000000005 -0.0874999999999996 3.79751658439636
v 0.0625000000000004 -0.0874999999999996 3.8044056892395
v 0.0750000000000005 -0.0874999999999996 3.81236720085144
v 0.0875000000000006 -0.0874999999999996 3.82145667076111
v 0.100000000000001 -0.0874999999999996 3.83174061775208
v 0.1125 -0.0874999999999996 3.84329152107239
v 0.125000000000001 -0.0874999999999996 3.85615229606628
v 0.137500000000001 -0.0874999999999996 3.87031221389771
v 0.150000000000001 -0.0874999999999996 3.88568305969238
v 0.162500000000001 -0.0874999999999996 3.90211415290833
v 0.175000000000001 -0.0874999999999996 3.91941690444946
v 0.187500000000001 -0.0874999999999996 3.93740248680115
v 0.200000000000001 -0.0874999999999996 3.95590591430664
v 0.212500000000001 -0.0874999999999996 3.97479248046875
v 0.225000000000001 -0.0874999999999996 3.9939591884613
v 0.237500000000001 -0.0874999999999996 4.01332712173462
v 0.250000000000001 -0.0874999999999996 4.03283166885376
v 0.262500000000001 -0.0874999999999996 4.0524115562439
v 0.275000000000001 -0.0874999999999996 4.07201337814331
v 0.287500000000001 -0.0874999999999996 4.09158658981323
v 0.300000000000001 -0.0874999999999996 4.11111116409302
v 0.312500000000001 -0.0874999999999996 4.13059377670288
v 0.325000000000001 -0.0874999999999996 4.15004682540894
v 0.337500000000001 -0.0874999999999996 4.16943454742432
v 0.350000000000001 -0.0874999999999996 4.18863916397095
v 0.362500000000001 -0.0874999999999996 4.20747375488281
v 0.375000000000001 -0.0874999999999996 4.22574186325073
v 0.387500000000001 -0.0874999999999996 4.24329280853271
v 0.400000000000001 -0.0874999999999996 4.2600417137146
v 0.412500000000001 -0.0874999999999996 4.27596807479858
v 0.425000000000001 -0.0874999999999996 4.29109954833984
v 0.437500000000001 -0.0874999999999996 4.30549764633179
v 0.450000000000001 -0.0874999999999996 4.31924247741699
v 0.462500000000001 -0.0874999999999996 4.33242034912109
v 0.475000000000001 -0.0874999999999996 4.3451132774353
v 0.487500000000001 -0.0874999999999996 4.35738706588745
v 0.500000000000001 -0.0874999999999996 4.3692889213562
v -0.5 -0.0749999999999996 4.41074562072754
v -0.4875 -0.0749999999999996 4.38399887084961
v -0.475 -0.0749999999999996 4.35644292831421
v -0.4625 -0.0749999999999996 4.32817411422729
v -0.45 -0.0749999999999996 4.29929447174072
v -0.4375 -0.0749999999999996 4.2698917388916
v -0.425 -0.0749999999999996 4.24003601074219
v -0.4125 -0.0749999999999996 4.20979070663452
v -0.4 -0.0749999999999996 4.17925977706909
v -0.3875 -0.0749999999999996 4.14862680435181
v -0.375 -0.0749999999999996 4.11819839477539
v -0.3625 -0.0749999999999996 4.08840656280518
v -0.35 -0.0749999999999996 4.05974721908569
v -0.3375 -0.0749999999999996 4.03267621994019
v -0.325 -0.0749999999999996 4.00747489929199
v -0.3125 -0.0749999999999996 3.98420596122742
v -0.3 -0.0749999999999996 3.962735414505
v -0.2875 -0.0749999999999996 3.9428277015686
v -0.275 -0.0749999999999996 3.92424631118774
v -0.2625 -0.0749999999999996 3.90680480003357
v -0.25 -0.0749999999999996 3.8903796672821
v -0.2375 -0.0749999999999996 3.8748939037323
v -0.225 -0.0749999999999996 3.86030888557434
v -0.2125 -0.0749999999999996 3.84660410881042
v -0.2 -0.0749999999999996 3.83377623558044
v -0.1875 -0.0749999999999996 3.82182931900024
v -0.175 -0.0749999999999996 3.8107738494873
v -0.1625 -0.0749999999999996 3.80062413215637
v -0.15 -0.0749999999999996 3.79139256477356
v -0.1375 -0.0749999999999996 3.78309321403503
v -0.125 -0.0749999999999996 3.77573585510254
v -0.1125 -0.0749999999999996 3.76932597160339
v -0.0999999999999996 -0.0749999999999996 3.76386451721191
v -0.0874999999999996 -0.0749999999999996 3.75934529304504
v -0.0749999999999996 -0.0749999999999996 3.75576090812683
v -0.0624999999999996 -0.0749999999999996 3.75309920310974
v -0.0499999999999996 -0.0749999999999996 3.75135231018066
v -0.0374999999999996 -0.0749999999999996 3.7505156993866
v -0.0249999999999996 -0.0749999999999996 3.7505898475647
v -0.0124999999999996 -0.0749999999999996 3.75157928466797
v 4.44089209850063e-16 -0.0749999999999996 3.75349497795105
v 0.0125000000000004 -0.0749999999999996 3.75634765625
v 0.0250000000000005 -0.0749999999999996 3.76014876365662
v 0.0375000000000005 -0.0749999999999996 3.76490902900696
v 0.0500000000000005 -0.0749999999999996 3.7706413269043
v 0.0625000000000004 -0.0749999999999996 3.7773609161377
v 0.0750000000000005 -0.0749999999999996 3.78509378433228
v 0.0875000000000006 -0.0749999999999996 3.79388093948364
v 0.100000000000001 -0.0749999999999996 3.80378389358521
v 0.1125 -0.0749999999999996 3.81488394737244
v 0.125000000000001 -0.0749999999999996 3.82726645469666
v 0.137500000000001 -0.0749999999999996 3.84099197387695
v 0.150000000000001 -0.0749999999999996 3.85606002807617
v 0.162500000000001 -0.0749999999999996 3.87238430976868
v 0.175000000000001 -0.0749999999999996 3.88979601860046
v 0.187500000000001 -0.0749999999999996 3.90808343887329
v 0.200000000000001 -0.0749999999999996 3.9270293712616
v 0.212500000000001 -0.0749999999999996 3.94644236564636
v 0.225000000000001 -0.0749999999999996 3.96616554260254
v 0.237500000000001 -0.0749999999999996 3.98607325553894
v 0.250000000000001 -0.0749999999999996 4.00607252120972
v 0.262500000000001 -0.0749999999999996 4.0260853767395
v 0.275000000000001 -0.0749999999999996 4.04605102539062
v 0.287500000000001 -0.0749999999999996 4.06591653823853
v 0.300000000000001 -0.0749999999999996 4.08563995361328
v 0.312500000000001 -0.0749999999999996 4.10520315170288
v 0.325000000000001 -0.0749999999999996 4.12462759017944
v 0.337500000000001 -0.0749999999999996 4.14395618438721
v 0.350000000000001 -0.0749999999999996 4.16320371627808
v 0.362500000000001 -0.0749999999999996 4.1822943687439
v 0.375000000000001 -0.0749999999999996 4.20105791091919
v 0.387500000000001 -0.0749999999999996 4.21928977966309
v 0.400000000000001 -0.0749999999999996 4.23682165145874
v 0.412500000000001 -0.0749999999999996 4.2535605430603
v 0.425000000000001 -0.0749999999999996 4.26948499679565
v 0.437500000000001 -0.0749999999999996 4.28462648391724
v 0.450000000000001 -0.0749999999999996 4.29905700683594
v 0.462500000000001 -0.0749999999999996 4.31286382675171
v 0.475000000000001 -0.0749999999999996 4.32613754272461
v 0.487500000000001 -0.0749999999999996 4.33896017074585
v 0.500000000000001 -0.0749999999999996 4.35139465332031
v -0.5 -0.0624999999999996 4.38550329208374
v -0.4875 -0.0624999999999996 4.35743474960327
v -0.475 -0.0624999999999996 4.32846212387085
v -0.4625 -0.0624999999999996 4.29868459701538
v -0.45 -0.0624999999999996 4.26821184158325
v -0.4375 -0.0624999999999996 4.23714780807495
v -0.425 -0.0624999999999996 4.20559072494507
v -0.4125 -0.0624999999999996 4.17366695404053
v -0.4 -0.0624999999999996 4.14157056808472
v -0.3875 -0.0624999999999996 4.10961055755615
v -0.375 -0.0624999999999996 4.07824611663818
v -0.3625 -0.0624999999999996 4.04805183410645
v -0.35 -0.0624999999999996 4.01960134506226
v -0.3375 -0.0624999999999996 3.99328994750977
v -0.325 -0.0624999999999996 3.96920943260193
v -0.3125 -0.0624999999999996 3.94716882705688
v -0.3 -0.0624999999999996 3.92684292793274
v -0.2875 -0.0624999999999996 3.90791821479797
v -0.275 -0.0624999999999996 3.89016032218933
v -0.2625 -0.0624999999999996 3.87342309951782
v -0.25 -0.0624999999999996 3.85762572288513
v -0.2375 -0.0624999999999996 3.84272885322571
v -0.225 -0.0624999999999996 3.82871747016907
v -0.2125 -0.0624999999999996 3.81559443473816
v -0.2 -0.0624999999999996 3.80336952209473
v -0.1875 -0.0624999999999996 3.79205584526062
v -0.175 -0.0624999999999996 3.78166651725769
v -0.1625 -0.0624999999999996 3.77221298217773
v -0.15 -0.0624999999999996 3.7636992931366
v -0.1375 -0.0624999999999996 3.75612711906433
v -0.125 -0.0624999999999996 3.7494900226593
v -0.1125 -0.0624999999999996 3.7437744140625
v -0.0999999999999996 -0.0624999999999996 3.73896265029907
v -0.0874999999999996 -0.0624999999999996 3.73502779006958
v -0.0749999999999996 -0.0624999999999996 3.73194813728333
v -0.0624999999999996 -0.0624999999999996 3.72969937324524
v -0.0499999999999996 -0.0624999999999996 3.72826766967773
v -0.0374999999999996 -0.0624999999999996 3.72764754295349
v -0.0249999999999996 -0.0624999999999996 3.72784304618835
v -0.0124999999999996 -0.0624999999999996 3.72886896133423
v 4.44089209850063e-16 -0.0624999999999996 3.73074579238892
v 0.0125000000000004 -0.0624999999999996 3.73349618911743
v 0.0250000000000005 -0.0624999999999996 3.73714375495911
v 0.0375000000000005 -0.0624999999999996 3.74170923233032
v 0.0500000000000005 -0.0624999999999996 3.74720764160156
v 0.0625000000000004 -0.0624999999999996 3.75365710258484
v 0.0750000000000005 -0.0624999999999996 3.76107597351074
v 0.0875000000000006 -0.0624999999999996 3.76949286460876
v 0.100000000000001 -0.0624999999999996 3.77895522117615
v 0.1125 -0.0624999999999996 3.78953099250793
v 0.125000000000001 -0.0624999999999996 3.80131578445435
v 0.137500000000001 -0.0624999999999996 3.81441235542297
v 0.150000000000001 -0.0624999999999996 3.82890367507935
v 0.162500000000001 -0.0624999999999996 3.84479975700378
v 0.175000000000001 -0.0624999999999996 3.8620171546936
v 0.187500000000001 -0.0624999999999996 3.88036775588989
v 0.200000000000001 -0.0624999999999996 3.89960789680481
v 0.212500000000001 -0.0624999999999996 3.91948556900024
v 0.225000000000001 -0.0624999999999996 3.93977403640747
v 0.237500000000001 -0.0624999999999996 3.96028256416321
v 0.250000000000001 -0.0624999999999996 3.98085832595825
v 0.262500000000001 -0.0624999999999996 4.00138282775879
v 0.275000000000001 -0.0624999999999996 4.02177047729492
v 0.287500000000001 -0.0624999999999996 4.04195928573608
v 0.300000000000001 -0.0624999999999996 4.06190967559814
v 0.312500000000001 -0.0624999999999996 4.08159780502319
v 0.325000000000001 -0.0624999999999996 4.10101842880249
v 0.337500000000001 -0.0624999999999996 4.12021017074585
v 0.350000000000001 -0.0624999999999996 4.13924360275269
v 0.362500000000001 -0.0624999999999996 4.15817785263062
v 0.375000000000001 -0.0624999999999996 4.17698860168457
v 0.387500000000001 -0.0624999999999996 4.19552993774414
v 0.400000000000001 -0.0624999999999996 4.21359443664551
v 0.412500000000001 -0.0624999999999996 4.23099899291992
v 0.425000000000001 -0.0624999999999996 4.24764156341553
v 0.437500000000001 -0.0624999999999996 4.26349401473999
v 0.450000000000001 -0.0624999999999996 4.27859449386597
v 0.462500000000001 -0.0624999999999996 4.29301977157593
v 0.475000000000001 -0.0624999999999996 4.30686140060425
v 0.487500000000001 -0.0624999999999996 4.32021284103394
v 0.500000000000001 -0.0624999999999996 4.33315372467041
v -0.5 -0.0499999999999996 4.35914182662964
v -0.4875 -0.0499999999999996 4.32964944839478
v -0.475 -0.0499999999999996 4.29915618896484
v -0.4625 -0.0499999999999996 4.26777267456055
v -0.45 -0.0499999999999996 4.23562335968018
v -0.4375 -0.0499999999999996 4.20284032821655
v -0.425 -0.0499999999999996 4.16957950592041
v -0.4125 -0.0499999999999996 4.13605499267578
v -0.4 -0.0499999999999996 4.1025915145874
v -0.3875 -0.0499999999999996 4.0696702003479
v -0.375 -0.0499999999999996 4.03792667388916
v -0.3625 -0.0499999999999996 4.00804281234741
v -0.35 -0.0499999999999996 3.98053908348083
v -0.3375 -0.0499999999999996 3.95556640625
v -0.325 -0.0499999999999996 3.93290019035339
v -0.3125 -0.0499999999999996 3.91212463378906
v -0.3 -0.0499999999999996 3.89284515380859
v -0.2875 -0.0499999999999996 3.87477469444275
v -0.275 -0.0499999999999996 3.85774612426758
v -0.2625 -0.0499999999999996 3.84166789054871
v -0.25 -0.0499999999999996 3.8265061378479
v -0.2375 -0.0499999999999996 3.81225442886353
v -0.225 -0.0499999999999996 3.79892587661743
v -0.2125 -0.0499999999999996 3.78653645515442
v -0.2 -0.0499999999999996 3.77510452270508
v -0.1875 -0.0499999999999996 3.76464009284973
v -0.175 -0.0499999999999996 3.7551441192627
v -0.1625 -0.0499999999999996 3.74660873413086
v -0.15 -0.0499999999999996 3.73901867866516
v -0.1375 -0.0499999999999996 3.73235058784485
v -0.125 -0.0499999999999996 3.72657704353333
v -0.1125 -0.0499999999999996 3.72166228294373
v -0.0999999999999996 -0.0499999999999996 3.71756792068481
v -0.0874999999999996 -0.0499999999999996 3.71425557136536
v -0.0749999999999996 -0.0499999999999996 3.71169066429138
v -0.0624999999999996 -0.0499999999999996 3.70984578132629
v -0.0499999999999996 -0.0499999999999996 3.70870637893677
v -0.0374999999999996 -0.0499999999999996 3.70827078819275
v -0.0249999999999996 -0.0499999999999996 3.70854949951172
v -0.0124999999999996 -0.0499999999999996 3.70956492424011
v 4.44089209850063e-16 -0.0499999999999996 3.71134877204895
v 0.0125000000000004 -0.0499999999999996 3.71393513679504
v 0.0250000000000005 -0.0499999999999996 3.71736025810242
v 0.0375000000000005 -0.0499999999999996 3.72165369987488
v 0.0500000000000005 -0.0499999999999996 3.72684144973755
v 0.0625000000000004 -0.0499999999999996 3.73294115066528
v 0.0750000000000005 -0.0499999999999996 3.73997187614441
v 0.0875000000000006 -0.0499999999999996 3.74795603752136
v 0.100000000000001 -0.0499999999999996 3.7569260597229
v 0.1125 -0.0499999999999996 3.76693415641785
v 0.125000000000001 -0.0499999999999996 3.77806258201599
v 0.137500000000001 -0.0499999999999996 3.79042220115662
v 0.150000000000001 -0.0499999999999996 3.80413818359375
v 0.162500000000001 -0.0499999999999996 3.81931805610657
v 0.175000000000001 -0.0499999999999996 3.83599257469177
v 0.187500000000001 -0.0499999999999996 3.85407638549805
v 0.200000000000001 -0.0499999999999996 3.87336206436157
v 0.212500000000001 -0.0499999999999996 3.89356923103333
v 0.225000000000001 -0.0499999999999996 3.91439890861511
v 0.237500000000001 -0.0499999999999996 3.93557596206665
v 0.250000000000001 -0.0499999999999996 3.95686650276184
v 0.262500000000001 -0.0499999999999996 3.97807860374451
v 0.275000000000001 -0.0499999999999996 3.99906778335571
v 0.287500000000001 -0.0499999999999996 4.01973485946655
v 0.300000000000001 -0.0499999999999996 4.04002380371094
v 0.312500000000001 -0.0499999999999996 4.05991363525391
v 0.325000000000001 -0.0499999999999996 4.07940816879272
v 0.337500000000001 -0.0499999999999996 4.09852933883667
v 0.350000000000001 -0.0499999999999996 4.11733150482178
v 0.362500000000001 -0.0499999999999996 4.13591527938843
v 0.375000000000001 -0.0499999999999996 4.15438175201416
v 0.387500000000001 -0.0499999999999996 4.17275762557983
v 0.400000000000001 -0.0499999999999996 4.1909327507019
v 0.412500000000001 -0.0499999999999996 4.20870447158813
v 0.425000000000001 -0.0499999999999996 4.22588014602661
v 0.437500000000001 -0.0499999999999996 4.24234247207642
v 0.450000000000001 -0.0499999999999996 4.25806188583374
v 0.462500000000001 -0.0499999999999996 4.27307653427124
v 0.475000000000001 -0.0499999999999996 4.28746509552002
v 0.487500000000001 -0.0499999999999996 4.30132007598877
v 0.500000000000001 -0.0499999999999996 4.3147349357605
v -0.5 -0.0374999999999996 4.33150625228882
v -0.4875 -0.0374999999999996 4.3004584312439
v -0.475 -0.0374999999999996 4.26832437515259
v -0.4625 -0.0374999999999996 4.23523378372192
v -0.45 -0.0374999999999996 4.20134449005127
v -0.4375 -0.0374999999999996 4.16683959960938
v -0.425 -0.0374999999999996 4.13196039199829
v -0.4125 -0.0374999999999996 4.09705448150635
v -0.4 -0.0374999999999996 4.06262302398682
v -0.3875 -0.0374999999999996 4.02934741973877
v -0.375 -0.0374999999999996 3.99799776077271
v -0.3625 -0.0374999999999996 3.96921610832214
v -0.35 -0.0374999999999996 3.94324231147766
v -0.3375 -0.0374999999999996 3.91984486579895
v -0.325 -0.0374999999999996 3.89853525161743
v -0.3125 -0.0374999999999996 3.87883448600769
v -0.3 -0.0374999999999996 3.86040472984314
v -0.2875 -0.0374999999999996 3.84305047988892
v -0.275 -0.0374999999999996 3.8266773223877
v -0.2625 -0.0374999999999996 3.81125807762146
v -0.25 -0.0374999999999996 3.79679989814758
v -0.2375 -0.0374999999999996 3.78332829475403
v -0.225 -0.0374999999999996 3.77086997032166
v -0.2125 -0.0374999999999996 3.75943946838379
v -0.2 -0.0374999999999996 3.74903559684753
v -0.1875 -0.0374999999999996 3.73964166641235
v -0.175 -0.0374999999999996 3.7312285900116
v -0.1625 -0.0374999999999996 3.72376108169556
v -0.15 -0.0374999999999996 3.71719670295715
v -0.1375 -0.0374999999999996 3.71149301528931
v -0.125 -0.0374999999999996 3.70660257339478
v -0.1125 -0.0374999999999996 3.7024781703949
v -0.0999999999999996 -0.0374999999999996 3.69907236099243
v -0.0874999999999996 -0.0374999999999996 3.69634175300598
v -0.0749999999999996 -0.0374999999999996 3.69425201416016
v -0.0624999999999996 -0.0374999999999996 3.69277882575989
v -0.0499999999999996 -0.0374999999999996 3.69191145896912
v -0.0374999999999996 -0.0374999999999996 3.6916515827179
v -0.0249999999999996 -0.0374999999999996 3.69201588630676
v -0.0124999999999996 -0.0374999999999996 3.69303202629089
v 4.44089209850063e-16 -0.0374999999999996 3.69473886489868
v 0.0125000000000004 -0.0374999999999996 3.69717669487
v 0.0250000000000005 -0.0374999999999996 3.70039105415344
v 0.0375000000000005 -0.0374999999999996 3.7044198513031
v 0.0500000000000005 -0.0374999999999996 3.70929408073425
v 0.0625000000000004 -0.0374999999999996 3.71503520011902
v 0.0750000000000005 -0.0374999999999996 3.72165942192078
v 0.0875000000000006 -0.0374999999999996 3.72918367385864
v 0.100000000000001 -0.0374999999999996 3.73763203620911
v 0.1125 -0.0374999999999996 3.74704337120056
v 0.125000000000001 -0.0374999999999996 3.75748300552368
v 0.137500000000001 -0.0374999999999996 3.76904988288879
v 0.150000000000001 -0.0374999999999996 3.78187489509583
v 0.162500000000001 -0.0374999999999996 3.79611372947693
v 0.175000000000001 -0.0374999999999996 3.81189966201782
v 0.187500000000001 -0.0374999999999996 3.82928919792175
v 0.200000000000001 -0.0374999999999996 3.84819769859314
v 0.212500000000001 -0.0374999999999996 3.86839461326599
v 0.225000000000001 -0.0374999999999996 3.88955688476562
v 0.237500000000001 -0.0374999999999996 3.91133046150208
v 0.250000000000001 -0.0374999999999996 3.93338465690613
v 0.262500000000001 -0.0374999999999996 3.95543217658997
v 0.275000000000001 -0.0374999999999996 3.97724533081055
v 0.287500000000001 -0.0374999999999996 3.99864959716797
v 0.300000000000001 -0.0374999999999996 4.01953649520874
v 0.312500000000001 -0.0374999999999996 4.03985357284546
v 0.325000000000001 -0.0374999999999996 4.05960178375244
v 0.337500000000001 -0.0374999999999996 4.07880973815918
v 0.350000000000001 -0.0374999999999996 4.09752988815308
v 0.362500000000001 -0.0374999999999996 4.11584424972534
v 0.375000000000001 -0.0374999999999996 4.13387393951416
v 0.387500000000001 -0.0374999999999996 4.15176343917847
v 0.400000000000001 -0.0374999999999996 4.16958856582642
v 0.412500000000001 -0.0374999999999996 4.18728303909302
v 0.425000000000001 -0.0374999999999996 4.20465850830078
v 0.437500000000001 -0.0374999999999996 4.22151708602905
v 0.450000000000001 -0.0374999999999996 4.23773145675659
v 0.462500000000001 -0.0374999999999996 4.25326681137085
v 0.475000000000001 -0.0374999999999996 4.26815986633301
v 0.487500000000001 -0.0374999999999996 4.28248834609985
v 0.500000000000001 -0.0374999999999996 4.29634237289429
v -0.5 -0.0249999999999996 4.30234479904175
v -0.4875 -0.0249999999999996 4.26960372924805
v -0.475 -0.0249999999999996 4.23571872711182
v -0.4625 -0.0249999999999996 4.20085859298706
v -0.45 -0.0249999999999996 4.16523456573486
v -0.4375 -0.0249999999999996 4.12911605834961
v -0.425 -0.0249999999999996 4.0928750038147
v -0.4125 -0.0249999999999996 4.05703353881836
v -0.4 -0.0249999999999996 4.02230072021484
v -0.3875 -0.0249999999999996 3.98950934410095
v -0.375 -0.0249999999999996 3.95940017700195
v -0.3625 -0.0249999999999996 3.93231272697449
v -0.35 -0.0249999999999996 3.90804600715637
v -0.3375 -0.0249999999999996 3.88606429100037
v -0.325 -0.0249999999999996 3.86582374572754
v -0.3125 -0.0249999999999996 3.84693694114685
v -0.3 -0.0249999999999996 3.82918286323547
v -0.2875 -0.0249999999999996 3.81247019767761
v -0.275 -0.0249999999999996 3.79678273200989
v -0.2625 -0.0249999999999996 3.78214502334595
v -0.25 -0.0249999999999996 3.76859593391418
v -0.2375 -0.0249999999999996 3.75615763664246
v -0.225 -0.0249999999999996 3.74483156204224
v -0.2125 -0.0249999999999996 3.73458933830261
v -0.2 -0.0249999999999996 3.72538757324219
v -0.1875 -0.0249999999999996 3.7171676158905
v -0.175 -0.0249999999999996 3.70987319946289
v -0.1625 -0.0249999999999996 3.70344924926758
v -0.15 -0.0249999999999996 3.69784235954285
v -0.1375 -0.0249999999999996 3.69300150871277
v -0.125 -0.0249999999999996 3.68887758255005
v -0.1125 -0.0249999999999996 3.68542170524597
v -0.0999999999999996 -0.0249999999999996 3.68259215354919
v -0.0874999999999996 -0.0249999999999996 3.68034815788269
v -0.0749999999999996 -0.0249999999999996 3.67866182327271
v -0.0624999999999996 -0.0249999999999996 3.67751622200012
v -0.0499999999999996 -0.0249999999999996 3.67690467834473
v -0.0374999999999996 -0.0249999999999996 3.67683410644531
v -0.0249999999999996 -0.0249999999999996 3.67732286453247
v -0.0124999999999996 -0.0249999999999996 3.67839884757996
v 4.44089209850063e-16 -0.0249999999999996 3.68010258674622
v 0.0125000000000004 -0.0249999999999996 3.6824791431427
v 0.0250000000000005 -0.0249999999999996 3.68557548522949
v 0.0375000000000005 -0.0249999999999996 3.68943667411804
v 0.0500000000000005 -0.0249999999999996 3.69409823417664
v 0.0625000000000004 -0.0249999999999996 3.69958090782166
v 0.0750000000000005 -0.0249999999999996 3.705894947052
v 0.0875000000000006 -0.0249999999999996 3.71304512023926
v 0.100000000000001 -0.0249999999999996 3.72104001045227
v 0.1125 -0.0249999999999996 3.72990465164185
v 0.125000000000001 -0.0249999999999996 3.73968696594238
v 0.137500000000001 -0.0249999999999996 3.75047087669373
v 0.150000000000001 -0.0249999999999996 3.76237726211548
v 0.162500000000001 -0.0249999999999996 3.77557158470154
v 0.175000000000001 -0.0249999999999996 3.79024124145508
v 0.187500000000001 -0.0249999999999996 3.80655527114868
v 0.200000000000001 -0.0249999999999996 3.82458925247192
v 0.212500000000001 -0.0249999999999996 3.84425663948059
v 0.225000000000001 -0.0249999999999996 3.86530160903931
v 0.237500000000001 -0.0249999999999996 3.88734984397888
v 0.250000000000001 -0.0249999999999996 3.90999007225037
v 0.262500000000001 -0.0249999999999996 3.93283534049988
v 0.275000000000001 -0.0249999999999996 3.95555424690247
v 0.287500000000001 -0.0249999999999996 3.97788214683533
v 0.300000000000001 -0.0249999999999996 3.99962472915649
v 0.312500000000001 -0.0249999999999996 4.02066612243652
v 0.325000000000001 -0.0249999999999996 4.04095935821533
v 0.337500000000001 -0.0249999999999996 4.06051635742188
v 0.350000000000001 -0.0249999999999996 4.07939624786377
v 0.362500000000001 -0.0249999999999996 4.09767532348633
v 0.375000000000001 -0.0249999999999996 4.11545991897583
v 0.387500000000001 -0.0249999999999996 4.13289499282837
v 0.400000000000001 -0.0249999999999996 4.1501579284668
v 0.412500000000001 -0.0249999999999996 4.16737508773804
v 0.425000000000001 -0.0249999999999996 4.18452596664429
v 0.437500000000001 -0.0249999999999996 4.20144462585449
v 0.450000000000001 -0.0249999999999996 4.21793270111084
v 0.462500000000001 -0.0249999999999996 4.23385858535767
v 0.475000000000001 -0.0249999999999996 4.24918222427368
v 0.487500000000001 -0.0249999999999996 4.26393604278564
v 0.500000000000001 -0.0249999999999996 4.27819585800171
v -0.5 -0.0124999999999996 4.27139377593994
v -0.4875 -0.0124999999999996 4.23685073852539
v -0.475 -0.0124999999999996 4.20116329193115
v -0.4625 -0.0124999999999996 4.16455888748169
v -0.45 -0.0124999999999996 4.12733793258667
v -0.4375 -0.0124999999999996 4.08989906311035
v -0.425 -0.0124999999999996 4.05279016494751
v -0.4125 -0.0124999999999996 4.01673078536987
v -0.4 -0.0124999999999996 3.98258280754089
v -0.3875 -0.0124999999999996 3.95115447044373
v -0.375 -0.0124999999999996 3.92287182807922
v -0.3625 -0.0124999999999996 3.8975887298584
v -0.35 -0.0124999999999996 3.87476849555969
v -0.3375 -0.0124999999999996 3.85383343696594
v -0.325 -0.0124999999999996 3.83436012268066
v -0.3125 -0.0124999999999996 3.81611633300781
v -0.3 -0.0124999999999996 3.79901361465454
v -0.2875 -0.0124999999999996 3.7830536365509
v -0.275 -0.0124999999999996 3.76827478408813
v -0.2625 -0.0124999999999996 3.75471186637878
v -0.25 -0.0124999999999996 3.74236917495728
v -0.2375 -0.0124999999999996 3.73120880126953
v -0.225 -0.0124999999999996 3.72116327285767
v -0.2125 -0.0124999999999996 3.71215176582336
v -0.2 -0.0124999999999996 3.70409393310547
v -0.1875 -0.0124999999999996 3.69691729545593
v -0.175 -0.0124999999999996 3.69056367874146
v -0.1625 -0.0124999999999996 3.68498015403748
v -0.15 -0.0124999999999996 3.68012022972107
v -0.1375 -0.0124999999999996 3.67594003677368
v -0.125 -0.0124999999999996 3.67239451408386
v -0.1125 -0.0124999999999996 3.66944551467896
v -0.0999999999999996 -0.0124999999999996 3.66705441474915
v -0.0874999999999996 -0.0124999999999996 3.66519331932068
v -0.0749999999999996 -0.0124999999999996 3.66384100914001
v -0.0624999999999996 -0.0124999999999996 3.66298604011536
v -0.0499999999999996 -0.0124999999999996 3.66262698173523
v -0.0374999999999996 -0.0124999999999996 3.66277289390564
v -0.0249999999999996 -0.0124999999999996 3.66343927383423
v -0.0124999999999996 -0.0124999999999996 3.66465544700623
v 4.44089209850063e-16 -0.0124999999999996 3.66645669937134
v 0.0125000000000004 -0.0124999999999996 3.66888880729675
v 0.0250000000000005 -0.0124999999999996 3.67199945449829
v 0.0375000000000005 -0.0124999999999996 3.67583703994751
v 0.0500000000000005 -0.0124999999999996 3.68044352531433
v 0.0625000000000004 -0.0124999999999996 3.68584060668945
v 0.0750000000000005 -0.0124999999999996 3.69203543663025
v 0.0875000000000006 -0.0124999999999996 3.69901657104492
v 0.100000000000001 -0.0124999999999996 3.70676875114441
v 0.1125 -0.0124999999999996 3.71528553962708
v 0.125000000000001 -0.0124999999999996 3.72458577156067
v 0.137500000000001 -0.0124999999999996 3.73472452163696
v 0.150000000000001 -0.0124999999999996 3.74580931663513
v 0.162500000000001 -0.0124999999999996 3.75799345970154
v 0.175000000000001 -0.0124999999999996 3.77148675918579
v 0.187500000000001 -0.0124999999999996 3.78651976585388
v 0.200000000000001 -0.0124999999999996 3.80329751968384
v 0.212500000000001 -0.0124999999999996 3.82191014289856
v 0.225000000000001 -0.0124999999999996 3.84226012229919
v 0.237500000000001 -0.0124999999999996 3.86405181884766
v 0.250000000000001 -0.0124999999999996 3.88685989379883
v 0.262500000000001 -0.0124999999999996 3.91021919250488
v 0.275000000000001 -0.0124999999999996 3.93369841575623
v 0.287500000000001 -0.0124999999999996 3.95693206787109
v 0.300000000000001 -0.0124999999999996 3.97963571548462
v 0.312500000000001 -0.0124999999999996 4.00160217285156
v 0.325000000000001 -0.0124999999999996 4.02271032333374
v 0.337500000000001 -0.0124999999999996 4.04291486740112
v 0.350000000000001 -0.0124999999999996 4.06224060058594
v 0.362500000000001 -0.0124999999999996 4.08076286315918
v 0.375000000000001 -0.0124999999999996 4.09858417510986
v 0.387500000000001 -0.0124999999999996 4.11583280563354
v 0.400000000000001 -0.0124999999999996 4.13267517089844
v 0.412500000000001 -0.0124999999999996 4.14931535720825
v 0.425000000000001 -0.0124999999999996 4.16592407226562
v 0.437500000000001 -0.0124999999999996 4.18252468109131
v 0.450000000000001 -0.0124999999999996 4.19897985458374
v 0.462500000000001 -0.0124999999999996 4.21509599685669
v 0.475000000000001 -0.0124999999999996 4.23073625564575
v 0.487500000000001 -0.0124999999999996 4.24585580825806
v 0.500000000000001 -0.0124999999999996 4.26048469543457
v -0.5 4.44089209850063e-16 4.23846530914307
v -0.4875 4.44089209850063e-16 4.20208883285522
v -0.475 4.44089209850063e-16 4.16464900970459
v -0.4625 4.44089209850063e-16 4.12646818161011
v -0.45 4.44089209850063e-16 4.08797454833984
v -0.4375 4.44089209850063e-16 4.04973983764648
v -0.425 4.44089209850063e-16 4.0124945640564
v -0.4125 4.44089209850063e-16 3.97710657119751
v -0.4 4.44089209850063e-16 3.94441413879395
v -0.3875 4.44089209850063e-16 3.91490340232849
v -0.375 4.44089209850063e-16 3.88848948478699
v -0.3625 4.44089209850063e-16 3.86467862129211
v -0.35 4.44089209850063e-16 3.8429012298584
v -0.3375 4.44089209850063e-16 3.82272601127625
v -0.325 4.44089209850063e-16 3.8039174079895
v -0.3125 4.44089209850063e-16 3.7863986492157
v -0.3 4.44089209850063e-16 3.77018427848816
v -0.2875 4.44089209850063e-16 3.7553117275238
v -0.275 4.44089209850063e-16 3.74178767204285
v -0.2625 4.44089209850063e-16 3.72956538200378
v -0.25 4.44089209850063e-16 3.71855545043945
v -0.2375 4.44089209850063e-16 3.70864415168762
v -0.225 4.44089209850063e-16 3.6997230052948
v -0.2125 4.44089209850063e-16 3.69169974327087
v -0.2 4.44089209850063e-16 3.68450427055359
v -0.1875 4.44089209850063e-16 3.67808389663696
v -0.175 4.44089209850063e-16 3.67239499092102
v -0.1625 4.44089209850063e-16 3.66740202903748
v -0.15 4.44089209850063e-16 3.66306662559509
v -0.1375 4.44089209850063e-16 3.65935206413269
v -0.125 4.44089209850063e-16 3.65622186660767
v -0.1125 4.44089209850063e-16 3.65364384651184
v -0.0999999999999996 4.44089209850063e-16 3.65158915519714
v -0.0874999999999996 4.44089209850063e-16 3.65003561973572
v -0.0749999999999996 4.44089209850063e-16 3.64897084236145
v -0.0624999999999996 4.44089209850063e-16 3.64838719367981
v -0.0499999999999996 4.44089209850063e-16 3.64828658103943
v -0.0374999999999996 4.44089209850063e-16 3.648677110672
v -0.0249999999999996 4.44089209850063e-16 3.64957475662231
v -0.0124999999999996 4.44089209850063e-16 3.65100336074829
v 4.44089209850063e-16 4.44089209850063e-16 3.65299534797668
v 0.0125000000000004 4.44089209850063e-16 3.65559196472168
v 0.0250000000000005 4.44089209850063e-16 3.65883827209473
v 0.0375000000000005 4.44089209850063e-16 3.66278576850891
v 0.0500000000000005 4.44089209850063e-16 3.66748118400574
v 0.0625000000000004 4.44089209850063e-16 3.6729576587677
v 0.0750000000000005 4.44089209850063e-16 3.67922401428223
v 0.0875000000000006 4.44089209850063e-16 3.68626475334167
v 0.100000000000001 4.44089209850063e-16 3.69404292106628
v 0.1125 4.44089209850063e-16 3.7025146484375
v 0.125000000000001 4.44089209850063e-16 3.71165251731873
v 0.137500000000001 4.44089209850063e-16 3.72146081924438
v 0.150000000000001 4.44089209850063e-16 3.73199963569641
v 0.162500000000001 4.44089209850063e-16 3.7433922290802
v 0.175000000000001 4.44089209850063e-16 3.75583648681641
v 0.187500000000001 4.44089209850063e-16 3.76959276199341
v 0.200000000000001 4.44089209850063e-16 3.78494715690613
v 0.212500000000001 4.44089209850063e-16 3.80214476585388
v 0.225000000000001 4.44089209850063e-16 3.82128024101257
v 0.237500000000001 4.44089209850063e-16 3.84222650527954
v 0.250000000000001 4.44089209850063e-16 3.86463856697083
v 0.262500000000001 4.44089209850063e-16 3.88803791999817
v 0.275000000000001 4.44089209850063e-16 3.91191720962524
v 0.287500000000001 4.44089209850063e-16 3.93582034111023
v 0.300000000000001 4.44089209850063e-16 3.95936965942383
v 0.312500000000001 4.44089209850063e-16 3.98227286338806
v 0.325000000000001 4.44089209850063e-16 4.004319190979
v 0.337500000000001 4.44089209850063e-16 4.02538347244263
v 0.350000000000001 4.44089209850063e-16 4.04542112350464
v 0.362500000000001 4.44089209850063e-16 4.06446170806885
v 0.375000000000001 4.44089209850063e-16 4.08259344100952
v 0.387500000000001 4.44089209850063e-16 4.09994077682495
v 0.400000000000001 4.44089209850063e-16 4.11665296554565
v 0.412500000000001 4.44089209850063e-16 4.13291931152344
v 0.425000000000001 4.44089209850063e-16 4.14896774291992
v 0.437500000000001 4.44089209850063e-16 4.16500568389893
v 0.450000000000001 4.44089209850063e-16 4.18109655380249
v 0.462500000000001 4.44089209850063e-16 4.1971321105957
v 0.475000000000001 4.44089209850063e-16 4.21292448043823
v 0.487500000000001 4.44089209850063e-16 4.22833204269409
v 0.500000000000001 4.44089209850063e-16 4.24330186843872
v -0.5 0.0125000000000004 4.20352172851562
v -0.4875 0.0125000000000004 4.16538572311401
v -0.475 0.0125000000000004 4.12638330459595
v -0.4625 0.0125000000000004 4.08696365356445
v -0.45 0.0125000000000004 4.04771947860718
v -0.4375 0.0125000000000004 4.00939702987671
v -0.425 0.0125000000000004 3.97286653518677
v -0.4125 0.0125000000000004 3.93897557258606
v -0.4 0.0125000000000004 3.90824294090271
v -0.3875 0.0125000000000004 3.88063621520996
v -0.375 0.0125000000000004 3.85573196411133
v -0.3625 0.0125000000000004 3.83301472663879
v -0.35 0.0125000000000004 3.81207156181335
v -0.3375 0.0125000000000004 3.79267883300781
v -0.325 0.0125000000000004 3.77476668357849
v -0.3125 0.0125000000000004 3.75834536552429
v -0.3 0.0125000000000004 3.7434241771698
v -0.2875 0.0125000000000004 3.72994923591614
v -0.275 0.0125000000000004 3.71780633926392
v -0.2625 0.0125000000000004 3.70684623718262
v -0.25 0.0125000000000004 3.69692611694336
v -0.2375 0.0125000000000004 3.6879289150238
v -0.225 0.0125000000000004 3.67976999282837
v -0.2125 0.0125000000000004 3.67239165306091
v -0.2 0.0125000000000004 3.66575360298157
v -0.1875 0.0125000000000004 3.65982627868652
v -0.175 0.0125000000000004 3.65458273887634
v -0.1625 0.0125000000000004 3.64999175071716
v -0.15 0.0125000000000004 3.64602208137512
v -0.1375 0.0125000000000004 3.64264154434204
v -0.125 0.0125000000000004 3.63981866836548
v -0.1125 0.0125000000000004 3.63752675056458
v -0.0999999999999996 0.0125000000000004 3.63574290275574
v -0.0874999999999996 0.0125000000000004 3.63445448875427
v -0.0749999999999996 0.0125000000000004 3.6336510181427
v -0.0624999999999996 0.0125000000000004 3.63333106040955
v -0.0499999999999996 0.0125000000000004 3.6334969997406
v -0.0374999999999996 0.0125000000000004 3.63415694236755
v -0.0249999999999996 0.0125000000000004 3.63532519340515
v -0.0124999999999996 0.0125000000000004 3.63702249526978
v 4.44089209850063e-16 0.0125000000000004 3.63927507400513
v 0.0125000000000004 0.0125000000000004 3.64211821556091
v 0.0250000000000005 0.0125000000000004 3.64559412002563
v 0.0375000000000005 0.0125000000000004 3.64975214004517
v 0.0500000000000005 0.0125000000000004 3.65464186668396
v 0.0625000000000004 0.0125000000000004 3.66030931472778
v 0.0750000000000005 0.0125000000000004 3.66677594184875
v 0.0875000000000006 0.0125000000000004 3.6740357875824
v 0.100000000000001 0.0125000000000004 3.68204760551453
v 0.1125 0.0125000000000004 3.69074416160583
v 0.125000000000001 0.0125000000000004 3.70005345344543
v 0.137500000000001 0.0125000000000004 3.70991897583008
v 0.150000000000001 0.0125000000000004 3.72032928466797
v 0.162500000000001 0.0125000000000004 3.73134016990662
v 0.175000000000001 0.0125000000000004 3.74309015274048
v 0.187500000000001 0.0125000000000004 3.75581407546997
v 0.200000000000001 0.0125000000000004 3.76982998847961
v 0.212500000000001 0.0125000000000004 3.78548812866211
v 0.225000000000001 0.0125000000000004 3.80307173728943
v 0.237500000000001 0.0125000000000004 3.82267165184021
v 0.250000000000001 0.0125000000000004 3.84411859512329
v 0.262500000000001 0.0125000000000004 3.86700677871704
v 0.275000000000001 0.0125000000000004 3.89080548286438
v 0.287500000000001 0.0125000000000004 3.91498351097107
v 0.300000000000001 0.0125000000000004 3.93907928466797
v 0.312500000000001 0.0125000000000004 3.9627251625061
v 0.325000000000001 0.0125000000000004 3.98563456535339
v 0.337500000000001 0.0125000000000004 4.00760126113892
v 0.350000000000001 0.0125000000000004 4.02849721908569
v 0.362500000000001 0.0125000000000004 4.04827499389648
v 0.375000000000001 0.0125000000000004 4.06696557998657
v 0.387500000000001 0.0125000000000004 4.08466529846191
v 0.400000000000001 0.0125000000000004 4.10151672363281
v 0.412500000000001 0.0125000000000004 4.11769199371338
v 0.425000000000001 0.0125000000000004 4.1334023475647
v 0.437500000000001 0.0125000000000004 4.14889860153198
v 0.450000000000001 0.0125000000000004 4.16442155838013
v 0.462500000000001 0.0125000000000004 4.18007373809814
v 0.475000000000001 0.0125000000000004 4.19577026367188
v 0.487500000000001 0.0125000000000004 4.21132755279541
v 0.500000000000001 0.0125000000000004 4.22659540176392
v -0.5 0.0250000000000005 4.16667652130127
v -0.4875 0.0250000000000005 4.12697553634644
v -0.475 0.0250000000000005 4.0867395401001
v -0.4625 0.0250000000000005 4.04657220840454
v -0.45 0.0250000000000005 4.00723457336426
v -0.4375 0.0250000000000005 3.96960949897766
v -0.425 0.0250000000000005 3.93456244468689
v -0.4125 0.0250000000000005 3.90262866020203
v -0.4 0.0250000000000005 3.87381029129028
v -0.3875 0.0250000000000005 3.84776306152344
v -0.375 0.0250000000000005 3.8240647315979
v -0.3625 0.0250000000000005 3.80235528945923
v -0.35 0.0250000000000005 3.78242230415344
v -0.3375 0.0250000000000005 3.76418876647949
v -0.325 0.0250000000000005 3.74763345718384
v -0.3125 0.0250000000000005 3.73269534111023
v -0.3 0.0250000000000005 3.71923685073853
v -0.2875 0.0250000000000005 3.70707321166992
v -0.275 0.0250000000000005 3.69601559638977
v -0.2625 0.0250000000000005 3.68591570854187
v -0.25 0.0250000000000005 3.67667007446289
v -0.2375 0.0250000000000005 3.668212890625
v -0.225 0.0250000000000005 3.66050505638123
v -0.2125 0.0250000000000005 3.65352249145508
v -0.2 0.0250000000000005 3.64724588394165
v -0.1875 0.0250000000000005 3.64165353775024
v -0.175 0.0250000000000005 3.63672256469727
v -0.1625 0.0250000000000005 3.63242340087891
v -0.15 0.0250000000000005 3.62872552871704
v -0.1375 0.0250000000000005 3.6256000995636
v -0.125 0.0250000000000005 3.6230206489563
v -0.1125 0.0250000000000005 3.62096524238586
v -0.0999999999999996 0.0250000000000005 3.61941909790039
v -0.0874999999999996 0.0250000000000005 3.6183717250824
v -0.0749999999999996 0.0250000000000005 3.61781811714172
v -0.0624999999999996 0.0250000000000005 3.61775827407837
v -0.0499999999999996 0.0250000000000005 3.61819648742676
v -0.0374999999999996 0.0250000000000005 3.61914229393005
v -0.0249999999999996 0.0250000000000005 3.62060713768005
v -0.0124999999999996 0.0250000000000005 3.62260818481445
v 4.44089209850063e-16 0.0250000000000005 3.62516760826111
v 0.0125000000000004 0.0250000000000005 3.62831568717957
v 0.0250000000000005 0.0250000000000005 3.63208770751953
v 0.0375000000000005 0.0250000000000005 3.63652801513672
v 0.0500000000000005 0.0250000000000005 3.64168787002563
v 0.0625000000000004 0.0250000000000005 3.64761662483215
v 0.0750000000000005 0.0250000000000005 3.65435481071472
v 0.0875000000000006 0.0250000000000005 3.66191339492798
v 0.100000000000001 0.0250000000000005 3.67026519775391
v 0.1125 0.0250000000000005 3.67934226989746
v 0.125000000000001 0.0250000000000005 3.68904805183411
v 0.137500000000001 0.0250000000000005 3.69927835464478
v 0.150000000000001 0.0250000000000005 3.70995378494263
v 0.162500000000001 0.0250000000000005 3.72104454040527
v 0.175000000000001 0.0250000000000005 3.73259806632996
v 0.187500000000001 0.0250000000000005 3.74476313591003
v 0.200000000000001 0.0250000000000005 3.75780558586121
v 0.212500000000001 0.0250000000000005 3.77209830284119
v 0.225000000000001 0.0250000000000005 3.78805136680603
v 0.237500000000001 0.0250000000000005 3.80598425865173
v 0.250000000000001 0.0250000000000005 3.82597851753235
v 0.262500000000001 0.0250000000000005 3.84781312942505
v 0.275000000000001 0.0250000000000005 3.87102127075195
v 0.287500000000001 0.0250000000000005 3.8950309753418
v 0.300000000000001 0.0250000000000005 3.91929292678833
v 0.312500000000001 0.0250000000000005 3.94335794448853
v 0.325000000000001 0.0250000000000005 3.9668824672699
v 0.337500000000001 0.0250000000000005 3.98960304260254
v 0.350000000000001 0.0250000000000005 4.01132535934448
v 0.362500000000001 0.0250000000000005 4.03192234039307
v 0.375000000000001 0.0250000000000005 4.05134201049805
v 0.387500000000001 0.0250000000000005 4.0696120262146
v 0.400000000000001 0.0250000000000005 4.08683395385742
v 0.412500000000001 0.0250000000000005 4.10316562652588
v 0.425000000000001 0.0250000000000005 4.11880111694336
v 0.437500000000001 0.0250000000000005 4.13397550582886
v 0.450000000000001 0.0250000000000005 4.14896726608276
v 0.462500000000001 0.0250000000000005 4.16404676437378
v 0.475000000000001 0.0250000000000005 4.17934942245483
v 0.487500000000001 0.0250000000000005 4.19481039047241
v 0.500000000000001 0.0250000000000005 4.21024751663208
v -0.5 0.0375000000000005 4.12813711166382
v -0.4875 0.0375000000000005 4.08717060089111
v -0.475 0.0375000000000005 4.04614019393921
v -0.4625 0.0375000000000005 4.00581979751587
v -0.45 0.0375000000000005 3.96711206436157
v -0.4375 0.0375000000000005 3.93091583251953
v -0.425 0.0375000000000005 3.89779281616211
v -0.4125 0.0375000000000005 3.86776518821716
v -0.4 0.0375000000000005 3.84056258201599
v -0.3875 0.0375000000000005 3.81587982177734
v -0.375 0.0375000000000005 3.79344487190247
v -0.3625 0.0375000000000005 3.77305769920349
v -0.35 0.0375000000000005 3.75460505485535
v -0.3375 0.0375000000000005 3.73798680305481
v -0.325 0.0375000000000005 3.72304010391235
v -0.3125 0.0375000000000005 3.7095353603363
v -0.3 0.0375000000000005 3.6972336769104
v -0.2875 0.0375000000000005 3.68593764305115
v -0.275 0.0375000000000005 3.67551422119141
v -0.2625 0.0375000000000005 3.66588449478149
v -0.25 0.0375000000000005 3.65700888633728
v -0.2375 0.0375000000000005 3.64886593818665
v -0.225 0.0375000000000005 3.64144682884216
v -0.2125 0.0375000000000005 3.63473892211914
v -0.2 0.0375000000000005 3.62872767448425
v -0.1875 0.0375000000000005 3.6233925819397
v -0.175 0.0375000000000005 3.61870646476746
v -0.1625 0.0375000000000005 3.61463928222656
v -0.15 0.0375000000000005 3.61116337776184
v -0.1375 0.0375000000000005 3.6082501411438
v -0.125 0.0375000000000005 3.60588002204895
v -0.1125 0.0375000000000005 3.60403752326965
v -0.0999999999999996 0.0375000000000005 3.60271000862122
v -0.0874999999999996 0.0375000000000005 3.60189247131348
v -0.0749999999999996 0.0375000000000005 3.60158228874207
v -0.0624999999999996 0.0375000000000005 3.60178351402283
v -0.0499999999999996 0.0375000000000005 3.60249948501587
v -0.0374999999999996 0.0375000000000005 3.6037392616272
v -0.0249999999999996 0.0375000000000005 3.60551524162292
v -0.0124999999999996 0.0375000000000005 3.60784149169922
v 4.44089209850063e-16 0.0375000000000005 3.61073756217957
v 0.0125000000000004 0.0375000000000005 3.61422729492188
v 0.0250000000000005 0.0375000000000005 3.61834120750427
v 0.0375000000000005 0.0375000000000005 3.62311792373657
v 0.0500000000000005 0.0375000000000005 3.62860178947449
v 0.0625000000000004 0.0375000000000005 3.63484573364258
v 0.0750000000000005 0.0375000000000005 3.64189720153809
v 0.0875000000000006 0.0375000000000005 3.64978957176208
v 0.100000000000001 0.0375000000000005 3.65851664543152
v 0.1125 0.0375000000000005 3.66803026199341
v 0.125000000000001 0.0375000000000005 3.67823100090027
v 0.137500000000001 0.0375000000000005 3.68899154663086
v 0.150000000000001 0.0375000000000005 3.70018458366394
v 0.162500000000001 0.0375000000000005 3.71170806884766
v 0.175000000000001 0.0375000000000005 3.72351837158203
v 0.187500000000001 0.0375000000000005 3.73565602302551
v 0.200000000000001 0.0375000000000005 3.7482750415802
v 0.212500000000001 0.0375000000000005 3.76166772842407
v 0.225000000000001 0.0375000000000005 3.7762496471405
v 0.237500000000001 0.0375000000000005 3.79248547554016
v 0.250000000000001 0.0375000000000005 3.81072020530701
v 0.262500000000001 0.0375000000000005 3.8310182094574
v 0.275000000000001 0.0375000000000005 3.85311198234558
v 0.287500000000001 0.0375000000000005 3.87648463249207
v 0.300000000000001 0.0375000000000005 3.90052723884583
v 0.312500000000001 0.0375000000000005 3.92468333244324
v 0.325000000000001 0.0375000000000005 3.94851994514465
v 0.337500000000001 0.0375000000000005 3.97172617912292
v 0.350000000000001 0.0375000000000005 3.99407386779785
v 0.362500000000001 0.0375000000000005 4.0153923034668
v 0.375000000000001 0.0375000000000005 4.03556060791016
v 0.387500000000001 0.0375000000000005 4.05452299118042
v 0.400000000000001 0.0375000000000005 4.07230377197266
v 0.412500000000001 0.0375000000000005 4.08900547027588
v 0.425000000000001 0.0375000000000005 4.10479688644409
v 0.437500000000001 0.0375000000000005 4.11989545822144
v 0.450000000000001 0.0375000000000005 4.1345648765564
v 0.462500000000001 0.0375000000000005 4.14911222457886
v 0.475000000000001 0.0375000000000005 4.16383409500122
v 0.487500000000001 0.0375000000000005 4.17889404296875
v 0.500000000000001 0.0375000000000005 4.19424057006836
v -0.5 0.0500000000000005 4.08811187744141
v -0.4875 0.0500000000000005 4.04626703262329
v -0.475 0.0500000000000005 4.0049843788147
v -0.4625 0.0500000000000005 3.96519255638123
v -0.45 0.0500000000000005 3.92783737182617
v -0.4375 0.0500000000000005 3.89352583885193
v -0.425 0.0500000000000005 3.86229634284973
v -0.4125 0.0500000000000005 3.83394050598145
v -0.4 0.0500000000000005 3.80828857421875
v -0.3875 0.0500000000000005 3.78517770767212
v -0.375 0.0500000000000005 3.76442337036133
v -0.3625 0.0500000000000005 3.7458381652832
v -0.35 0.0500000000000005 3.72919917106628
v -0.3375 0.0500000000000005 3.71422243118286
v -0.325 0.0500000000000005 3.70059943199158
v -0.3125 0.0500000000000005 3.68806314468384
v -0.3 0.0500000000000005 3.67642760276794
v -0.2875 0.0500000000000005 3.66558647155762
v -0.275 0.0500000000000005 3.65549254417419
v -0.2625 0.0500000000000005 3.64612746238708
v -0.25 0.0500000000000005 3.63748931884766
v -0.2375 0.0500000000000005 3.62958002090454
v -0.225 0.0500000000000005 3.62239456176758
v -0.2125 0.0500000000000005 3.61592173576355
v -0.2 0.0500000000000005 3.61014175415039
v -0.1875 0.0500000000000005 3.60503005981445
v -0.175 0.0500000000000005 3.60055613517761
v -0.1625 0.0500000000000005 3.59669184684753
v -0.15 0.0500000000000005 3.59341096878052
v -0.1375 0.0500000000000005 3.59069132804871
v -0.125 0.0500000000000005 3.58851623535156
v -0.1125 0.0500000000000005 3.58687520027161
v -0.0999999999999996 0.0500000000000005 3.58576011657715
v -0.0874999999999996 0.0500000000000005 3.58516931533813
v -0.0749999999999996 0.0500000000000005 3.58510375022888
v -0.0624999999999996 0.0500000000000005 3.5855667591095
v -0.0499999999999996 0.0500000000000005 3.5865650177002
v -0.0374999999999996 0.0500000000000005 3.58810687065125
v -0.0249999999999996 0.0500000000000005 3.59020304679871
v -0.0124999999999996 0.0500000000000005 3.59286856651306
v 4.44089209850063e-16 0.0500000000000005 3.59611940383911
v 0.0125000000000004 0.0500000000000005 3.59997534751892
v 0.0250000000000005 0.0500000000000005 3.60446333885193
v 0.0375000000000005 0.0500000000000005 3.609614610672
v 0.0500000000000005 0.0500000000000005 3.61546778678894
v 0.0625000000000004 0.0500000000000005 3.62207198143005
v 0.0750000000000005 0.0500000000000005 3.62947463989258
v 0.0875000000000006 0.0500000000000005 3.63772201538086
v 0.100000000000001 0.0500000000000005 3.64683318138123
v 0.1125 0.0500000000000005 3.65678405761719
v 0.125000000000001 0.0500000000000005 3.66749501228333
v 0.137500000000001 0.0500000000000005 3.67883729934692
v 0.150000000000001 0.0500000000000005 3.69065737724304
v 0.162500000000001 0.0500000000000005 3.70280623435974
v 0.175000000000001 0.0500000000000005 3.71516799926758
v 0.187500000000001 0.0500000000000005 3.7276885509491
v 0.200000000000001 0.0500000000000005 3.74040603637695
v 0.212500000000001 0.0500000000000005 3.75348162651062
v 0.225000000000001 0.0500000000000005 3.76722574234009
v 0.237500000000001 0.0500000000000005 3.7820930480957
v 0.250000000000001 0.0500000000000005 3.798583984375
v 0.262500000000001 0.0500000000000005 3.81705546379089
v 0.275000000000001 0.0500000000000005 3.83755159378052
v 0.287500000000001 0.0500000000000005 3.85976719856262
v 0.300000000000001 0.0500000000000005 3.88315200805664
v 0.312500000000001 0.0500000000000005 3.90707182884216
v 0.325000000000001 0.0500000000000005 3.93096160888672
v 0.337500000000001 0.0500000000000005 3.95440602302551
v 0.350000000000001 0.0500000000000005 3.97712707519531
v 0.362500000000001 0.0500000000000005 3.99894118309021
v 0.375000000000001 0.0500000000000005 4.01971006393433
v 0.387500000000001 0.0500000000000005 4.03932857513428
v 0.400000000000001 0.0500000000000005 4.05774354934692
v 0.412500000000001 0.0500000000000005 4.07497262954712
v 0.425000000000001 0.0500000000000005 4.09112024307251
v 0.437500000000001 0.0500000000000005 4.10636472702026
v 0.450000000000001 0.0500000000000005 4.12094831466675
v 0.462500000000001 0.0500000000000005 4.13516283035278
v 0.475000000000001 0.0500000000000005 4.14934349060059
v 0.487500000000001 0.0500000000000005 4.16381502151489
v 0.500000000000001 0.0500000000000005 4.17875576019287
v -0.5 0.0625000000000004 4.04678964614868
v -0.4875 0.0625000000000004 4.00457525253296
v -0.475 0.0625000000000004 3.96370768547058
v -0.4625 0.0625000000000004 3.92518734931946
v -0.45 0.0625000000000004 3.88968133926392
v -0.4375 0.0625000000000004 3.85726022720337
v -0.425 0.0625000000000004 3.82776808738708
v -0.4125 0.0625000000000004 3.8011646270752
v -0.4 0.0625000000000004 3.77741670608521
v -0.3875 0.0625000000000004 3.75635147094727
v -0.375 0.0625000000000004 3.73767399787903
v -0.3625 0.0625000000000004 3.72101449966431
v -0.35 0.0625000000000004 3.70596575737
v -0.3375 0.0625000000000004 3.69216084480286
v -0.325 0.0625000000000004 3.67932438850403
v -0.3125 0.0625000000000004 3.66729474067688
v -0.3 0.0625000000000004 3.6559944152832
v -0.2875 0.0625000000000004 3.64540219306946
v -0.275 0.0625000000000004 3.63552260398865
v -0.2625 0.0625000000000004 3.62636828422546
v -0.25 0.0625000000000004 3.61795043945312
v -0.2375 0.0625000000000004 3.61026954650879
v -0.225 0.0625000000000004 3.60331845283508
v -0.2125 0.0625000000000004 3.59707808494568
v -0.2 0.0625000000000004 3.59152221679688
v -0.1875 0.0625000000000004 3.5866219997406
v -0.175 0.0625000000000004 3.58234858512878
v -0.1625 0.0625000000000004 3.57867503166199
v -0.15 0.0625000000000004 3.57557940483093
v -0.1375 0.0625000000000004 3.57304430007935
v -0.125 0.0625000000000004 3.57105803489685
v -0.1125 0.0625000000000004 3.56961512565613
v -0.0999999999999996 0.0625000000000004 3.5687108039856
v -0.0874999999999996 0.0625000000000004 3.56834721565247
v -0.0749999999999996 0.0625000000000004 3.56852650642395
v -0.0624999999999996 0.0625000000000004 3.56925392150879
v -0.0499999999999996 0.0625000000000004 3.57053732872009
v -0.0374999999999996 0.0625000000000004 3.57238554954529
v -0.0249999999999996 0.0625000000000004 3.57481002807617
v -0.0124999999999996 0.0625000000000004 3.57782340049744
v 4.44089209850063e-16 0.0625000000000004 3.58144116401672
v 0.0125000000000004 0.0625000000000004 3.58568167686462
v 0.0250000000000005 0.0625000000000004 3.59056711196899
v 0.0375000000000005 0.0625000000000004 3.59612202644348
v 0.0500000000000005 0.0625000000000004 3.60238122940063
v 0.0625000000000004 0.0625000000000004 3.60938382148743
v 0.0750000000000005 0.0625000000000004 3.6171760559082
v 0.0875000000000006 0.0625000000000004 3.62580490112305
v 0.100000000000001 0.0625000000000004 3.63530731201172
v 0.1125 0.0625000000000004 3.64568328857422
v 0.125000000000001 0.0625000000000004 3.65688180923462
v 0.137500000000001 0.0625000000000004 3.6687912940979
v 0.150000000000001 0.0625000000000004 3.68125534057617
v 0.162500000000001 0.0625000000000004 3.69409537315369
v 0.175000000000001 0.0625000000000004 3.7071475982666
v 0.187500000000001 0.0625000000000004 3.72028970718384
v 0.200000000000001 0.0625000000000004 3.73346447944641
v 0.212500000000001 0.0625000000000004 3.74671030044556
v 0.225000000000001 0.0625000000000004 3.76019906997681
v 0.237500000000001 0.0625000000000004 3.77426385879517
v 0.250000000000001 0.0625000000000004 3.78938746452332
v 0.262500000000001 0.0625000000000004 3.80609178543091
v 0.275000000000001 0.0625000000000004 3.82472681999207
v 0.287500000000001 0.0625000000000004 3.84530901908875
v 0.300000000000001 0.0625000000000004 3.86751103401184
v 0.312500000000001 0.0625000000000004 3.8907630443573
v 0.325000000000001 0.0625000000000004 3.91442108154297
v 0.337500000000001 0.0625000000000004 3.93791198730469
v 0.350000000000001 0.0625000000000004 3.96083307266235
v 0.362500000000001 0.0625000000000004 3.9829375743866
v 0.375000000000001 0.0625000000000004 4.0040864944458
v 0.387500000000001 0.0625000000000004 4.0241847038269
v 0.400000000000001 0.0625000000000004 4.04315137863159
v 0.412500000000001 0.0625000000000004 4.06094169616699
v 0.425000000000001 0.0625000000000004 4.07757568359375
v 0.437500000000001 0.0625000000000004 4.0931544303894
v 0.450000000000001 0.0625000000000004 4.10786914825439
v 0.462500000000001 0.0625000000000004 4.12198400497437
v 0.475000000000001 0.0625000000000004 4.13581991195679
v 0.487500000000001 0.0625000000000004 4.14974212646484
v 0.500000000000001 0.0625000000000004 4.16408634185791
v -0.5 0.0750000000000005 4.00444507598877
v -0.4875 0.0750000000000005 3.96253442764282
v -0.475 0.0750000000000005 3.92285919189453
v -0.4625 0.0750000000000005 3.88616371154785
v -0.45 0.0750000000000005 3.85256576538086
v -0.4375 0.0750000000000005 3.82196021080017
v -0.425 0.0750000000000005 3.79442834854126
v -0.4125 0.0750000000000005 3.77006387710571
v -0.4 0.0750000000000005 3.74870300292969
v -0.3875 0.0750000000000005 3.72993016242981
v -0.375 0.0750000000000005 3.71321725845337
v -0.3625 0.0750000000000005 3.69805145263672
v -0.35 0.0750000000000005 3.68402099609375
v -0.3375 0.0750000000000005 3.6708562374115
v -0.325 0.0750000000000005 3.65841746330261
v -0.3125 0.0750000000000005 3.64665532112122
v -0.3 0.0750000000000005 3.63557100296021
v -0.2875 0.0750000000000005 3.62518668174744
v -0.275 0.0750000000000005 3.61552858352661
v -0.2625 0.0750000000000005 3.60661506652832
v -0.25 0.0750000000000005 3.5984513759613
v -0.2375 0.0750000000000005 3.59103083610535
v -0.225 0.0750000000000005 3.58433604240417
v -0.2125 0.0750000000000005 3.57834029197693
v -0.2 0.0750000000000005 3.57301330566406
v -0.1875 0.0750000000000005 3.56832504272461
v -0.175 0.0750000000000005 3.56424784660339
v -0.1625 0.0750000000000005 3.5607590675354
v -0.15 0.0750000000000005 3.5578408241272
v -0.1375 0.0750000000000005 3.55548334121704
v -0.125 0.0750000000000005 3.55367970466614
v -0.1125 0.0750000000000005 3.55242848396301
v -0.0999999999999996 0.0750000000000005 3.55172967910767
v -0.0874999999999996 0.0750000000000005 3.55158805847168
v -0.0749999999999996 0.0750000000000005 3.55200695991516
v -0.0624999999999996 0.0750000000000005 3.55299496650696
v -0.0499999999999996 0.0750000000000005 3.5545608997345
v -0.0374999999999996 0.0750000000000005 3.55671310424805
v -0.0249999999999996 0.0750000000000005 3.55946469306946
v -0.0124999999999996 0.0750000000000005 3.56282734870911
v 4.44089209850063e-16 0.0750000000000005 3.56681680679321
v 0.0125000000000004 0.0750000000000005 3.57144856452942
v 0.0250000000000005 0.0750000000000005 3.57674264907837
v 0.0375000000000005 0.0750000000000005 3.5827214717865
v 0.0500000000000005 0.0750000000000005 3.58941006660461
v 0.0625000000000004 0.0750000000000005 3.59684157371521
v 0.0750000000000005 0.0750000000000005 3.6050546169281
v 0.0875000000000006 0.0750000000000005 3.6140923500061
v 0.100000000000001 0.0750000000000005 3.6239972114563
v 0.1125 0.0750000000000005 3.63478899002075
v 0.125000000000001 0.0750000000000005 3.64644479751587
v 0.137500000000001 0.0750000000000005 3.65888142585754
v 0.150000000000001 0.0750000000000005 3.67195296287537
v 0.162500000000001 0.0750000000000005 3.68547511100769
v 0.175000000000001 0.0750000000000005 3.69925546646118
v 0.187500000000001 0.0750000000000005 3.71312022209167
v 0.200000000000001 0.0750000000000005 3.72694659233093
v 0.212500000000001 0.0750000000000005 3.7406792640686
v 0.225000000000001 0.0750000000000005 3.75436568260193
v 0.237500000000001 0.0750000000000005 3.76819348335266
v 0.250000000000001 0.0750000000000005 3.78252196311951
v 0.262500000000001 0.0750000000000005 3.79785919189453
v 0.275000000000001 0.0750000000000005 3.81472849845886
v 0.287500000000001 0.0750000000000005 3.83345198631287
v 0.300000000000001 0.0750000000000005 3.85401201248169
v 0.312500000000001 0.0750000000000005 3.8760712146759
v 0.325000000000001 0.0750000000000005 3.89906001091003
v 0.337500000000001 0.0750000000000005 3.9223313331604
v 0.350000000000001 0.0750000000000005 3.9453125
v 0.362500000000001 0.0750000000000005 3.96760749816895
v 0.375000000000001 0.0750000000000005 3.98899698257446
v 0.387500000000001 0.0750000000000005 4.00938367843628
v 0.400000000000001 0.0750000000000005 4.02871799468994
v 0.412500000000001 0.0750000000000005 4.04695701599121
v 0.425000000000001 0.0750000000000005 4.06407356262207
v 0.437500000000001 0.0750000000000005 4.08009099960327
v 0.450000000000001 0.0750000000000005 4.09511709213257
v 0.462500000000001 0.0750000000000005 4.10935211181641
v 0.475000000000001 0.0750000000000005 4.12308073043823
v 0.487500000000001 0.0750000000000005 4.13664865493774
v 0.500000000000001 0.0750000000000005 4.15043640136719
v -0.5 0.0875000000000006 3.9615523815155
v -0.4875 0.0875000000000006 3.92076277732849
v -0.475 0.0875000000000006 3.88289952278137
v -0.4625 0.0875000000000006 3.84814810752869
v -0.45 0.0875000000000006 3.81646418571472
v -0.4375 0.0875000000000006 3.78803324699402
v -0.425 0.0875000000000006 3.76305842399597
v -0.4125 0.0875000000000006 3.74138569831848
v -0.4 0.0875000000000006 3.72248315811157
v -0.3875 0.0875000000000006 3.70567893981934
v -0.375 0.0875000000000006 3.69036340713501
v -0.3625 0.0875000000000006 3.67609333992004
v -0.35 0.0875000000000006 3.66260457038879
v -0.3375 0.0875000000000006 3.64977717399597
v -0.325 0.0875000000000006 3.63758444786072
v -0.3125 0.0875000000000006 3.62604522705078
v -0.3 0.0875000000000006 3.61519861221313
v -0.2875 0.0875000000000006 3.60507893562317
v -0.275 0.0875000000000006 3.59571242332458
v -0.2625 0.0875000000000006 3.58710718154907
v -0.25 0.0875000000000006 3.57925868034363
v -0.2375 0.0875000000000006 3.57214593887329
v -0.225 0.0875000000000006 3.56574177742004
v -0.2125 0.0875000000000006 3.56001162528992
v -0.2 0.0875000000000006 3.55492401123047
v -0.1875 0.0875000000000006 3.55044865608215
v -0.175 0.0875000000000006 3.54656219482422
v -0.1625 0.0875000000000006 3.54324769973755
v -0.15 0.0875000000000006 3.54049491882324
v -0.1375 0.0875000000000006 3.53829884529114
v -0.125 0.0875000000000006 3.53665995597839
v -0.1125 0.0875000000000006 3.53558135032654
v -0.0999999999999996 0.0875000000000006 3.53506779670715
v -0.0874999999999996 0.0875000000000006 3.53512740135193
v -0.0749999999999996 0.0875000000000006 3.53576636314392
v -0.0624999999999996 0.0875000000000006 3.53699493408203
v -0.0499999999999996 0.0875000000000006 3.53882455825806
v -0.0374999999999996 0.0875000000000006 3.54126334190369
v -0.0249999999999996 0.0875000000000006 3.54432487487793
v -0.0124999999999996 0.0875000000000006 3.54802131652832
v 4.44089209850063e-16 0.0875000000000006 3.55236887931824
v 0.0125000000000004 0.0875000000000006 3.55738139152527
v 0.0250000000000005 0.0875000000000006 3.56307721138
v 0.0375000000000005 0.0875000000000006 3.5694751739502
v 0.0500000000000005 0.0875000000000006 3.57659697532654
v 0.0625000000000004 0.0875000000000006 3.58446621894836
v 0.0750000000000005 0.0875000000000006 3.59311461448669
v 0.0875000000000006 0.0875000000000006 3.60257697105408
v 0.100000000000001 0.0875000000000006 3.61289286613464
v 0.1125 0.0875000000000006 3.62409329414368
v 0.125000000000001 0.0875000000000006 3.63617634773254
v 0.137500000000001 0.0875000000000006 3.64909052848816
v 0.150000000000001 0.0875000000000006 3.66271376609802
v 0.162500000000001 0.0875000000000006 3.67687082290649
v 0.175000000000001 0.0875000000000006 3.69135594367981
v 0.187500000000001 0.0875000000000006 3.70596480369568
v 0.200000000000001 0.0875000000000006 3.72052383422852
v 0.212500000000001 0.0875000000000006 3.73491358757019
v 0.225000000000001 0.0875000000000006 3.74908685684204
v 0.237500000000001 0.0875000000000006 3.76310849189758
v 0.250000000000001 0.0875000000000006 3.77718806266785
v 0.262500000000001 0.0875000000000006 3.79171752929688
v 0.275000000000001 0.0875000000000006 3.80722665786743
v 0.287500000000001 0.0875000000000006 3.82421565055847
v 0.300000000000001 0.0875000000000006 3.84295320510864
v 0.312500000000001 0.0875000000000006 3.86338806152344
v 0.325000000000001 0.0875000000000006 3.88518691062927
v 0.337500000000001 0.0875000000000006 3.90779495239258
v 0.350000000000001 0.0875000000000006 3.93057107925415
v 0.362500000000001 0.0875000000000006 3.95294642448425
v 0.375000000000001 0.0875000000000006 3.97453474998474
v 0.387500000000001 0.0875000000000006 3.99513936042786
v 0.400000000000001 0.0875000000000006 4.01469993591309
v 0.412500000000001 0.0875000000000006 4.03321552276611
v 0.425000000000001 0.0875000000000006 4.05068683624268
v 0.437500000000001 0.0875000000000006 4.06711387634277
v 0.450000000000001 0.0875000000000006 4.0825343132019
v 0.462500000000001 0.0875000000000006 4.09706115722656
v 0.475000000000001 0.0875000000000006 4.11090707778931
v 0.487500000000001 0.0875000000000006 4.12436628341675
v 0.500000000000001 0.0875000000000006 4.1377968788147
v -0.5 0.100000000000001 3.91880488395691
v -0.4875 0.100000000000001 3.87982177734375
v -0.475 0.100000000000001 3.84395790100098
v -0.4625 0.100000000000001 3.81124234199524
v -0.45 0.100000000000001 3.78195071220398
v -0.4375 0.100000000000001 3.75637102127075
v -0.425 0.100000000000001 3.7343544960022
v -0.4125 0.100000000000001 3.71528244018555
v -0.4 0.100000000000001 3.69835901260376
v -0.3875 0.100000000000001 3.68288969993591
v -0.375 0.100000000000001 3.66839838027954
v -0.3625 0.100000000000001 3.65462183952332
v -0.35 0.100000000000001 3.64145588874817
v -0.3375 0.100000000000001 3.6288890838623
v -0.325 0.100000000000001 3.61695909500122
v -0.3125 0.100000000000001 3.60571599006653
v -0.3 0.100000000000001 3.59520506858826
v -0.2875 0.100000000000001 3.58545756340027
v -0.275 0.100000000000001 3.57648468017578
v -0.2625 0.100000000000001 3.56827855110168
v -0.25 0.100000000000001 3.56081581115723
v -0.2375 0.100000000000001 3.55406355857849
v -0.225 0.100000000000001 3.54798245429993
v -0.2125 0.100000000000001 3.54253649711609
v -0.2 0.100000000000001 3.53769278526306
v -0.1875 0.100000000000001 3.53342509269714
v -0.175 0.100000000000001 3.52971577644348
v -0.1625 0.100000000000001 3.52655673027039
v -0.15 0.100000000000001 3.52394342422485
v -0.1375 0.100000000000001 3.52187967300415
v -0.125 0.100000000000001 3.52037119865417
v -0.1125 0.100000000000001 3.51942825317383
v -0.0999999999999996 0.100000000000001 3.51906132698059
v -0.0874999999999996 0.100000000000001 3.51928305625916
v -0.0749999999999996 0.100000000000001 3.52010273933411
v -0.0624999999999996 0.100000000000001 3.52153325080872
v -0.0499999999999996 0.100000000000001 3.52358555793762
v -0.0374999999999996 0.100000000000001 3.52627062797546
v -0.0249999999999996 0.100000000000001 3.52960205078125
v -0.0124999999999996 0.100000000000001 3.53359293937683
v 4.44089209850063e-16 0.100000000000001 3.53825807571411
v 0.0125000000000004 0.100000000000001 3.54361200332642
v 0.0250000000000005 0.100000000000001 3.54967284202576
v 0.0375000000000005 0.100000000000001 3.55645632743835
v 0.0500000000000005 0.100000000000001 3.56398177146912
v 0.0625000000000004 0.100000000000001 3.57226634025574
v 0.0750000000000005 0.100000000000001 3.58133435249329
v 0.0875000000000006 0.100000000000001 3.59121179580688
v 0.100000000000001 0.100000000000001 3.60193133354187
v 0.1125 0.100000000000001 3.6135241985321
v 0.125000000000001 0.100000000000001 3.62600326538086
v 0.137500000000001 0.100000000000001 3.63934397697449
v 0.150000000000001 0.100000000000001 3.65345573425293
v 0.162500000000001 0.100000000000001 3.6681809425354
v 0.175000000000001 0.100000000000001 3.6833176612854
v 0.187500000000001 0.100000000000001 3.69864463806152
v 0.200000000000001 0.100000000000001 3.71395373344421
v 0.212500000000001 0.100000000000001 3.72907757759094
v 0.225000000000001 0.100000000000001 3.74390196800232
v 0.237500000000001 0.100000000000001 3.75839591026306
v 0.250000000000001 0.100000000000001 3.77264642715454
v 0.262500000000001 0.100000000000001 3.78689742088318
v 0.275000000000001 0.100000000000001 3.80157780647278
v 0.287500000000001 0.100000000000001 3.8172242641449
v 0.300000000000001 0.100000000000001 3.83428883552551
v 0.312500000000001 0.100000000000001 3.85296821594238
v 0.325000000000001 0.100000000000001 3.87318396568298
v 0.337500000000001 0.100000000000001 3.89461636543274
v 0.350000000000001 0.100000000000001 3.9167377948761
v 0.362500000000001 0.100000000000001 3.93892216682434
v 0.375000000000001 0.100000000000001 3.96061253547668
v 0.387500000000001 0.100000000000001 3.98143315315247
v 0.400000000000001 0.100000000000001 4.00120830535889
v 0.412500000000001 0.100000000000001 4.01991367340088
v 0.425000000000001 0.100000000000001 4.03759384155273
v 0.437500000000001 0.100000000000001 4.05429983139038
v 0.450000000000001 0.100000000000001 4.07006788253784
v 0.462500000000001 0.100000000000001 4.08495426177979
v 0.475000000000001 0.100000000000001 4.09908390045166
v 0.487500000000001 0.100000000000001 4.11266660690308
v 0.500000000000001 0.100000000000001 4.12599325180054
v -0.5 0.1125 3.87686324119568
v -0.4875 0.1125 3.83994722366333
v -0.475 0.1125 3.8062596321106
v -0.4625 0.1125 3.77616190910339
v -0.45 0.1125 3.74999213218689
v -0.4375 0.1125 3.72761082649231
v -0.425 0.1125 3.70834279060364
v -0.4125 0.1125 3.6912956237793
v -0.4 0.1125 3.67569422721863
v -0.3875 0.1125 3.6610267162323
v -0.375 0.1125 3.64702224731445
v -0.3625 0.1125 3.63358545303345
v -0.35 0.1125 3.62071990966797
v -0.3375 0.1125 3.60847735404968
v -0.325 0.1125 3.59692168235779
v -0.3125 0.1125 3.58610796928406
v -0.3 0.1125 3.57606959342957
v -0.2875 0.1125 3.56681895256042
v -0.275 0.1125 3.55834197998047
v -0.2625 0.1125 3.55061030387878
v -0.25 0.1125 3.54358291625977
v -0.2375 0.1125 3.53721618652344
v -0.225 0.1125 3.53146743774414
v -0.2125 0.1125 3.52630043029785
v -0.2 0.1125 3.5216863155365
v -0.1875 0.1125 3.51760649681091
v -0.175 0.1125 3.51405119895935
v -0.1625 0.1125 3.51101922988892
v -0.15 0.1125 3.50851440429688
v -0.1375 0.1125 3.5065484046936
v -0.125 0.1125 3.50513339042664
v -0.1125 0.1125 3.50428628921509
v -0.0999999999999996 0.1125 3.5040237903595
v -0.0874999999999996 0.1125 3.5043625831604
v -0.0749999999999996 0.1125 3.50531578063965
v -0.0624999999999996 0.1125 3.50689816474915
v -0.0499999999999996 0.1125 3.50912284851074
v -0.0374999999999996 0.1125 3.51200103759766
v -0.0249999999999996 0.1125 3.51554489135742
v -0.0124999999999996 0.1125 3.51976847648621
v 4.44089209850063e-16 0.1125 3.52468657493591
v 0.0125000000000004 0.1125 3.53031468391418
v 0.0250000000000005 0.1125 3.53666877746582
v 0.0375000000000005 0.1125 3.54376840591431
v 0.0500000000000005 0.1125 3.55162978172302
v 0.0625000000000004 0.1125 3.56026840209961
v 0.0750000000000005 0.1125 3.5697021484375
v 0.0875000000000006 0.1125 3.57995080947876
v 0.100000000000001 0.1125 3.5910382270813
v 0.1125 0.1125 3.6029908657074
v 0.125000000000001 0.1125 3.61582732200623
v 0.137500000000001 0.1125 3.62954187393188
v 0.150000000000001 0.1125 3.64407277107239
v 0.162500000000001 0.1125 3.65929269790649
v 0.175000000000001 0.1125 3.67501139640808
v 0.187500000000001 0.1125 3.69100427627563
v 0.200000000000001 0.1125 3.70704197883606
v 0.212500000000001 0.1125 3.72292017936707
v 0.225000000000001 0.1125 3.7384774684906
v 0.237500000000001 0.1125 3.75361251831055
v 0.250000000000001 0.1125 3.768315076828
v 0.262500000000001 0.1125 3.78270196914673
v 0.275000000000001 0.1125 3.79706263542175
v 0.287500000000001 0.1125 3.81186032295227
v 0.300000000000001 0.1125 3.82761931419373
v 0.312500000000001 0.1125 3.84471368789673
v 0.325000000000001 0.1125 3.86326146125793
v 0.337500000000001 0.1125 3.88316702842712
v 0.350000000000001 0.1125 3.90413975715637
v 0.362500000000001 0.1125 3.92568325996399
v 0.375000000000001 0.1125 3.94719362258911
v 0.387500000000001 0.1125 3.96813249588013
v 0.400000000000001 0.1125 3.98814082145691
v 0.412500000000001 0.1125 4.00706624984741
v 0.425000000000001 0.1125 4.02491903305054
v 0.437500000000001 0.1125 4.0417914390564
v 0.450000000000001 0.1125 4.05778455734253
v 0.462500000000001 0.1125 4.07297468185425
v 0.475000000000001 0.1125 4.08744192123413
v 0.487500000000001 0.1125 4.10131025314331
v 0.500000000000001 0.1125 4.11477279663086
v -0.5 0.125000000000001 3.83606886863708
v -0.4875 0.125000000000001 3.80149006843567
v -0.475 0.125000000000001 3.77065920829773
v -0.4625 0.125000000000001 3.74394297599792
v -0.45 0.125000000000001 3.72119688987732
v -0.4375 0.125000000000001 3.70172572135925
v -0.425 0.125000000000001 3.6845703125
v -0.4125 0.125000000000001 3.66887831687927
v -0.4 0.125000000000001 3.65409016609192
v -0.3875 0.125000000000001 3.63992381095886
v -0.375 0.125000000000001 3.62628793716431
v -0.3625 0.125000000000001 3.61319923400879
v -0.35 0.125000000000001 3.60072565078735
v -0.3375 0.125000000000001 3.5889413356781
v -0.325 0.125000000000001 3.57790994644165
v -0.3125 0.125000000000001 3.56766676902771
v -0.3 0.125000000000001 3.5582160949707
v -0.2875 0.125000000000001 3.5495400428772
v -0.275 0.125000000000001 3.54159998893738
v -0.2625 0.125000000000001 3.53434991836548
v -0.25 0.125000000000001 3.52774047851562
v -0.2375 0.125000000000001 3.52172780036926
v -0.225 0.125000000000001 3.51627206802368
v -0.2125 0.125000000000001 3.51134538650513
v -0.2 0.125000000000001 3.5069272518158
v -0.1875 0.125000000000001 3.50300598144531
v -0.175 0.125000000000001 3.49958038330078
v -0.1625 0.125000000000001 3.49665570259094
v -0.15 0.125000000000001 3.4942421913147
v -0.1375 0.125000000000001 3.49235701560974
v -0.125 0.125000000000001 3.49101901054382
v -0.1125 0.125000000000001 3.49024963378906
v -0.0999999999999996 0.125000000000001 3.49006962776184
v -0.0874999999999996 0.125000000000001 3.49049925804138
v -0.0749999999999996 0.125000000000001 3.49155735969543
v -0.0624999999999996 0.125000000000001 3.49325942993164
v -0.0499999999999996 0.125000000000001 3.49561810493469
v -0.0374999999999996 0.125000000000001 3.49864506721497
v -0.0249999999999996 0.125000000000001 3.50235152244568
v -0.0124999999999996 0.125000000000001 3.50674986839294
v 4.44089209850063e-16 0.125000000000001 3.51185154914856
v 0.0125000000000004 0.125000000000001 3.51767420768738
v 0.0250000000000005 0.125000000000001 3.52423548698425
v 0.0375000000000005 0.125000000000001 3.53155493736267
v 0.0500000000000005 0.125000000000001 3.5396523475647
v 0.0625000000000004 0.125000000000001 3.54854774475098
v 0.0750000000000005 0.125000000000001 3.55825591087341
v 0.0875000000000006 0.125000000000001 3.5687940120697
v 0.100000000000001 0.125000000000001 3.58017897605896
v 0.1125 0.125000000000001 3.59243249893188
v 0.125000000000001 0.125000000000001 3.60557103157043
v 0.137500000000001 0.125000000000001 3.61959958076477
v 0.150000000000001 0.125000000000001 3.63448119163513
v 0.162500000000001 0.125000000000001 3.65011668205261
v 0.175000000000001 0.125000000000001 3.66633915901184
v 0.187500000000001 0.125000000000001 3.68292808532715
v 0.200000000000001 0.125000000000001 3.69964647293091
v 0.212500000000001 0.125000000000001 3.71626257896423
v 0.225000000000001 0.125000000000001 3.73257875442505
v 0.237500000000001 0.125000000000001 3.74844431877136
v 0.250000000000001 0.125000000000001 3.7637767791748
v 0.262500000000001 0.125000000000001 3.77858901023865
v 0.275000000000001 0.125000000000001 3.79303979873657
v 0.287500000000001 0.125000000000001 3.8074688911438
v 0.300000000000001 0.125000000000001 3.82236838340759
v 0.312500000000001 0.125000000000001 3.83821749687195
v 0.325000000000001 0.125000000000001 3.85528635978699
v 0.337500000000001 0.125000000000001 3.87362217903137
v 0.350000000000001 0.125000000000001 3.89313292503357
v 0.362500000000001 0.125000000000001 3.91356253623962
v 0.375000000000001 0.125000000000001 3.93444895744324
v 0.387500000000001 0.125000000000001 3.95521855354309
v 0.400000000000001 0.125000000000001 3.97535562515259
v 0.412500000000001 0.125000000000001 3.99452638626099
v 0.425000000000001 0.125000000000001 4.01260757446289
v 0.437500000000001 0.125000000000001 4.02964448928833
v 0.450000000000001 0.125000000000001 4.04577875137329
v 0.462500000000001 0.125000000000001 4.06116104125977
v 0.475000000000001 0.125000000000001 4.07590818405151
v 0.487500000000001 0.125000000000001 4.09010696411133
v 0.500000000000001 0.125000000000001 4.10386371612549
v -0.5 0.137500000000001 3.79692006111145
v -0.4875 0.137500000000001 3.76545453071594
v -0.475 0.137500000000001 3.73826217651367
v -0.4625 0.137500000000001 3.71518015861511
v -0.45 0.137500000000001 3.6955132484436
v -0.4375 0.137500000000001 3.67826628684998
v -0.425 0.137500000000001 3.66251754760742
v -0.4125 0.137500000000001 3.64765739440918
v -0.4 0.137500000000001 3.63338398933411
v -0.3875 0.137500000000001 3.61960792541504
v -0.375 0.137500000000001 3.60635948181152
v -0.3625 0.137500000000001 3.59372067451477
v -0.35 0.137500000000001 3.58177733421326
v -0.3375 0.137500000000001 3.57059407234192
v -0.325 0.137500000000001 3.56020283699036
v -0.3125 0.137500000000001 3.55059885978699
v -0.3 0.137500000000001 3.5417537689209
v -0.2875 0.137500000000001 3.53362345695496
v -0.275 0.137500000000001 3.52615928649902
v -0.2625 0.137500000000001 3.51931262016296
v -0.25 0.137500000000001 3.51303935050964
v -0.2375 0.137500000000001 3.50730514526367
v -0.225 0.137500000000001 3.50207901000977
v -0.2125 0.137500000000001 3.49734306335449
v -0.2 0.137500000000001 3.49308466911316
v -0.1875 0.137500000000001 3.48930048942566
v -0.175 0.137500000000001 3.48599433898926
v -0.1625 0.137500000000001 3.48317646980286
v -0.15 0.137500000000001 3.48086023330688
v -0.1375 0.137500000000001 3.47906565666199
v -0.125 0.137500000000001 3.47781538963318
v -0.1125 0.137500000000001 3.47713398933411
v -0.0999999999999996 0.137500000000001 3.477046251297
v -0.0874999999999996 0.137500000000001 3.47757577896118
v -0.0749999999999996 0.137500000000001 3.47874140739441
v -0.0624999999999996 0.137500000000001 3.48056268692017
v -0.0499999999999996 0.137500000000001 3.48305106163025
v -0.0374999999999996 0.137500000000001 3.48621678352356
v -0.0249999999999996 0.137500000000001 3.49006724357605
v -0.0124999999999996 0.137500000000001 3.49461150169373
v 4.44089209850063e-16 0.137500000000001 3.49985861778259
v 0.0125000000000004 0.137500000000001 3.50582122802734
v 0.0250000000000005 0.137500000000001 3.51251792907715
v 0.0375000000000005 0.137500000000001 3.51996994018555
v 0.0500000000000005 0.137500000000001 3.52820134162903
v 0.0625000000000004 0.137500000000001 3.53723835945129
v 0.0750000000000005 0.137500000000001 3.54710245132446
v 0.0875000000000006 0.137500000000001 3.55781602859497
v 0.100000000000001 0.137500000000001 3.56939625740051
v 0.1125 0.137500000000001 3.58186006546021
v 0.125000000000001 0.137500000000001 3.59522294998169
v 0.137500000000001 0.137500000000001 3.60949182510376
v 0.150000000000001 0.137500000000001 3.62464690208435
v 0.162500000000001 0.137500000000001 3.64061403274536
v 0.175000000000001 0.137500000000001 3.65725183486938
v 0.187500000000001 0.137500000000001 3.67435693740845
v 0.200000000000001 0.137500000000001 3.69168663024902
v 0.212500000000001 0.137500000000001 3.70899653434753
v 0.225000000000001 0.137500000000001 3.72606158256531
v 0.237500000000001 0.137500000000001 3.74269032478333
v 0.250000000000001 0.137500000000001 3.75874781608582
v 0.262500000000001 0.137500000000001 3.77417230606079
v 0.275000000000001 0.137500000000001 3.78901147842407
v 0.287500000000001 0.137500000000001 3.80347418785095
v 0.300000000000001 0.137500000000001 3.81795382499695
v 0.312500000000001 0.137500000000001 3.83294868469238
v 0.325000000000001 0.137500000000001 3.84885573387146
v 0.337500000000001 0.137500000000001 3.86582946777344
v 0.350000000000001 0.137500000000001 3.88386917114258
v 0.362500000000001 0.137500000000001 3.90290427207947
v 0.375000000000001 0.137500000000001 3.92271661758423
v 0.387500000000001 0.137500000000001 3.94288182258606
v 0.400000000000001 0.137500000000001 3.96285700798035
v 0.412500000000001 0.137500000000001 3.9821617603302
v 0.425000000000001 0.137500000000001 4.00049304962158
v 0.437500000000001 0.137500000000001 4.01776123046875
v 0.450000000000001 0.137500000000001 4.03405618667603
v 0.462500000000001 0.137500000000001 4.04956579208374
v 0.475000000000001 0.137500000000001 4.06448745727539
v 0.487500000000001 0.137500000000001 4.07895660400391
v 0.500000000000001 0.137500000000001 4.09304761886597
v -0.5 0.150000000000001 3.76057314872742
v -0.4875 0.150000000000001 3.73299860954285
v -0.475 0.150000000000001 3.70962190628052
v -0.4625 0.150000000000001 3.68976068496704
v -0.45 0.150000000000001 3.67241907119751
v -0.4375 0.150000000000001 3.65662431716919
v -0.425 0.150000000000001 3.64171290397644
v -0.4125 0.150000000000001 3.62736201286316
v -0.4 0.150000000000001 3.61348414421082
v -0.3875 0.150000000000001 3.60011911392212
v -0.375 0.150000000000001 3.58736109733582
v -0.3625 0.150000000000001 3.57530450820923
v -0.35 0.150000000000001 3.56400918960571
v -0.3375 0.150000000000001 3.5534942150116
v -0.325 0.150000000000001 3.54374551773071
v -0.3125 0.150000000000001 3.53472518920898
v -0.3 0.150000000000001 3.52638697624207
v -0.2875 0.150000000000001 3.51868677139282
v -0.275 0.150000000000001 3.51157999038696
v -0.2625 0.150000000000001 3.50502848625183
v -0.25 0.150000000000001 3.4990017414093
v -0.2375 0.150000000000001 3.49347376823425
v -0.225 0.150000000000001 3.48842477798462
v -0.2125 0.150000000000001 3.48384547233582
v -0.2 0.150000000000001 3.47972869873047
v -0.1875 0.150000000000001 3.47607684135437
v -0.175 0.150000000000001 3.472895860672
v -0.1625 0.150000000000001 3.4701976776123
v -0.15 0.150000000000001 3.46799921989441
v -0.1375 0.150000000000001 3.46632075309753
v -0.125 0.150000000000001 3.46518588066101
v -0.1125 0.150000000000001 3.46462178230286
v -0.0999999999999996 0.150000000000001 3.46465539932251
v -0.0874999999999996 0.150000000000001 3.4653115272522
v -0.0749999999999996 0.150000000000001 3.46661257743835
v -0.0624999999999996 0.150000000000001 3.46857690811157
v -0.0499999999999996 0.150000000000001 3.47121739387512
v -0.0374999999999996 0.150000000000001 3.47454190254211
v -0.0249999999999996 0.150000000000001 3.47855377197266
v -0.0124999999999996 0.150000000000001 3.4832558631897
v 4.44089209850063e-16 0.150000000000001 3.48865127563477
v 0.0125000000000004 0.150000000000001 3.49474835395813
v 0.0250000000000005 0.150000000000001 3.50155806541443
v 0.0375000000000005 0.150000000000001 3.50909972190857
v 0.0500000000000005 0.150000000000001 3.51739954948425
v 0.0625000000000004 0.150000000000001 3.52648973464966
v 0.0750000000000005 0.150000000000001 3.53640055656433
v 0.0875000000000006 0.150000000000001 3.54716730117798
v 0.100000000000001 0.150000000000001 3.55881667137146
v 0.1125 0.150000000000001 3.57137227058411
v 0.125000000000001 0.150000000000001 3.58485102653503
v 0.137500000000001 0.150000000000001 3.59926414489746
v 0.150000000000001 0.150000000000001 3.61459994316101
v 0.162500000000001 0.150000000000001 3.6308057308197
v 0.175000000000001 0.150000000000001 3.64776468276978
v 0.187500000000001 0.150000000000001 3.66529083251953
v 0.200000000000001 0.150000000000001 3.68314981460571
v 0.212500000000001 0.150000000000001 3.70108723640442
v 0.225000000000001 0.150000000000001 3.71885752677917
v 0.237500000000001 0.150000000000001 3.73624086380005
v 0.250000000000001 0.150000000000001 3.75306177139282
v 0.262500000000001 0.150000000000001 3.76920247077942
v 0.275000000000001 0.150000000000001 3.78462600708008
v 0.287500000000001 0.150000000000001 3.79942560195923
v 0.300000000000001 0.150000000000001 3.81387114524841
v 0.312500000000001 0.150000000000001 3.82839965820312
v 0.325000000000001 0.150000000000001 3.84348154067993
v 0.337500000000001 0.150000000000001 3.85939478874207
v 0.350000000000001 0.150000000000001 3.87618708610535
v 0.362500000000001 0.150000000000001 3.89384388923645
v 0.375000000000001 0.150000000000001 3.91232848167419
v 0.387500000000001 0.150000000000001 3.93146204948425
v 0.400000000000001 0.150000000000001 3.95085525512695
v 0.412500000000001 0.150000000000001 3.97000360488892
v 0.425000000000001 0.150000000000001 3.98846554756165
v 0.437500000000001 0.150000000000001 4.00598001480103
v 0.450000000000001 0.150000000000001 4.02249956130981
v 0.462500000000001 0.150000000000001 4.03816080093384
v 0.475000000000001 0.150000000000001 4.05319929122925
v 0.487500000000001 0.150000000000001 4.06783819198608
v 0.500000000000001 0.150000000000001 4.08220195770264
v -0.5 0.162500000000001 3.72818183898926
v -0.4875 0.162500000000001 3.70454406738281
v -0.475 0.162500000000001 3.68446850776672
v -0.4625 0.162500000000001 3.66699457168579
v -0.45 0.162500000000001 3.65112686157227
v -0.4375 0.162500000000001 3.63615679740906
v -0.425 0.162500000000001 3.62173628807068
v -0.4125 0.162500000000001 3.60776972770691
v -0.4 0.162500000000001 3.5943124294281
v -0.3875 0.162500000000001 3.58146286010742
v -0.375 0.162500000000001 3.56931757926941
v -0.3625 0.162500000000001 3.55792474746704
v -0.35 0.162500000000001 3.54728960990906
v -0.3375 0.162500000000001 3.53738331794739
v -0.325 0.162500000000001 3.52816462516785
v -0.3125 0.162500000000001 3.51959085464478
v -0.3 0.162500000000001 3.51162266731262
v -0.2875 0.162500000000001 3.50422668457031
v -0.275 0.162500000000001 3.49737334251404
v -0.2625 0.162500000000001 3.49103593826294
v -0.25 0.162500000000001 3.48519444465637
v -0.2375 0.162500000000001 3.47983169555664
v -0.225 0.162500000000001 3.47493672370911
v -0.2125 0.162500000000001 3.47050261497498
v -0.2 0.162500000000001 3.46652770042419
v -0.1875 0.162500000000001 3.46301698684692
v -0.175 0.162500000000001 3.4599769115448
v -0.1625 0.162500000000001 3.45742082595825
v -0.15 0.162500000000001 3.45536398887634
v -0.1375 0.162500000000001 3.4538300037384
v -0.125 0.162500000000001 3.45284128189087
v -0.1125 0.162500000000001 3.45242547988892
v -0.0999999999999996 0.162500000000001 3.45261073112488
v -0.0874999999999996 0.162500000000001 3.45342493057251
v -0.0749999999999996 0.162500000000001 3.45489168167114
v -0.0624999999999996 0.162500000000001 3.4570300579071
v -0.0499999999999996 0.162500000000001 3.45985341072083
v -0.0374999999999996 0.162500000000001 3.46336674690247
v -0.0249999999999996 0.162500000000001 3.46757125854492
v -0.0124999999999996 0.162500000000001 3.47246408462524
v 4.44089209850063e-16 0.162500000000001 3.47804141044617
v 0.0125000000000004 0.162500000000001 3.48430180549622
v 0.0250000000000005 0.162500000000001 3.49124979972839
v 0.0375000000000005 0.162500000000001 3.4988968372345
v 0.0500000000000005 0.162500000000001 3.50726246833801
v 0.0625000000000004 0.162500000000001 3.51637768745422
v 0.0750000000000005 0.162500000000001 3.52627944946289
v 0.0875000000000006 0.162500000000001 3.53701066970825
v 0.100000000000001 0.162500000000001 3.54861617088318
v 0.1125 0.162500000000001 3.56113600730896
v 0.125000000000001 0.162500000000001 3.57460331916809
v 0.137500000000001 0.162500000000001 3.58903765678406
v 0.150000000000001 0.162500000000001 3.60443949699402
v 0.162500000000001 0.162500000000001 3.62077331542969
v 0.175000000000001 0.162500000000001 3.63794326782227
v 0.187500000000001 0.162500000000001 3.65578699111938
v 0.200000000000001 0.162500000000001 3.6740779876709
v 0.212500000000001 0.162500000000001 3.69255828857422
v 0.225000000000001 0.162500000000001 3.71096801757812
v 0.237500000000001 0.162500000000001 3.72906565666199
v 0.250000000000001 0.162500000000001 3.74664425849915
v 0.262500000000001 0.162500000000001 3.76354098320007
v 0.275000000000001 0.162500000000001 3.77966117858887
v 0.287500000000001 0.162500000000001 3.79500389099121
v 0.300000000000001 0.162500000000001 3.80971884727478
v 0.312500000000001 0.162500000000001 3.82413721084595
v 0.325000000000001 0.162500000000001 3.8387234210968
v 0.337500000000001 0.162500000000001 3.85386824607849
v 0.350000000000001 0.162500000000001 3.86970901489258
v 0.362500000000001 0.162500000000001 3.88622450828552
v 0.375000000000001 0.162500000000001 3.90341186523438
v 0.387500000000001 0.162500000000001 3.92127919197083
v 0.400000000000001 0.162500000000001 3.93968367576599
v 0.412500000000001 0.162500000000001 3.95827102661133
v 0.425000000000001 0.162500000000001 3.97658157348633
v 0.437500000000001 0.162500000000001 3.99421882629395
v 0.450000000000001 0.162500000000001 4.01097059249878
v 0.462500000000001 0.162500000000001 4.02683782577515
v 0.475000000000001 0.162500000000001 4.04200792312622
v 0.487500000000001 0.162500000000001 4.0567512512207
v 0.500000000000001 0.162500000000001 4.07128524780273
v -0.5 0.175000000000001 3.69990849494934
v -0.4875 0.175000000000001 3.67956781387329
v -0.475 0.175000000000001 3.6618926525116
v -0.4625 0.175000000000001 3.64590001106262
v -0.45 0.175000000000001 3.63084197044373
v -0.4375 0.175000000000001 3.61633849143982
v -0.425 0.175000000000001 3.60228729248047
v -0.4125 0.175000000000001 3.58874583244324
v -0.4 0.175000000000001 3.57581973075867
v -0.3875 0.175000000000001 3.56359648704529
v -0.375 0.175000000000001 3.55210947990417
v -0.3625 0.175000000000001 3.5413453578949
v -0.35 0.175000000000001 3.53126454353333
v -0.3375 0.175000000000001 3.52182459831238
v -0.325 0.175000000000001 3.51298904418945
v -0.3125 0.175000000000001 3.50473093986511
v -0.3 0.175000000000001 3.49702453613281
v -0.2875 0.175000000000001 3.48985075950623
v -0.275 0.175000000000001 3.48319029808044
v -0.2625 0.175000000000001 3.47702574729919
v -0.25 0.175000000000001 3.47134518623352
v -0.2375 0.175000000000001 3.46613669395447
v -0.225 0.175000000000001 3.46139335632324
v -0.2125 0.175000000000001 3.45711207389832
v -0.2 0.175000000000001 3.45329141616821
v -0.1875 0.175000000000001 3.44993829727173
v -0.175 0.175000000000001 3.44705891609192
v -0.1625 0.175000000000001 3.44466638565063
v -0.15 0.175000000000001 3.44277739524841
v -0.1375 0.175000000000001 3.44141244888306
v -0.125 0.175000000000001 3.44059562683105
v -0.1125 0.175000000000001 3.44035410881042
v -0.0999999999999996 0.175000000000001 3.44071817398071
v -0.0874999999999996 0.175000000000001 3.44171524047852
v -0.0749999999999996 0.175000000000001 3.44337248802185
v -0.0624999999999996 0.175000000000001 3.44570899009705
v -0.0499999999999996 0.175000000000001 3.44873881340027
v -0.0374999999999996 0.175000000000001 3.45246696472168
v -0.0249999999999996 0.175000000000001 3.45689249038696
v -0.0124999999999996 0.175000000000001 3.46200728416443
v 4.44089209850063e-16 0.175000000000001 3.46780204772949
v 0.0125000000000004 0.175000000000001 3.47426843643188
v 0.0250000000000005 0.175000000000001 3.48139953613281
v 0.0375000000000005 0.175000000000001 3.48919916152954
v 0.0500000000000005 0.175000000000001 3.49767541885376
v 0.0625000000000004 0.175000000000001 3.50684976577759
v 0.0750000000000005 0.175000000000001 3.51675486564636
v 0.0875000000000006 0.175000000000001 3.52743458747864
v 0.100000000000001 0.175000000000001 3.53894281387329
v 0.1125 0.175000000000001 3.55133628845215
v 0.125000000000001 0.175000000000001 3.56467294692993
v 0.137500000000001 0.175000000000001 3.57899641990662
v 0.150000000000001 0.175000000000001 3.59432911872864
v 0.162500000000001 0.175000000000001 3.61065793037415
v 0.175000000000001 0.175000000000001 3.62791228294373
v 0.187500000000001 0.175000000000001 3.64594960212708
v 0.200000000000001 0.175000000000001 3.66455912590027
v 0.212500000000001 0.175000000000001 3.68348240852356
v 0.225000000000001 0.175000000000001 3.70244669914246
v 0.237500000000001 0.175000000000001 3.72119307518005
v 0.250000000000001 0.175000000000001 3.73948907852173
v 0.262500000000001 0.175000000000001 3.75714039802551
v 0.275000000000001 0.175000000000001 3.77400255203247
v 0.287500000000001 0.175000000000001 3.79001021385193
v 0.300000000000001 0.175000000000001 3.80520868301392
v 0.312500000000001 0.175000000000001 3.8198127746582
v 0.325000000000001 0.175000000000001 3.83421492576599
v 0.337500000000001 0.175000000000001 3.84886050224304
v 0.350000000000001 0.175000000000001 3.86401534080505
v 0.362500000000001 0.175000000000001 3.87968683242798
v 0.375000000000001 0.175000000000001 3.89582133293152
v 0.387500000000001 0.175000000000001 3.91246032714844
v 0.400000000000001 0.175000000000001 3.92965364456177
v 0.412500000000001 0.175000000000001 3.94729399681091
v 0.425000000000001 0.175000000000001 3.96506476402283
v 0.437500000000001 0.175000000000001 3.98255228996277
v 0.450000000000001 0.175000000000001 3.99941325187683
v 0.462500000000001 0.175000000000001 4.01548719406128
v 0.475000000000001 0.175000000000001 4.03083086013794
v 0.487500000000001 0.175000000000001 4.0456748008728
v 0.500000000000001 0.175000000000001 4.06029844284058
v -0.5 0.187500000000001 3.67494583129883
v -0.4875 0.187500000000001 3.656986951828
v -0.475 0.187500000000001 3.64080214500427
v -0.4625 0.187500000000001 3.62561583518982
v -0.45 0.187500000000001 3.61100840568542
v -0.4375 0.187500000000001 3.59686589241028
v -0.425 0.187500000000001 3.58324360847473
v -0.4125 0.187500000000001 3.57024621963501
v -0.4 0.187500000000001 3.55794978141785
v -0.3875 0.187500000000001 3.54636740684509
v -0.375 0.187500000000001 3.53546595573425
v -0.3625 0.187500000000001 3.52519774436951
v -0.35 0.187500000000001 3.51552248001099
v -0.3375 0.187500000000001 3.50641298294067
v -0.325 0.187500000000001 3.49785089492798
v -0.3125 0.187500000000001 3.4898247718811
v -0.3 0.187500000000001 3.48232126235962
v -0.2875 0.187500000000001 3.47533106803894
v -0.275 0.187500000000001 3.46884155273438
v -0.2625 0.187500000000001 3.46284151077271
v -0.25 0.187500000000001 3.45732164382935
v -0.2375 0.187500000000001 3.4522750377655
v -0.225 0.187500000000001 3.44769597053528
v -0.2125 0.187500000000001 3.44358325004578
v -0.2 0.187500000000001 3.43993616104126
v -0.1875 0.187500000000001 3.43675971031189
v -0.175 0.187500000000001 3.43406224250793
v -0.1625 0.187500000000001 3.43185424804688
v -0.15 0.187500000000001 3.43015336990356
v -0.1375 0.187500000000001 3.42897915840149
v -0.125 0.187500000000001 3.42835474014282
v -0.1125 0.187500000000001 3.42830848693848
v -0.0999999999999996 0.187500000000001 3.42886924743652
v -0.0874999999999996 0.187500000000001 3.43006825447083
v -0.0749999999999996 0.187500000000001 3.43193244934082
v -0.0624999999999996 0.187500000000001 3.43448328971863
v -0.0499999999999996 0.187500000000001 3.43773627281189
v -0.0374999999999996 0.187500000000001 3.44169616699219
v -0.0249999999999996 0.187500000000001 3.44636011123657
v -0.0124999999999996 0.187500000000001 3.45171785354614
v 4.44089209850063e-16 0.187500000000001 3.45775532722473
v 0.0125000000000004 0.187500000000001 3.46445775032043
v 0.0250000000000005 0.187500000000001 3.47181248664856
v 0.0375000000000005 0.187500000000001 3.47981190681458
v 0.0500000000000005 0.187500000000001 3.48845601081848
v 0.0625000000000004 0.187500000000001 3.49775195121765
v 0.0750000000000005 0.187500000000001 3.50772261619568
v 0.0875000000000006 0.187500000000001 3.51839995384216
v 0.100000000000001 0.187500000000001 3.52983403205872
v 0.1125 0.187500000000001 3.54208564758301
v 0.125000000000001 0.187500000000001 3.55522990226746
v 0.137500000000001 0.187500000000001 3.56933975219727
v 0.150000000000001 0.187500000000001 3.58447194099426
v 0.162500000000001 0.187500000000001 3.60065007209778
v 0.175000000000001 0.187500000000001 3.61783981323242
v 0.187500000000001 0.187500000000001 3.63592839241028
v 0.200000000000001 0.187500000000001 3.65472269058228
v 0.212500000000001 0.187500000000001 3.67396903038025
v 0.225000000000001 0.187500000000001 3.69338655471802
v 0.237500000000001 0.187500000000001 3.71269679069519
v 0.250000000000001 0.187500000000001 3.73164629936218
v 0.262500000000001 0.187500000000001 3.75001311302185
v 0.275000000000001 0.187500000000001 3.76761865615845
v 0.287500000000001 0.187500000000001 3.78434419631958
v 0.300000000000001 0.187500000000001 3.80015993118286
v 0.312500000000001 0.187500000000001 3.8151707649231
v 0.325000000000001 0.187500000000001 3.82966303825378
v 0.337500000000001 0.187500000000001 3.84406733512878
v 0.350000000000001 0.187500000000001 3.85875558853149
v 0.362500000000001 0.187500000000001 3.87383508682251
v 0.375000000000001 0.187500000000001 3.88921999931335
v 0.387500000000001 0.187500000000001 3.9048752784729
v 0.400000000000001 0.187500000000001 3.92089533805847
v 0.412500000000001 0.187500000000001 3.93737387657166
v 0.425000000000001 0.187500000000001 3.9542350769043
v 0.437500000000001 0.187500000000001 3.97120356559753
v 0.450000000000001 0.187500000000001 3.9879150390625
v 0.462500000000001 0.187500000000001 4.00408124923706
v 0.475000000000001 0.187500000000001 4.01959323883057
v 0.487500000000001 0.187500000000001 4.03456163406372
v 0.500000000000001 0.187500000000001 4.04924345016479
v -0.5 0.200000000000001 3.65215158462524
v -0.4875 0.200000000000001 3.63570475578308
v -0.475 0.200000000000001 3.62034463882446
v -0.4625 0.200000000000001 3.60561156272888
v -0.45 0.200000000000001 3.59136772155762
v -0.4375 0.200000000000001 3.5776641368866
v -0.425 0.200000000000001 3.56459975242615
v -0.4125 0.200000000000001 3.55223155021667
v -0.4 0.200000000000001 3.54055190086365
v -0.3875 0.200000000000001 3.52950835227966
v -0.375 0.200000000000001 3.51904845237732
v -0.3625 0.200000000000001 3.5091347694397
v -0.35 0.200000000000001 3.49974799156189
v -0.3375 0.200000000000001 3.49088263511658
v -0.325 0.200000000000001 3.48253512382507
v -0.3125 0.200000000000001 3.47470450401306
v -0.3 0.200000000000001 3.46738600730896
v -0.2875 0.200000000000001 3.4605712890625
v -0.275 0.200000000000001 3.45425581932068
v -0.2625 0.200000000000001 3.44842910766602
v -0.25 0.200000000000001 3.44308543205261
v -0.2375 0.200000000000001 3.43821716308594
v -0.225 0.200000000000001 3.4338219165802
v -0.2125 0.200000000000001 3.42989611625671
v -0.2 0.200000000000001 3.42644238471985
v -0.1875 0.200000000000001 3.42346358299255
v -0.175 0.200000000000001 3.4209668636322
v -0.1625 0.200000000000001 3.41896319389343
v -0.15 0.200000000000001 3.41746830940247
v -0.1375 0.200000000000001 3.41650056838989
v -0.125 0.200000000000001 3.41608476638794
v -0.1125 0.200000000000001 3.41624903678894
v -0.0999999999999996 0.200000000000001 3.41702127456665
v -0.0874999999999996 0.200000000000001 3.41843485832214
v -0.0749999999999996 0.200000000000001 3.42051768302917
v -0.0624999999999996 0.200000000000001 3.42329335212708
v -0.0499999999999996 0.200000000000001 3.42677760124207
v -0.0374999999999996 0.200000000000001 3.43097758293152
v -0.0249999999999996 0.200000000000001 3.43588876724243
v -0.0124999999999996 0.200000000000001 3.44149947166443
v 4.44089209850063e-16 0.200000000000001 3.44779253005981
v 0.0125000000000004 0.200000000000001 3.45474863052368
v 0.0250000000000005 0.200000000000001 3.46235013008118
v 0.0375000000000005 0.200000000000001 3.47058272361755
v 0.0500000000000005 0.200000000000001 3.47943758964539
v 0.0625000000000004 0.200000000000001 3.48891305923462
v 0.0750000000000005 0.200000000000001 3.49901700019836
v 0.0875000000000006 0.200000000000001 3.50976943969727
v 0.100000000000001 0.200000000000001 3.5212037563324
v 0.1125 0.200000000000001 3.53337168693542
v 0.125000000000001 0.200000000000001 3.54634594917297
v 0.137500000000001 0.200000000000001 3.56021237373352
v 0.150000000000001 0.200000000000001 3.5750617980957
v 0.162500000000001 0.200000000000001 3.59096336364746
v 0.175000000000001 0.200000000000001 3.60793375968933
v 0.187500000000001 0.200000000000001 3.62591028213501
v 0.200000000000001 0.200000000000001 3.6447331905365
v 0.212500000000001 0.200000000000001 3.66416168212891
v 0.225000000000001 0.200000000000001 3.68390965461731
v 0.237500000000001 0.200000000000001 3.70368123054504
v 0.250000000000001 0.200000000000001 3.72320055961609
v 0.262500000000001 0.200000000000001 3.74222111701965
v 0.275000000000001 0.200000000000001 3.76053547859192
v 0.287500000000001 0.200000000000001 3.77798461914062
v 0.300000000000001 0.200000000000001 3.79448103904724
v 0.312500000000001 0.200000000000001 3.8100426197052
v 0.325000000000001 0.200000000000001 3.82484745979309
v 0.337500000000001 0.200000000000001 3.83924865722656
v 0.350000000000001 0.200000000000001 3.85366749763489
v 0.362500000000001 0.200000000000001 3.86834335327148
v 0.375000000000001 0.200000000000001 3.88323378562927
v 0.387500000000001 0.200000000000001 3.89821410179138
v 0.400000000000001 0.200000000000001 3.91329956054688
v 0.412500000000001 0.200000000000001 3.92864680290222
v 0.425000000000001 0.200000000000001 3.94438719749451
v 0.437500000000001 0.200000000000001 3.96048140525818
v 0.450000000000001 0.200000000000001 3.97669458389282
v 0.462500000000001 0.200000000000001 3.99271082878113
v 0.475000000000001 0.200000000000001 4.00828886032104
v 0.487500000000001 0.200000000000001 4.0233736038208
v 0.500000000000001 0.200000000000001 4.03811597824097
v -0.5 0.212500000000001 3.63050699234009
v -0.4875 0.212500000000001 3.61492919921875
v -0.475 0.212500000000001 3.60004544258118
v -0.4625 0.212500000000001 3.58569121360779
v -0.45 0.212500000000001 3.57190489768982
v -0.4375 0.212500000000001 3.55877542495728
v -0.425 0.212500000000001 3.5463387966156
v -0.4125 0.212500000000001 3.53456282615662
v -0.4 0.212500000000001 3.52337956428528
v -0.3875 0.212500000000001 3.51273036003113
v -0.375 0.212500000000001 3.50258183479309
v -0.3625 0.212500000000001 3.49292612075806
v -0.35 0.212500000000001 3.48376512527466
v -0.3375 0.212500000000001 3.47510600090027
v -0.325 0.212500000000001 3.46695566177368
v -0.3125 0.212500000000001 3.45931506156921
v -0.3 0.212500000000001 3.45218443870544
v -0.2875 0.212500000000001 3.44555902481079
v -0.275 0.212500000000001 3.4394326210022
v -0.2625 0.212500000000001 3.43379831314087
v -0.25 0.212500000000001 3.42864966392517
v -0.2375 0.212500000000001 3.42398142814636
v -0.225 0.212500000000001 3.4197895526886
v -0.2125 0.212500000000001 3.41607332229614
v -0.2 0.212500000000001 3.41283106803894
v -0.1875 0.212500000000001 3.41006708145142
v -0.175 0.212500000000001 3.40778803825378
v -0.1625 0.212500000000001 3.40600371360779
v -0.15 0.212500000000001 3.40472960472107
v -0.1375 0.212500000000001 3.40398335456848
v -0.125 0.212500000000001 3.40378928184509
v -0.1125 0.212500000000001 3.4041736125946
v -0.0999999999999996 0.212500000000001 3.40516901016235
v -0.0874999999999996 0.212500000000001 3.40680551528931
v -0.0749999999999996 0.212500000000001 3.40911483764648
v -0.0624999999999996 0.212500000000001 3.41212153434753
v -0.0499999999999996 0.212500000000001 3.41584277153015
v -0.0374999999999996 0.212500000000001 3.42028594017029
v -0.0249999999999996 0.212500000000001 3.42544627189636
v -0.0124999999999996 0.212500000000001 3.43131303787231
v 4.44089209850063e-16 0.212500000000001 3.43786478042603
v 0.0125000000000004 0.212500000000001 3.44508051872253
v 0.0250000000000005 0.212500000000001 3.45293879508972
v 0.0375000000000005 0.212500000000001 3.46142053604126
v 0.0500000000000005 0.212500000000001 3.47051095962524
v 0.0625000000000004 0.212500000000001 3.48020219802856
v 0.0750000000000005 0.212500000000001 3.49049115180969
v 0.0875000000000006 0.212500000000001 3.50138640403748
v 0.100000000000001 0.212500000000001 3.51290321350098
v 0.1125 0.212500000000001 3.52507781982422
v 0.125000000000001 0.212500000000001 3.53796458244324
v 0.137500000000001 0.212500000000001 3.55164217948914
v 0.150000000000001 0.212500000000001 3.56621050834656
v 0.162500000000001 0.212500000000001 3.58177447319031
v 0.175000000000001 0.212500000000001 3.59840774536133
v 0.187500000000001 0.212500000000001 3.61611342430115
v 0.200000000000001 0.212500000000001 3.63479161262512
v 0.212500000000001 0.212500000000001 3.65423631668091
v 0.225000000000001 0.212500000000001 3.67416763305664
v 0.237500000000001 0.212500000000001 3.69427680969238
v 0.250000000000001 0.212500000000001 3.71426320075989
v 0.262500000000001 0.212500000000001 3.73385548591614
v 0.275000000000001 0.212500000000001 3.75281834602356
v 0.287500000000001 0.212500000000001 3.77096176147461
v 0.300000000000001 0.212500000000001 3.78815388679504
v 0.312500000000001 0.212500000000001 3.80434489250183
v 0.325000000000001 0.212500000000001 3.81961512565613
v 0.337500000000001 0.212500000000001 3.83422160148621
v 0.350000000000001 0.212500000000001 3.84856200218201
v 0.362500000000001 0.212500000000001 3.86298227310181
v 0.375000000000001 0.212500000000001 3.8775520324707
v 0.387500000000001 0.212500000000001 3.89212107658386
v 0.400000000000001 0.212500000000001 3.90658354759216
v 0.412500000000001 0.212500000000001 3.92102670669556
v 0.425000000000001 0.212500000000001 3.93566584587097
v 0.437500000000001 0.212500000000001 3.95067286491394
v 0.450000000000001 0.212500000000001 3.96604537963867
v 0.462500000000001 0.212500000000001 3.98158574104309
v 0.475000000000001 0.212500000000001 3.99701380729675
v 0.487500000000001 0.212500000000001 4.0121283531189
v 0.500000000000001 0.212500000000001 4.02691793441772
v -0.5 0.225000000000001 3.60929298400879
v -0.4875 0.225000000000001 3.59423565864563
v -0.475 0.225000000000001 3.57976150512695
v -0.4625 0.225000000000001 3.56589245796204
v -0.45 0.225000000000001 3.55270075798035
v -0.4375 0.225000000000001 3.54020094871521
v -0.425 0.225000000000001 3.52833342552185
v -0.4125 0.225000000000001 3.51701593399048
v -0.4 0.225000000000001 3.50618743896484
v -0.3875 0.225000000000001 3.49581837654114
v -0.375 0.225000000000001 3.48590707778931
v -0.3625 0.225000000000001 3.47646570205688
v -0.35 0.225000000000001 3.46750950813293
v -0.3375 0.225000000000001 3.45905351638794
v -0.325 0.225000000000001 3.45110559463501
v -0.3125 0.225000000000001 3.44366836547852
v -0.3 0.225000000000001 3.43674325942993
v -0.2875 0.225000000000001 3.43032455444336
v -0.275 0.225000000000001 3.42440867424011
v -0.2625 0.225000000000001 3.41898846626282
v -0.25 0.225000000000001 3.41405749320984
v -0.2375 0.225000000000001 3.40961050987244
v -0.225 0.225000000000001 3.40564322471619
v -0.2125 0.225000000000001 3.40215301513672
v -0.2 0.225000000000001 3.39914011955261
v -0.1875 0.225000000000001 3.39660716056824
v -0.175 0.225000000000001 3.39456033706665
v -0.1625 0.225000000000001 3.39300847053528
v -0.15 0.225000000000001 3.3919665813446
v -0.1375 0.225000000000001 3.39145278930664
v -0.125 0.225000000000001 3.39148879051208
v -0.1125 0.225000000000001 3.39210367202759
v -0.0999999999999996 0.225000000000001 3.39332818984985
v -0.0874999999999996 0.225000000000001 3.39519500732422
v -0.0749999999999996 0.225000000000001 3.39773607254028
v -0.0624999999999996 0.225000000000001 3.40097737312317
v -0.0499999999999996 0.225000000000001 3.40493774414062
v -0.0374999999999996 0.225000000000001 3.40962481498718
v -0.0249999999999996 0.225000000000001 3.41503524780273
v -0.0124999999999996 0.225000000000001 3.42115473747253
v 4.44089209850063e-16 0.225000000000001 3.42796444892883
v 0.0125000000000004 0.225000000000001 3.43543815612793
v 0.0250000000000005 0.225000000000001 3.44355273246765
v 0.0375000000000005 0.225000000000001 3.4522864818573
v 0.0500000000000005 0.225000000000001 3.46162271499634
v 0.0625000000000004 0.225000000000001 3.4715461730957
v 0.0750000000000005 0.225000000000001 3.48204922676086
v 0.0875000000000006 0.225000000000001 3.49313044548035
v 0.100000000000001 0.225000000000001 3.50479364395142
v 0.1125 0.225000000000001 3.51705718040466
v 0.125000000000001 0.225000000000001 3.52995300292969
v 0.137500000000001 0.225000000000001 3.54354166984558
v 0.150000000000001 0.225000000000001 3.55790781974792
v 0.162500000000001 0.225000000000001 3.57316327095032
v 0.175000000000001 0.225000000000001 3.58941769599915
v 0.187500000000001 0.225000000000001 3.60674214363098
v 0.200000000000001 0.225000000000001 3.62511444091797
v 0.212500000000001 0.225000000000001 3.64439702033997
v 0.225000000000001 0.225000000000001 3.66434025764465
v 0.237500000000001 0.225000000000001 3.68463754653931
v 0.250000000000001 0.225000000000001 3.70496678352356
v 0.262500000000001 0.225000000000001 3.72502946853638
v 0.275000000000001 0.225000000000001 3.74456262588501
v 0.287500000000001 0.225000000000001 3.76334619522095
v 0.300000000000001 0.225000000000001 3.78120994567871
v 0.312500000000001 0.225000000000001 3.79805493354797
v 0.325000000000001 0.225000000000001 3.81388449668884
v 0.337500000000001 0.225000000000001 3.82885479927063
v 0.350000000000001 0.225000000000001 3.84329605102539
v 0.362500000000001 0.225000000000001 3.85759711265564
v 0.375000000000001 0.225000000000001 3.87196230888367
v 0.387500000000001 0.225000000000001 3.8862988948822
v 0.400000000000001 0.225000000000001 3.90041136741638
v 0.412500000000001 0.225000000000001 3.91425967216492
v 0.425000000000001 0.225000000000001 3.92800974845886
v 0.437500000000001 0.225000000000001 3.94193315505981
v 0.450000000000001 0.225000000000001 3.95624709129333
v 0.462500000000001 0.225000000000001 3.97098159790039
v 0.475000000000001 0.225000000000001 3.9859607219696
v 0.487500000000001 0.225000000000001 4.00092029571533
v 0.500000000000001 0.225000000000001 4.01568746566772
v -0.5 0.237500000000001 3.58812952041626
v -0.4875 0.237500000000001 3.57352805137634
v -0.475 0.237500000000001 3.55957674980164
v -0.4625 0.237500000000001 3.54632878303528
v -0.45 0.237500000000001 3.5337700843811
v -0.4375 0.237500000000001 3.5218198299408
v -0.425 0.237500000000001 3.5103805065155
v -0.4125 0.237500000000001 3.49938750267029
v -0.4 0.237500000000001 3.48881578445435
v -0.3875 0.237500000000001 3.47866868972778
v -0.375 0.237500000000001 3.46896719932556
v -0.3625 0.237500000000001 3.45973443984985
v -0.35 0.237500000000001 3.4509904384613
v -0.3375 0.237500000000001 3.44275069236755
v -0.325 0.237500000000001 3.43502306938171
v -0.3125 0.237500000000001 3.42781066894531
v -0.3 0.237500000000001 3.42111277580261
v -0.2875 0.237500000000001 3.41492581367493
v -0.275 0.237500000000001 3.40924310684204
v -0.2625 0.237500000000001 3.40405893325806
v -0.25 0.237500000000001 3.39936685562134
v -0.2375 0.237500000000001 3.39515948295593
v -0.225 0.237500000000001 3.39143443107605
v -0.2125 0.237500000000001 3.38818740844727
v -0.2 0.237500000000001 3.38541865348816
v -0.1875 0.237500000000001 3.38313031196594
v -0.175 0.237500000000001 3.3813271522522
v -0.1625 0.237500000000001 3.38001823425293
v -0.15 0.237500000000001 3.37921762466431
v -0.1375 0.237500000000001 3.37894368171692
v -0.125 0.237500000000001 3.37921786308289
v -0.1125 0.237500000000001 3.38006973266602
v -0.0999999999999996 0.237500000000001 3.38152933120728
v -0.0874999999999996 0.237500000000001 3.3836305141449
v -0.0749999999999996 0.237500000000001 3.38640666007996
v -0.0624999999999996 0.237500000000001 3.38988566398621
v -0.0499999999999996 0.237500000000001 3.39408612251282
v -0.0374999999999996 0.237500000000001 3.3990170955658
v -0.0249999999999996 0.237500000000001 3.4046745300293
v -0.0124999999999996 0.237500000000001 3.41104435920715
v 4.44089209850063e-16 0.237500000000001 3.41810536384583
v 0.0125000000000004 0.237500000000001 3.42583155632019
v 0.0250000000000005 0.237500000000001 3.43419814109802
v 0.0375000000000005 0.237500000000001 3.44318056106567
v 0.0500000000000005 0.237500000000001 3.4527599811554
v 0.0625000000000004 0.237500000000001 3.46291971206665
v 0.0750000000000005 0.237500000000001 3.47364735603333
v 0.0875000000000006 0.237500000000001 3.48493647575378
v 0.100000000000001 0.237500000000001 3.49678301811218
v 0.1125 0.237500000000001 3.50919079780579
v 0.125000000000001 0.237500000000001 3.52217602729797
v 0.137500000000001 0.237500000000001 3.53577494621277
v 0.150000000000001 0.237500000000001 3.55004858970642
v 0.162500000000001 0.237500000000001 3.56509017944336
v 0.175000000000001 0.237500000000001 3.58101463317871
v 0.187500000000001 0.237500000000001 3.59793281555176
v 0.200000000000001 0.237500000000001 3.61589789390564
v 0.212500000000001 0.237500000000001 3.63485717773438
v 0.225000000000001 0.237500000000001 3.65463185310364
v 0.237500000000001 0.237500000000001 3.67494368553162
v 0.250000000000001 0.237500000000001 3.69546580314636
v 0.262500000000001 0.237500000000001 3.71587538719177
v 0.275000000000001 0.237500000000001 3.73587965965271
v 0.287500000000001 0.237500000000001 3.75522613525391
v 0.300000000000001 0.237500000000001 3.77371406555176
v 0.312500000000001 0.237500000000001 3.79120111465454
v 0.325000000000001 0.237500000000001 3.8076286315918
v 0.337500000000001 0.237500000000001 3.82306909561157
v 0.350000000000001 0.237500000000001 3.83776164054871
v 0.362500000000001 0.237500000000001 3.85207986831665
v 0.375000000000001 0.237500000000001 3.86633157730103
v 0.387500000000001 0.237500000000001 3.88053894042969
v 0.400000000000001 0.237500000000001 3.8944947719574
v 0.412500000000001 0.237500000000001 3.90803074836731
v 0.425000000000001 0.237500000000001 3.92119264602661
v 0.437500000000001 0.237500000000001 3.93422555923462
v 0.450000000000001 0.237500000000001 3.94746398925781
v 0.462500000000001 0.237500000000001 3.96116805076599
v 0.475000000000001 0.237500000000001 3.97538447380066
v 0.487500000000001 0.237500000000001 3.98992466926575
v 0.500000000000001 0.237500000000001 4.00451993942261
v -0.5 0.250000000000001 3.56695413589478
v -0.4875 0.250000000000001 3.55292296409607
v -0.475 0.250000000000001 3.53962326049805
v -0.4625 0.250000000000001 3.52701568603516
v -0.45 0.250000000000001 3.51499366760254
v -0.4375 0.250000000000001 3.50344848632812
v -0.425 0.250000000000001 3.49231004714966
v -0.4125 0.250000000000001 3.48155665397644
v -0.4 0.250000000000001 3.47119760513306
v -0.3875 0.250000000000001 3.46126103401184
v -0.375 0.250000000000001 3.45177531242371
v -0.3625 0.250000000000001 3.44276666641235
v -0.35 0.250000000000001 3.43425440788269
v -0.3375 0.250000000000001 3.42625403404236
v -0.325 0.250000000000001 3.41877055168152
v -0.3125 0.250000000000001 3.41180729866028
v -0.3 0.250000000000001 3.40535998344421
v -0.2875 0.250000000000001 3.39942622184753
v -0.275 0.250000000000001 3.3939995765686
v -0.2625 0.250000000000001 3.38907170295715
v -0.25 0.250000000000001 3.38463664054871
v -0.2375 0.250000000000001 3.38068771362305
v -0.225 0.250000000000001 3.37722015380859
v -0.2125 0.250000000000001 3.3742311000824
v -0.2 0.250000000000001 3.37171864509583
v -0.1875 0.250000000000001 3.36968469619751
v -0.175 0.250000000000001 3.36813426017761
v -0.1625 0.250000000000001 3.36707663536072
v -0.15 0.250000000000001 3.36652541160583
v -0.1375 0.250000000000001 3.36649703979492
v -0.125 0.250000000000001 3.36701464653015
v -0.1125 0.250000000000001 3.36810755729675
v -0.0999999999999996 0.250000000000001 3.36980676651001
v -0.0874999999999996 0.250000000000001 3.37214732170105
v -0.0749999999999996 0.250000000000001 3.37516188621521
v -0.0624999999999996 0.250000000000001 3.37887930870056
v -0.0499999999999996 0.250000000000001 3.38332033157349
v -0.0374999999999996 0.250000000000001 3.38849377632141
v -0.0249999999999996 0.250000000000001 3.39439558982849
v -0.0124999999999996 0.250000000000001 3.40101099014282
v 4.44089209850063e-16 0.250000000000001 3.40831756591797
v 0.0125000000000004 0.250000000000001 3.41628909111023
v 0.0250000000000005 0.250000000000001 3.4248993396759
v 0.0375000000000005 0.250000000000001 3.43412184715271
v 0.0500000000000005 0.250000000000001 3.44393730163574
v 0.0625000000000004 0.250000000000001 3.4543285369873
v 0.0750000000000005 0.250000000000001 3.46527981758118
v 0.0875000000000006 0.250000000000001 3.47678232192993
v 0.100000000000001 0.250000000000001 3.48882675170898
v 0.1125 0.250000000000001 3.50141000747681
v 0.125000000000001 0.250000000000001 3.51453566551208
v 0.137500000000001 0.250000000000001 3.52821803092957
v 0.150000000000001 0.250000000000001 3.54249739646912
v 0.162500000000001 0.250000000000001 3.55743789672852
v 0.175000000000001 0.250000000000001 3.57313847541809
v 0.187500000000001 0.250000000000001 3.58971333503723
v 0.200000000000001 0.250000000000001 3.60725855827332
v 0.212500000000001 0.250000000000001 3.62580037117004
v 0.225000000000001 0.250000000000001 3.64524912834167
v 0.237500000000001 0.250000000000001 3.66539454460144
v 0.250000000000001 0.250000000000001 3.68593716621399
v 0.262500000000001 0.250000000000001 3.70654463768005
v 0.275000000000001 0.250000000000001 3.72689747810364
v 0.287500000000001 0.250000000000001 3.74671244621277
v 0.300000000000001 0.250000000000001 3.76575350761414
v 0.312500000000001 0.250000000000001 3.7838408946991
v 0.325000000000001 0.250000000000001 3.80086779594421
v 0.337500000000001 0.250000000000001 3.8168351650238
v 0.350000000000001 0.250000000000001 3.83189177513123
v 0.362500000000001 0.250000000000001 3.84635400772095
v 0.375000000000001 0.250000000000001 3.86057901382446
v 0.387500000000001 0.250000000000001 3.8747193813324
v 0.400000000000001 0.250000000000001 3.88862681388855
v 0.412500000000001 0.250000000000001 3.90205836296082
v 0.425000000000001 0.250000000000001 3.91492128372192
v 0.437500000000001 0.250000000000001 3.92735457420349
v 0.450000000000001 0.250000000000001 3.93968653678894
v 0.462500000000001 0.250000000000001 3.95231795310974
v 0.475000000000001 0.250000000000001 3.96554064750671
v 0.487500000000001 0.250000000000001 3.97937321662903
v 0.500000000000001 0.250000000000001 3.99357414245605
v -0.5 0.262500000000001 3.54590463638306
v -0.4875 0.262500000000001 3.53256154060364
v -0.475 0.262500000000001 3.51991581916809
v -0.4625 0.262500000000001 3.50783777236938
v -0.45 0.262500000000001 3.49620366096497
v -0.4375 0.262500000000001 3.48494219779968
v -0.425 0.262500000000001 3.47403264045715
v -0.4125 0.262500000000001 3.46348881721497
v -0.4 0.262500000000001 3.4533429145813
v -0.3875 0.262500000000001 3.44362950325012
v -0.375 0.262500000000001 3.43438076972961
v -0.3625 0.262500000000001 3.42562103271484
v -0.35 0.262500000000001 3.41736769676208
v -0.3375 0.262500000000001 3.40963220596313
v -0.325 0.262500000000001 3.4024178981781
v -0.3125 0.262500000000001 3.39572715759277
v -0.3 0.262500000000001 3.38955497741699
v -0.2875 0.262500000000001 3.3838963508606
v -0.275 0.262500000000001 3.37874460220337
v -0.2625 0.262500000000001 3.37409210205078
v -0.25 0.262500000000001 3.36993074417114
v -0.2375 0.262500000000001 3.36625456809998
v -0.225 0.262500000000001 3.36305737495422
v -0.2125 0.262500000000001 3.3603367805481
v -0.2 0.262500000000001 3.35809016227722
v -0.1875 0.262500000000001 3.35632014274597
v -0.175 0.262500000000001 3.35503053665161
v -0.1625 0.262500000000001 3.35423016548157
v -0.15 0.262500000000001 3.35393261909485
v -0.1375 0.262500000000001 3.35415506362915
v -0.125 0.262500000000001 3.35492181777954
v -0.1125 0.262500000000001 3.35626006126404
v -0.0999999999999996 0.262500000000001 3.35820245742798
v -0.0874999999999996 0.262500000000001 3.36078310012817
v -0.0749999999999996 0.262500000000001 3.36403822898865
v -0.0624999999999996 0.262500000000001 3.36799621582031
v -0.0499999999999996 0.262500000000001 3.37267804145813
v -0.0374999999999996 0.262500000000001 3.37809228897095
v -0.0249999999999996 0.262500000000001 3.38423538208008
v -0.0124999999999996 0.262500000000001 3.39109206199646
v 4.44089209850063e-16 0.262500000000001 3.39863848686218
v 0.0125000000000004 0.262500000000001 3.40684747695923
v 0.0250000000000005 0.262500000000001 3.41569113731384
v 0.0375000000000005 0.262500000000001 3.42514395713806
v 0.0500000000000005 0.262500000000001 3.4351851940155
v 0.0625000000000004 0.262500000000001 3.44579696655273
v 0.0750000000000005 0.262500000000001 3.45696496963501
v 0.0875000000000006 0.262500000000001 3.46867609024048
v 0.100000000000001 0.262500000000001 3.4809205532074
v 0.1125 0.262500000000001 3.49369025230408
v 0.125000000000001 0.262500000000001 3.50697946548462
v 0.137500000000001 0.262500000000001 3.52079176902771
v 0.150000000000001 0.262500000000001 3.5351448059082
v 0.162500000000001 0.262500000000001 3.55008172988892
v 0.175000000000001 0.262500000000001 3.56567168235779
v 0.187500000000001 0.262500000000001 3.58201217651367
v 0.200000000000001 0.262500000000001 3.59920692443848
v 0.212500000000001 0.262500000000001 3.61732745170593
v 0.225000000000001 0.262500000000001 3.63636326789856
v 0.237500000000001 0.262500000000001 3.6561906337738
v 0.250000000000001 0.262500000000001 3.67657589912415
v 0.262500000000001 0.262500000000001 3.69721078872681
v 0.275000000000001 0.262500000000001 3.71776628494263
v 0.287500000000001 0.262500000000001 3.73793005943298
v 0.300000000000001 0.262500000000001 3.75743269920349
v 0.312500000000001 0.262500000000001 3.77605676651001
v 0.325000000000001 0.262500000000001 3.79365229606628
v 0.337500000000001 0.262500000000001 3.81015968322754
v 0.350000000000001 0.262500000000001 3.8256528377533
v 0.362500000000001 0.262500000000001 3.84036707878113
v 0.375000000000001 0.262500000000001 3.85465407371521
v 0.387500000000001 0.262500000000001 3.86877179145813
v 0.400000000000001 0.262500000000001 3.88268399238586
v 0.412500000000001 0.262500000000001 3.89613652229309
v 0.425000000000001 0.262500000000001 3.90892195701599
v 0.437500000000001 0.262500000000001 3.92104649543762
v 0.450000000000001 0.262500000000001 3.93274927139282
v 0.462500000000001 0.262500000000001 3.94444823265076
v 0.475000000000001 0.262500000000001 3.95660471916199
v 0.487500000000001 0.262500000000001 3.9694983959198
v 0.500000000000001 0.262500000000001 3.98305511474609
v -0.5 0.275000000000001 3.5251259803772
v -0.4875 0.275000000000001 3.51245498657227
v -0.475 0.275000000000001 3.50033688545227
v -0.4625 0.275000000000001 3.48863577842712
v -0.45 0.275000000000001 3.47727584838867
v -0.4375 0.275000000000001 3.46623611450195
v -0.425 0.275000000000001 3.45553588867188
v -0.4125 0.275000000000001 3.44521021842957
v -0.4 0.275000000000001 3.435298204422
v -0.3875 0.275000000000001 3.42583537101746
v -0.375 0.275000000000001 3.41685271263123
v -0.3625 0.275000000000001 3.40837025642395
v -0.35 0.275000000000001 3.4004020690918
v -0.3375 0.275000000000001 3.39295744895935
v -0.325 0.275000000000001 3.38603830337524
v -0.3125 0.275000000000001 3.37964248657227
v -0.3 0.275000000000001 3.37376594543457
v -0.2875 0.275000000000001 3.36840176582336
v -0.275 0.275000000000001 3.36354303359985
v -0.2625 0.275000000000001 3.35918092727661
v -0.25 0.275000000000001 3.35530781745911
v -0.2375 0.275000000000001 3.35191583633423
v -0.225 0.275000000000001 3.34900069236755
v -0.2125 0.275000000000001 3.3465576171875
v -0.2 0.275000000000001 3.34458541870117
v -0.1875 0.275000000000001 3.34308505058289
v -0.175 0.275000000000001 3.34206247329712
v -0.1625 0.275000000000001 3.34152483940125
v -0.15 0.275000000000001 3.34148573875427
v -0.1375 0.275000000000001 3.34196400642395
v -0.125 0.275000000000001 3.34298181533813
v -0.1125 0.275000000000001 3.3445680141449
v -0.0999999999999996 0.275000000000001 3.34675598144531
v -0.0874999999999996 0.275000000000001 3.34958148002625
v -0.0749999999999996 0.275000000000001 3.35307931900024
v -0.0624999999999996 0.275000000000001 3.35727882385254
v -0.0499999999999996 0.275000000000001 3.36220216751099
v -0.0374999999999996 0.275000000000001 3.36785578727722
v -0.0249999999999996 0.275000000000001 3.37423777580261
v -0.0124999999999996 0.275000000000001 3.38133025169373
v 4.44089209850063e-16 0.275000000000001 3.38910984992981
v 0.0125000000000004 0.275000000000001 3.39754748344421
v 0.0250000000000005 0.275000000000001 3.40661549568176
v 0.0375000000000005 0.275000000000001 3.4162871837616
v 0.0500000000000005 0.275000000000001 3.42654275894165
v 0.0625000000000004 0.275000000000001 3.43736267089844
v 0.0750000000000005 0.275000000000001 3.44873428344727
v 0.0875000000000006 0.275000000000001 3.46064448356628
v 0.100000000000001 0.275000000000001 3.47308206558228
v 0.1125 0.275000000000001 3.48603558540344
v 0.125000000000001 0.275000000000001 3.49949645996094
v 0.137500000000001 0.275000000000001 3.51345896720886
v 0.150000000000001 0.275000000000001 3.5279278755188
v 0.162500000000001 0.275000000000001 3.54292464256287
v 0.175000000000001 0.275000000000001 3.55849504470825
v 0.187500000000001 0.275000000000001 3.57471203804016
v 0.200000000000001 0.275000000000001 3.59166574478149
v 0.212500000000001 0.275000000000001 3.60943603515625
v 0.225000000000001 0.275000000000001 3.62806105613708
v 0.237500000000001 0.275000000000001 3.64748954772949
v 0.250000000000001 0.275000000000001 3.66757130622864
v 0.262500000000001 0.275000000000001 3.68806147575378
v 0.275000000000001 0.275000000000001 3.70865249633789
v 0.287500000000001 0.275000000000001 3.72902154922485
v 0.300000000000001 0.275000000000001 3.74886965751648
v 0.312500000000001 0.275000000000001 3.76794362068176
v 0.325000000000001 0.275000000000001 3.78605246543884
v 0.337500000000001 0.275000000000001 3.80308508872986
v 0.350000000000001 0.275000000000001 3.81904482841492
v 0.362500000000001 0.275000000000001 3.83408999443054
v 0.375000000000001 0.275000000000001 3.84852457046509
v 0.387500000000001 0.275000000000001 3.86266684532166
v 0.400000000000001 0.275000000000001 3.8766040802002
v 0.412500000000001 0.275000000000001 3.89013528823853
v 0.425000000000001 0.275000000000001 3.90298628807068
v 0.437500000000001 0.275000000000001 3.91503524780273
v 0.450000000000001 0.275000000000001 3.92639780044556
v 0.462500000000001 0.275000000000001 3.93742227554321
v 0.475000000000001 0.275000000000001 3.94861674308777
v 0.487500000000001 0.275000000000001 3.96047258377075
v 0.500000000000001 0.275000000000001 3.97316980361938
v -0.5 0.287500000000001 3.5046215057373
v -0.4875 0.287500000000001 3.49248242378235
v -0.475 0.287500000000001 3.48073577880859
v -0.4625 0.287500000000001 3.46930241584778
v -0.45 0.287500000000001 3.45816206932068
v -0.4375 0.287500000000001 3.44733428955078
v -0.425 0.287500000000001 3.43685841560364
v -0.4125 0.287500000000001 3.42677736282349
v -0.4 0.287500000000001 3.4171302318573
v -0.3875 0.287500000000001 3.40795135498047
v -0.375 0.287500000000001 3.39926528930664
v -0.3625 0.287500000000001 3.39108967781067
v -0.35 0.287500000000001 3.38343477249146
v -0.3375 0.287500000000001 3.37630581855774
v -0.325 0.287500000000001 3.36970257759094
v -0.3125 0.287500000000001 3.36362314224243
v -0.3 0.287500000000001 3.35806012153625
v -0.2875 0.287500000000001 3.35300803184509
v -0.275 0.287500000000001 3.34845662117004
v -0.2625 0.287500000000001 3.34439778327942
v -0.25 0.287500000000001 3.34082341194153
v -0.2375 0.287500000000001 3.33772730827332
v -0.225 0.287500000000001 3.33510184288025
v -0.2125 0.287500000000001 3.33294463157654
v -0.2 0.287500000000001 3.33125305175781
v -0.1875 0.287500000000001 3.33002924919128
v -0.175 0.287500000000001 3.32927870750427
v -0.1625 0.287500000000001 3.32900857925415
v -0.15 0.287500000000001 3.32923293113708
v -0.1375 0.287500000000001 3.32996916770935
v -0.125 0.287500000000001 3.33124160766602
v -0.1125 0.287500000000001 3.33308029174805
v -0.0999999999999996 0.287500000000001 3.33551716804504
v -0.0874999999999996 0.287500000000001 3.33858942985535
v -0.0749999999999996 0.287500000000001 3.34233164787292
v -0.0624999999999996 0.287500000000001 3.34677481651306
v -0.0499999999999996 0.287500000000001 3.35193872451782
v -0.0374999999999996 0.287500000000001 3.35783243179321
v -0.0249999999999996 0.287500000000001 3.36445021629333
v -0.0124999999999996 0.287500000000001 3.37177515029907
v 4.44089209850063e-16 0.287500000000001 3.37978053092957
v 0.0125000000000004 0.287500000000001 3.38843846321106
v 0.0250000000000005 0.287500000000001 3.39772033691406
v 0.0375000000000005 0.287500000000001 3.40759968757629
v 0.0500000000000005 0.287500000000001 3.41805648803711
v 0.0625000000000004 0.287500000000001 3.42907214164734
v 0.0750000000000005 0.287500000000001 3.44063305854797
v 0.0875000000000006 0.287500000000001 3.4527280330658
v 0.100000000000001 0.287500000000001 3.46534538269043
v 0.1125 0.287500000000001 3.47847366333008
v 0.125000000000001 0.287500000000001 3.49210214614868
v 0.137500000000001 0.287500000000001 3.50621914863586
v 0.150000000000001 0.287500000000001 3.52082061767578
v 0.162500000000001 0.287500000000001 3.53591418266296
v 0.175000000000001 0.287500000000001 3.55152583122253
v 0.187500000000001 0.287500000000001 3.5677056312561
v 0.200000000000001 0.287500000000001 3.58452200889587
v 0.212500000000001 0.287500000000001 3.60204863548279
v 0.225000000000001 0.287500000000001 3.62033152580261
v 0.237500000000001 0.287500000000001 3.63936686515808
v 0.250000000000001 0.287500000000001 3.65907144546509
v 0.262500000000001 0.287500000000001 3.67927742004395
v 0.275000000000001 0.287500000000001 3.69973683357239
v 0.287500000000001 0.287500000000001 3.72014856338501
v 0.300000000000001 0.287500000000001 3.7402036190033
v 0.312500000000001 0.287500000000001 3.75961685180664
v 0.325000000000001 0.287500000000001 3.77815890312195
v 0.337500000000001 0.287500000000001 3.7956702709198
v 0.350000000000001 0.287500000000001 3.81209564208984
v 0.362500000000001 0.287500000000001 3.8275158405304
v 0.375000000000001 0.287500000000001 3.84217262268066
v 0.387500000000001 0.287500000000001 3.85639047622681
v 0.400000000000001 0.287500000000001 3.87036395072937
v 0.412500000000001 0.287500000000001 3.88398909568787
v 0.425000000000001 0.287500000000001 3.89697766304016
v 0.437500000000001 0.287500000000001 3.90911030769348
v 0.450000000000001 0.287500000000001 3.92037582397461
v 0.462500000000001 0.287500000000001 3.9310085773468
v 0.475000000000001 0.287500000000001 3.94147086143494
v 0.487500000000001 0.287500000000001 3.95234990119934
v 0.500000000000001 0.287500000000001 3.96407389640808
v -0.5 0.300000000000001 3.48426413536072
v -0.4875 0.300000000000001 3.47249603271484
v -0.475 0.300000000000001 3.4610161781311
v -0.4625 0.300000000000001 3.44980311393738
v -0.45 0.300000000000001 3.43887901306152
v -0.4375 0.300000000000001 3.42828440666199
v -0.425 0.300000000000001 3.4180645942688
v -0.4125 0.300000000000001 3.40826392173767
v -0.4 0.300000000000001 3.39891743659973
v -0.3875 0.300000000000001 3.39005470275879
v -0.375 0.300000000000001 3.38169646263123
v -0.3625 0.300000000000001 3.37385416030884
v -0.35 0.300000000000001 3.36653685569763
v -0.3375 0.300000000000001 3.35974550247192
v -0.325 0.300000000000001 3.3534791469574
v -0.3125 0.300000000000001 3.34773325920105
v -0.3 0.300000000000001 3.34250116348267
v -0.2875 0.300000000000001 3.3377730846405
v -0.275 0.300000000000001 3.33354187011719
v -0.2625 0.300000000000001 3.32979822158813
v -0.25 0.300000000000001 3.32653307914734
v -0.2375 0.300000000000001 3.32374000549316
v -0.225 0.300000000000001 3.32141280174255
v -0.2125 0.300000000000001 3.31954836845398
v -0.2 0.300000000000001 3.31814432144165
v -0.1875 0.300000000000001 3.31720280647278
v -0.175 0.300000000000001 3.31672835350037
v -0.1625 0.300000000000001 3.31673097610474
v -0.15 0.300000000000001 3.31722187995911
v -0.1375 0.300000000000001 3.31822204589844
v -0.125 0.300000000000001 3.31975364685059
v -0.1125 0.300000000000001 3.32184767723083
v -0.0999999999999996 0.300000000000001 3.3245370388031
v -0.0874999999999996 0.300000000000001 3.32785964012146
v -0.0749999999999996 0.300000000000001 3.33184933662415
v -0.0624999999999996 0.300000000000001 3.33653807640076
v -0.0499999999999996 0.300000000000001 3.34194493293762
v -0.0374999999999996 0.300000000000001 3.34807658195496
v -0.0249999999999996 0.300000000000001 3.35492825508118
v -0.0124999999999996 0.300000000000001 3.36247992515564
v 4.44089209850063e-16 0.300000000000001 3.37070536613464
v 0.0125000000000004 0.300000000000001 3.37957572937012
v 0.0250000000000005 0.300000000000001 3.38906145095825
v 0.0375000000000005 0.300000000000001 3.3991367816925
v 0.0500000000000005 0.300000000000001 3.40978050231934
v 0.0625000000000004 0.300000000000001 3.42097663879395
v 0.0750000000000005 0.300000000000001 3.4327118396759
v 0.0875000000000006 0.300000000000001 3.44497561454773
v 0.100000000000001 0.300000000000001 3.45775723457336
v 0.1125 0.300000000000001 3.47104644775391
v 0.125000000000001 0.300000000000001 3.48482966423035
v 0.137500000000001 0.300000000000001 3.49909448623657
v 0.150000000000001 0.300000000000001 3.51383090019226
v 0.162500000000001 0.300000000000001 3.5290367603302
v 0.175000000000001 0.300000000000001 3.54472279548645
v 0.187500000000001 0.300000000000001 3.56092071533203
v 0.200000000000001 0.300000000000001 3.57768106460571
v 0.212500000000001 0.300000000000001 3.595059633255
v 0.225000000000001 0.300000000000001 3.61310052871704
v 0.237500000000001 0.300000000000001 3.63180994987488
v 0.250000000000001 0.300000000000001 3.65114450454712
v 0.262500000000001 0.300000000000001 3.67099618911743
v 0.275000000000001 0.300000000000001 3.69119119644165
v 0.287500000000001 0.300000000000001 3.71148371696472
v 0.300000000000001 0.300000000000001 3.73158717155457
v 0.312500000000001 0.300000000000001 3.7512059211731
v 0.325000000000001 0.300000000000001 3.77007555961609
v 0.337500000000001 0.300000000000001 3.78799605369568
v 0.350000000000001 0.300000000000001 3.80485391616821
v 0.362500000000001 0.300000000000001 3.82066345214844
v 0.375000000000001 0.300000000000001 3.83559274673462
v 0.387500000000001 0.300000000000001 3.8499391078949
v 0.400000000000001 0.300000000000001 3.86396384239197
v 0.412500000000001 0.300000000000001 3.87767481803894
v 0.425000000000001 0.300000000000001 3.89082407951355
v 0.437500000000001 0.300000000000001 3.90312933921814
v 0.450000000000001 0.300000000000001 3.91447043418884
v 0.462500000000001 0.300000000000001 3.92495894432068
v 0.475000000000001 0.300000000000001 3.93496012687683
v 0.487500000000001 0.300000000000001 3.94505286216736
v 0.500000000000001 0.300000000000001 3.95582509040833
v -0.5 0.312500000000001 3.46390843391418
v -0.4875 0.312500000000001 3.4524085521698
v -0.475 0.312500000000001 3.44115304946899
v -0.4625 0.312500000000001 3.43016219139099
v -0.45 0.312500000000001 3.41948056221008
v -0.4375 0.312500000000001 3.40915465354919
v -0.425 0.312500000000001 3.39923071861267
v -0.4125 0.312500000000001 3.38974761962891
v -0.4 0.312500000000001 3.38073801994324
v -0.3875 0.312500000000001 3.37222361564636
v -0.375 0.312500000000001 3.36421966552734
v -0.3625 0.312500000000001 3.35673642158508
v -0.35 0.312500000000001 3.34977841377258
v -0.3375 0.312500000000001 3.34334421157837
v -0.325 0.312500000000001 3.33743143081665
v -0.3125 0.312500000000001 3.33203434944153
v -0.3 0.312500000000001 3.32714462280273
v -0.2875 0.312500000000001 3.32275438308716
v -0.275 0.312500000000001 3.31885385513306
v -0.2625 0.312500000000001 3.315434217453
v -0.25 0.312500000000001 3.31248712539673
v -0.2375 0.312500000000001 3.31000590324402
v -0.225 0.312500000000001 3.30798506736755
v -0.2125 0.312500000000001 3.30641984939575
v -0.2 0.312500000000001 3.30531001091003
v -0.1875 0.312500000000001 3.30465698242188
v -0.175 0.312500000000001 3.30446600914001
v -0.1625 0.312500000000001 3.30474591255188
v -0.15 0.312500000000001 3.30551075935364
v -0.1375 0.312500000000001 3.30677795410156
v -0.125 0.312500000000001 3.30857515335083
v -0.1125 0.312500000000001 3.3109290599823
v -0.0999999999999996 0.312500000000001 3.31387591362
v -0.0874999999999996 0.312500000000001 3.31745219230652
v -0.0749999999999996 0.312500000000001 3.32169389724731
v -0.0624999999999996 0.312500000000001 3.32663035392761
v -0.0499999999999996 0.312500000000001 3.33228087425232
v -0.0374999999999996 0.312500000000001 3.33865141868591
v -0.0249999999999996 0.312500000000001 3.34573435783386
v -0.0124999999999996 0.312500000000001 3.35350871086121
v 4.44089209850063e-16 0.312500000000001 3.36194801330566
v 0.0125000000000004 0.312500000000001 3.37102198600769
v 0.0250000000000005 0.312500000000001 3.3807008266449
v 0.0375000000000005 0.312500000000001 3.3909592628479
v 0.0500000000000005 0.312500000000001 3.40177702903748
v 0.0625000000000004 0.312500000000001 3.41313815116882
v 0.0750000000000005 0.312500000000001 3.42503094673157
v 0.0875000000000006 0.312500000000001 3.43744516372681
v 0.100000000000001 0.312500000000001 3.45037341117859
v 0.1125 0.312500000000001 3.46380424499512
v 0.125000000000001 0.312500000000001 3.47772598266602
v 0.137500000000001 0.312500000000001 3.49212455749512
v 0.150000000000001 0.312500000000001 3.50698709487915
v 0.162500000000001 0.312500000000001 3.52230453491211
v 0.175000000000001 0.312500000000001 3.53807830810547
v 0.187500000000001 0.312500000000001 3.55432558059692
v 0.200000000000001 0.312500000000001 3.57107973098755
v 0.212500000000001 0.312500000000001 3.588383436203
v 0.225000000000001 0.312500000000001 3.60627055168152
v 0.237500000000001 0.312500000000001 3.6247456073761
v 0.250000000000001 0.312500000000001 3.64377450942993
v 0.262500000000001 0.312500000000001 3.66328048706055
v 0.275000000000001 0.312500000000001 3.68314361572266
v 0.287500000000001 0.312500000000001 3.70318913459778
v 0.300000000000001 0.312500000000001 3.72318577766418
v 0.312500000000001 0.312500000000001 3.74285697937012
v 0.325000000000001 0.312500000000001 3.76192665100098
v 0.337500000000001 0.312500000000001 3.78015828132629
v 0.350000000000001 0.312500000000001 3.79738998413086
v 0.362500000000001 0.312500000000001 3.81357073783875
v 0.375000000000001 0.312500000000001 3.82879710197449
v 0.387500000000001 0.312500000000001 3.84331583976746
v 0.400000000000001 0.312500000000001 3.85741281509399
v 0.412500000000001 0.312500000000001 3.87119746208191
v 0.425000000000001 0.312500000000001 3.88449788093567
v 0.437500000000001 0.312500000000001 3.89701151847839
v 0.450000000000001 0.312500000000001 3.90853190422058
v 0.462500000000001 0.312500000000001 3.91906142234802
v 0.475000000000001 0.312500000000001 3.92884945869446
v 0.487500000000001 0.312500000000001 3.93840003013611
v 0.500000000000001 0.312500000000001 3.94836163520813
v -0.5 0.325000000000001 3.44347167015076
v -0.4875 0.325000000000001 3.43220186233521
v -0.475 0.325000000000001 3.42117619514465
v -0.4625 0.325000000000001 3.41043901443481
v -0.45 0.325000000000001 3.40003895759583
v -0.4375 0.325000000000001 3.39002466201782
v -0.425 0.325000000000001 3.38043785095215
v -0.4125 0.325000000000001 3.37131118774414
v -0.4 0.325000000000001 3.36266946792603
v -0.3875 0.325000000000001 3.35453104972839
v -0.375 0.325000000000001 3.34690713882446
v -0.3625 0.325000000000001 3.33980345726013
v -0.35 0.325000000000001 3.33322262763977
v -0.3375 0.325000000000001 3.32716226577759
v -0.325 0.325000000000001 3.321617603302
v -0.3125 0.325000000000001 3.31658101081848
v -0.3 0.325000000000001 3.31204652786255
v -0.2875 0.325000000000001 3.30800318717957
v -0.275 0.325000000000001 3.304443359375
v -0.2625 0.325000000000001 3.30135726928711
v -0.25 0.325000000000001 3.29873728752136
v -0.2375 0.325000000000001 3.29657602310181
v -0.225 0.325000000000001 3.29486894607544
v -0.2125 0.325000000000001 3.29361200332642
v -0.2 0.325000000000001 3.29280471801758
v -0.1875 0.325000000000001 3.29244804382324
v -0.175 0.325000000000001 3.29254794120789
v -0.1625 0.325000000000001 3.29311347007751
v -0.15 0.325000000000001 3.29415822029114
v -0.1375 0.325000000000001 3.29570245742798
v -0.125 0.325000000000001 3.29776883125305
v -0.1125 0.325000000000001 3.30039000511169
v -0.0999999999999996 0.325000000000001 3.3036003112793
v -0.0874999999999996 0.325000000000001 3.30743646621704
v -0.0749999999999996 0.325000000000001 3.31193399429321
v -0.0624999999999996 0.325000000000001 3.3171226978302
v -0.0499999999999996 0.325000000000001 3.32301902770996
v -0.0374999999999996 0.325000000000001 3.32962870597839
v -0.0249999999999996 0.325000000000001 3.33694076538086
v -0.0124999999999996 0.325000000000001 3.3449342250824
v 4.44089209850063e-16 0.325000000000001 3.35358095169067
v 0.0125000000000004 0.325000000000001 3.36284947395325
v 0.0250000000000005 0.325000000000001 3.37271046638489
v 0.0375000000000005 0.325000000000001 3.38313913345337
v 0.0500000000000005 0.325000000000001 3.39411616325378
v 0.0625000000000004 0.325000000000001 3.40562629699707
v 0.0750000000000005 0.325000000000001 3.41765856742859
v 0.0875000000000006 0.325000000000001 3.43020558357239
v 0.100000000000001 0.325000000000001 3.44325876235962
v 0.1125 0.325000000000001 3.45681047439575
v 0.125000000000001 0.325000000000001 3.47084999084473
v 0.137500000000001 0.325000000000001 3.4853630065918
v 0.150000000000001 0.325000000000001 3.5003354549408
v 0.162500000000001 0.325000000000001 3.51575398445129
v 0.175000000000001 0.325000000000001 3.53161406517029
v 0.187500000000001 0.325000000000001 3.54792022705078
v 0.200000000000001 0.325000000000001 3.56469535827637
v 0.212500000000001 0.325000000000001 3.58196902275085
v 0.225000000000001 0.325000000000001 3.59976696968079
v 0.237500000000001 0.325000000000001 3.61808776855469
v 0.250000000000001 0.325000000000001 3.63689422607422
v 0.262500000000001 0.325000000000001 3.65611505508423
v 0.275000000000001 0.325000000000001 3.67565512657166
v 0.287500000000001 0.325000000000001 3.6953911781311
v 0.300000000000001 0.325000000000001 3.71515583992004
v 0.312500000000001 0.325000000000001 3.73472833633423
v 0.325000000000001 0.325000000000001 3.7538526058197
v 0.337500000000001 0.325000000000001 3.77227330207825
v 0.350000000000001 0.325000000000001 3.789790391922
v 0.362500000000001 0.325000000000001 3.80629515647888
v 0.375000000000001 0.325000000000001 3.82181596755981
v 0.387500000000001 0.325000000000001 3.83653330802917
v 0.400000000000001 0.325000000000001 3.85072445869446
v 0.412500000000001 0.325000000000001 3.86457371711731
v 0.425000000000001 0.325000000000001 3.87800073623657
v 0.437500000000001 0.325000000000001 3.8907208442688
v 0.450000000000001 0.325000000000001 3.90247130393982
v 0.462500000000001 0.325000000000001 3.91315913200378
v 0.475000000000001 0.325000000000001 3.92292714118958
v 0.487500000000001 0.325000000000001 3.93217635154724
v 0.500000000000001 0.325000000000001 3.94152998924255
v -0.5 0.337500000000001 3.42294120788574
v -0.4875 0.337500000000001 3.41191172599792
v -0.475 0.337500000000001 3.40115141868591
v -0.4625 0.337500000000001 3.3907105922699
v -0.45 0.337500000000001 3.38063883781433
v -0.4375 0.337500000000001 3.37098002433777
v -0.425 0.337500000000001 3.36176753044128
v -0.4125 0.337500000000001 3.35302972793579
v -0.4 0.337500000000001 3.34478545188904
v -0.3875 0.337500000000001 3.3370475769043
v -0.375 0.337500000000001 3.32982420921326
v -0.3625 0.337500000000001 3.32311797142029
v -0.35 0.337500000000001 3.31692957878113
v -0.3375 0.337500000000001 3.31125569343567
v -0.325 0.337500000000001 3.30609059333801
v -0.3125 0.337500000000001 3.30142593383789
v -0.3 0.337500000000001 3.29725575447083
v -0.2875 0.337500000000001 3.29357028007507
v -0.275 0.337500000000001 3.29036068916321
v -0.2625 0.337500000000001 3.28761744499207
v -0.25 0.337500000000001 3.28533411026001
v -0.2375 0.337500000000001 3.28350329399109
v -0.225 0.337500000000001 3.2821204662323
v -0.2125 0.337500000000001 3.28118133544922
v -0.2 0.337500000000001 3.28068614006042
v -0.1875 0.337500000000001 3.28063654899597
v -0.175 0.337500000000001 3.28103685379028
v -0.1625 0.337500000000001 3.28189778327942
v -0.15 0.337500000000001 3.28323221206665
v -0.1375 0.337500000000001 3.28506016731262
v -0.125 0.337500000000001 3.28740668296814
v -0.1125 0.337500000000001 3.29030299186707
v -0.0999999999999996 0.337500000000001 3.29378366470337
v -0.0874999999999996 0.337500000000001 3.29788661003113
v -0.0749999999999996 0.337500000000001 3.30264592170715
v -0.0624999999999996 0.337500000000001 3.30809020996094
v -0.0499999999999996 0.337500000000001 3.3142364025116
v -0.0374999999999996 0.337500000000001 3.32108497619629
v -0.0249999999999996 0.337500000000001 3.32862544059753
v -0.0124999999999996 0.337500000000001 3.33683395385742
v 4.44089209850063e-16 0.337500000000001 3.34568095207214
v 0.0125000000000004 0.337500000000001 3.355135679245
v 0.0250000000000005 0.337500000000001 3.36516880989075
v 0.0375000000000005 0.337500000000001 3.37575531005859
v 0.0500000000000005 0.337500000000001 3.38687705993652
v 0.0625000000000004 0.337500000000001 3.39851999282837
v 0.0750000000000005 0.337500000000001 3.41067242622375
v 0.0875000000000006 0.337500000000001 3.42333149909973
v 0.100000000000001 0.337500000000001 3.43648767471313
v 0.1125 0.337500000000001 3.45013737678528
v 0.125000000000001 0.337500000000001 3.46427130699158
v 0.137500000000001 0.337500000000001 3.47887492179871
v 0.150000000000001 0.337500000000001 3.49393582344055
v 0.162500000000001 0.337500000000001 3.50943684577942
v 0.175000000000001 0.337500000000001 3.52536940574646
v 0.187500000000001 0.337500000000001 3.54173135757446
v 0.200000000000001 0.337500000000001 3.55853533744812
v 0.212500000000001 0.337500000000001 3.5758011341095
v 0.225000000000001 0.337500000000001 3.59354829788208
v 0.237500000000001 0.337500000000001 3.61177039146423
v 0.250000000000001 0.337500000000001 3.63042688369751
v 0.262500000000001 0.337500000000001 3.64943933486938
v 0.275000000000001 0.337500000000001 3.66871309280396
v 0.287500000000001 0.337500000000001 3.68814468383789
v 0.300000000000001 0.337500000000001 3.70761561393738
v 0.312500000000001 0.337500000000001 3.72697067260742
v 0.325000000000001 0.337500000000001 3.74600219726562
v 0.337500000000001 0.337500000000001 3.76447296142578
v 0.350000000000001 0.337500000000001 3.78216290473938
v 0.362500000000001 0.337500000000001 3.79891586303711
v 0.375000000000001 0.337500000000001 3.81469655036926
v 0.387500000000001 0.337500000000001 3.82961773872375
v 0.400000000000001 0.337500000000001 3.84392023086548
v 0.412500000000001 0.337500000000001 3.85782790184021
v 0.425000000000001 0.337500000000001 3.87135124206543
v 0.437500000000001 0.337500000000001 3.88425445556641
v 0.450000000000001 0.337500000000001 3.89624524116516
v 0.462500000000001 0.337500000000001 3.90715670585632
v 0.475000000000001 0.337500000000001 3.91703486442566
v 0.487500000000001 0.337500000000001 3.92617726325989
v 0.500000000000001 0.337500000000001 3.9351372718811
v -0.5 0.350000000000001 3.40235686302185
v -0.4875 0.350000000000001 3.391606092453
v -0.475 0.350000000000001 3.38115763664246
v -0.4625 0.350000000000001 3.37106323242188
v -0.45 0.350000000000001 3.36136603355408
v -0.4375 0.350000000000001 3.35210108757019
v -0.425 0.350000000000001 3.34329795837402
v -0.4125 0.350000000000001 3.33497786521912
v -0.4 0.350000000000001 3.32715344429016
v -0.3875 0.350000000000001 3.3198356628418
v -0.375 0.350000000000001 3.31302833557129
v -0.3625 0.350000000000001 3.30673384666443
v -0.35 0.350000000000001 3.30094981193542
v -0.3375 0.350000000000001 3.29567337036133
v -0.325 0.350000000000001 3.29089784622192
v -0.3125 0.350000000000001 3.286616563797
v -0.3 0.350000000000001 3.28282141685486
v -0.2875 0.350000000000001 3.27950358390808
v -0.275 0.350000000000001 3.27665495872498
v -0.2625 0.350000000000001 3.27426648139954
v -0.25 0.350000000000001 3.27233123779297
v -0.2375 0.350000000000001 3.27084279060364
v -0.225 0.350000000000001 3.26979613304138
v -0.2125 0.350000000000001 3.26918768882751
v -0.2 0.350000000000001 3.26901698112488
v -0.1875 0.350000000000001 3.2692859172821
v -0.175 0.350000000000001 3.2699990272522
v -0.1625 0.350000000000001 3.27116632461548
v -0.15 0.350000000000001 3.27280211448669
v -0.1375 0.350000000000001 3.2749240398407
v -0.125 0.350000000000001 3.27755999565125
v -0.1125 0.350000000000001 3.28074049949646
v -0.0999999999999996 0.350000000000001 3.28450012207031
v -0.0874999999999996 0.350000000000001 3.28887677192688
v -0.0749999999999996 0.350000000000001 3.29390525817871
v -0.0624999999999996 0.350000000000001 3.29961085319519
v -0.0499999999999996 0.350000000000001 3.30600810050964
v -0.0374999999999996 0.350000000000001 3.31309819221497
v -0.0249999999999996 0.350000000000001 3.32086634635925
v -0.0124999999999996 0.350000000000001 3.3292863368988
v 4.44089209850063e-16 0.350000000000001 3.33832859992981
v 0.0125000000000004 0.350000000000001 3.34796190261841
v 0.0250000000000005 0.350000000000001 3.35815668106079
v 0.0375000000000005 0.350000000000001 3.36888885498047
v 0.0500000000000005 0.350000000000001 3.38014078140259
v 0.0625000000000004 0.350000000000001 3.39189887046814
v 0.0750000000000005 0.350000000000001 3.40415549278259
v 0.0875000000000006 0.350000000000001 3.41690444946289
v 0.100000000000001 0.350000000000001 3.4301438331604
v 0.1125 0.350000000000001 3.44386720657349
v 0.125000000000001 0.350000000000001 3.45806813240051
v 0.137500000000001 0.350000000000001 3.47273707389832
v 0.150000000000001 0.350000000000001 3.48785901069641
v 0.162500000000001 0.350000000000001 3.50341868400574
v 0.175000000000001 0.350000000000001 3.51940321922302
v 0.187500000000001 0.350000000000001 3.53580594062805
v 0.200000000000001 0.350000000000001 3.55263113975525
v 0.212500000000001 0.350000000000001 3.56989359855652
v 0.225000000000001 0.350000000000001 3.58760523796082
v 0.237500000000001 0.350000000000001 3.60575985908508
v 0.250000000000001 0.350000000000001 3.62431406974792
v 0.262500000000001 0.350000000000001 3.6431839466095
v 0.275000000000001 0.350000000000001 3.66226243972778
v 0.287500000000001 0.350000000000001 3.68144226074219
v 0.300000000000001 0.350000000000001 3.70062255859375
v 0.312500000000001 0.350000000000001 3.71969604492188
v 0.325000000000001 0.350000000000001 3.73851895332336
v 0.337500000000001 0.350000000000001 3.75690054893494
v 0.350000000000001 0.350000000000001 3.77463150024414
v 0.362500000000001 0.350000000000001 3.79153060913086
v 0.375000000000001 0.350000000000001 3.80750823020935
v 0.387500000000001 0.350000000000001 3.8226113319397
v 0.400000000000001 0.350000000000001 3.83702778816223
v 0.412500000000001 0.350000000000001 3.85099029541016
v 0.425000000000001 0.350000000000001 3.864581823349
v 0.437500000000001 0.350000000000001 3.87763142585754
v 0.450000000000001 0.350000000000001 3.88984656333923
v 0.462500000000001 0.350000000000001 3.90100407600403
v 0.475000000000001 0.350000000000001 3.91106867790222
v 0.487500000000001 0.350000000000001 3.9202446937561
v 0.500000000000001 0.350000000000001 3.92899751663208
v -0.5 0.362500000000001 3.38179278373718
v -0.4875 0.362500000000001 3.37137293815613
v -0.475 0.362500000000001 3.36128854751587
v -0.4625 0.362500000000001 3.35158705711365
v -0.45 0.362500000000001 3.34230303764343
v -0.4375 0.362500000000001 3.33346724510193
v -0.425 0.362500000000001 3.32510042190552
v -0.4125 0.362500000000001 3.317218542099
v -0.4 0.362500000000001 3.30983281135559
v -0.3875 0.362500000000001 3.30294919013977
v -0.375 0.362500000000001 3.29657053947449
v -0.3625 0.362500000000001 3.29069828987122
v -0.35 0.362500000000001 3.28533029556274
v -0.3375 0.362500000000001 3.28046083450317
v -0.325 0.362500000000001 3.2760853767395
v -0.3125 0.362500000000001 3.27219700813293
v -0.3 0.362500000000001 3.26878809928894
v -0.2875 0.362500000000001 3.26585078239441
v -0.275 0.362500000000001 3.26337599754333
v -0.2625 0.362500000000001 3.26135563850403
v -0.25 0.362500000000001 3.25978255271912
v -0.2375 0.362500000000001 3.25865030288696
v -0.225 0.362500000000001 3.25795435905457
v -0.2125 0.362500000000001 3.25769114494324
v -0.2 0.362500000000001 3.25785827636719
v -0.1875 0.362500000000001 3.25845956802368
v -0.175 0.362500000000001 3.25949859619141
v -0.1625 0.362500000000001 3.26098489761353
v -0.15 0.362500000000001 3.26293158531189
v -0.1375 0.362500000000001 3.2653603553772
v -0.125 0.362500000000001 3.26829600334167
v -0.1125 0.362500000000001 3.27176928520203
v -0.0999999999999996 0.362500000000001 3.27581763267517
v -0.0874999999999996 0.362500000000001 3.28047561645508
v -0.0749999999999996 0.362500000000001 3.28577876091003
v -0.0624999999999996 0.362500000000001 3.29175114631653
v -0.0499999999999996 0.362500000000001 3.29840469360352
v -0.0374999999999996 0.362500000000001 3.30573654174805
v -0.0249999999999996 0.362500000000001 3.31373071670532
v -0.0124999999999996 0.362500000000001 3.32235980033875
v 4.44089209850063e-16 0.362500000000001 3.33159255981445
v 0.0125000000000004 0.362500000000001 3.34139800071716
v 0.0250000000000005 0.362500000000001 3.35174608230591
v 0.0375000000000005 0.362500000000001 3.36261296272278
v 0.0500000000000005 0.362500000000001 3.37398338317871
v 0.0625000000000004 0.362500000000001 3.38584303855896
v 0.0750000000000005 0.362500000000001 3.39818644523621
v 0.0875000000000006 0.362500000000001 3.41100859642029
v 0.100000000000001 0.362500000000001 3.42430734634399
v 0.1125 0.362500000000001 3.43808150291443
v 0.125000000000001 0.362500000000001 3.45232462882996
v 0.137500000000001 0.362500000000001 3.46703028678894
v 0.150000000000001 0.362500000000001 3.48218607902527
v 0.162500000000001 0.362500000000001 3.49777603149414
v 0.175000000000001 0.362500000000001 3.51378512382507
v 0.187500000000001 0.362500000000001 3.53020548820496
v 0.200000000000001 0.362500000000001 3.54703593254089
v 0.212500000000001 0.362500000000001 3.56428384780884
v 0.225000000000001 0.362500000000001 3.58195948600769
v 0.237500000000001 0.362500000000001 3.60005617141724
v 0.250000000000001 0.362500000000001 3.61853194236755
v 0.262500000000001 0.362500000000001 3.63730049133301
v 0.275000000000001 0.362500000000001 3.65624237060547
v 0.287500000000001 0.362500000000001 3.67523622512817
v 0.300000000000001 0.362500000000001 3.69417381286621
v 0.312500000000001 0.362500000000001 3.71296501159668
v 0.325000000000001 0.362500000000001 3.73151469230652
v 0.337500000000001 0.362500000000001 3.74969267845154
v 0.350000000000001 0.362500000000001 3.76733136177063
v 0.362500000000001 0.362500000000001 3.78425455093384
v 0.375000000000001 0.362500000000001 3.80033922195435
v 0.387500000000001 0.362500000000001 3.81557393074036
v 0.400000000000001 0.362500000000001 3.83008766174316
v 0.412500000000001 0.362500000000001 3.8440957069397
v 0.425000000000001 0.362500000000001 3.85772705078125
v 0.437500000000001 0.362500000000001 3.8708827495575
v 0.450000000000001 0.362500000000001 3.88328862190247
v 0.462500000000001 0.362500000000001 3.89468550682068
v 0.475000000000001 0.362500000000001 3.90497398376465
v 0.487500000000001 0.362500000000001 3.91427230834961
v 0.500000000000001 0.362500000000001 3.92295908927917
v -0.5 0.375000000000001 3.36134338378906
v -0.4875 0.375000000000001 3.35130667686462
v -0.475 0.375000000000001 3.34163522720337
v -0.4625 0.375000000000001 3.3323655128479
v -0.45 0.375000000000001 3.32352876663208
v -0.4375 0.375000000000001 3.31514596939087
v -0.425 0.375000000000001 3.30723547935486
v -0.4125 0.375000000000001 3.29980731010437
v -0.4 0.375000000000001 3.29287195205688
v -0.3875 0.375000000000001 3.28643298149109
v -0.375 0.375000000000001 3.28049325942993
v -0.3625 0.375000000000001 3.27505278587341
v -0.35 0.375000000000001 3.27010798454285
v -0.3375 0.375000000000001 3.26565790176392
v -0.325 0.375000000000001 3.26169466972351
v -0.3125 0.375000000000001 3.25821232795715
v -0.3 0.375000000000001 3.25520324707031
v -0.2875 0.375000000000001 3.25265955924988
v -0.275 0.375000000000001 3.25057291984558
v -0.2625 0.375000000000001 3.24893617630005
v -0.25 0.375000000000001 3.24774098396301
v -0.2375 0.375000000000001 3.24698114395142
v -0.225 0.375000000000001 3.24665117263794
v -0.2125 0.375000000000001 3.24674725532532
v -0.2 0.375000000000001 3.24726843833923
v -0.1875 0.375000000000001 3.24821543693542
v -0.175 0.375000000000001 3.24959254264832
v -0.1625 0.375000000000001 3.25140953063965
v -0.15 0.375000000000001 3.25367975234985
v -0.1375 0.375000000000001 3.25642371177673
v -0.125 0.375000000000001 3.25966715812683
v -0.1125 0.375000000000001 3.26344299316406
v -0.0999999999999996 0.375000000000001 3.26778650283813
v -0.0874999999999996 0.375000000000001 3.27273344993591
v -0.0749999999999996 0.375000000000001 3.27831697463989
v -0.0624999999999996 0.375000000000001 3.28456044197083
v -0.0499999999999996 0.375000000000001 3.2914719581604
v -0.0374999999999996 0.375000000000001 3.29904747009277
v -0.0249999999999996 0.375000000000001 3.30726742744446
v -0.0124999999999996 0.375000000000001 3.31610298156738
v 4.44089209850063e-16 0.375000000000001 3.32552313804626
v 0.0125000000000004 0.375000000000001 3.33549499511719
v 0.0250000000000005 0.375000000000001 3.34598970413208
v 0.0375000000000005 0.375000000000001 3.35698509216309
v 0.0500000000000005 0.375000000000001 3.36846399307251
v 0.0625000000000004 0.375000000000001 3.38041472434998
v 0.0750000000000005 0.375000000000001 3.39283156394958
v 0.0875000000000006 0.375000000000001 3.40571188926697
v 0.100000000000001 0.375000000000001 3.41905379295349
v 0.1125 0.375000000000001 3.43285822868347
v 0.125000000000001 0.375000000000001 3.44712138175964
v 0.137500000000001 0.375000000000001 3.46183848381042
v 0.150000000000001 0.375000000000001 3.47699904441833
v 0.162500000000001 0.375000000000001 3.49258971214294
v 0.175000000000001 0.375000000000001 3.50859522819519
v 0.187500000000001 0.375000000000001 3.52500462532043
v 0.200000000000001 0.375000000000001 3.54181528091431
v 0.212500000000001 0.375000000000001 3.55902910232544
v 0.225000000000001 0.375000000000001 3.576655626297
v 0.237500000000001 0.375000000000001 3.59468770027161
v 0.250000000000001 0.375000000000001 3.61308789253235
v 0.262500000000001 0.375000000000001 3.63177084922791
v 0.275000000000001 0.375000000000001 3.65061187744141
v 0.287500000000001 0.375000000000001 3.66947364807129
v 0.300000000000001 0.375000000000001 3.68822860717773
v 0.312500000000001 0.375000000000001 3.70677947998047
v 0.325000000000001 0.375000000000001 3.7250497341156
v 0.337500000000001 0.375000000000001 3.74295806884766
v 0.350000000000001 0.375000000000001 3.76039361953735
v 0.362500000000001 0.375000000000001 3.77721452713013
v 0.375000000000001 0.375000000000001 3.79329538345337
v 0.387500000000001 0.375000000000001 3.80858540534973
v 0.400000000000001 0.375000000000001 3.82315611839294
v 0.412500000000001 0.375000000000001 3.83718800544739
v 0.425000000000001 0.375000000000001 3.85083174705505
v 0.437500000000001 0.375000000000001 3.86404991149902
v 0.450000000000001 0.375000000000001 3.87660217285156
v 0.462500000000001 0.375000000000001 3.88821339607239
v 0.475000000000001 0.375000000000001 3.89872908592224
v 0.487500000000001 0.375000000000001 3.908198595047
v 0.500000000000001 0.375000000000001 3.91691660881042
v -0.5 0.387500000000001 3.34110808372498
v -0.4875 0.387500000000001 3.3315007686615
v -0.475 0.387500000000001 3.32227945327759
v -0.4625 0.387500000000001 3.31347274780273
v -0.45 0.387500000000001 3.30510401725769
v -0.4375 0.387500000000001 3.29719161987305
v -0.425 0.387500000000001 3.28974914550781
v -0.4125 0.387500000000001 3.28278660774231
v -0.4 0.387500000000001 3.27630996704102
v -0.3875 0.387500000000001 3.27032446861267
v -0.375 0.387500000000001 3.26483201980591
v -0.3625 0.387500000000001 3.25983285903931
v -0.35 0.387500000000001 3.25532460212708
v -0.3375 0.387500000000001 3.25130391120911
v -0.325 0.387500000000001 3.24776530265808
v -0.3125 0.387500000000001 3.24470329284668
v -0.3 0.387500000000001 3.24210906028748
v -0.2875 0.387500000000001 3.2399754524231
v -0.275 0.387500000000001 3.23829436302185
v -0.2625 0.387500000000001 3.23705673217773
v -0.25 0.387500000000001 3.23625612258911
v -0.2375 0.387500000000001 3.23588418960571
v -0.225 0.387500000000001 3.23593521118164
v -0.2125 0.387500000000001 3.23640632629395
v -0.2 0.387500000000001 3.23729372024536
v -0.1875 0.387500000000001 3.23859834671021
v -0.175 0.387500000000001 3.24032521247864
v -0.1625 0.387500000000001 3.24248194694519
v -0.15 0.387500000000001 3.2450840473175
v -0.1375 0.387500000000001 3.24815154075623
v -0.125 0.387500000000001 3.25171065330505
v -0.1125 0.387500000000001 3.25579380989075
v -0.0999999999999996 0.387500000000001 3.26043772697449
v -0.0874999999999996 0.387500000000001 3.26567816734314
v -0.0749999999999996 0.387500000000001 3.27154588699341
v -0.0624999999999996 0.387500000000001 3.27806282043457
v -0.0499999999999996 0.387500000000001 3.2852349281311
v -0.0374999999999996 0.387500000000001 3.29305386543274
v -0.0249999999999996 0.387500000000001 3.30149841308594
v -0.0124999999999996 0.387500000000001 3.31053924560547
v 4.44089209850063e-16 0.387500000000001 3.32014322280884
v 0.0125000000000004 0.387500000000001 3.33027768135071
v 0.0250000000000005 0.387500000000001 3.3409149646759
v 0.0375000000000005 0.387500000000001 3.35203242301941
v 0.0500000000000005 0.387500000000001 3.36361479759216
v 0.0625000000000004 0.387500000000001 3.37564921379089
v 0.0750000000000005 0.387500000000001 3.38813257217407
v 0.0875000000000006 0.387500000000001 3.40106058120728
v 0.100000000000001 0.387500000000001 3.41443490982056
v 0.1125 0.387500000000001 3.42825508117676
v 0.125000000000001 0.387500000000001 3.44252133369446
v 0.137500000000001 0.387500000000001 3.45723032951355
v 0.150000000000001 0.387500000000001 3.47237253189087
v 0.162500000000001 0.387500000000001 3.48793721199036
v 0.175000000000001 0.387500000000001 3.503910779953
v 0.187500000000001 0.387500000000001 3.52028131484985
v 0.200000000000001 0.387500000000001 3.53704309463501
v 0.212500000000001 0.387500000000001 3.55419778823853
v 0.225000000000001 0.387500000000001 3.57175230979919
v 0.237500000000001 0.387500000000001 3.5897011756897
v 0.250000000000001 0.387500000000001 3.60801315307617
v 0.262500000000001 0.387500000000001 3.62660765647888
v 0.275000000000001 0.387500000000001 3.64536023139954
v 0.287500000000001 0.387500000000001 3.66412043571472
v 0.300000000000001 0.387500000000001 3.68274164199829
v 0.312500000000001 0.387500000000001 3.70110678672791
v 0.325000000000001 0.387500000000001 3.7191321849823
v 0.337500000000001 0.387500000000001 3.73675990104675
v 0.350000000000001 0.387500000000001 3.75392389297485
v 0.362500000000001 0.387500000000001 3.77053642272949
v 0.375000000000001 0.387500000000001 3.78649759292603
v 0.387500000000001 0.387500000000001 3.80174326896667
v 0.400000000000001 0.387500000000001 3.81630635261536
v 0.412500000000001 0.387500000000001 3.83032274246216
v 0.425000000000001 0.387500000000001 3.84394454956055
v 0.437500000000001 0.387500000000001 3.85717964172363
v 0.450000000000001 0.387500000000001 3.8698296546936
v 0.462500000000001 0.387500000000001 3.88161444664001
v 0.475000000000001 0.387500000000001 3.89234089851379
v 0.487500000000001 0.387500000000001 3.90199828147888
v 0.500000000000001 0.387500000000001 3.91080784797668
v -0.5 0.400000000000001 3.32117915153503
v -0.4875 0.400000000000001 3.31203651428223
v -0.475 0.400000000000001 3.30329060554504
v -0.4625 0.400000000000001 3.29496383666992
v -0.45 0.400000000000001 3.28707814216614
v -0.4375 0.400000000000001 3.27964568138123
v -0.425 0.400000000000001 3.27267909049988
v -0.4125 0.400000000000001 3.26618766784668
v -0.4 0.400000000000001 3.26017808914185
v -0.3875 0.400000000000001 3.25465393066406
v -0.375 0.400000000000001 3.24961853027344
v -0.3625 0.400000000000001 3.24507188796997
v -0.35 0.400000000000001 3.24101114273071
v -0.3375 0.400000000000001 3.23743486404419
v -0.325 0.400000000000001 3.23433661460876
v -0.3125 0.400000000000001 3.23171019554138
v -0.3 0.400000000000001 3.22954750061035
v -0.2875 0.400000000000001 3.22784090042114
v -0.275 0.400000000000001 3.22658133506775
v -0.2625 0.400000000000001 3.22576069831848
v -0.25 0.400000000000001 3.2253692150116
v -0.2375 0.400000000000001 3.22539973258972
v -0.225 0.400000000000001 3.22584700584412
v -0.2125 0.400000000000001 3.22670364379883
v -0.2 0.400000000000001 3.2279679775238
v -0.1875 0.400000000000001 3.22963976860046
v -0.175 0.400000000000001 3.23172378540039
v -0.1625 0.400000000000001 3.23422789573669
v -0.15 0.400000000000001 3.2371666431427
v -0.1375 0.400000000000001 3.24056172370911
v -0.125 0.400000000000001 3.24444055557251
v -0.1125 0.400000000000001 3.24883508682251
v -0.0999999999999996 0.400000000000001 3.25378274917603
v -0.0874999999999996 0.400000000000001 3.25931859016418
v -0.0749999999999996 0.400000000000001 3.26547288894653
v -0.0624999999999996 0.400000000000001 3.27226424217224
v -0.0499999999999996 0.400000000000001 3.27969622612
v -0.0374999999999996 0.400000000000001 3.28775787353516
v -0.0249999999999996 0.400000000000001 3.29642558097839
v -0.0124999999999996 0.400000000000001 3.30566787719727
v 4.44089209850063e-16 0.400000000000001 3.31545233726501
v 0.0125000000000004 0.400000000000001 3.3257462978363
v 0.0250000000000005 0.400000000000001 3.33652281761169
v 0.0375000000000005 0.400000000000001 3.34775972366333
v 0.0500000000000005 0.400000000000001 3.35944151878357
v 0.0625000000000004 0.400000000000001 3.37155723571777
v 0.0750000000000005 0.400000000000001 3.38410258293152
v 0.0875000000000006 0.400000000000001 3.39707446098328
v 0.100000000000001 0.400000000000001 3.4104745388031
v 0.1125 0.400000000000001 3.42430424690247
v 0.125000000000001 0.400000000000001 3.43856430053711
v 0.137500000000001 0.400000000000001 3.4532516002655
v 0.150000000000001 0.400000000000001 3.46836090087891
v 0.162500000000001 0.400000000000001 3.48388075828552
v 0.175000000000001 0.400000000000001 3.49980020523071
v 0.187500000000001 0.400000000000001 3.51610732078552
v 0.200000000000001 0.400000000000001 3.53279423713684
v 0.212500000000001 0.400000000000001 3.54986381530762
v 0.225000000000001 0.400000000000001 3.56731963157654
v 0.237500000000001 0.400000000000001 3.5851616859436
v 0.250000000000001 0.400000000000001 3.6033616065979
v 0.262500000000001 0.400000000000001 3.62184977531433
v 0.275000000000001 0.400000000000001 3.64050459861755
v 0.287500000000001 0.400000000000001 3.6591694355011
v 0.300000000000001 0.400000000000001 3.67768478393555
v 0.312500000000001 0.400000000000001 3.69590830802917
v 0.325000000000001 0.400000000000001 3.71373867988586
v 0.337500000000001 0.400000000000001 3.73111319541931
v 0.350000000000001 0.400000000000001 3.74798893928528
v 0.362500000000001 0.400000000000001 3.76432418823242
v 0.375000000000001 0.400000000000001 3.78006291389465
v 0.387500000000001 0.400000000000001 3.79516005516052
v 0.400000000000001 0.400000000000001 3.80962920188904
v 0.412500000000001 0.400000000000001 3.823570728302
v 0.425000000000001 0.400000000000001 3.83712577819824
v 0.437500000000001 0.400000000000001 3.85032892227173
v 0.450000000000001 0.400000000000001 3.8630211353302
v 0.462500000000001 0.400000000000001 3.87493109703064
v 0.475000000000001 0.400000000000001 3.88583540916443
v 0.487500000000001 0.400000000000001 3.89567351341248
v 0.500000000000001 0.400000000000001 3.90460443496704
v -0.5 0.412500000000001 3.3016312122345
v -0.4875 0.412500000000001 3.29297423362732
v -0.475 0.412500000000001 3.28471684455872
v -0.4625 0.412500000000001 3.27688097953796
v -0.45 0.412500000000001 3.26948237419128
v -0.4375 0.412500000000001 3.26253509521484
v -0.425 0.412500000000001 3.25605082511902
v -0.4125 0.412500000000001 3.25003671646118
v -0.4 0.412500000000001 3.24450182914734
v -0.3875 0.412500000000001 3.23944926261902
v -0.375 0.412500000000001 3.23488211631775
v -0.3625 0.412500000000001 3.23080062866211
v -0.35 0.412500000000001 3.22720313072205
v -0.3375 0.412500000000001 3.22408652305603
v -0.325 0.412500000000001 3.22144436836243
v -0.3125 0.412500000000001 3.21927046775818
v -0.3 0.412500000000001 3.2175567150116
v -0.2875 0.412500000000001 3.2162938117981
v -0.275 0.412500000000001 3.21547174453735
v -0.2625 0.412500000000001 3.2150821685791
v -0.25 0.412500000000001 3.21511435508728
v -0.2375 0.412500000000001 3.2155601978302
v -0.225 0.412500000000001 3.21641206741333
v -0.2125 0.412500000000001 3.21766352653503
v -0.2 0.412500000000001 3.2193124294281
v -0.1875 0.412500000000001 3.22135734558105
v -0.175 0.412500000000001 3.22380256652832
v -0.1625 0.412500000000001 3.2266571521759
v -0.15 0.412500000000001 3.22993636131287
v -0.1375 0.412500000000001 3.23366045951843
v -0.125 0.412500000000001 3.23785972595215
v -0.1125 0.412500000000001 3.24256706237793
v -0.0999999999999996 0.412500000000001 3.24781918525696
v -0.0874999999999996 0.412500000000001 3.2536518573761
v -0.0749999999999996 0.412500000000001 3.26009225845337
v -0.0624999999999996 0.412500000000001 3.26715707778931
v -0.0499999999999996 0.412500000000001 3.27484583854675
v -0.0374999999999996 0.412500000000001 3.28314757347107
v -0.0249999999999996 0.412500000000001 3.29203414916992
v -0.0124999999999996 0.412500000000001 3.30147552490234
v 4.44089209850063e-16 0.412500000000001 3.31143569946289
v 0.0125000000000004 0.412500000000001 3.32188534736633
v 0.0250000000000005 0.412500000000001 3.33279728889465
v 0.0375000000000005 0.412500000000001 3.34415054321289
v 0.0500000000000005 0.412500000000001 3.35592913627625
v 0.0625000000000004 0.412500000000001 3.36812448501587
v 0.0750000000000005 0.412500000000001 3.38073039054871
v 0.0875000000000006 0.412500000000001 3.39374542236328
v 0.100000000000001 0.412500000000001 3.40717124938965
v 0.1125 0.412500000000001 3.42100882530212
v 0.125000000000001 0.412500000000001 3.43525886535645
v 0.137500000000001 0.412500000000001 3.44992065429688
v 0.150000000000001 0.412500000000001 3.46499037742615
v 0.162500000000001 0.412500000000001 3.48045659065247
v 0.175000000000001 0.412500000000001 3.49630904197693
v 0.187500000000001 0.412500000000001 3.512535572052
v 0.200000000000001 0.412500000000001 3.52912950515747
v 0.212500000000001 0.412500000000001 3.54609084129333
v 0.225000000000001 0.412500000000001 3.56342482566833
v 0.237500000000001 0.412500000000001 3.58113360404968
v 0.250000000000001 0.412500000000001 3.59919667243958
v 0.262500000000001 0.412500000000001 3.61755180358887
v 0.275000000000001 0.412500000000001 3.63608622550964
v 0.287500000000001 0.412500000000001 3.65464472770691
v 0.300000000000001 0.412500000000001 3.67305636405945
v 0.312500000000001 0.412500000000001 3.691162109375
v 0.325000000000001 0.412500000000001 3.70883798599243
v 0.337500000000001 0.412500000000001 3.72600102424622
v 0.350000000000001 0.412500000000001 3.74260950088501
v 0.362500000000001 0.412500000000001 3.75864481925964
v 0.375000000000001 0.412500000000001 3.77409338951111
v 0.387500000000001 0.412500000000001 3.78894662857056
v 0.400000000000001 0.412500000000001 3.80322575569153
v 0.412500000000001 0.412500000000001 3.81701850891113
v 0.425000000000001 0.412500000000001 3.83044672012329
v 0.437500000000001 0.412500000000001 3.84356164932251
v 0.450000000000001 0.412500000000001 3.85623741149902
v 0.462500000000001 0.412500000000001 3.86821603775024
v 0.475000000000001 0.412500000000001 3.87925338745117
v 0.487500000000001 0.412500000000001 3.88924765586853
v 0.500000000000001 0.412500000000001 3.8983039855957
v -0.5 0.425000000000001 3.28251647949219
v -0.4875 0.425000000000001 3.27435231208801
v -0.475 0.425000000000001 3.26658940315247
v -0.4625 0.425000000000001 3.25924682617188
v -0.45 0.425000000000001 3.25233960151672
v -0.4375 0.425000000000001 3.24588131904602
v -0.425 0.425000000000001 3.2398841381073
v -0.4125 0.425000000000001 3.23435640335083
v -0.4 0.425000000000001 3.22930526733398
v -0.3875 0.425000000000001 3.22473526000977
v -0.375 0.425000000000001 3.22065043449402
v -0.3625 0.425000000000001 3.21704983711243
v -0.35 0.425000000000001 3.21393132209778
v -0.3375 0.425000000000001 3.21129107475281
v -0.325 0.425000000000001 3.2091224193573
v -0.3125 0.425000000000001 3.20741844177246
v -0.3 0.425000000000001 3.20616912841797
v -0.2875 0.425000000000001 3.20536494255066
v -0.275 0.425000000000001 3.20499539375305
v -0.2625 0.425000000000001 3.20504927635193
v -0.25 0.425000000000001 3.20551538467407
v -0.2375 0.425000000000001 3.20638513565063
v -0.225 0.425000000000001 3.20764970779419
v -0.2125 0.425000000000001 3.2093026638031
v -0.2 0.425000000000001 3.21133875846863
v -0.1875 0.425000000000001 3.21376037597656
v -0.175 0.425000000000001 3.2165687084198
v -0.1625 0.425000000000001 3.21977472305298
v -0.15 0.425000000000001 3.223393201828
v -0.1375 0.425000000000001 3.22744750976562
v -0.125 0.425000000000001 3.23196721076965
v -0.1125 0.425000000000001 3.23698663711548
v -0.0999999999999996 0.425000000000001 3.24254274368286
v -0.0874999999999996 0.425000000000001 3.24867033958435
v -0.0749999999999996 0.425000000000001 3.25539445877075
v -0.0624999999999996 0.425000000000001 3.26273012161255
v -0.0499999999999996 0.425000000000001 3.27067422866821
v -0.0374999999999996 0.425000000000001 3.27920985221863
v -0.0249999999999996 0.425000000000001 3.28831076622009
v -0.0124999999999996 0.425000000000001 3.29794311523438
v 4.44089209850063e-16 0.425000000000001 3.30807423591614
v 0.0125000000000004 0.425000000000001 3.31867456436157
v 0.0250000000000005 0.425000000000001 3.32971739768982
v 0.0375000000000005 0.425000000000001 3.34118270874023
v 0.0500000000000005 0.425000000000001 3.35305571556091
v 0.0625000000000004 0.425000000000001 3.36532759666443
v 0.0750000000000005 0.425000000000001 3.37799310684204
v 0.0875000000000006 0.425000000000001 3.39105105400085
v 0.100000000000001 0.425000000000001 3.40450215339661
v 0.1125 0.425000000000001 3.41834807395935
v 0.125000000000001 0.425000000000001 3.4325909614563
v 0.137500000000001 0.425000000000001 3.4472291469574
v 0.150000000000001 0.425000000000001 3.46225810050964
v 0.162500000000001 0.425000000000001 3.47766995429993
v 0.175000000000001 0.425000000000001 3.49345183372498
v 0.187500000000001 0.425000000000001 3.50959253311157
v 0.200000000000001 0.425000000000001 3.52608418464661
v 0.212500000000001 0.425000000000001 3.5429253578186
v 0.225000000000001 0.425000000000001 3.56012201309204
v 0.237500000000001 0.425000000000001 3.57767796516418
v 0.250000000000001 0.425000000000001 3.59557962417603
v 0.262500000000001 0.425000000000001 3.61377573013306
v 0.275000000000001 0.425000000000001 3.63216209411621
v 0.287500000000001 0.425000000000001 3.65058875083923
v 0.300000000000001 0.425000000000001 3.66888213157654
v 0.312500000000001 0.425000000000001 3.68687224388123
v 0.325000000000001 0.425000000000001 3.70441246032715
v 0.337500000000001 0.425000000000001 3.72140049934387
v 0.350000000000001 0.425000000000001 3.73777770996094
v 0.362500000000001 0.425000000000001 3.75352644920349
v 0.375000000000001 0.425000000000001 3.76865839958191
v 0.387500000000001 0.425000000000001 3.78320002555847
v 0.400000000000001 0.425000000000001 3.7972047328949
v 0.412500000000001 0.425000000000001 3.81076216697693
v 0.425000000000001 0.425000000000001 3.82399225234985
v 0.437500000000001 0.425000000000001 3.83695340156555
v 0.450000000000001 0.425000000000001 3.84954690933228
v 0.462500000000001 0.425000000000001 3.86152958869934
v 0.475000000000001 0.425000000000001 3.87264513969421
v 0.487500000000001 0.425000000000001 3.88275837898254
v 0.500000000000001 0.425000000000001 3.89192652702332
v -0.5 0.437500000000001 3.26386260986328
v -0.4875 0.437500000000001 3.25619292259216
v -0.475 0.437500000000001 3.24892425537109
v -0.4625 0.437500000000001 3.2420768737793
v -0.45 0.437500000000001 3.23566436767578
v -0.4375 0.437500000000001 3.22970128059387
v -0.425 0.437500000000001 3.22419929504395
v -0.4125 0.437500000000001 3.21916747093201
v -0.4 0.437500000000001 3.21461296081543
v -0.3875 0.437500000000001 3.21054077148438
v -0.375 0.437500000000001 3.20695352554321
v -0.3625 0.437500000000001 3.20384979248047
v -0.35 0.437500000000001 3.20122718811035
v -0.3375 0.437500000000001 3.19908118247986
v -0.325 0.437500000000001 3.19740343093872
v -0.3125 0.437500000000001 3.19618463516235
v -0.3 0.437500000000001 3.19541501998901
v -0.2875 0.437500000000001 3.19508337974548
v -0.275 0.437500000000001 3.19517683982849
v -0.2625 0.437500000000001 3.19568419456482
v -0.25 0.437500000000001 3.19659304618835
v -0.2375 0.437500000000001 3.19789290428162
v -0.225 0.437500000000001 3.19957494735718
v -0.2125 0.437500000000001 3.20163202285767
v -0.2 0.437500000000001 3.20405888557434
v -0.1875 0.437500000000001 3.20685648918152
v -0.175 0.437500000000001 3.21002888679504
v -0.1625 0.437500000000001 3.21358489990234
v -0.15 0.437500000000001 3.21754312515259
v -0.1375 0.437500000000001 3.22192573547363
v -0.125 0.437500000000001 3.22676396369934
v -0.1125 0.437500000000001 3.23209428787231
v -0.0999999999999996 0.437500000000001 3.23795175552368
v -0.0874999999999996 0.437500000000001 3.24437212944031
v -0.0749999999999996 0.437500000000001 3.25137758255005
v -0.0624999999999996 0.437500000000001 3.2589795589447
v -0.0499999999999996 0.437500000000001 3.26717162132263
v -0.0374999999999996 0.437500000000001 3.27593612670898
v -0.0249999999999996 0.437500000000001 3.28524327278137
v -0.0124999999999996 0.437500000000001 3.29506087303162
v 4.44089209850063e-16 0.437500000000001 3.30535578727722
v 0.0125000000000004 0.437500000000001 3.31609892845154
v 0.0250000000000005 0.437500000000001 3.32726550102234
v 0.0375000000000005 0.437500000000001 3.3388364315033
v 0.0500000000000005 0.437500000000001 3.35079884529114
v 0.0625000000000004 0.437500000000001 3.3631432056427
v 0.0750000000000005 0.437500000000001 3.37586569786072
v 0.0875000000000006 0.437500000000001 3.38896417617798
v 0.100000000000001 0.437500000000001 3.40244030952454
v 0.1125 0.437500000000001 3.41629600524902
v 0.125000000000001 0.437500000000001 3.43053245544434
v 0.137500000000001 0.437500000000001 3.44515013694763
v 0.150000000000001 0.437500000000001 3.46014261245728
v 0.162500000000001 0.437500000000001 3.47550249099731
v 0.175000000000001 0.437500000000001 3.49121785163879
v 0.187500000000001 0.437500000000001 3.5072762966156
v 0.200000000000001 0.437500000000001 3.52366638183594
v 0.212500000000001 0.437500000000001 3.54038596153259
v 0.225000000000001 0.437500000000001 3.55744051933289
v 0.237500000000001 0.437500000000001 3.5748348236084
v 0.250000000000001 0.437500000000001 3.59256148338318
v 0.262500000000001 0.437500000000001 3.61057662963867
v 0.275000000000001 0.437500000000001 3.62878727912903
v 0.287500000000001 0.437500000000001 3.64705514907837
v 0.300000000000001 0.437500000000001 3.66520500183105
v 0.312500000000001 0.437500000000001 3.6830620765686
v 0.325000000000001 0.437500000000001 3.70046806335449
v 0.337500000000001 0.437500000000001 3.71729826927185
v 0.350000000000001 0.437500000000001 3.73347592353821
v 0.362500000000001 0.437500000000001 3.74896860122681
v 0.375000000000001 0.437500000000001 3.76379084587097
v 0.387500000000001 0.437500000000001 3.77799344062805
v 0.400000000000001 0.437500000000001 3.79165959358215
v 0.412500000000001 0.437500000000001 3.8049042224884
v 0.425000000000001 0.437500000000001 3.8178563117981
v 0.437500000000001 0.437500000000001 3.83058977127075
v 0.450000000000001 0.437500000000001 3.84302759170532
v 0.462500000000001 0.437500000000001 3.8549439907074
v 0.475000000000001 0.437500000000001 3.86607480049133
v 0.487500000000001 0.437500000000001 3.87625741958618
v 0.500000000000001 0.437500000000001 3.88550877571106
v -0.5 0.450000000000001 3.24568367004395
v -0.4875 0.450000000000001 3.23850679397583
v -0.475 0.450000000000001 3.23173451423645
v -0.4625 0.450000000000001 3.22538447380066
v -0.45 0.450000000000001 3.21947264671326
v -0.4375 0.450000000000001 3.21401262283325
v -0.425 0.450000000000001 3.20901727676392
v -0.4125 0.450000000000001 3.20449376106262
v -0.4 0.450000000000001 3.2004508972168
v -0.3875 0.450000000000001 3.19689249992371
v -0.375 0.450000000000001 3.1938202381134
v -0.3625 0.450000000000001 3.1912317276001
v -0.35 0.450000000000001 3.18912291526794
v -0.3375 0.450000000000001 3.18748784065247
v -0.325 0.450000000000001 3.18631672859192
v -0.3125 0.450000000000001 3.18559861183167
v -0.3 0.450000000000001 3.18532180786133
v -0.2875 0.450000000000001 3.18547368049622
v -0.275 0.450000000000001 3.18604063987732
v -0.2625 0.450000000000001 3.18700861930847
v -0.25 0.450000000000001 3.1883659362793
v -0.2375 0.450000000000001 3.19010090827942
v -0.225 0.450000000000001 3.19220352172852
v -0.2125 0.450000000000001 3.19466614723206
v -0.2 0.450000000000001 3.19748473167419
v -0.1875 0.450000000000001 3.20065855979919
v -0.175 0.450000000000001 3.20419239997864
v -0.1625 0.450000000000001 3.2080979347229
v -0.15 0.450000000000001 3.2123920917511
v -0.1375 0.450000000000001 3.21710085868835
v -0.125 0.450000000000001 3.22225570678711
v -0.1125 0.450000000000001 3.22789359092712
v -0.0999999999999996 0.450000000000001 3.23405075073242
v -0.0874999999999996 0.450000000000001 3.24075961112976
v -0.0749999999999996 0.450000000000001 3.24804162979126
v -0.0624999999999996 0.450000000000001 3.25590443611145
v -0.0499999999999996 0.450000000000001 3.26433873176575
v -0.0374999999999996 0.450000000000001 3.27332377433777
v -0.0249999999999996 0.450000000000001 3.28282928466797
v -0.0124999999999996 0.450000000000001 3.29282307624817
v 4.44089209850063e-16 0.450000000000001 3.30327272415161
v 0.0125000000000004 0.450000000000001 3.3141496181488
v 0.0250000000000005 0.450000000000001 3.32543253898621
v 0.0375000000000005 0.450000000000001 3.33710169792175
v 0.0500000000000005 0.450000000000001 3.34914588928223
v 0.0625000000000004 0.450000000000001 3.36155700683594
v 0.0750000000000005 0.450000000000001 3.37433052062988
v 0.0875000000000006 0.450000000000001 3.38746571540833
v 0.100000000000001 0.450000000000001 3.40096354484558
v 0.1125 0.450000000000001 3.41482710838318
v 0.125000000000001 0.450000000000001 3.42905783653259
v 0.137500000000001 0.450000000000001 3.44365477561951
v 0.150000000000001 0.450000000000001 3.45861434936523
v 0.162500000000001 0.450000000000001 3.47392725944519
v 0.175000000000001 0.450000000000001 3.489581823349
v 0.187500000000001 0.450000000000001 3.50556254386902
v 0.200000000000001 0.450000000000001 3.52185988426208
v 0.212500000000001 0.450000000000001 3.53846669197083
v 0.225000000000001 0.450000000000001 3.55538487434387
v 0.237500000000001 0.450000000000001 3.5726203918457
v 0.250000000000001 0.450000000000001 3.590167760849
v 0.262500000000001 0.450000000000001 3.60799264907837
v 0.275000000000001 0.450000000000001 3.62601256370544
v 0.287500000000001 0.450000000000001 3.64409494400024
v 0.300000000000001 0.450000000000001 3.66207432746887
v 0.312500000000001 0.450000000000001 3.67977452278137
v 0.325000000000001 0.450000000000001 3.69702982902527
v 0.337500000000001 0.450000000000001 3.7137017250061
v 0.350000000000001 0.450000000000001 3.72969508171082
v 0.362500000000001 0.450000000000001 3.74495935440063
v 0.375000000000001 0.450000000000001 3.75949740409851
v 0.387500000000001 0.450000000000001 3.77336359024048
v 0.400000000000001 0.450000000000001 3.78666305541992
v 0.412500000000001 0.450000000000001 3.79953622817993
v 0.425000000000001 0.450000000000001 3.81213808059692
v 0.437500000000001 0.450000000000001 3.82456588745117
v 0.450000000000001 0.450000000000001 3.83676981925964
v 0.462500000000001 0.450000000000001 3.84854125976562
v 0.475000000000001 0.450000000000001 3.85961532592773
v 0.487500000000001 0.450000000000001 3.86980748176575
v 0.500000000000001 0.450000000000001 3.87910008430481
v -0.5 0.462500000000001 3.22798776626587
v -0.4875 0.462500000000001 3.22130441665649
v -0.475 0.462500000000001 3.21503114700317
v -0.4625 0.462500000000001 3.20918464660645
v -0.45 0.462500000000001 3.20378232002258
v -0.4375 0.462500000000001 3.19883751869202
v -0.425 0.462500000000001 3.19436097145081
v -0.4125 0.462500000000001 3.19036316871643
v -0.4 0.462500000000001 3.18684935569763
v -0.3875 0.462500000000001 3.1838231086731
v -0.375 0.462500000000001 3.18128395080566
v -0.3625 0.462500000000001 3.17922949790955
v -0.35 0.462500000000001 3.17765235900879
v -0.3375 0.462500000000001 3.1765444278717
v -0.325 0.462500000000001 3.17589449882507
v -0.3125 0.462500000000001 3.17569136619568
v -0.3 0.462500000000001 3.17591905593872
v -0.2875 0.462500000000001 3.17656493186951
v -0.275 0.462500000000001 3.17761206626892
v -0.2625 0.462500000000001 3.17904853820801
v -0.25 0.462500000000001 3.18085932731628
v -0.2375 0.462500000000001 3.18303179740906
v -0.225 0.462500000000001 3.18555617332458
v -0.2125 0.462500000000001 3.18842506408691
v -0.2 0.462500000000001 3.19163346290588
v -0.1875 0.462500000000001 3.19518089294434
v -0.175 0.462500000000001 3.19907474517822
v -0.1625 0.462500000000001 3.20332527160645
v -0.15 0.462500000000001 3.20795249938965
v -0.1375 0.462500000000001 3.21298384666443
v -0.125 0.462500000000001 3.21845102310181
v -0.1125 0.462500000000001 3.2243926525116
v -0.0999999999999996 0.462500000000001 3.23084497451782
v -0.0874999999999996 0.462500000000001 3.23783874511719
v -0.0749999999999996 0.462500000000001 3.24539184570312
v -0.0624999999999996 0.462500000000001 3.25350880622864
v -0.0499999999999996 0.462500000000001 3.26217770576477
v -0.0374999999999996 0.462500000000001 3.27137494087219
v -0.0249999999999996 0.462500000000001 3.28106999397278
v -0.0124999999999996 0.462500000000001 3.29122996330261
v 4.44089209850063e-16 0.462500000000001 3.30182504653931
v 0.0125000000000004 0.462500000000001 3.31282806396484
v 0.0250000000000005 0.462500000000001 3.32421803474426
v 0.0375000000000005 0.462500000000001 3.33597731590271
v 0.0500000000000005 0.462500000000001 3.34809470176697
v 0.0625000000000004 0.462500000000001 3.3605637550354
v 0.0750000000000005 0.462500000000001 3.37338042259216
v 0.0875000000000006 0.462500000000001 3.38654494285583
v 0.100000000000001 0.462500000000001 3.40005946159363
v 0.1125 0.462500000000001 3.4139256477356
v 0.125000000000001 0.462500000000001 3.42814612388611
v 0.137500000000001 0.462500000000001 3.44272041320801
v 0.150000000000001 0.462500000000001 3.45764708518982
v 0.162500000000001 0.462500000000001 3.47291493415833
v 0.175000000000001 0.462500000000001 3.48851323127747
v 0.187500000000001 0.462500000000001 3.50442481040955
v 0.200000000000001 0.462500000000001 3.52063632011414
v 0.212500000000001 0.462500000000001 3.53713989257812
v 0.225000000000001 0.462500000000001 3.55393481254578
v 0.237500000000001 0.462500000000001 3.57102274894714
v 0.250000000000001 0.462500000000001 3.58840179443359
v 0.262500000000001 0.462500000000001 3.60603952407837
v 0.275000000000001 0.462500000000001 3.62386202812195
v 0.287500000000001 0.462500000000001 3.64174723625183
v 0.300000000000001 0.462500000000001 3.65953636169434
v 0.312500000000001 0.462500000000001 3.67705583572388
v 0.325000000000001 0.462500000000001 3.69413685798645
v 0.337500000000001 0.462500000000001 3.71063685417175
v 0.350000000000001 0.462500000000001 3.7264449596405
v 0.362500000000001 0.462500000000001 3.74149560928345
v 0.375000000000001 0.462500000000001 3.75577330589294
v 0.387500000000001 0.462500000000001 3.76932501792908
v 0.400000000000001 0.462500000000001 3.78225636482239
v 0.412500000000001 0.462500000000001 3.79473042488098
v 0.425000000000001 0.462500000000001 3.80692911148071
v 0.437500000000001 0.462500000000001 3.81898093223572
v 0.450000000000001 0.462500000000001 3.83086943626404
v 0.462500000000001 0.462500000000001 3.84241271018982
v 0.475000000000001 0.462500000000001 3.85335087776184
v 0.487500000000001 0.462500000000001 3.86348271369934
v 0.500000000000001 0.462500000000001 3.87276530265808
v -0.5 0.475000000000001 3.21078491210938
v -0.4875 0.475000000000001 3.20459866523743
v -0.475 0.475000000000001 3.19883036613464
v -0.4625 0.475000000000001 3.19349837303162
v -0.45 0.475000000000001 3.18861746788025
v -0.4375 0.475000000000001 3.18420195579529
v -0.425 0.475000000000001 3.18026351928711
v -0.4125 0.475000000000001 3.17680811882019
v -0.4 0.475000000000001 3.17384314537048
v -0.3875 0.475000000000001 3.17136836051941
v -0.375 0.475000000000001 3.16938257217407
v -0.3625 0.475000000000001 3.16787981987
v -0.35 0.475000000000001 3.16685175895691
v -0.3375 0.475000000000001 3.16628813743591
v -0.325 0.475000000000001 3.166175365448
v -0.3125 0.475000000000001 3.16649794578552
v -0.3 0.475000000000001 3.167240858078
v -0.2875 0.475000000000001 3.16838884353638
v -0.275 0.475000000000001 3.16992425918579
v -0.2625 0.475000000000001 3.17183232307434
v -0.25 0.475000000000001 3.17409873008728
v -0.2375 0.475000000000001 3.17671012878418
v -0.225 0.475000000000001 3.17965579032898
v -0.2125 0.475000000000001 3.18292784690857
v -0.2 0.475000000000001 3.1865222454071
v -0.1875 0.475000000000001 3.1904399394989
v -0.175 0.475000000000001 3.1946873664856
v -0.1625 0.475000000000001 3.19927763938904
v -0.15 0.475000000000001 3.20423293113708
v -0.1375 0.475000000000001 3.20958113670349
v -0.125 0.475000000000001 3.21535658836365
v -0.1125 0.475000000000001 3.22159767150879
v -0.0999999999999996 0.475000000000001 3.22834014892578
v -0.0874999999999996 0.475000000000001 3.23561263084412
v -0.0749999999999996 0.475000000000001 3.24343109130859
v -0.0624999999999996 0.475000000000001 3.2517945766449
v -0.0499999999999996 0.475000000000001 3.26068949699402
v -0.0374999999999996 0.475000000000001 3.27009010314941
v -0.0249999999999996 0.475000000000001 3.27996611595154
v -0.0124999999999996 0.475000000000001 3.29028367996216
v 4.44089209850063e-16 0.475000000000001 3.30101466178894
v 0.0125000000000004 0.475000000000001 3.31213426589966
v 0.0250000000000005 0.475000000000001 3.32362174987793
v 0.0375000000000005 0.475000000000001 3.33546233177185
v 0.0500000000000005 0.475000000000001 3.34764552116394
v 0.0625000000000004 0.475000000000001 3.36016464233398
v 0.0750000000000005 0.475000000000001 3.37301707267761
v 0.0875000000000006 0.475000000000001 3.3862030506134
v 0.100000000000001 0.475000000000001 3.39972543716431
v 0.1125 0.475000000000001 3.41358637809753
v 0.125000000000001 0.475000000000001 3.42779040336609
v 0.137500000000001 0.475000000000001 3.44233751296997
v 0.150000000000001 0.475000000000001 3.45722556114197
v 0.162500000000001 0.475000000000001 3.47244620323181
v 0.175000000000001 0.475000000000001 3.48798727989197
v 0.187500000000001 0.475000000000001 3.50383234024048
v 0.200000000000001 0.475000000000001 3.51996612548828
v 0.212500000000001 0.475000000000001 3.536376953125
v 0.225000000000001 0.475000000000001 3.55306100845337
v 0.237500000000001 0.475000000000001 3.57001876831055
v 0.250000000000001 0.475000000000001 3.5872437953949
v 0.262500000000001 0.475000000000001 3.60470747947693
v 0.275000000000001 0.475000000000001 3.62234163284302
v 0.287500000000001 0.475000000000001 3.64002966880798
v 0.300000000000001 0.475000000000001 3.65761876106262
v 0.312500000000001 0.475000000000001 3.67493891716003
v 0.325000000000001 0.475000000000001 3.69182825088501
v 0.337500000000001 0.475000000000001 3.7081356048584
v 0.350000000000001 0.475000000000001 3.72374773025513
v 0.362500000000001 0.475000000000001 3.73858499526978
v 0.375000000000001 0.475000000000001 3.75261759757996
v 0.387500000000001 0.475000000000001 3.76587677001953
v 0.400000000000001 0.475000000000001 3.77846026420593
v 0.412500000000001 0.475000000000001 3.79053568840027
v 0.425000000000001 0.475000000000001 3.80230331420898
v 0.437500000000001 0.475000000000001 3.81392645835876
v 0.450000000000001 0.475000000000001 3.82542848587036
v 0.462500000000001 0.475000000000001 3.83665919303894
v 0.475000000000001 0.475000000000001 3.8473756313324
v 0.487500000000001 0.475000000000001 3.85737085342407
v 0.500000000000001 0.475000000000001 3.86658024787903
v -0.5 0.487500000000001 3.19409155845642
v -0.4875 0.487500000000001 3.18841028213501
v -0.475 0.487500000000001 3.18315839767456
v -0.4625 0.487500000000001 3.17835307121277
v -0.45 0.487500000000001 3.17401051521301
v -0.4375 0.487500000000001 3.17014241218567
v -0.425 0.487500000000001 3.16675996780396
v -0.4125 0.487500000000001 3.16386938095093
v -0.4 0.487500000000001 3.16147351264954
v -0.3875 0.487500000000001 3.15957117080688
v -0.375 0.487500000000001 3.15815854072571
v -0.3625 0.487500000000001 3.15722727775574
v -0.35 0.487500000000001 3.15676617622375
v -0.3375 0.487500000000001 3.15676140785217
v -0.325 0.487500000000001 3.15719771385193
v -0.3125 0.487500000000001 3.15805840492249
v -0.3 0.487500000000001 3.15932488441467
v -0.2875 0.487500000000001 3.16098070144653
v -0.275 0.487500000000001 3.16300821304321
v -0.2625 0.487500000000001 3.16538977622986
v -0.25 0.487500000000001 3.1681113243103
v -0.2375 0.487500000000001 3.17115831375122
v -0.225 0.487500000000001 3.17452073097229
v -0.2125 0.487500000000001 3.17819094657898
v -0.2 0.487500000000001 3.18216490745544
v -0.1875 0.487500000000001 3.18644499778748
v -0.175 0.487500000000001 3.19103789329529
v -0.1625 0.487500000000001 3.19596123695374
v -0.15 0.487500000000001 3.20123672485352
v -0.1375 0.487500000000001 3.20689463615417
v -0.125 0.487500000000001 3.21297192573547
v -0.1125 0.487500000000001 3.21950602531433
v -0.0999999999999996 0.487500000000001 3.22653317451477
v -0.0874999999999996 0.487500000000001 3.23407816886902
v -0.0749999999999996 0.487500000000001 3.2421543598175
v -0.0624999999999996 0.487500000000001 3.25075721740723
v -0.0499999999999996 0.487500000000001 3.25986933708191
v -0.0374999999999996 0.487500000000001 3.26946520805359
v -0.0249999999999996 0.487500000000001 3.27951169013977
v -0.0124999999999996 0.487500000000001 3.28997921943665
v 4.44089209850063e-16 0.487500000000001 3.30083847045898
v 0.0125000000000004 0.487500000000001 3.31206679344177
v 0.0250000000000005 0.487500000000001 3.32364535331726
v 0.0375000000000005 0.487500000000001 3.3355598449707
v 0.0500000000000005 0.487500000000001 3.34780120849609
v 0.0625000000000004 0.487500000000001 3.3603630065918
v 0.0750000000000005 0.487500000000001 3.3732430934906
v 0.0875000000000006 0.487500000000001 3.38644337654114
v 0.100000000000001 0.487500000000001 3.3999650478363
v 0.1125 0.487500000000001 3.41381311416626
v 0.125000000000001 0.487500000000001 3.42799162864685
v 0.137500000000001 0.487500000000001 3.44250297546387
v 0.150000000000001 0.487500000000001 3.45734572410583
v 0.162500000000001 0.487500000000001 3.47251200675964
v 0.175000000000001 0.487500000000001 3.48799204826355
v 0.187500000000001 0.487500000000001 3.50376892089844
v 0.200000000000001 0.487500000000001 3.51982665061951
v 0.212500000000001 0.487500000000001 3.53615117073059
v 0.225000000000001 0.487500000000001 3.552734375
v 0.237500000000001 0.487500000000001 3.569575548172
v 0.250000000000001 0.487500000000001 3.586665391922
v 0.262500000000001 0.487500000000001 3.60397458076477
v 0.275000000000001 0.487500000000001 3.62143564224243
v 0.287500000000001 0.487500000000001 3.63893628120422
v 0.300000000000001 0.487500000000001 3.6563286781311
v 0.312500000000001 0.487500000000001 3.67344737052917
v 0.325000000000001 0.487500000000001 3.69012999534607
v 0.337500000000001 0.487500000000001 3.70623016357422
v 0.350000000000001 0.487500000000001 3.72163081169128
v 0.362500000000001 0.487500000000001 3.73624658584595
v 0.375000000000001 0.487500000000001 3.75003790855408
v 0.387500000000001 0.487500000000001 3.76302027702332
v 0.400000000000001 0.487500000000001 3.77528047561646
v 0.412500000000001 0.487500000000001 3.78697514533997
v 0.425000000000001 0.487500000000001 3.79831433296204
v 0.437500000000001 0.487500000000001 3.80948138237
v 0.450000000000001 0.487500000000001 3.8205406665802
v 0.462500000000001 0.487500000000001 3.83138394355774
v 0.475000000000001 0.487500000000001 3.84179377555847
v 0.487500000000001 0.487500000000001 3.85156941413879
v 0.500000000000001 0.487500000000001 3.86063313484192
v -0.5 0.500000000000001 3.17793345451355
v -0.4875 0.500000000000001 3.17276835441589
v -0.475 0.500000000000001 3.16804718971252
v -0.4625 0.500000000000001 3.1637864112854
v -0.45 0.500000000000001 3.16000056266785
v -0.4375 0.500000000000001 3.1567018032074
v -0.425 0.500000000000001 3.15389823913574
v -0.4125 0.500000000000001 3.1515941619873
v -0.4 0.500000000000001 3.1497905254364
v -0.3875 0.500000000000001 3.14848279953003
v -0.375 0.500000000000001 3.14766383171082
v -0.3625 0.500000000000001 3.14732241630554
v -0.35 0.500000000000001 3.1474437713623
v -0.3375 0.500000000000001 3.14801168441772
v -0.325 0.500000000000001 3.14900803565979
v -0.3125 0.500000000000001 3.15041303634644
v -0.3 0.500000000000001 3.15220880508423
v -0.2875 0.500000000000001 3.15437436103821
v -0.275 0.500000000000001 3.15689253807068
v -0.2625 0.500000000000001 3.15974473953247
v -0.25 0.500000000000001 3.1629159450531
v -0.2375 0.500000000000001 3.16639184951782
v -0.225 0.500000000000001 3.17016267776489
v -0.2125 0.500000000000001 3.17422080039978
v -0.2 0.500000000000001 3.17856359481812
v -0.1875 0.500000000000001 3.18319511413574
v -0.175 0.500000000000001 3.18812441825867
v -0.1625 0.500000000000001 3.1933696269989
v -0.15 0.500000000000001 3.19895529747009
v -0.1375 0.500000000000001 3.20491480827332
v -0.125 0.500000000000001 3.21128582954407
v -0.1125 0.500000000000001 3.218106508255
v -0.0999999999999996 0.500000000000001 3.22541093826294
v -0.0874999999999996 0.500000000000001 3.23322176933289
v -0.0749999999999996 0.500000000000001 3.24154782295227
v -0.0624999999999996 0.500000000000001 3.2503821849823
v -0.0499999999999996 0.500000000000001 3.25970387458801
v -0.0374999999999996 0.500000000000001 3.26948547363281
v -0.0249999999999996 0.500000000000001 3.27969598770142
v -0.0124999999999996 0.500000000000001 3.2903048992157
v 4.44089209850063e-16 0.500000000000001 3.30128645896912
v 0.0125000000000004 0.500000000000001 3.3126175403595
v 0.0250000000000005 0.500000000000001 3.32428169250488
v 0.0375000000000005 0.500000000000001 3.33626556396484
v 0.0500000000000005 0.500000000000001 3.34856009483337
v 0.0625000000000004 0.500000000000001 3.36115908622742
v 0.0750000000000005 0.500000000000001 3.37406229972839
v 0.0875000000000006 0.500000000000001 3.3872697353363
v 0.100000000000001 0.500000000000001 3.4007842540741
v 0.1125 0.500000000000001 3.41461157798767
v 0.125000000000001 0.500000000000001 3.42875719070435
v 0.137500000000001 0.500000000000001 3.44322323799133
v 0.150000000000001 0.500000000000001 3.45801162719727
v 0.162500000000001 0.500000000000001 3.47311639785767
v 0.175000000000001 0.500000000000001 3.48852705955505
v 0.187500000000001 0.500000000000001 3.50422930717468
v 0.200000000000001 0.500000000000001 3.52020812034607
v 0.212500000000001 0.500000000000001 3.53644561767578
v 0.225000000000001 0.500000000000001 3.55293583869934
v 0.237500000000001 0.500000000000001 3.56967091560364
v 0.250000000000001 0.500000000000001 3.58664011955261
v 0.262500000000001 0.500000000000001 3.60381174087524
v 0.275000000000001 0.500000000000001 3.62111902236938
v 0.287500000000001 0.500000000000001 3.63844990730286
v 0.300000000000001 0.500000000000001 3.65565729141235
v 0.312500000000001 0.500000000000001 3.67257952690125
v 0.325000000000001 0.500000000000001 3.68905520439148
v 0.337500000000001 0.500000000000001 3.70494151115417
v 0.350000000000001 0.500000000000001 3.72011947631836
v 0.362500000000001 0.500000000000001 3.73450446128845
v 0.375000000000001 0.500000000000001 3.74805068969727
v 0.387500000000001 0.500000000000001 3.76076507568359
v 0.400000000000001 0.500000000000001 3.77271962165833
v 0.412500000000001 0.500000000000001 3.78406071662903
v 0.425000000000001 0.500000000000001 3.79498982429504
v 0.437500000000001 0.500000000000001 3.80570268630981
v 0.450000000000001 0.500000000000001 3.81629061698914
v 0.462500000000001 0.500000000000001 3.8266875743866
v 0.475000000000001 0.500000000000001 3.83671236038208
v 0.487500000000001 0.500000000000001 3.84618306159973
v 0.500000000000001 0.500000000000001 3.85502624511719
f 1 2 82
f 82 83 163
f 163 164 244
f 244 245 325
f 325 326 406
f 406 407 487
f 487 488 568
f 568 569 649
f 649 650 730
f 730 731 811
f 811 812 892
f 892 893 973
f 973 974 1054
f 1054 1055 1135
f 1135 1136 1216
f 1216 1217 1297
f 1297 1298 1378
f 1378 1379 1459
f 1459 1460 1540
f 1540 1541 1621
f 1621 1622 1702
f 1702 1703 1783
f 1783 1784 1864
f 1864 1865 1945
f 1945 1946 2026
f 2026 2027 2107
f 2107 2108 2188
f 2188 2189 2269
f 2269 2270 2350
f 2350 2351 2431
f 2431 2432 2512
f 2512 2513 2593
f 2593 2594 2674
f 2674 2675 2755
f 2755 2756 2836
f 2836 2837 2917
f 2917 2918 2998
f 2998 2999 3079
f 3079 3080 3160
f 3160 3161 3241
f 3241 3242 3322
f 3322 3323 3403
f 3403 3404 3484
f 3484 3485 3565
f 3565 3566 3646
f 3646 3647 3727
f 3727 3728 3808
f 3808 3809 3889
f 3889 3890 3970
f 3970 3971 4051
f 4051 4052 4132
f 4132 4133 4213
f 4213 4214 4294
f 4294 4295 4375
f 4375 4376 4456
f 4456 4457 4537
f 4537 4538 4618
f 4618 4619 4699
f 4699 4700 4780
f 4780 4781 4861
f 4861 4862 4942
f 4942 4943 5023
f 5023 5024 5104
f 5104 5105 5185
f 5185 5186 5266
f 5266 5267 5347
f 5347 5348 5428
f 5428 5429 5509
f 5509 5510 5590
f 5590 5591 5671
f 5671 5672 5752
f 5752 5753 5833
f 5833 5834 5914
f 5914 5915 5995
f 5995 5996 6076
f 6076 6077 6157
f 6157 6158 6238
f 6238 6239 6319
f 6319 6320 6400
f 6400 6401 6481
f 2 3 83
f 83 84 164
f 164 165 245
f 245 246 326
f 326 327 407
f 407 408 488
f 488 489 569
f 569 570 650
f 650 651 731
f 731 732 812
f 812 813 893
f 893 894 974
f 974 975 1055
f 1055 1056 1136
f 1136 1137 1217
f 1217 1218 1298
f 1298 1299 1379
f 1379 1380 1460
f 1460 1461 1541
f 1541 1542 1622
f 1622 1623 1703
f 1703 1704 1784
f 1784 1785 1865
f 1865 1866 1946
f 1946 1947 2027
f 2027 2028 2108
f 2108 2109 2189
f 2189 2190 2270
f 2270 2271 2351
f 2351 2352 2432
f 2432 2433 2513
f 2513 2514 2594
f 2594 2595 2675
f 2675 2676 2756
f 2756 2757 2837
f 2837 2838 2918
f 2918 2919 2999
f 2999 3000 3080
f 3080 3081 3161
f 3161 3162 3242
f 3242 3243 3323
f 3323 3324 3404
f 3404 3405 3485
f 3485 3486 3566
f 3566 3567 3647
f 3647 3648 3728
f 3728 3729 3809
f 3809 3810 3890
f 3890 3891 3971
f 3971 3972 4052
f 4052 4053 4133
f 4133 4134 4214
f 4214 4215 4295
f 4295 4296 4376
f 4376 4377 4457
f 4457 4458 4538
f 4538 4539 4619
f 4619 4620 4700
f 4700 4701 4781
f 4781 4782 4862
f 4862 4863 4943
f 4943 4944 5024
f 5024 5025 5105
f 5105 5106 5186
f 5186 5187 5267
f 5267 5268 5348
f 5348 5349 5429
f 5429 5430 5510
f 5510 5511 5591
f 5591 5592 5672
f 5672 5673 5753
f 5753 5754 5834
f 5834 5835 5915
f 5915 5916 5996
f 5996 5997 6077
f 6077 6078 6158
f 6158 6159 6239
f 6239 6240 6320
f 6320 6321 6401
f 6401 6402 6482
f 3 4 84
f 84 85 165
f 165 166 246
f 246 247 327
f 327 328 408
f 408 409 489
f 489 490 570
f 570 571 651
f 651 652 732
f 732 733 813
f 813 814 894
f 894 895 975
f 975 976 1056
f 1056 1057 1137
f 1137 1138 1218
f 1218 1219 1299
f 1299 1300 1380
f 1380 1381 1461
f 1461 1462 1542
f 1542 1543 1623
f 1623 1624 1704
f 1704 1705 1785
f 1785 1786 1866
f 1866 1867 1947
f 1947 1948 2028
f 2028 2029 2109
f 2109 2110 2190
f 2190 2191 2271
f 2271 2272 2352
f 2352 2353 2433
f 2433 2434 2514
f 2514 2515 2595
f 2595 2596 2676
f 2676 2677 2757
f 2757 2758 2838
f 2838 2839 2919
f 2919 2920 3000
f 3000 3001 3081
f 3081 3082 3162
f 3162 3163 3243
f 3243 3244 3324
f 3324 3325 3405
f 3405 3406 3486
f 3486 3487 3567
f 3567 3568 3648
f 3648 3649 3729
f 3729 3730 3810
f 3810 3811 3891
f 3891 3892 3972
f 3972 3973 4053
f 4053 4054 4134
f 4134 4135 4215
f 4215 4216 4296
f 4296 4297 4377
f 4377 4378 4458
f 4458 4459 4539
f 4539 4540 4620
f 4620 4621 4701
f 4701 4702 4782
f 4782 4783 4863
f 4863 4864 4944
f 4944 4945 5025
f 5025 5026 5106
f 5106 5107 5187
f 5187 5188 5268
f 5268 5269 5349
f 5349 5350 5430
f 5430 5431 5511
f 5511 5512 5592
f 5592 5593 5673
f 5673 5674 5754
f 5754 5755 5835
f 5835 5836 5916
f 5916 5917 5997
f 5997 5998 6078
f 6078 6079 6159
f 6159 6160 6240
f 6240 6241 6321
f 6321 6322 6402
f 6402 6403 6483
f 4 5 85
f 85 86 166
f 166 167 247
f 247 248 328
f 328 329 409
f 409 410 490
f 490 491 571
f 571 572 652
f 652 653 733
f 733 734 814
f 814 815 895
f 895 896 976
f 976 977 1057
f 1057 1058 1138
f 1138 1139 1219
f 1219 1220 1300
f 1300 1301 1381
f 1381 1382 1462
f 1462 1463 1543
f 1543 1544 1624
f 1624 1625 1705
f 1705 1706 1786
f 1786 1787 1867
f 1867 1868 1948
f 1948 1949 2029
f 2029 2030 2110
f 2110 2111 2191
f 2191 2192 2272
f 2272 2273 2353
f 2353 2354 2434
f 2434 2435 2515
f 2515 2516 2596
f 2596 2597 2677
f 2677 2678 2758
f 2758 2759 2839
f 2839 2840 2920
f 2920 2921 3001
f 3001 3002 3082
f 3082 3083 3163
f 3163 3164 3244
f 3244 3245 3325
f 3325 3326 3406
f 3406 3407 3487
f 3487 3488 3568
f 3568 3569 3649
f 3649 3650 3730
f 3730 3731 3811
f 3811 3812 3892
f 3892 3893 3973
f 3973 3974 4054
f 4054 4055 4135
f 4135 4136 4216
f 4216 4217 4297
f 4297 4298 4378
f 4378 4379 4459
f 4459 4460 4540
f 4540 4541 4621
f 4621 4622 4702
f 4702 4703 4783
f 4783 4784 4864
f 4864 4865 4945
f 4945 4946 5026
f 5026 5027 5107
f 5107 5108 5188
f 5188 5189 5269
f 5269 5270 5350
f 5350 5351 5431
f 5431 5432 5512
f 5512 5513 5593
f 5593 5594 5674
f 5674 5675 5755
f 5755 5756 5836
f 5836 5837 5917
f 5917 5918 5998
f 5998 5999 6079
f 6079 6080 6160
f 6160 6161 6241
f 6241 6242 6322
f 6322 6323 6403
f 6403 6404 6484
f 5 6 86
f 86 87 167
f 167 168 248
f 248 249 329
f 329 330 410
f 410 411 491
f 491 492 572
f 572 573 653
f 653 654 734
f 734 735 815
f 815 816 896
f 896 897 977
f 977 978 1058
f 1058 1059 1139
f 1139 1140 1220
f 1220 1221 1301
f 1301 1302 1382
f 1382 1383 1463
f 1463 1464 1544
f 1544 1545 1625
f 1625 1626 1706
f 1706 1707 1787
f 1787 1788 1868
f 1868 1869 1949
f 1949 1950 2030
f 2030 2031 2111
f 2111 2112 2192
f 2192 2193 2273
f 2273 2274 2354
f 2354 2355 2435
f 2435 2436 2516
f 2516 2517 2597
f 2597 2598 2678
f 2678 2679 2759
f 2759 2760 2840
f 2840 2841 2921
f 2921 2922 3002
f 3002 3003 3083
f 3083 3084 3164
f 3164 3165 3245
f 3245 3246 3326
f 3326 3327 3407
f 3407 3408 3488
f 3488 3489 3569
f 3569 3570 3650
f 3650 3651 3731
f 3731 3732 3812
f 3812 3813 3893
f 3893 3894 3974
f 3974 3975 4055
f 4055 4056 4136
f 4136 4137 4217
f 4217 4218 4298
f 4298 4299 4379
f 4379 4380 4460
f 4460 4461 4541
f 4541 4542 4622
f 4622 4623 4703
f 4703 4704 4784
f 4784 4785 4865
f 4865 4866 4946
f 4946 4947 5027
f 5027 5028 5108
f 5108 5109 5189
f 5189 5190 5270
f 5270 5271 5351
f 5351 5352 5432
f 5432 5433 5513
f 5513 5514 5594
f 5594 5595 5675
f 5675 5676 5756
f 5756 5757 5837
f 5837 5838 5918
f 5918 5919 5999
f 5999 6000 6080
f 6080 6081 6161
f 6161 6162 6242
f 6242 6243 6323
f 6323 6324 6404
f 6404 6405 6485
f 6 7 87
f 87 88 168
f 168 169 249
f 249 250 330
f 330 331 411
f 411 412 492
f 492 493 573
f 573 574 654
f 654 655 735
f 735 736 816
f 816 817 897
f 897 898 978
f 978 979 1059
f 1059 1060 1140
f 1140 1141 1221
f 1221 1222 1302
f 1302 1303 1383
f 1383 1384 1464
f 1464 1465 1545
f 1545 1546 1626
f 1626 1627 1707
f 1707 1708 1788
f 1788 1789 1869
f 1869 1870 1950
f 1950 1951 2031
f 2031 2032 2112
f 2112 2113 2193
f 2193 2194 2274
f 2274 2275 2355
f 2355 2356 2436
f 2436 2437 2517
f 2517 2518 2598
f 2598 2599 2679
f 2679 2680 2760
f 2760 2761 2841
f 2841 2842 2922
f 2922 2923 3003
f 3003 3004 3084
f 3084 3085 3165
f 3165 3166 3246
f 3246 3247 3327
f 3327 3328 3408
f 3408 3409 3489
f 3489 3490 3570
f 3570 3571 3651
f 3651 3652 3732
f 3732 3733 3813
f 3813 3814 3894
f 3894 3895 3975
f 3975 3976 4056
f 4056 4057 4137
f 4137 4138 4218
f 4218 4219 4299
f 4299 4300 4380
f 4380 4381 4461
f 4461 4462 4542
f 4542 4543 4623
f 4623 4624 4704
f 4704 4705 4785
f 4785 4786 4866
f 4866 4867 4947
f 4947 4948 5028
f 5028 5029 5109
f 5109 5110 5190
f 5190 5191 5271
f 5271 5272 5352
f 5352 5353 5433
f 5433 5434 5514
f 5514 5515 5595
f 5595 5596 5676
f 5676 5677 5757
f 5757 5758 5838
f 5838 5839 5919
f 5919 5920 6000
f 6000 6001 6081
f 6081 6082 6162
f 6162 6163 6243
f 6243 6244 6324
f 6324 6325 6405
f 6405 6406 6486
f 7 8 88
f 88 89 169
f 169 170 250
f 250 251 331
f 331 332 412
f 412 413 493
f 493 494 574
f 574 575 655
f 655 656 736
f 736 737 817
f 817 818 898
f 898 899 979
f 979 980 1060
f 1060 1061 1141
f 1141 1142 1222
f 1222 1223 1303
f 1303 1304 1384
f 1384 1385 1465
f 1465 1466 1546
f 1546 1547 1627
f 1627 1628 1708
f 1708 1709 1789
f 1789 1790 1870
f 1870 1871 1951
f 1951 1952 2032
f 2032 2033 2113
f 2113 2114 2194
f 2194 2195 2275
f 2275 2276 2356
f 2356 2357 2437
f 2437 2438 2518
f 2518 2519 2599
f 2599 2600 2680
f 2680 2681 2761
f 2761 2762 2842
f 2842 2843 2923
f 2923 2924 3004
f 3004 3005 3085
f 3085 3086 3166
f 3166 3167 3247
f 3247 3248 3328
f 3328 3329 3409
f 3409 3410 3490
f 3490 3491 3571
f 3571 3572 3652
f 3652 3653 3733
f 3733 3734 3814
f 3814 3815 3895
f 3895 3896 3976
f 3976 3977 4057
f 4057 4058 4138
f 4138 4139 4219
f 4219 4220 4300
f 4300 4301 4381
f 4381 4382 4462
f 4462 4463 4543
f 4543 4544 4624
f 4624 4625 4705
f 4705 4706 4786
f 4786 4787 4867
f 4867 4868 4948
f 4948 4949 5029
f 5029 5030 5110
f 5110 5111 5191
f 5191 5192 5272
f 5272 5273 5353
f 5353 5354 5434
f 5434 5435 5515
f 5515 5516 5596
f 5596 5597 5677
f 5677 5678 5758
f 5758 5759 5839
f 5839 5840 5920
f 5920 5921 6001
f 6001 6002 6082
f 6082 6083 6163
f 6163 6164 6244
f 6244 6245 6325
f 6325 6326 6406
f 6406 6407 6487
f 8 9 89
f 89 90 170
f 170 171 251
f 251 252 332
f 332 333 413
f 413 414 494
f 494 495 575
f 575 576 656
f 656 657 737
f 737 738 818
f 818 819 899
f 899 900 980
f 980 981 1061
f 1061 1062 1142
f 1142 1143 1223
f 1223 1224 1304
f 1304 1305 1385
f 1385 1386 1466
f 1466 1467 1547
f 1547 1548 1628
f 1628 1629 1709
f 1709 1710 1790
f 1790 1791 1871
f 1871 1872 1952
f 1952 1953 2033
f 2033 2034 2114
f 2114 2115 2195
f 2195 2196 2276
f 2276 2277 2357
f 2357 2358 2438
f 2438 2439 2519
f 2519 2520 2600
f 2600 2601 2681
f 2681 2682 2762
f 2762 2763 2843
f 2843 2844 2924
f 2924 2925 3005
f 3005 3006 3086
f 3086 3087 3167
f 3167 3168 3248
f 3248 3249 3329
f 3329 3330 3410
f 3410 3411 3491
f 3491 3492 3572
f 3572 3573 3653
f 3653 3654 3734
f 3734 3735 3815
f 3815 3816 3896
f 3896 3897 3977
f 3977 3978 4058
f 4058 4059 4139
f 4139 4140 4220
f 4220 4221 4301
f 4301 4302 4382
f 4382 4383 4463
f 4463 4464 4544
f 4544 4545 4625
f 4625 4626 4706
f 4706 4707 4787
f 4787 4788 4868
f 4868 4869 4949
f 4949 4950 5030
f 5030 5031 5111
f 5111 5112 5192
f 5192 5193 5273
f 5273 5274 5354
f 5354 5355 5435
f 5435 5436 5516
f 5516 5517 5597
f 5597 5598 5678
f 5678 5679 5759
f 5759 5760 5840
f 5840 5841 5921
f 5921 5922 6002
f 6002 6003 6083
f 6083 6084 6164
f 6164 6165 6245
f 6245 6246 6326
f 6326 6327 6407
f 6407 6408 6488
f 9 10 90
f 90 91 171
f 171 172 252
f 252 253 333
f 333 334 414
f 414 415 495
f 495 496 576
f 576 577 657
f 657 658 738
f 738 739 819
f 819 820 900
f 900 901 981
f 981 982 1062
f 1062 1063 1143
f 1143 1144 1224
f 1224 1225 1305
f 1305 1306 1386
f 1386 1387 1467
f 1467 1468 1548
f 1548 1549 1629
f 1629 1630 1710
f 1710 1711 1791
f 1791 1792 1872
f 1872 1873 1953
f 1953 1954 2034
f 2034 2035 2115
f 2115 2116 2196
f 2196 2197 2277
f 2277 2278 2358
f 2358 2359 2439
f 2439 2440 2520
f 2520 2521 2601
f 2601 2602 2682
f 2682 2683 2763
f 2763 2764 2844
f 2844 2845 2925
f 2925 2926 3006
f 3006 3007 3087
f 3087 3088 3168
f 3168 3169 3249
f 3249 3250 3330
f 3330 3331 3411
f 3411 3412 3492
f 3492 3493 3573
f 3573 3574 3654
f 3654 3655 3735
f 3735 3736 3816
f 3816 3817 3897
f 3897 3898 3978
f 3978 3979 4059
f 4059 4060 4140
f 4140 4141 4221
f 4221 4222 4302
f 4302 4303 4383
f 4383 4384 4464
f 4464 4465 4545
f 4545 4546 4626
f 4626 4627 4707
f 4707 4708 4788
f 4788 4789 4869
f 4869 4870 4950
f 4950 4951 5031
f 5031 5032 5112
f 5112 5113 5193
f 5193 5194 5274
f 5274 5275 5355
f 5355 5356 5436
f 5436 5437 5517
f 5517 5518 5598
f 5598 5599 5679
f 5679 5680 5760
f 5760 5761 5841
f 5841 5842 5922
f 5922 5923 6003
f 6003 6004 6084
f 6084 6085 6165
f 6165 6166 6246
f 6246 6247 6327
f 6327 6328 6408
f 6408 6409 6489
f 10 11 91
f 91 92 172
f 172 173 253
f 253 254 334
f 334 335 415
f 415 416 496
f 496 497 577
f 577 578 658
f 658 659 739
f 739 740 820
f 820 821 901
f 901 902 982
f 982 983 1063
f 1063 1064 1144
f 1144 1145 1225
f 1225 1226 1306
f 1306 1307 1387
f 1387 1388 1468
f 1468 1469 1549
f 1549 1550 1630
f 1630 1631 1711
f 1711 1712 1792
f 1792 1793 1873
f 1873 1874 1954
f 1954 1955 2035
f 2035 2036 2116
f 2116 2117 2197
f 2197 2198 2278
f 2278 2279 2359
f 2359 2360 2440
f 2440 2441 2521
f 2521 2522 2602
f 2602 2603 2683
f 2683 2684 2764
f 2764 2765 2845
f 2845 2846 2926
f 2926 2927 3007
f 3007 3008 3088
f 3088 3089 3169
f 3169 3170 3250
f 3250 3251 3331
f 3331 3332 3412
f 3412 3413 3493
f 3493 3494 3574
f 3574 3575 3655
f 3655 3656 3736
f 3736 3737 3817
f 3817 3818 3898
f 3898 3899 3979
f 3979 3980 4060
f 4060 4061 4141
f 4141 4142 4222
f 4222 4223 4303
f 4303 4304 4384
f 4384 4385 4465
f 4465 4466 4546
f 4546 4547 4627
f 4627 4628 4708
f 4708 4709 4789
f 4789 4790 4870
f 4870 4871 4951
f 4951 4952 5032
f 5032 5033 5113
f 5113 5114 5194
f 5194 5195 5275
f 5275 5276 5356
f 5356 5357 5437
f 5437 5438 5518
f 5518 5519 5599
f 5599 5600 5680
f 5680 5681 5761
f 5761 5762 5842
f 5842 5843 5923
f 5923 5924 6004
f 6004 6005 6085
f 6085 6086 6166
f 6166 6167 6247
f 6247 6248 6328
f 6328 6329 6409
f 6409 6410 6490
f 11 12 92
f 92 93 173
f 173 174 254
f 254 255 335
f 335 336 416
f 416 417 497
f 497 498 578
f 578 579 659
f 659 660 740
f 740 741 821
f 821 822 902
f 902 903 983
f 983 984 1064
f 1064 1065 1145
f 1145 1146 1226
f 1226 1227 1307
f 1307 1308 1388
f 1388 1389 1469
f 1469 1470 1550
f 1550 1551 1631
f 1631 1632 1712
f 1712 1713 1793
f 1793 1794 1874
f 1874 1875 1955
f 1955 1956 2036
f 2036 2037 2117
f 2117 2118 2198
f 2198 2199 2279
f 2279 2280 2360
f 2360 2361 2441
f 2441 2442 2522
f 2522 2523 2603
f 2603 2604 2684
f 2684 2685 2765
f 2765 2766 2846
f 2846 2847 2927
f 2927 2928 3008
f 3008 3009 3089
f 3089 3090 3170
f 3170 3171 3251
f 3251 3252 3332
f 3332 3333 3413
f 3413 3414 3494
f 3494 3495 3575
f 3575 3576 3656
f 3656 3657 3737
f 3737 3738 3818
f 3818 3819 3899
f 3899 3900 3980
f 3980 3981 4061
f 4061 4062 4142
f 4142 4143 4223
f 4223 4224 4304
f 4304 4305 4385
f 4385 4386 4466
f 4466 4467 4547
f 4547 4548 4628
f 4628 4629 4709
f 4709 4710 4790
f 4790 4791 4871
f 4871 4872 4952
f 4952 4953 5033
f 5033 5034 5114
f 5114 5115 5195
f 5195 5196 5276
f 5276 5277 5357
f 5357 5358 5438
f 5438 5439 5519
f 5519 5520 5600
f 5600 5601 5681
f 5681 5682 5762
f 5762 5763 5843
f 5843 5844 5924
f 5924 5925 6005
f 6005 6006 6086
f 6086 6087 6167
f 6167 6168 6248
f 6248 6249 6329
f 6329 6330 6410
f 6410 6411 6491
f 12 13 93
f 93 94 174
f 174 175 255
f 255 256 336
f 336 337 417
f 417 418 498
f 498 499 579
f 579 580 660
f 660 661 741
f 741 742 822
f 822 823 903
f 903 904 984
f 984 985 1065
f 1065 1066 1146
f 1146 1147 1227
f 1227 1228 1308
f 1308 1309 1389
f 1389 1390 1470
f 1470 1471 1551
f 1551 1552 1632
f 1632 1633 1713
f 1713 1714 1794
f 1794 1795 1875
f 1875 1876 1956
f 1956 1957 2037
f 2037 2038 2118
f 2118 2119 2199
f 2199 2200 2280
f 2280 2281 2361
f 2361 2362 2442
f 2442 2443 2523
f 2523 2524 2604
f 2604 2605 2685
f 2685 2686 2766
f 2766 2767 2847
f 2847 2848 2928
f 2928 2929 3009
f 3009 3010 3090
f 3090 3091 3171
f 3171 3172 3252
f 3252 3253 3333
f 3333 3334 3414
f 3414 3415 3495
f 3495 3496 3576
f 3576 3577 3657
f 3657 3658 3738
f 3738 3739 3819
f 3819 3820 3900
f 3900 3901 3981
f 3981 3982 4062
f 4062 4063 4143
f 4143 4144 4224
f 4224 4225 4305
f 4305 4306 4386
f 4386 4387 4467
f 4467 4468 4548
f 4548 4549 4629
f 4629 4630 4710
f 4710 4711 4791
f 4791 4792 4872
f 4872 4873 4953
f 4953 4954 5034
f 5034 5035 5115
f 5115 5116 5196
f 5196 5197 5277
f 5277 5278 5358
f 5358 5359 5439
f 5439 5440 5520
f 5520 5521 5601
f 5601 5602 5682
f 5682 5683 5763
f 5763 5764 5844
f 5844 5845 5925
f 5925 5926 6006
f 6006 6007 6087
f 6087 6088 6168
f 6168 6169 6249
f 6249 6250 6330
f 6330 6331 6411
f 6411 6412 6492
f 13 14 94
f 94 95 175
f 175 176 256
f 256 257 337
f 337 338 418
f 418 419 499
f 499 500 580
f 580 581 661
f 661 662 742
f 742 743 823
f 823 824 904
f 904 905 985
f 985 986 1066
f 1066 1067 1147
f 1147 1148 1228
f 1228 1229 1309
f 1309 1310 1390
f 1390 1391 1471
f 1471 1472 1552
f 1552 1553 1633
f 1633 1634 1714
f 1714 1715 1795
f 1795 1796 1876
f 1876 1877 1957
f 1957 1958 2038
f 2038 2039 2119
f 2119 2120 2200
f 2200 2201 2281
f 2281 2282 2362
f 2362 2363 2443
f 2443 2444 2524
f 2524 2525 2605
f 2605 2606 2686
f 2686 2687 2767
f 2767 2768 2848
f 2848 2849 2929
f 2929 2930 3010
f 3010 3011 3091
f 3091 3092 3172
f 3172 3173 3253
f 3253 3254 3334
f 3334 3335 3415
f 3415 3416 3496
f 3496 3497 3577
f 3577 3578 3658
f 3658 3659 3739
f 3739 3740 3820
f 3820 3821 3901
f 3901 3902 3982
f 3982 3983 4063
f 4063 4064 4144
f 4144 4145 4225
f 4225 4226 4306
f 4306 4307 4387
f 4387 4388 4468
f 4468 4469 4549
f 4549 4550 4630
f 4630 4631 4711
f 4711 4712 4792
f 4792 4793 4873
f 4873 4874 4954
f 4954 4955 5035
f 5035 5036 5116
f 5116 5117 5197
f 5197 5198 5278
f 5278 5279 5359
f 5359 5360 5440
f 5440 5441 5521
f 5521 5522 5602
f 5602 5603 5683
f 5683 5684 5764
f 5764 5765 5845
f 5845 5846 5926
f 5926 5927 6007
f 6007 6008 6088
f 6088 6089 6169
f 6169 6170 6250
f 6250 6251 6331
f 6331 6332 6412
f 6412 6413 6493
f 14 15 95
f 95 96 176
f 176 177 257
f 257 258 338
f 338 339 419
f 419 420 500
f 500 501 581
f 581 582 662
f 662 663 743
f 743 744 824
f 824 825 905
f 905 906 986
f 986 987 1067
f 1067 1068 1148
f 1148 1149 1229
f 1229 1230 1310
f 1310 1311 1391
f 1391 1392 1472
f 1472 1473 1553
f 1553 1554 1634
f 1634 1635 1715
f 1715 1716 1796
f 1796 1797 1877
f 1877 1878 1958
f 1958 1959 2039
f 2039 2040 2120
f 2120 2121 2201
f 2201 2202 2282
f 2282 2283 2363
f 2363 2364 2444
f 2444 2445 2525
f 2525 2526 2606
f 2606 2607 2687
f 2687 2688 2768
f 2768 2769 2849
f 2849 2850 2930
f 2930 2931 3011
f 3011 3012 3092
f 3092 3093 3173
f 3173 3174 3254
f 3254 3255 3335
f 3335 3336 3416
f 3416 3417 3497
f 3497 3498 3578
f 3578 3579 3659
f 3659 3660 3740
f 3740 3741 3821
f 3821 3822 3902
f 3902 3903 3983
f 3983 3984 4064
f 4064 4065 4145
f 4145 4146 4226
f 4226 4227 4307
f 4307 4308 4388
f 4388 4389 4469
f 4469 4470 4550
f 4550 4551 4631
f 4631 4632 4712
f 4712 4713 4793
f 4793 4794 4874
f 4874 4875 4955
f 4955 4956 5036
f 5036 5037 5117
f 5117 5118 5198
f 5198 5199 5279
f 5279 5280 5360
f 5360 5361 5441
f 5441 5442 5522
f 5522 5523 5603
f 5603 5604 5684
f 5684 5685 5765
f 5765 5766 5846
f 5846 5847 5927
f 5927 5928 6008
f 6008 6009 6089
f 6089 6090 6170
f 6170 6171 6251
f 6251 6252 6332
f 6332 6333 6413
f 6413 6414 6494
f 15 16 96
f 96 97 177
f 177 178 258
f 258 259 339
f 339 340 420
f 420 421 501
f 501 502 582
f 582 583 663
f 663 664 744
f 744 745 825
f 825 826 906
f 906 907 987
f 987 988 1068
f 1068 1069 1149
f 1149 1150 1230
f 1230 1231 1311
f 1311 1312 1392
f 1392 1393 1473
f 1473 1474 1554
f 1554 1555 1635
f 1635 1636 1716
f 1716 1717 1797
f 1797 1798 1878
f 1878 1879 1959
f 1959 1960 2040
f 2040 2041 2121
f 2121 2122 2202
f 2202 2203 2283
f 2283 2284 2364
f 2364 2365 2445
f 2445 2446 2526
f 2526 2527 2607
f 2607 2608 2688
f 2688 2689 2769
f 2769 2770 2850
f 2850 2851 2931
f 2931 2932 3012
f 3012 3013 3093
f 3093 3094 3174
f 3174 3175 3255
f 3255 3256 3336
f 3336 3337 3417
f 3417 3418 3498
f 3498 3499 3579
f 3579 3580 3660
f 3660 3661 3741
f 3741 3742 3822
f 3822 3823 3903
f 3903 3904 3984
f 3984 3985 4065
f 4065 4066 4146
f 4146 4147 4227
f 4227 4228 4308
f 4308 4309 4389
f 4389 4390 4470
f 4470 4471 4551
f 4551 4552 4632
f 4632 4633 4713
f 4713 4714 4794
f 4794 4795 4875
f 4875 4876 4956
f 4956 4957 5037
f 5037 5038 5118
f 5118 5119 5199
f 5199 5200 5280
f 5280 5281 5361
f 5361 5362 5442
f 5442 5443 5523
f 5523 5524 5604
f 5604 5605 5685
f 5685 5686 5766
f 5766 5767 5847
f 5847 5848 5928
f 5928 5929 6009
f 6009 6010 6090
f 6090 6091 6171
f 6171 6172 6252
f 6252 6253 6333
f 6333 6334 6414
f 6414 6415 6495
f 16 17 97
f 97 98 178
f 178 179 259
f 259 260 340
f 340 341 421
f 421 422 502
f 502 503 583
f 583 584 664
f 664 665 745
f 745 746 826
f 826 827 907
f 907 908 988
f 988 989 1069
f 1069 1070 1150
f 1150 1151 1231
f 1231 1232 1312
f 1312 1313 1393
f 1393 1394 1474
f 1474 1475 1555
f 1555 1556 1636
f 1636 1637 1717
f 1717 1718 1798
f 1798 1799 1879
f 1879 1880 1960
f 1960 1961 2041
f 2041 2042 2122
f 2122 2123 2203
f 2203 2204 2284
f 2284 2285 2365
f 2365 2366 2446
f 2446 2447 2527
f 2527 2528 2608
f 2608 2609 2689
f 2689 2690 2770
f 2770 2771 2851
f 2851 2852 2932
f 2932 2933 3013
f 3013 3014 3094
f 3094 3095 3175
f 3175 3176 3256
f 3256 3257 3337
f 3337 3338 3418
f 3418 3419 3499
f 3499 3500 3580
f 3580 3581 3661
f 3661 3662 3742
f 3742 3743 3823
f 3823 3824 3904
f 3904 3905 3985
f 3985 3986 4066
f 4066 4067 4147
f 4147 4148 4228
f 4228 4229 4309
f 4309 4310 4390
f 4390 4391 4471
f 4471 4472 4552
f 4552 4553 4633
f 4633 4634 4714
f 4714 4715 4795
f 4795 4796 4876
f 4876 4877 4957
f 4957 4958 5038
f 5038 5039 5119
f 5119 5120 5200
f 5200 5201 5281
f 5281 5282 5362
f 5362 5363 5443
f 5443 5444 5524
f 5524 5525 5605
f 5605 5606 5686
f 5686 5687 5767
f 5767 5768 5848
f 5848 5849 5929
f 5929 5930 6010
f 6010 6011 6091
f 6091 6092 6172
f 6172 6173 6253
f 6253 6254 6334
f 6334 6335 6415
f 6415 6416 6496
f 17 18 98
f 98 99 179
f 179 180 260
f 260 261 341
f 341 342 422
f 422 423 503
f 503 504 584
f 584 585 665
f 665 666 746
f 746 747 827
f 827 828 908
f 908 909 989
f 989 990 1070
f 1070 1071 1151
f 1151 1152 1232
f 1232 1233 1313
f 1313 1314 1394
f 1394 1395 1475
f 1475 1476 1556
f 1556 1557 1637
f 1637 1638 1718
f 1718 1719 1799
f 1799 1800 1880
f 1880 1881 1961
f 1961 1962 2042
f 2042 2043 2123
f 2123 2124 2204
f 2204 2205 2285
f 2285 2286 2366
f 2366 2367 2447
f 2447 2448 2528
f 2528 2529 2609
f 2609 2610 2690
f 2690 2691 2771
f 2771 2772 2852
f 2852 2853 2933
f 2933 2934 3014
f 3014 3015 3095
f 3095 3096 3176
f 3176 3177 3257
f 3257 3258 3338
f 3338 3339 3419
f 3419 3420 3500
f 3500 3501 3581
f 3581 3582 3662
f 3662 3663 3743
f 3743 3744 3824
f 3824 3825 3905
f 3905 3906 3986
f 3986 3987 4067
f 4067 4068 4148
f 4148 4149 4229
f 4229 4230 4310
f 4310 4311 4391
f 4391 4392 4472
f 4472 4473 4553
f 4553 4554 4634
f 4634 4635 4715
f 4715 4716 4796
f 4796 4797 4877
f 4877 4878 4958
f 4958 4959 5039
f 5039 5040 5120
f 5120 5121 5201
f 5201 5202 5282
f 5282 5283 5363
f 5363 5364 5444
f 5444 5445 5525
f 5525 5526 5606
f 5606 5607 5687
f 5687 5688 5768
f 5768 5769 5849
f 5849 5850 5930
f 5930 5931 6011
f 6011 6012 6092
f 6092 6093 6173
f 6173 6174 6254
f 6254 6255 6335
f 6335 6336 6416
f 6416 6417 6497
f 18 19 99
f 99 100 180
f 180 181 261
f 261 262 342
f 342 343 423
f 423 424 504
f 504 505 585
f 585 586 666
f 666 667 747
f 747 748 828
f 828 829 909
f 909 910 990
f 990 991 1071
f 1071 1072 1152
f 1152 1153 1233
f 1233 1234 1314
f 1314 1315 1395
f 1395 1396 1476
f 1476 1477 1557
f 1557 1558 1638
f 1638 1639 1719
f 1719 1720 1800
f 1800 1801 1881
f 1881 1882 1962
f 1962 1963 2043
f 2043 2044 2124
f 2124 2125 2205
f 2205 2206 2286
f 2286 2287 2367
f 2367 2368 2448
f 2448 2449 2529
f 2529 2530 2610
f 2610 2611 2691
f 2691 2692 2772
f 2772 2773 2853
f 2853 2854 2934
f 2934 2935 3015
f 3015 3016 3096
f 3096 3097 3177
f 3177 3178 3258
f 3258 3259 3339
f 3339 3340 3420
f 3420 3421 3501
f 3501 3502 3582
f 3582 3583 3663
f 3663 3664 3744
f 3744 3745 3825
f 3825 3826 3906
f 3906 3907 3987
f 3987 3988 4068
f 4068 4069 4149
f 4149 4150 4230
f 4230 4231 4311
f 4311 4312 4392
f 4392 4393 4473
f 4473 4474 4554
f 4554 4555 4635
f 4635 4636 4716
f 4716 4717 4797
f 4797 4798 4878
f 4878 4879 4959
f 4959 4960 5040
f 5040 5041 5121
f 5121 5122 5202
f 5202 5203 5283
f 5283 5284 5364
f 5364 5365 5445
f 5445 5446 5526
f 5526 5527 5607
f 5607 5608 5688
f 5688 5689 5769
f 5769 5770 5850
f 5850 5851 5931
f 5931 5932 6012
f 6012 6013 6093
f 6093 6094 6174
f 6174 6175 6255
f 6255 6256 6336
f 6336 6337 6417
f 6417 6418 6498
f 19 20 100
f 100 101 181
f 181 182 262
f 262 263 343
f 343 344 424
f 424 425 505
f 505 506 586
f 586 587 667
f 667 668 748
f 748 749 829
f 829 830 910
f 910 911 991
f 991 992 1072
f 1072 1073 1153
f 1153 1154 1234
f 1234 1235 1315
f 1315 1316 1396
f 1396 1397 1477
f 1477 1478 1558
f 1558 1559 1639
f 1639 1640 1720
f 1720 1721 1801
f 1801 1802 1882
f 1882 1883 1963
f 1963 1964 2044
f 2044 2045 2125
f 2125 2126 2206
f 2206 2207 2287
f 2287 2288 2368
f 2368 2369 2449
f 2449 2450 2530
f 2530 2531 2611
f 2611 2612 2692
f 2692 2693 2773
f 2773 2774 2854
f 2854 2855 2935
f 2935 2936 3016
f 3016 3017 3097
f 3097 3098 3178
f 3178 3179 3259
f 3259 3260 3340
f 3340 3341 3421
f 3421 3422 3502
f 3502 3503 3583
f 3583 3584 3664
f 3664 3665 3745
f 3745 3746 3826
f 3826 3827 3907
f 3907 3908 3988
f 3988 3989 4069
f 4069 4070 4150
f 4150 4151 4231
f 4231 4232 4312
f 4312 4313 4393
f 4393 4394 4474
f 4474 4475 4555
f 4555 4556 4636
f 4636 4637 4717
f 4717 4718 4798
f 4798 4799 4879
f 4879 4880 4960
f 4960 4961 5041
f 5041 5042 5122
f 5122 5123 5203
f 5203 5204 5284
f 5284 5285 5365
f 5365 5366 5446
f 5446 5447 5527
f 5527 5528 5608
f 5608 5609 5689
f 5689 5690 5770
f 5770 5771 5851
f 5851 5852 5932
f 5932 5933 6013
f 6013 6014 6094
f 6094 6095 6175
f 6175 6176 6256
f 6256 6257 6337
f 6337 6338 6418
f 6418 6419 6499
f 20 21 101
f 101 102 182
f 182 183 263
f 263 264 344
f 344 345 425
f 425 426 506
f 506 507 587
f 587 588 668
f 668 669 749
f 749 750 830
f 830 831 911
f 911 912 992
f 992 993 1073
f 1073 1074 1154
f 1154 1155 1235
f 1235 1236 1316
f 1316 1317 1397
f 1397 1398 1478
f 1478 1479 1559
f 1559 1560 1640
f 1640 1641 1721
f 1721 1722 1802
f 1802 1803 1883
f 1883 1884 1964
f 1964 1965 2045
f 2045 2046 2126
f 2126 2127 2207
f 2207 2208 2288
f 2288 2289 2369
f 2369 2370 2450
f 2450 2451 2531
f 2531 2532 2612
f 2612 2613 2693
f 2693 2694 2774
f 2774 2775 2855
f 2855 2856 2936
f 2936 2937 3017
f 3017 3018 3098
f 3098 3099 3179
f 3179 3180 3260
f 3260 3261 3341
f 3341 3342 3422
f 3422 3423 3503
f 3503 3504 3584
f 3584 3585 3665
f 3665 3666 3746
f 3746 3747 3827
f 3827 3828 3908
f 3908 3909 3989
f 3989 3990 4070
f 4070 4071 4151
f 4151 4152 4232
f 4232 4233 4313
f 4313 4314 4394
f 4394 4395 4475
f 4475 4476 4556
f 4556 4557 4637
f 4637 4638 4718
f 4718 4719 4799
f 4799 4800 4880
f 4880 4881 4961
f 4961 4962 5042
f 5042 5043 5123
f 5123 5124 5204
f 5204 5205 5285
f 5285 5286 5366
f 5366 5367 5447
f 5447 5448 5528
f 5528 5529 5609
f 5609 5610 5690
f 5690 5691 5771
f 5771 5772 5852
f 5852 5853 5933
f 5933 5934 6014
f 6014 6015 6095
f 6095 6096 6176
f 6176 6177 6257
f 6257 6258 6338
f 6338 6339 6419
f 6419 6420 6500
f 21 22 102
f 102 103 183
f 183 184 264
f 264 265 345
f 345 346 426
f 426 427 507
f 507 508 588
f 588 589 669
f 669 670 750
f 750 751 831
f 831 832 912
f 912 913 993
f 993 994 1074
f 1074 1075 1155
f 1155 1156 1236
f 1236 1237 1317
f 1317 1318 1398
f 1398 1399 1479
f 1479 1480 1560
f 1560 1561 1641
f 1641 1642 1722
f 1722 1723 1803
f 1803 1804 1884
f 1884 1885 1965
f 1965 1966 2046
f 2046 2047 2127
f 2127 2128 2208
f 2208 2209 2289
f 2289 2290 2370
f 2370 2371 2451
f 2451 2452 2532
f 2532 2533 2613
f 2613 2614 2694
f 2694 2695 2775
f 2775 2776 2856
f 2856 2857 2937
f 2937 2938 3018
f 3018 3019 3099
f 3099 3100 3180
f 3180 3181 3261
f 3261 3262 3342
f 3342 3343 3423
f 3423 3424 3504
f 3504 3505 3585
f 3585 3586 3666
f 3666 3667 3747
f 3747 3748 3828
f 3828 3829 3909
f 3909 3910 3990
f 3990 3991 4071
f 4071 4072 4152
f 4152 4153 4233
f 4233 4234 4314
f 4314 4315 4395
f 4395 4396 4476
f 4476 4477 4557
f 4557 4558 4638
f 4638 4639 4719
f 4719 4720 4800
f 4800 4801 4881
f 4881 4882 4962
f 4962 4963 5043
f 5043 5044 5124
f 5124 5125 5205
f 5205 5206 5286
f 5286 5287 5367
f 5367 5368 5448
f 5448 5449 5529
f 5529 5530 5610
f 5610 5611 5691
f 5691 5692 5772
f 5772 5773 5853
f 5853 5854 5934
f 5934 5935 6015
f 6015 6016 6096
f 6096 6097 6177
f 6177 6178 6258
f 6258 6259 6339
f 6339 6340 6420
f 6420 6421 6501
f 22 23 103
f 103 104 184
f 184 185 265
f 265 266 346
f 346 347 427
f 427 428 508
f 508 509 589
f 589 590 670
f 670 671 751
f 751 752 832
f 832 833 913
f 913 914 994
f 994 995 1075
f 1075 1076 1156
f 1156 1157 1237
f 1237 1238 1318
f 1318 1319 1399
f 1399 1400 1480
f 1480 1481 1561
f 1561 1562 1642
f 1642 1643 1723
f 1723 1724 1804
f 1804 1805 1885
f 1885 1886 1966
f 1966 1967 2047
f 2047 2048 2128
f 2128 2129 2209
f 2209 2210 2290
f 2290 2291 2371
f 2371 2372 2452
f 2452 2453 2533
f 2533 2534 2614
f 2614 2615 2695
f 2695 2696 2776
f 2776 2777 2857
f 2857 2858 2938
f 2938 2939 3019
f 3019 3020 3100
f 3100 3101 3181
f 3181 3182 3262
f 3262 3263 3343
f 3343 3344 3424
f 3424 3425 3505
f 3505 3506 3586
f 3586 3587 3667
f 3667 3668 3748
f 3748 3749 3829
f 3829 3830 3910
f 3910 3911 3991
f 3991 3992 4072
f 4072 4073 4153
f 4153 4154 4234
f 4234 4235 4315
f 4315 4316 4396
f 4396 4397 4477
f 4477 4478 4558
f 4558 4559 4639
f 4639 4640 4720
f 4720 4721 4801
f 4801 4802 4882
f 4882 4883 4963
f 4963 4964 5044
f 5044 5045 5125
f 5125 5126 5206
f 5206 5207 5287
f 5287 5288 5368
f 5368 5369 5449
f 5449 5450 5530
f 5530 5531 5611
f 5611 5612 5692
f 5692 5693 5773
f 5773 5774 5854
f 5854 5855 5935
f 5935 5936 6016
f 6016 6017 6097
f 6097 6098 6178
f 6178 6179 6259
f 6259 6260 6340
f 6340 6341 6421
f 6421 6422 6502
f 23 24 104
f 104 105 185
f 185 186 266
f 266 267 347
f 347 348 428
f 428 429 509
f 509 510 590
f 590 591 671
f 671 672 752
f 752 753 833
f 833 834 914
f 914 915 995
f 995 996 1076
f 1076 1077 1157
f 1157 1158 1238
f 1238 1239 1319
f 1319 1320 1400
f 1400 1401 1481
f 1481 1482 1562
f 1562 1563 1643
f 1643 1644 1724
f 1724 1725 1805
f 1805 1806 1886
f 1886 1887 1967
f 1967 1968 2048
f 2048 2049 2129
f 2129 2130 2210
f 2210 2211 2291
f 2291 2292 2372
f 2372 2373 2453
f 2453 2454 2534
f 2534 2535 2615
f 2615 2616 2696
f 2696 2697 2777
f 2777 2778 2858
f 2858 2859 2939
f 2939 2940 3020
f 3020 3021 3101
f 3101 3102 3182
f 3182 3183 3263
f 3263 3264 3344
f 3344 3345 3425
f 3425 3426 3506
f 3506 3507 3587
f 3587 3588 3668
f 3668 3669 3749
f 3749 3750 3830
f 3830 3831 3911
f 3911 3912 3992
f 3992 3993 4073
f 4073 4074 4154
f 4154 4155 4235
f 4235 4236 4316
f 4316 4317 4397
f 4397 4398 4478
f 4478 4479 4559
f 4559 4560 4640
f 4640 4641 4721
f 4721 4722 4802
f 4802 4803 4883
f 4883 4884 4964
f 4964 4965 5045
f 5045 5046 5126
f 5126 5127 5207
f 5207 5208 5288
f 5288 5289 5369
f 5369 5370 5450
f 5450 5451 5531
f 5531 5532 5612
f 5612 5613 5693
f 5693 5694 5774
f 5774 5775 5855
f 5855 5856 5936
f 5936 5937 6017
f 6017 6018 6098
f 6098 6099 6179
f 6179 6180 6260
f 6260 6261 6341
f 6341 6342 6422
f 6422 6423 6503
f 24 25 105
f 105 106 186
f 186 187 267
f 267 268 348
f 348 349 429
f 429 430 510
f 510 511 591
f 591 592 672
f 672 673 753
f 753 754 834
f 834 835 915
f 915 916 996
f 996 997 1077
f 1077 1078 1158
f 1158 1159 1239
f 1239 1240 1320
f 1320 1321 1401
f 1401 1402 1482
f 1482 1483 1563
f 1563 1564 1644
f 1644 1645 1725
f 1725 1726 1806
f 1806 1807 1887
f 1887 1888 1968
f 1968 1969 2049
f 2049 2050 2130
f 2130 2131 2211
f 2211 2212 2292
f 2292 2293 2373
f 2373 2374 2454
f 2454 2455 2535
f 2535 2536 2616
f 2616 2617 2697
f 2697 2698 2778
f 2778 2779 2859
f 2859 2860 2940
f 2940 2941 3021
f 3021 3022 3102
f 3102 3103 3183
f 3183 3184 3264
f 3264 3265 3345
f 3345 3346 3426
f 3426 3427 3507
f 3507 3508 3588
f 3588 3589 3669
f 3669 3670 3750
f 3750 3751 3831
f 3831 3832 3912
f 3912 3913 3993
f 3993 3994 4074
f 4074 4075 4155
f 4155 4156 4236
f 4236 4237 4317
f 4317 4318 4398
f 4398 4399 4479
f 4479 4480 4560
f 4560 4561 4641
f 4641 4642 4722
f 4722 4723 4803
f 4803 4804 4884
f 4884 4885 4965
f 4965 4966 5046
f 5046 5047 5127
f 5127 5128 5208
f 5208 5209 5289
f 5289 5290 5370
f 5370 5371 5451
f 5451 5452 5532
f 5532 5533 5613
f 5613 5614 5694
f 5694 5695 5775
f 5775 5776 5856
f 5856 5857 5937
f 5937 5938 6018
f 6018 6019 6099
f 6099 6100 6180
f 6180 6181 6261
f 6261 6262 6342
f 6342 6343 6423
f 6423 6424 6504
f 25 26 106
f 106 107 187
f 187 188 268
f 268 269 349
f 349 350 430
f 430 431 511
f 511 512 592
f 592 593 673
f 673 674 754
f 754 755 835
f 835 836 916
f 916 917 997
f 997 998 1078
f 1078 1079 1159
f 1159 1160 1240
f 1240 1241 1321
f 1321 1322 1402
f 1402 1403 1483
f 1483 1484 1564
f 1564 1565 1645
f 1645 1646 1726
f 1726 1727 1807
f 1807 1808 1888
f 1888 1889 1969
f 1969 1970 2050
f 2050 2051 2131
f 2131 2132 2212
f 2212 2213 2293
f 2293 2294 2374
f 2374 2375 2455
f 2455 2456 2536
f 2536 2537 2617
f 2617 2618 2698
f 2698 2699 2779
f 2779 2780 2860
f 2860 2861 2941
f 2941 2942 3022
f 3022 3023 3103
f 3103 3104 3184
f 3184 3185 3265
f 3265 3266 3346
f 3346 3347 3427
f 3427 3428 3508
f 3508 3509 3589
f 3589 3590 3670
f 3670 3671 3751
f 3751 3752 3832
f 3832 3833 3913
f 3913 3914 3994
f 3994 3995 4075
f 4075 4076 4156
f 4156 4157 4237
f 4237 4238 4318
f 4318 4319 4399
f 4399 4400 4480
f 4480 4481 4561
f 4561 4562 4642
f 4642 4643 4723
f 4723 4724 4804
f 4804 4805 4885
f 4885 4886 4966
f 4966 4967 5047
f 5047 5048 5128
f 5128 5129 5209
f 5209 5210 5290
f 5290 5291 5371
f 5371 5372 5452
f 5452 5453 5533
f 5533 5534 5614
f 5614 5615 5695
f 5695 5696 5776
f 5776 5777 5857
f 5857 5858 5938
f 5938 5939 6019
f 6019 6020 6100
f 6100 6101 6181
f 6181 6182 6262
f 6262 6263 6343
f 6343 6344 6424
f 6424 6425 6505
f 26 27 107
f 107 108 188
f 188 189 269
f 269 270 350
f 350 351 431
f 431 432 512
f 512 513 593
f 593 594 674
f 674 675 755
f 755 756 836
f 836 837 917
f 917 918 998
f 998 999 1079
f 1079 1080 1160
f 1160 1161 1241
f 1241 1242 1322
f 1322 1323 1403
f 1403 1404 1484
f 1484 1485 1565
f 1565 1566 1646
f 1646 1647 1727
f 1727 1728 1808
f 1808 1809 1889
f 1889 1890 1970
f 1970 1971 2051
f 2051 2052 2132
f 2132 2133 2213
f 2213 2214 2294
f 2294 2295 2375
f 2375 2376 2456
f 2456 2457 2537
f 2537 2538 2618
f 2618 2619 2699
f 2699 2700 2780
f 2780 2781 2861
f 2861 2862 2942
f 2942 2943 3023
f 3023 3024 3104
f 3104 3105 3185
f 3185 3186 3266
f 3266 3267 3347
f 3347 3348 3428
f 3428 3429 3509
f 3509 3510 3590
f 3590 3591 3671
f 3671 3672 3752
f 3752 3753 3833
f 3833 3834 3914
f 3914 3915 3995
f 3995 3996 4076
f 4076 4077 4157
f 4157 4158 4238
f 4238 4239 4319
f 4319 4320 4400
f 4400 4401 4481
f 4481 4482 4562
f 4562 4563 4643
f 4643 4644 4724
f 4724 4725 4805
f 4805 4806 4886
f 4886 4887 4967
f 4967 4968 5048
f 5048 5049 5129
f 5129 5130 5210
f 5210 5211 5291
f 5291 5292 5372
f 5372 5373 5453
f 5453 5454 5534
f 5534 5535 5615
f 5615 5616 5696
f 5696 5697 5777
f 5777 5778 5858
f 5858 5859 5939
f 5939 5940 6020
f 6020 6021 6101
f 6101 6102 6182
f 6182 6183 6263
f 6263 6264 6344
f 6344 6345 6425
f 6425 6426 6506
f 27 28 108
f 108 109 189
f 189 190 270
f 270 271 351
f 351 352 432
f 432 433 513
f 513 514 594
f 594 595 675
f 675 676 756
f 756 757 837
f 837 838 918
f 918 919 999
f 999 1000 1080
f 1080 1081 1161
f 1161 1162 1242
f 1242 1243 1323
f 1323 1324 1404
f 1404 1405 1485
f 1485 1486 1566
f 1566 1567 1647
f 1647 1648 1728
f 1728 1729 1809
f 1809 1810 1890
f 1890 1891 1971
f 1971 1972 2052
f 2052 2053 2133
f 2133 2134 2214
f 2214 2215 2295
f 2295 2296 2376
f 2376 2377 2457
f 2457 2458 2538
f 2538 2539 2619
f 2619 2620 2700
f 2700 2701 2781
f 2781 2782 2862
f 2862 2863 2943
f 2943 2944 3024
f 3024 3025 3105
f 3105 3106 3186
f 3186 3187 3267
f 3267 3268 3348
f 3348 3349 3429
f 3429 3430 3510
f 3510 3511 3591
f 3591 3592 3672
f 3672 3673 3753
f 3753 3754 3834
f 3834 3835 3915
f 3915 3916 3996
f 3996 3997 4077
f 4077 4078 4158
f 4158 4159 4239
f 4239 4240 4320
f 4320 4321 4401
f 4401 4402 4482
f 4482 4483 4563
f 4563 4564 4644
f 4644 4645 4725
f 4725 4726 4806
f 4806 4807 4887
f 4887 4888 4968
f 4968 4969 5049
f 5049 5050 5130
f 5130 5131 5211
f 5211 5212 5292
f 5292 5293 5373
f 5373 5374 5454
f 5454 5455 5535
f 5535 5536 5616
f 5616 5617 5697
f 5697 5698 5778
f 5778 5779 5859
f 5859 5860 5940
f 5940 5941 6021
f 6021 6022 6102
f 6102 6103 6183
f 6183 6184 6264
f 6264 6265 6345
f 6345 6346 6426
f 6426 6427 6507
f 28 29 109
f 109 110 190
f 190 191 271
f 271 272 352
f 352 353 433
f 433 434 514
f 514 515 595
f 595 596 676
f 676 677 757
f 757 758 838
f 838 839 919
f 919 920 1000
f 1000 1001 1081
f 1081 1082 1162
f 1162 1163 1243
f 1243 1244 1324
f 1324 1325 1405
f 1405 1406 1486
f 1486 1487 1567
f 1567 1568 1648
f 1648 1649 1729
f 1729 1730 1810
f 1810 1811 1891
f 1891 1892 1972
f 1972 1973 2053
f 2053 2054 2134
f 2134 2135 2215
f 2215 2216 2296
f 2296 2297 2377
f 2377 2378 2458
f 2458 2459 2539
f 2539 2540 2620
f 2620 2621 2701
f 2701 2702 2782
f 2782 2783 2863
f 2863 2864 2944
f 2944 2945 3025
f 3025 3026 3106
f 3106 3107 3187
f 3187 3188 3268
f 3268 3269 3349
f 3349 3350 3430
f 3430 3431 3511
f 3511 3512 3592
f 3592 3593 3673
f 3673 3674 3754
f 3754 3755 3835
f 3835 3836 3916
f 3916 3917 3997
f 3997 3998 4078
f 4078 4079 4159
f 4159 4160 4240
f 4240 4241 4321
f 4321 4322 4402
f 4402 4403 4483
f 4483 4484 4564
f 4564 4565 4645
f 4645 4646 4726
f 4726 4727 4807
f 4807 4808 4888
f 4888 4889 4969
f 4969 4970 5050
f 5050 5051 5131
f 5131 5132 5212
f 5212 5213 5293
f 5293 5294 5374
f 5374 5375 5455
f 5455 5456 5536
f 5536 5537 5617
f 5617 5618 5698
f 5698 5699 5779
f 5779 5780 5860
f 5860 5861 5941
f 5941 5942 6022
f 6022 6023 6103
f 6103 6104 6184
f 6184 6185 6265
f 6265 6266 6346
f 6346 6347 6427
f 6427 6428 6508
f 29 30 110
f 110 111 191
f 191 192 272
f 272 273 353
f 353 354 434
f 434 435 515
f 515 516 596
f 596 597 677
f 677 678 758
f 758 759 839
f 839 840 920
f 920 921 1001
f 1001 1002 1082
f 1082 1083 1163
f 1163 1164 1244
f 1244 1245 1325
f 1325 1326 1406
f 1406 1407 1487
f 1487 1488 1568
f 1568 1569 1649
f 1649 1650 1730
f 1730 1731 1811
f 1811 1812 1892
f 1892 1893 1973
f 1973 1974 2054
f 2054 2055 2135
f 2135 2136 2216
f 2216 2217 2297
f 2297 2298 2378
f 2378 2379 2459
f 2459 2460 2540
f 2540 2541 2621
f 2621 2622 2702
f 2702 2703 2783
f 2783 2784 2864
f 2864 2865 2945
f 2945 2946 3026
f 3026 3027 3107
f 3107 3108 3188
f 3188 3189 3269
f 3269 3270 3350
f 3350 3351 3431
f 3431 3432 3512
f 3512 3513 3593
f 3593 3594 3674
f 3674 3675 3755
f 3755 3756 3836
f 3836 3837 3917
f 3917 3918 3998
f 3998 3999 4079
f 4079 4080 4160
f 4160 4161 4241
f 4241 4242 4322
f 4322 4323 4403
f 4403 4404 4484
f 4484 4485 4565
f 4565 4566 4646
f 4646 4647 4727
f 4727 4728 4808
f 4808 4809 4889
f 4889 4890 4970
f 4970 4971 5051
f 5051 5052 5132
f 5132 5133 5213
f 5213 5214 5294
f 5294 5295 5375
f 5375 5376 5456
f 5456 5457 5537
f 5537 5538 5618
f 5618 5619 5699
f 5699 5700 5780
f 5780 5781 5861
f 5861 5862 5942
f 5942 5943 6023
f 6023 6024 6104
f 6104 6105 6185
f 6185 6186 6266
f 6266 6267 6347
f 6347 6348 6428
f 6428 6429 6509
f 30 31 111
f 111 112 192
f 192 193 273
f 273 274 354
f 354 355 435
f 435 436 516
f 516 517 597
f 597 598 678
f 678 679 759
f 759 760 840
f 840 841 921
f 921 922 1002
f 1002 1003 1083
f 1083 1084 1164
f 1164 1165 1245
f 1245 1246 1326
f 1326 1327 1407
f 1407 1408 1488
f 1488 1489 1569
f 1569 1570 1650
f 1650 1651 1731
f 1731 1732 1812
f 1812 1813 1893
f 1893 1894 1974
f 1974 1975 2055
f 2055 2056 2136
f 2136 2137 2217
f 2217 2218 2298
f 2298 2299 2379
f 2379 2380 2460
f 2460 2461 2541
f 2541 2542 2622
f 2622 2623 2703
f 2703 2704 2784
f 2784 2785 2865
f 2865 2866 2946
f 2946 2947 3027
f 3027 3028 3108
f 3108 3109 3189
f 3189 3190 3270
f 3270 3271 3351
f 3351 3352 3432
f 3432 3433 3513
f 3513 3514 3594
f 3594 3595 3675
f 3675 3676 3756
f 3756 3757 3837
f 3837 3838 3918
f 3918 3919 3999
f 3999 4000 4080
f 4080 4081 4161
f 4161 4162 4242
f 4242 4243 4323
f 4323 4324 4404
f 4404 4405 4485
f 4485 4486 4566
f 4566 4567 4647
f 4647 4648 4728
f 4728 4729 4809
f 4809 4810 4890
f 4890 4891 4971
f 4971 4972 5052
f 5052 5053 5133
f 5133 5134 5214
f 5214 5215 5295
f 5295 5296 5376
f 5376 5377 5457
f 5457 5458 5538
f 5538 5539 5619
f 5619 5620 5700
f 5700 5701 5781
f 5781 5782 5862
f 5862 5863 5943
f 5943 5944 6024
f 6024 6025 6105
f 6105 6106 6186
f 6186 6187 6267
f 6267 6268 6348
f 6348 6349 6429
f 6429 6430 6510
f 31 32 112
f 112 113 193
f 193 194 274
f 274 275 355
f 355 356 436
f 436 437 517
f 517 518 598
f 598 599 679
f 679 680 760
f 760 761 841
f 841 842 922
f 922 923 1003
f 1003 1004 1084
f 1084 1085 1165
f 1165 1166 1246
f 1246 1247 1327
f 1327 1328 1408
f 1408 1409 1489
f 1489 1490 1570
f 1570 1571 1651
f 1651 1652 1732
f 1732 1733 1813
f 1813 1814 1894
f 1894 1895 1975
f 1975 1976 2056
f 2056 2057 2137
f 2137 2138 2218
f 2218 2219 2299
f 2299 2300 2380
f 2380 2381 2461
f 2461 2462 2542
f 2542 2543 2623
f 2623 2624 2704
f 2704 2705 2785
f 2785 2786 2866
f 2866 2867 2947
f 2947 2948 3028
f 3028 3029 3109
f 3109 3110 3190
f 3190 3191 3271
f 3271 3272 3352
f 3352 3353 3433
f 3433 3434 3514
f 3514 3515 3595
f 3595 3596 3676
f 3676 3677 3757
f 3757 3758 3838
f 3838 3839 3919
f 3919 3920 4000
f 4000 4001 4081
f 4081 4082 4162
f 4162 4163 4243
f 4243 4244 4324
f 4324 4325 4405
f 4405 4406 4486
f 4486 4487 4567
f 4567 4568 4648
f 4648 4649 4729
f 4729 4730 4810
f 4810 4811 4891
f 4891 4892 4972
f 4972 4973 5053
f 5053 5054 5134
f 5134 5135 5215
f 5215 5216 5296
f 5296 5297 5377
f 5377 5378 5458
f 5458 5459 5539
f 5539 5540 5620
f 5620 5621 5701
f 5701 5702 5782
f 5782 5783 5863
f 5863 5864 5944
f 5944 5945 6025
f 6025 6026 6106
f 6106 6107 6187
f 6187 6188 6268
f 6268 6269 6349
f 6349 6350 6430
f 6430 6431 6511
f 32 33 113
f 113 114 194
f 194 195 275
f 275 276 356
f 356 357 437
f 437 438 518
f 518 519 599
f 599 600 680
f 680 681 761
f 761 762 842
f 842 843 923
f 923 924 1004
f 1004 1005 1085
f 1085 1086 1166
f 1166 1167 1247
f 1247 1248 1328
f 1328 1329 1409
f 1409 1410 1490
f 1490 1491 1571
f 1571 1572 1652
f 1652 1653 1733
f 1733 1734 1814
f 1814 1815 1895
f 1895 1896 1976
f 1976 1977 2057
f 2057 2058 2138
f 2138 2139 2219
f 2219 2220 2300
f 2300 2301 2381
f 2381 2382 2462
f 2462 2463 2543
f 2543 2544 2624
f 2624 2625 2705
f 2705 2706 2786
f 2786 2787 2867
f 2867 2868 2948
f 2948 2949 3029
f 3029 3030 3110
f 3110 3111 3191
f 3191 3192 3272
f 3272 3273 3353
f 3353 3354 3434
f 3434 3435 3515
f 3515 3516 3596
f 3596 3597 3677
f 3677 3678 3758
f 3758 3759 3839
f 3839 3840 3920
f 3920 3921 4001
f 4001 4002 4082
f 4082 4083 4163
f 4163 4164 4244
f 4244 4245 4325
f 4325 4326 4406
f 4406 4407 4487
f 4487 4488 4568
f 4568 4569 4649
f 4649 4650 4730
f 4730 4731 4811
f 4811 4812 4892
f 4892 4893 4973
f 4973 4974 5054
f 5054 5055 5135
f 5135 5136 5216
f 5216 5217 5297
f 5297 5298 5378
f 5378 5379 5459
f 5459 5460 5540
f 5540 5541 5621
f 5621 5622 5702
f 5702 5703 5783
f 5783 5784 5864
f 5864 5865 5945
f 5945 5946 6026
f 6026 6027 6107
f 6107 6108 6188
f 6188 6189 6269
f 6269 6270 6350
f 6350 6351 6431
f 6431 6432 6512
f 33 34 114
f 114 115 195
f 195 196 276
f 276 277 357
f 357 358 438
f 438 439 519
f 519 520 600
f 600 601 681
f 681 682 762
f 762 763 843
f 843 844 924
f 924 925 1005
f 1005 1006 1086
f 1086 1087 1167
f 1167 1168 1248
f 1248 1249 1329
f 1329 1330 1410
f 1410 1411 1491
f 1491 1492 1572
f 1572 1573 1653
f 1653 1654 1734
f 1734 1735 1815
f 1815 1816 1896
f 1896 1897 1977
f 1977 1978 2058
f 2058 2059 2139
f 2139 2140 2220
f 2220 2221 2301
f 2301 2302 2382
f 2382 2383 2463
f 2463 2464 2544
f 2544 2545 2625
f 2625 2626 2706
f 2706 2707 2787
f 2787 2788 2868
f 2868 2869 2949
f 2949 2950 3030
f 3030 3031 3111
f 3111 3112 3192
f 3192 3193 3273
f 3273 3274 3354
f 3354 3355 3435
f 3435 3436 3516
f 3516 3517 3597
f 3597 3598 3678
f 3678 3679 3759
f 3759 3760 3840
f 3840 3841 3921
f 3921 3922 4002
f 4002 4003 4083
f 4083 4084 4164
f 4164 4165 4245
f 4245 4246 4326
f 4326 4327 4407
f 4407 4408 4488
f 4488 4489 4569
f 4569 4570 4650
f 4650 4651 4731
f 4731 4732 4812
f 4812 4813 4893
f 4893 4894 4974
f 4974 4975 5055
f 5055 5056 5136
f 5136 5137 5217
f 5217 5218 5298
f 5298 5299 5379
f 5379 5380 5460
f 5460 5461 5541
f 5541 5542 5622
f 5622 5623 5703
f 5703 5704 5784
f 5784 5785 5865
f 5865 5866 5946
f 5946 5947 6027
f 6027 6028 6108
f 6108 6109 6189
f 6189 6190 6270
f 6270 6271 6351
f 6351 6352 6432
f 6432 6433 6513
f 34 35 115
f 115 116 196
f 196 197 277
f 277 278 358
f 358 359 439
f 439 440 520
f 520 521 601
f 601 602 682
f 682 683 763
f 763 764 844
f 844 845 925
f 925 926 1006
f 1006 1007 1087
f 1087 1088 1168
f 1168 1169 1249
f 1249 1250 1330
f 1330 1331 1411
f 1411 1412 1492
f 1492 1493 1573
f 1573 1574 1654
f 1654 1655 1735
f 1735 1736 1816
f 1816 1817 1897
f 1897 1898 1978
f 1978 1979 2059
f 2059 2060 2140
f 2140 2141 2221
f 2221 2222 2302
f 2302 2303 2383
f 2383 2384 2464
f 2464 2465 2545
f 2545 2546 2626
f 2626 2627 2707
f 2707 2708 2788
f 2788 2789 2869
f 2869 2870 2950
f 2950 2951 3031
f 3031 3032 3112
f 3112 3113 3193
f 3193 3194 3274
f 3274 3275 3355
f 3355 3356 3436
f 3436 3437 3517
f 3517 3518 3598
f 3598 3599 3679
f 3679 3680 3760
f 3760 3761 3841
f 3841 3842 3922
f 3922 3923 4003
f 4003 4004 4084
f 4084 4085 4165
f 4165 4166 4246
f 4246 4247 4327
f 4327 4328 4408
f 4408 4409 4489
f 4489 4490 4570
f 4570 4571 4651
f 4651 4652 4732
f 4732 4733 4813
f 4813 4814 4894
f 4894 4895 4975
f 4975 4976 5056
f 5056 5057 5137
f 5137 5138 5218
f 5218 5219 5299
f 5299 5300 5380
f 5380 5381 5461
f 5461 5462 5542
f 5542 5543 5623
f 5623 5624 5704
f 5704 5705 5785
f 5785 5786 5866
f 5866 5867 5947
f 5947 5948 6028
f 6028 6029 6109
f 6109 6110 6190
f 6190 6191 6271
f 6271 6272 6352
f 6352 6353 6433
f 6433 6434 6514
f 35 36 116
f 116 117 197
f 197 198 278
f 278 279 359
f 359 360 440
f 440 441 521
f 521 522 602
f 602 603 683
f 683 684 764
f 764 765 845
f 845 846 926
f 926 927 1007
f 1007 1008 1088
f 1088 1089 1169
f 1169 1170 1250
f 1250 1251 1331
f 1331 1332 1412
f 1412 1413 1493
f 1493 1494 1574
f 1574 1575 1655
f 1655 1656 1736
f 1736 1737 1817
f 1817 1818 1898
f 1898 1899 1979
f 1979 1980 2060
f 2060 2061 2141
f 2141 2142 2222
f 2222 2223 2303
f 2303 2304 2384
f 2384 2385 2465
f 2465 2466 2546
f 2546 2547 2627
f 2627 2628 2708
f 2708 2709 2789
f 2789 2790 2870
f 2870 2871 2951
f 2951 2952 3032
f 3032 3033 3113
f 3113 3114 3194
f 3194 3195 3275
f 3275 3276 3356
f 3356 3357 3437
f 3437 3438 3518
f 3518 3519 3599
f 3599 3600 3680
f 3680 3681 3761
f 3761 3762 3842
f 3842 3843 3923
f 3923 3924 4004
f 4004 4005 4085
f 4085 4086 4166
f 4166 4167 4247
f 4247 4248 4328
f 4328 4329 4409
f 4409 4410 4490
f 4490 4491 4571
f 4571 4572 4652
f 4652 4653 4733
f 4733 4734 4814
f 4814 4815 4895
f 4895 4896 4976
f 4976 4977 5057
f 5057 5058 5138
f 5138 5139 5219
f 5219 5220 5300
f 5300 5301 5381
f 5381 5382 5462
f 5462 5463 5543
f 5543 5544 5624
f 5624 5625 5705
f 5705 5706 5786
f 5786 5787 5867
f 5867 5868 5948
f 5948 5949 6029
f 6029 6030 6110
f 6110 6111 6191
f 6191 6192 6272
f 6272 6273 6353
f 6353 6354 6434
f 6434 6435 6515
f 36 37 117
f 117 118 198
f 198 199 279
f 279 280 360
f 360 361 441
f 441 442 522
f 522 523 603
f 603 604 684
f 684 685 765
f 765 766 846
f 846 847 927
f 927 928 1008
f 1008 1009 1089
f 1089 1090 1170
f 1170 1171 1251
f 1251 1252 1332
f 1332 1333 1413
f 1413 1414 1494
f 1494 1495 1575
f 1575 1576 1656
f 1656 1657 1737
f 1737 1738 1818
f 1818 1819 1899
f 1899 1900 1980
f 1980 1981 2061
f 2061 2062 2142
f 2142 2143 2223
f 2223 2224 2304
f 2304 2305 2385
f 2385 2386 2466
f 2466 2467 2547
f 2547 2548 2628
f 2628 2629 2709
f 2709 2710 2790
f 2790 2791 2871
f 2871 2872 2952
f 2952 2953 3033
f 3033 3034 3114
f 3114 3115 3195
f 3195 3196 3276
f 3276 3277 3357
f 3357 3358 3438
f 3438 3439 3519
f 3519 3520 3600
f 3600 3601 3681
f 3681 3682 3762
f 3762 3763 3843
f 3843 3844 3924
f 3924 3925 4005
f 4005 4006 4086
f 4086 4087 4167
f 4167 4168 4248
f 4248 4249 4329
f 4329 4330 4410
f 4410 4411 4491
f 4491 4492 4572
f 4572 4573 4653
f 4653 4654 4734
f 4734 4735 4815
f 4815 4816 4896
f 4896 4897 4977
f 4977 4978 5058
f 5058 5059 5139
f 5139 5140 5220
f 5220 5221 5301
f 5301 5302 5382
f 5382 5383 5463
f 5463 5464 5544
f 5544 5545 5625
f 5625 5626 5706
f 5706 5707 5787
f 5787 5788 5868
f 5868 5869 5949
f 5949 5950 6030
f 6030 6031 6111
f 6111 6112 6192
f 6192 6193 6273
f 6273 6274 6354
f 6354 6355 6435
f 6435 6436 6516
f 37 38 118
f 118 119 199
f 199 200 280
f 280 281 361
f 361 362 442
f 442 443 523
f 523 524 604
f 604 605 685
f 685 686 766
f 766 767 847
f 847 848 928
f 928 929 1009
f 1009 1010 1090
f 1090 1091 1171
f 1171 1172 1252
f 1252 1253 1333
f 1333 1334 1414
f 1414 1415 1495
f 1495 1496 1576
f 1576 1577 1657
f 1657 1658 1738
f 1738 1739 1819
f 1819 1820 1900
f 1900 1901 1981
f 1981 1982 2062
f 2062 2063 2143
f 2143 2144 2224
f 2224 2225 2305
f 2305 2306 2386
f 2386 2387 2467
f 2467 2468 2548
f 2548 2549 2629
f 2629 2630 2710
f 2710 2711 2791
f 2791 2792 2872
f 2872 2873 2953
f 2953 2954 3034
f 3034 3035 3115
f 3115 3116 3196
f 3196 3197 3277
f 3277 3278 3358
f 3358 3359 3439
f 3439 3440 3520
f 3520 3521 3601
f 3601 3602 3682
f 3682 3683 3763
f 3763 3764 3844
f 3844 3845 3925
f 3925 3926 4006
f 4006 4007 4087
f 4087 4088 4168
f 4168 4169 4249
f 4249 4250 4330
f 4330 4331 4411
f 4411 4412 4492
f 4492 4493 4573
f 4573 4574 4654
f 4654 4655 4735
f 4735 4736 4816
f 4816 4817 4897
f 4897 4898 4978
f 4978 4979 5059
f 5059 5060 5140
f 5140 5141 5221
f 5221 5222 5302
f 5302 5303 5383
f 5383 5384 5464
f 5464 5465 5545
f 5545 5546 5626
f 5626 5627 5707
f 5707 5708 5788
f 5788 5789 5869
f 5869 5870 5950
f 5950 5951 6031
f 6031 6032 6112
f 6112 6113 6193
f 6193 6194 6274
f 6274 6275 6355
f 6355 6356 6436
f 6436 6437 6517
f 38 39 119
f 119 120 200
f 200 201 281
f 281 282 362
f 362 363 443
f 443 444 524
f 524 525 605
f 605 606 686
f 686 687 767
f 767 768 848
f 848 849 929
f 929 930 1010
f 1010 1011 1091
f 1091 1092 1172
f 1172 1173 1253
f 1253 1254 1334
f 1334 1335 1415
f 1415 1416 1496
f 1496 1497 1577
f 1577 1578 1658
f 1658 1659 1739
f 1739 1740 1820
f 1820 1821 1901
f 1901 1902 1982
f 1982 1983 2063
f 2063 2064 2144
f 2144 2145 2225
f 2225 2226 2306
f 2306 2307 2387
f 2387 2388 2468
f 2468 2469 2549
f 2549 2550 2630
f 2630 2631 2711
f 2711 2712 2792
f 2792 2793 2873
f 2873 2874 2954
f 2954 2955 3035
f 3035 3036 3116
f 3116 3117 3197
f 3197 3198 3278
f 3278 3279 3359
f 3359 3360 3440
f 3440 3441 3521
f 3521 3522 3602
f 3602 3603 3683
f 3683 3684 3764
f 3764 3765 3845
f 3845 3846 3926
f 3926 3927 4007
f 4007 4008 4088
f 4088 4089 4169
f 4169 4170 4250
f 4250 4251 4331
f 4331 4332 4412
f 4412 4413 4493
f 4493 4494 4574
f 4574 4575 4655
f 4655 4656 4736
f 4736 4737 4817
f 4817 4818 4898
f 4898 4899 4979
f 4979 4980 5060
f 5060 5061 5141
f 5141 5142 5222
f 5222 5223 5303
f 5303 5304 5384
f 5384 5385 5465
f 5465 5466 5546
f 5546 5547 5627
f 5627 5628 5708
f 5708 5709 5789
f 5789 5790 5870
f 5870 5871 5951
f 5951 5952 6032
f 6032 6033 6113
f 6113 6114 6194
f 6194 6195 6275
f 6275 6276 6356
f 6356 6357 6437
f 6437 6438 6518
f 39 40 120
f 120 121 201
f 201 202 282
f 282 283 363
f 363 364 444
f 444 445 525
f 525 526 606
f 606 607 687
f 687 688 768
f 768 769 849
f 849 850 930
f 930 931 1011
f 1011 1012 1092
f 1092 1093 1173
f 1173 1174 1254
f 1254 1255 1335
f 1335 1336 1416
f 1416 1417 1497
f 1497 1498 1578
f 1578 1579 1659
f 1659 1660 1740
f 1740 1741 1821
f 1821 1822 1902
f 1902 1903 1983
f 1983 1984 2064
f 2064 2065 2145
f 2145 2146 2226
f 2226 2227 2307
f 2307 2308 2388
f 2388 2389 2469
f 2469 2470 2550
f 2550 2551 2631
f 2631 2632 2712
f 2712 2713 2793
f 2793 2794 2874
f 2874 2875 2955
f 2955 2956 3036
f 3036 3037 3117
f 3117 3118 3198
f 3198 3199 3279
f 3279 3280 3360
f 3360 3361 3441
f 3441 3442 3522
f 3522 3523 3603
f 3603 3604 3684
f 3684 3685 3765
f 3765 3766 3846
f 3846 3847 3927
f 3927 3928 4008
f 4008 4009 4089
f 4089 4090 4170
f 4170 4171 4251
f 4251 4252 4332
f 4332 4333 4413
f 4413 4414 4494
f 4494 4495 4575
f 4575 4576 4656
f 4656 4657 4737
f 4737 4738 4818
f 4818 4819 4899
f 4899 4900 4980
f 4980 4981 5061
f 5061 5062 5142
f 5142 5143 5223
f 5223 5224 5304
f 5304 5305 5385
f 5385 5386 5466
f 5466 5467 5547
f 5547 5548 5628
f 5628 5629 5709
f 5709 5710 5790
f 5790 5791 5871
f 5871 5872 5952
f 5952 5953 6033
f 6033 6034 6114
f 6114 6115 6195
f 6195 6196 6276
f 6276 6277 6357
f 6357 6358 6438
f 6438 6439 6519
f 40 41 121
f 121 122 202
f 202 203 283
f 283 284 364
f 364 365 445
f 445 446 526
f 526 527 607
f 607 608 688
f 688 689 769
f 769 770 850
f 850 851 931
f 931 932 1012
f 1012 1013 1093
f 1093 1094 1174
f 1174 1175 1255
f 1255 1256 1336
f 1336 1337 1417
f 1417 1418 1498
f 1498 1499 1579
f 1579 1580 1660
f 1660 1661 1741
f 1741 1742 1822
f 1822 1823 1903
f 1903 1904 1984
f 1984 1985 2065
f 2065 2066 2146
f 2146 2147 2227
f 2227 2228 2308
f 2308 2309 2389
f 2389 2390 2470
f 2470 2471 2551
f 2551 2552 2632
f 2632 2633 2713
f 2713 2714 2794
f 2794 2795 2875
f 2875 2876 2956
f 2956 2957 3037
f 3037 3038 3118
f 3118 3119 3199
f 3199 3200 3280
f 3280 3281 3361
f 3361 3362 3442
f 3442 3443 3523
f 3523 3524 3604
f 3604 3605 3685
f 3685 3686 3766
f 3766 3767 3847
f 3847 3848 3928
f 3928 3929 4009
f 4009 4010 4090
f 4090 4091 4171
f 4171 4172 4252
f 4252 4253 4333
f 4333 4334 4414
f 4414 4415 4495
f 4495 4496 4576
f 4576 4577 4657
f 4657 4658 4738
f 4738 4739 4819
f 4819 4820 4900
f 4900 4901 4981
f 4981 4982 5062
f 5062 5063 5143
f 5143 5144 5224
f 5224 5225 5305
f 5305 5306 5386
f 5386 5387 5467
f 5467 5468 5548
f 5548 5549 5629
f 5629 5630 5710
f 5710 5711 5791
f 5791 5792 5872
f 5872 5873 5953
f 5953 5954 6034
f 6034 6035 6115
f 6115 6116 6196
f 6196 6197 6277
f 6277 6278 6358
f 6358 6359 6439
f 6439 6440 6520
f 41 42 122
f 122 123 203
f 203 204 284
f 284 285 365
f 365 366 446
f 446 447 527
f 527 528 608
f 608 609 689
f 689 690 770
f 770 771 851
f 851 852 932
f 932 933 1013
f 1013 1014 1094
f 1094 1095 1175
f 1175 1176 1256
f 1256 1257 1337
f 1337 1338 1418
f 1418 1419 1499
f 1499 1500 1580
f 1580 1581 1661
f 1661 1662 1742
f 1742 1743 1823
f 1823 1824 1904
f 1904 1905 1985
f 1985 1986 2066
f 2066 2067 2147
f 2147 2148 2228
f 2228 2229 2309
f 2309 2310 2390
f 2390 2391 2471
f 2471 2472 2552
f 2552 2553 2633
f 2633 2634 2714
f 2714 2715 2795
f 2795 2796 2876
f 2876 2877 2957
f 2957 2958 3038
f 3038 3039 3119
f 3119 3120 3200
f 3200 3201 3281
f 3281 3282 3362
f 3362 3363 3443
f 3443 3444 3524
f 3524 3525 3605
f 3605 3606 3686
f 3686 3687 3767
f 3767 3768 3848
f 3848 3849 3929
f 3929 3930 4010
f 4010 4011 4091
f 4091 4092 4172
f 4172 4173 4253
f 4253 4254 4334
f 4334 4335 4415
f 4415 4416 4496
f 4496 4497 4577
f 4577 4578 4658
f 4658 4659 4739
f 4739 4740 4820
f 4820 4821 4901
f 4901 4902 4982
f 4982 4983 5063
f 5063 5064 5144
f 5144 5145 5225
f 5225 5226 5306
f 5306 5307 5387
f 5387 5388 5468
f 5468 5469 5549
f 5549 5550 5630
f 5630 5631 5711
f 5711 5712 5792
f 5792 5793 5873
f 5873 5874 5954
f 5954 5955 6035
f 6035 6036 6116
f 6116 6117 6197
f 6197 6198 6278
f 6278 6279 6359
f 6359 6360 6440
f 6440 6441 6521
f 42 43 123
f 123 124 204
f 204 205 285
f 285 286 366
f 366 367 447
f 447 448 528
f 528 529 609
f 609 610 690
f 690 691 771
f 771 772 852
f 852 853 933
f 933 934 1014
f 1014 1015 1095
f 1095 1096 1176
f 1176 1177 1257
f 1257 1258 1338
f 1338 1339 1419
f 1419 1420 1500
f 1500 1501 1581
f 1581 1582 1662
f 1662 1663 1743
f 1743 1744 1824
f 1824 1825 1905
f 1905 1906 1986
f 1986 1987 2067
f 2067 2068 2148
f 2148 2149 2229
f 2229 2230 2310
f 2310 2311 2391
f 2391 2392 2472
f 2472 2473 2553
f 2553 2554 2634
f 2634 2635 2715
f 2715 2716 2796
f 2796 2797 2877
f 2877 2878 2958
f 2958 2959 3039
f 3039 3040 3120
f 3120 3121 3201
f 3201 3202 3282
f 3282 3283 3363
f 3363 3364 3444
f 3444 3445 3525
f 3525 3526 3606
f 3606 3607 3687
f 3687 3688 3768
f 3768 3769 3849
f 3849 3850 3930
f 3930 3931 4011
f 4011 4012 4092
f 4092 4093 4173
f 4173 4174 4254
f 4254 4255 4335
f 4335 4336 4416
f 4416 4417 4497
f 4497 4498 4578
f 4578 4579 4659
f 4659 4660 4740
f 4740 4741 4821
f 4821 4822 4902
f 4902 4903 4983
f 4983 4984 5064
f 5064 5065 5145
f 5145 5146 5226
f 5226 5227 5307
f 5307 5308 5388
f 5388 5389 5469
f 5469 5470 5550
f 5550 5551 5631
f 5631 5632 5712
f 5712 5713 5793
f 5793 5794 5874
f 5874 5875 5955
f 5955 5956 6036
f 6036 6037 6117
f 6117 6118 6198
f 6198 6199 6279
f 6279 6280 6360
f 6360 6361 6441
f 6441 6442 6522
f 43 44 124
f 124 125 205
f 205 206 286
f 286 287 367
f 367 368 448
f 448 449 529
f 529 530 610
f 610 611 691
f 691 692 772
f 772 773 853
f 853 854 934
f 934 935 1015
f 1015 1016 1096
f 1096 1097 1177
f 1177 1178 1258
f 1258 1259 1339
f 1339 1340 1420
f 1420 1421 1501
f 1501 1502 1582
f 1582 1583 1663
f 1663 1664 1744
f 1744 1745 1825
f 1825 1826 1906
f 1906 1907 1987
f 1987 1988 2068
f 2068 2069 2149
f 2149 2150 2230
f 2230 2231 2311
f 2311 2312 2392
f 2392 2393 2473
f 2473 2474 2554
f 2554 2555 2635
f 2635 2636 2716
f 2716 2717 2797
f 2797 2798 2878
f 2878 2879 2959
f 2959 2960 3040
f 3040 3041 3121
f 3121 3122 3202
f 3202 3203 3283
f 3283 3284 3364
f 3364 3365 3445
f 3445 3446 3526
f 3526 3527 3607
f 3607 3608 3688
f 3688 3689 3769
f 3769 3770 3850
f 3850 3851 3931
f 3931 3932 4012
f 4012 4013 4093
f 4093 4094 4174
f 4174 4175 4255
f 4255 4256 4336
f 4336 4337 4417
f 4417 4418 4498
f 4498 4499 4579
f 4579 4580 4660
f 4660 4661 4741
f 4741 4742 4822
f 4822 4823 4903
f 4903 4904 4984
f 4984 4985 5065
f 5065 5066 5146
f 5146 5147 5227
f 5227 5228 5308
f 5308 5309 5389
f 5389 5390 5470
f 5470 5471 5551
f 5551 5552 5632
f 5632 5633 5713
f 5713 5714 5794
f 5794 5795 5875
f 5875 5876 5956
f 5956 5957 6037
f 6037 6038 6118
f 6118 6119 6199
f 6199 6200 6280
f 6280 6281 6361
f 6361 6362 6442
f 6442 6443 6523
f 44 45 125
f 125 126 206
f 206 207 287
f 287 288 368
f 368 369 449
f 449 450 530
f 530 531 611
f 611 612 692
f 692 693 773
f 773 774 854
f 854 855 935
f 935 936 1016
f 1016 1017 1097
f 1097 1098 1178
f 1178 1179 1259
f 1259 1260 1340
f 1340 1341 1421
f 1421 1422 1502
f 1502 1503 1583
f 1583 1584 1664
f 1664 1665 1745
f 1745 1746 1826
f 1826 1827 1907
f 1907 1908 1988
f 1988 1989 2069
f 2069 2070 2150
f 2150 2151 2231
f 2231 2232 2312
f 2312 2313 2393
f 2393 2394 2474
f 2474 2475 2555
f 2555 2556 2636
f 2636 2637 2717
f 2717 2718 2798
f 2798 2799 2879
f 2879 2880 2960
f 2960 2961 3041
f 3041 3042 3122
f 3122 3123 3203
f 3203 3204 3284
f 3284 3285 3365
f 3365 3366 3446
f 3446 3447 3527
f 3527 3528 3608
f 3608 3609 3689
f 3689 3690 3770
f 3770 3771 3851
f 3851 3852 3932
f 3932 3933 4013
f 4013 4014 4094
f 4094 4095 4175
f 4175 4176 4256
f 4256 4257 4337
f 4337 4338 4418
f 4418 4419 4499
f 4499 4500 4580
f 4580 4581 4661
f 4661 4662 4742
f 4742 4743 4823
f 4823 4824 4904
f 4904 4905 4985
f 4985 4986 5066
f 5066 5067 5147
f 5147 5148 5228
f 5228 5229 5309
f 5309 5310 5390
f 5390 5391 5471
f 5471 5472 5552
f 5552 5553 5633
f 5633 5634 5714
f 5714 5715 5795
f 5795 5796 5876
f 5876 5877 5957
f 5957 5958 6038
f 6038 6039 6119
f 6119 6120 6200
f 6200 6201 6281
f 6281 6282 6362
f 6362 6363 6443
f 6443 6444 6524
f 45 46 126
f 126 127 207
f 207 208 288
f 288 289 369
f 369 370 450
f 450 451 531
f 531 532 612
f 612 613 693
f 693 694 774
f 774 775 855
f 855 856 936
f 936 937 1017
f 1017 1018 1098
f 1098 1099 1179
f 1179 1180 1260
f 1260 1261 1341
f 1341 1342 1422
f 1422 1423 1503
f 1503 1504 1584
f 1584 1585 1665
f 1665 1666 1746
f 1746 1747 1827
f 1827 1828 1908
f 1908 1909 1989
f 1989 1990 2070
f 2070 2071 2151
f 2151 2152 2232
f 2232 2233 2313
f 2313 2314 2394
f 2394 2395 2475
f 2475 2476 2556
f 2556 2557 2637
f 2637 2638 2718
f 2718 2719 2799
f 2799 2800 2880
f 2880 2881 2961
f 2961 2962 3042
f 3042 3043 3123
f 3123 3124 3204
f 3204 3205 3285
f 3285 3286 3366
f 3366 3367 3447
f 3447 3448 3528
f 3528 3529 3609
f 3609 3610 3690
f 3690 3691 3771
f 3771 3772 3852
f 3852 3853 3933
f 3933 3934 4014
f 4014 4015 4095
f 4095 4096 4176
f 4176 4177 4257
f 4257 4258 4338
f 4338 4339 4419
f 4419 4420 4500
f 4500 4501 4581
f 4581 4582 4662
f 4662 4663 4743
f 4743 4744 4824
f 4824 4825 4905
f 4905 4906 4986
f 4986 4987 5067
f 5067 5068 5148
f 5148 5149 5229
f 5229 5230 5310
f 5310 5311 5391
f 5391 5392 5472
f 5472 5473 5553
f 5553 5554 5634
f 5634 5635 5715
f 5715 5716 5796
f 5796 5797 5877
f 5877 5878 5958
f 5958 5959 6039
f 6039 6040 6120
f 6120 6121 6201
f 6201 6202 6282
f 6282 6283 6363
f 6363 6364 6444
f 6444 6445 6525
f 46 47 127
f 127 128 208
f 208 209 289
f 289 290 370
f 370 371 451
f 451 452 532
f 532 533 613
f 613 614 694
f 694 695 775
f 775 776 856
f 856 857 937
f 937 938 1018
f 1018 1019 1099
f 1099 1100 1180
f 1180 1181 1261
f 1261 1262 1342
f 1342 1343 1423
f 1423 1424 1504
f 1504 1505 1585
f 1585 1586 1666
f 1666 1667 1747
f 1747 1748 1828
f 1828 1829 1909
f 1909 1910 1990
f 1990 1991 2071
f 2071 2072 2152
f 2152 2153 2233
f 2233 2234 2314
f 2314 2315 2395
f 2395 2396 2476
f 2476 2477 2557
f 2557 2558 2638
f 2638 2639 2719
f 2719 2720 2800
f 2800 2801 2881
f 2881 2882 2962
f 2962 2963 3043
f 3043 3044 3124
f 3124 3125 3205
f 3205 3206 3286
f 3286 3287 3367
f 3367 3368 3448
f 3448 3449 3529
f 3529 3530 3610
f 3610 3611 3691
f 3691 3692 3772
f 3772 3773 3853
f 3853 3854 3934
f 3934 3935 4015
f 4015 4016 4096
f 4096 4097 4177
f 4177 4178 4258
f 4258 4259 4339
f 4339 4340 4420
f 4420 4421 4501
f 4501 4502 4582
f 4582 4583 4663
f 4663 4664 4744
f 4744 4745 4825
f 4825 4826 4906
f 4906 4907 4987
f 4987 4988 5068
f 5068 5069 5149
f 5149 5150 5230
f 5230 5231 5311
f 5311 5312 5392
f 5392 5393 5473
f 5473 5474 5554
f 5554 5555 5635
f 5635 5636 5716
f 5716 5717 5797
f 5797 5798 5878
f 5878 5879 5959
f 5959 5960 6040
f 6040 6041 6121
f 6121 6122 6202
f 6202 6203 6283
f 6283 6284 6364
f 6364 6365 6445
f 6445 6446 6526
f 47 48 128
f 128 129 209
f 209 210 290
f 290 291 371
f 371 372 452
f 452 453 533
f 533 534 614
f 614 615 695
f 695 696 776
f 776 777 857
f 857 858 938
f 938 939 1019
f 1019 1020 1100
f 1100 1101 1181
f 1181 1182 1262
f 1262 1263 1343
f 1343 1344 1424
f 1424 1425 1505
f 1505 1506 1586
f 1586 1587 1667
f 1667 1668 1748
f 1748 1749 1829
f 1829 1830 1910
f 1910 1911 1991
f 1991 1992 2072
f 2072 2073 2153
f 2153 2154 2234
f 2234 2235 2315
f 2315 2316 2396
f 2396 2397 2477
f 2477 2478 2558
f 2558 2559 2639
f 2639 2640 2720
f 2720 2721 2801
f 2801 2802 2882
f 2882 2883 2963
f 2963 2964 3044
f 3044 3045 3125
f 3125 3126 3206
f 3206 3207 3287
f 3287 3288 3368
f 3368 3369 3449
f 3449 3450 3530
f 3530 3531 3611
f 3611 3612 3692
f 3692 3693 3773
f 3773 3774 3854
f 3854 3855 3935
f 3935 3936 4016
f 4016 4017 4097
f 4097 4098 4178
f 4178 4179 4259
f 4259 4260 4340
f 4340 4341 4421
f 4421 4422 4502
f 4502 4503 4583
f 4583 4584 4664
f 4664 4665 4745
f 4745 4746 4826
f 4826 4827 4907
f 4907 4908 4988
f 4988 4989 5069
f 5069 5070 5150
f 5150 5151 5231
f 5231 5232 5312
f 5312 5313 5393
f 5393 5394 5474
f 5474 5475 5555
f 5555 5556 5636
f 5636 5637 5717
f 5717 5718 5798
f 5798 5799 5879
f 5879 5880 5960
f 5960 5961 6041
f 6041 6042 6122
f 6122 6123 6203
f 6203 6204 6284
f 6284 6285 6365
f 6365 6366 6446
f 6446 6447 6527
f 48 49 129
f 129 130 210
f 210 211 291
f 291 292 372
f 372 373 453
f 453 454 534
f 534 535 615
f 615 616 696
f 696 697 777
f 777 778 858
f 858 859 939
f 939 940 1020
f 1020 1021 1101
f 1101 1102 1182
f 1182 1183 1263
f 1263 1264 1344
f 1344 1345 1425
f 1425 1426 1506
f 1506 1507 1587
f 1587 1588 1668
f 1668 1669 1749
f 1749 1750 1830
f 1830 1831 1911
f 1911 1912 1992
f 1992 1993 2073
f 2073 2074 2154
f 2154 2155 2235
f 2235 2236 2316
f 2316 2317 2397
f 2397 2398 2478
f 2478 2479 2559
f 2559 2560 2640
f 2640 2641 2721
f 2721 2722 2802
f 2802 2803 2883
f 2883 2884 2964
f 2964 2965 3045
f 3045 3046 3126
f 3126 3127 3207
f 3207 3208 3288
f 3288 3289 3369
f 3369 3370 3450
f 3450 3451 3531
f 3531 3532 3612
f 3612 3613 3693
f 3693 3694 3774
f 3774 3775 3855
f 3855 3856 3936
f 3936 3937 4017
f 4017 4018 4098
f 4098 4099 4179
f 4179 4180 4260
f 4260 4261 4341
f 4341 4342 4422
f 4422 4423 4503
f 4503 4504 4584
f 4584 4585 4665
f 4665 4666 4746
f 4746 4747 4827
f 4827 4828 4908
f 4908 4909 4989
f 4989 4990 5070
f 5070 5071 5151
f 5151 5152 5232
f 5232 5233 5313
f 5313 5314 5394
f 5394 5395 5475
f 5475 5476 5556
f 5556 5557 5637
f 5637 5638 5718
f 5718 5719 5799
f 5799 5800 5880
f 5880 5881 5961
f 5961 5962 6042
f 6042 6043 6123
f 6123 6124 6204
f 6204 6205 6285
f 6285 6286 6366
f 6366 6367 6447
f 6447 6448 6528
f 49 50 130
f 130 131 211
f 211 212 292
f 292 293 373
f 373 374 454
f 454 455 535
f 535 536 616
f 616 617 697
f 697 698 778
f 778 779 859
f 859 860 940
f 940 941 1021
f 1021 1022 1102
f 1102 1103 1183
f 1183 1184 1264
f 1264 1265 1345
f 1345 1346 1426
f 1426 1427 1507
f 1507 1508 1588
f 1588 1589 1669
f 1669 1670 1750
f 1750 1751 1831
f 1831 1832 1912
f 1912 1913 1993
f 1993 1994 2074
f 2074 2075 2155
f 2155 2156 2236
f 2236 2237 2317
f 2317 2318 2398
f 2398 2399 2479
f 2479 2480 2560
f 2560 2561 2641
f 2641 2642 2722
f 2722 2723 2803
f 2803 2804 2884
f 2884 2885 2965
f 2965 2966 3046
f 3046 3047 3127
f 3127 3128 3208
f 3208 3209 3289
f 3289 3290 3370
f 3370 3371 3451
f 3451 3452 3532
f 3532 3533 3613
f 3613 3614 3694
f 3694 3695 3775
f 3775 3776 3856
f 3856 3857 3937
f 3937 3938 4018
f 4018 4019 4099
f 4099 4100 4180
f 4180 4181 4261
f 4261 4262 4342
f 4342 4343 4423
f 4423 4424 4504
f 4504 4505 4585
f 4585 4586 4666
f 4666 4667 4747
f 4747 4748 4828
f 4828 4829 4909
f 4909 4910 4990
f 4990 4991 5071
f 5071 5072 5152
f 5152 5153 5233
f 5233 5234 5314
f 5314 5315 5395
f 5395 5396 5476
f 5476 5477 5557
f 5557 5558 5638
f 5638 5639 5719
f 5719 5720 5800
f 5800 5801 5881
f 5881 5882 5962
f 5962 5963 6043
f 6043 6044 6124
f 6124 6125 6205
f 6205 6206 6286
f 6286 6287 6367
f 6367 6368 6448
f 6448 6449 6529
f 50 51 131
f 131 132 212
f 212 213 293
f 293 294 374
f 374 375 455
f 455 456 536
f 536 537 617
f 617 618 698
f 698 699 779
f 779 780 860
f 860 861 941
f 941 942 1022
f 1022 1023 1103
f 1103 1104 1184
f 1184 1185 1265
f 1265 1266 1346
f 1346 1347 1427
f 1427 1428 1508
f 1508 1509 1589
f 1589 1590 1670
f 1670 1671 1751
f 1751 1752 1832
f 1832 1833 1913
f 1913 1914 1994
f 1994 1995 2075
f 2075 2076 2156
f 2156 2157 2237
f 2237 2238 2318
f 2318 2319 2399
f 2399 2400 2480
f 2480 2481 2561
f 2561 2562 2642
f 2642 2643 2723
f 2723 2724 2804
f 2804 2805 2885
f 2885 2886 2966
f 2966 2967 3047
f 3047 3048 3128
f 3128 3129 3209
f 3209 3210 3290
f 3290 3291 3371
f 3371 3372 3452
f 3452 3453 3533
f 3533 3534 3614
f 3614 3615 3695
f 3695 3696 3776
f 3776 3777 3857
f 3857 3858 3938
f 3938 3939 4019
f 4019 4020 4100
f 4100 4101 4181
f 4181 4182 4262
f 4262 4263 4343
f 4343 4344 4424
f 4424 4425 4505
f 4505 4506 4586
f 4586 4587 4667
f 4667 4668 4748
f 4748 4749 4829
f 4829 4830 4910
f 4910 4911 4991
f 4991 4992 5072
f 5072 5073 5153
f 5153 5154 5234
f 5234 5235 5315
f 5315 5316 5396
f 5396 5397 5477
f 5477 5478 5558
f 5558 5559 5639
f 5639 5640 5720
f 5720 5721 5801
f 5801 5802 5882
f 5882 5883 5963
f 5963 5964 6044
f 6044 6045 6125
f 6125 6126 6206
f 6206 6207 6287
f 6287 6288 6368
f 6368 6369 6449
f 6449 6450 6530
f 51 52 132
f 132 133 213
f 213 214 294
f 294 295 375
f 375 376 456
f 456 457 537
f 537 538 618
f 618 619 699
f 699 700 780
f 780 781 861
f 861 862 942
f 942 943 1023
f 1023 1024 1104
f 1104 1105 1185
f 1185 1186 1266
f 1266 1267 1347
f 1347 1348 1428
f 1428 1429 1509
f 1509 1510 1590
f 1590 1591 1671
f 1671 1672 1752
f 1752 1753 1833
f 1833 1834 1914
f 1914 1915 1995
f 1995 1996 2076
f 2076 2077 2157
f 2157 2158 2238
f 2238 2239 2319
f 2319 2320 2400
f 2400 2401 2481
f 2481 2482 2562
f 2562 2563 2643
f 2643 2644 2724
f 2724 2725 2805
f 2805 2806 2886
f 2886 2887 2967
f 2967 2968 3048
f 3048 3049 3129
f 3129 3130 3210
f 3210 3211 3291
f 3291 3292 3372
f 3372 3373 3453
f 3453 3454 3534
f 3534 3535 3615
f 3615 3616 3696
f 3696 3697 3777
f 3777 3778 3858
f 3858 3859 3939
f 3939 3940 4020
f 4020 4021 4101
f 4101 4102 4182
f 4182 4183 4263
f 4263 4264 4344
f 4344 4345 4425
f 4425 4426 4506
f 4506 4507 4587
f 4587 4588 4668
f 4668 4669 4749
f 4749 4750 4830
f 4830 4831 4911
f 4911 4912 4992
f 4992 4993 5073
f 5073 5074 5154
f 5154 5155 5235
f 5235 5236 5316
f 5316 5317 5397
f 5397 5398 5478
f 5478 5479 5559
f 5559 5560 5640
f 5640 5641 5721
f 5721 5722 5802
f 5802 5803 5883
f 5883 5884 5964
f 5964 5965 6045
f 6045 6046 6126
f 6126 6127 6207
f 6207 6208 6288
f 6288 6289 6369
f 6369 6370 6450
f 6450 6451 6531
f 52 53 133
f 133 134 214
f 214 215 295
f 295 296 376
f 376 377 457
f 457 458 538
f 538 539 619
f 619 620 700
f 700 701 781
f 781 782 862
f 862 863 943
f 943 944 1024
f 1024 1025 1105
f 1105 1106 1186
f 1186 1187 1267
f 1267 1268 1348
f 1348 1349 1429
f 1429 1430 1510
f 1510 1511 1591
f 1591 1592 1672
f 1672 1673 1753
f 1753 1754 1834
f 1834 1835 1915
f 1915 1916 1996
f 1996 1997 2077
f 2077 2078 2158
f 2158 2159 2239
f 2239 2240 2320
f 2320 2321 2401
f 2401 2402 2482
f 2482 2483 2563
f 2563 2564 2644
f 2644 2645 2725
f 2725 2726 2806
f 2806 2807 2887
f 2887 2888 2968
f 2968 2969 3049
f 3049 3050 3130
f 3130 3131 3211
f 3211 3212 3292
f 3292 3293 3373
f 3373 3374 3454
f 3454 3455 3535
f 3535 3536 3616
f 3616 3617 3697
f 3697 3698 3778
f 3778 3779 3859
f 3859 3860 3940
f 3940 3941 4021
f 4021 4022 4102
f 4102 4103 4183
f 4183 4184 4264
f 4264 4265 4345
f 4345 4346 4426
f 4426 4427 4507
f 4507 4508 4588
f 4588 4589 4669
f 4669 4670 4750
f 4750 4751 4831
f 4831 4832 4912
f 4912 4913 4993
f 4993 4994 5074
f 5074 5075 5155
f 5155 5156 5236
f 5236 5237 5317
f 5317 5318 5398
f 5398 5399 5479
f 5479 5480 5560
f 5560 5561 5641
f 5641 5642 5722
f 5722 5723 5803
f 5803 5804 5884
f 5884 5885 5965
f 5965 5966 6046
f 6046 6047 6127
f 6127 6128 6208
f 6208 6209 6289
f 6289 6290 6370
f 6370 6371 6451
f 6451 6452 6532
f 53 54 134
f 134 135 215
f 215 216 296
f 296 297 377
f 377 378 458
f 458 459 539
f 539 540 620
f 620 621 701
f 701 702 782
f 782 783 863
f 863 864 944
f 944 945 1025
f 1025 1026 1106
f 1106 1107 1187
f 1187 1188 1268
f 1268 1269 1349
f 1349 1350 1430
f 1430 1431 1511
f 1511 1512 1592
f 1592 1593 1673
f 1673 1674 1754
f 1754 1755 1835
f 1835 1836 1916
f 1916 1917 1997
f 1997 1998 2078
f 2078 2079 2159
f 2159 2160 2240
f 2240 2241 2321
f 2321 2322 2402
f 2402 2403 2483
f 2483 2484 2564
f 2564 2565 2645
f 2645 2646 2726
f 2726 2727 2807
f 2807 2808 2888
f 2888 2889 2969
f 2969 2970 3050
f 3050 3051 3131
f 3131 3132 3212
f 3212 3213 3293
f 3293 3294 3374
f 3374 3375 3455
f 3455 3456 3536
f 3536 3537 3617
f 3617 3618 3698
f 3698 3699 3779
f 3779 3780 3860
f 3860 3861 3941
f 3941 3942 4022
f 4022 4023 4103
f 4103 4104 4184
f 4184 4185 4265
f 4265 4266 4346
f 4346 4347 4427
f 4427 4428 4508
f 4508 4509 4589
f 4589 4590 4670
f 4670 4671 4751
f 4751 4752 4832
f 4832 4833 4913
f 4913 4914 4994
f 4994 4995 5075
f 5075 5076 5156
f 5156 5157 5237
f 5237 5238 5318
f 5318 5319 5399
f 5399 5400 5480
f 5480 5481 5561
f 5561 5562 5642
f 5642 5643 5723
f 5723 5724 5804
f 5804 5805 5885
f 5885 5886 5966
f 5966 5967 6047
f 6047 6048 6128
f 6128 6129 6209
f 6209 6210 6290
f 6290 6291 6371
f 6371 6372 6452
f 6452 6453 6533
f 54 55 135
f 135 136 216
f 216 217 297
f 297 298 378
f 378 379 459
f 459 460 540
f 540 541 621
f 621 622 702
f 702 703 783
f 783 784 864
f 864 865 945
f 945 946 1026
f 1026 1027 1107
f 1107 1108 1188
f 1188 1189 1269
f 1269 1270 1350
f 1350 1351 1431
f 1431 1432 1512
f 1512 1513 1593
f 1593 1594 1674
f 1674 1675 1755
f 1755 1756 1836
f 1836 1837 1917
f 1917 1918 1998
f 1998 1999 2079
f 2079 2080 2160
f 2160 2161 2241
f 2241 2242 2322
f 2322 2323 2403
f 2403 2404 2484
f 2484 2485 2565
f 2565 2566 2646
f 2646 2647 2727
f 2727 2728 2808
f 2808 2809 2889
f 2889 2890 2970
f 2970 2971 3051
f 3051 3052 3132
f 3132 3133 3213
f 3213 3214 3294
f 3294 3295 3375
f 3375 3376 3456
f 3456 3457 3537
f 3537 3538 3618
f 3618 3619 3699
f 3699 3700 3780
f 3780 3781 3861
f 3861 3862 3942
f 3942 3943 4023
f 4023 4024 4104
f 4104 4105 4185
f 4185 4186 4266
f 4266 4267 4347
f 4347 4348 4428
f 4428 4429 4509
f 4509 4510 4590
f 4590 4591 4671
f 4671 4672 4752
f 4752 4753 4833
f 4833 4834 4914
f 4914 4915 4995
f 4995 4996 5076
f 5076 5077 5157
f 5157 5158 5238
f 5238 5239 5319
f 5319 5320 5400
f 5400 5401 5481
f 5481 5482 5562
f 5562 5563 5643
f 5643 5644 5724
f 5724 5725 5805
f 5805 5806 5886
f 5886 5887 5967
f 5967 5968 6048
f 6048 6049 6129
f 6129 6130 6210
f 6210 6211 6291
f 6291 6292 6372
f 6372 6373 6453
f 6453 6454 6534
f 55 56 136
f 136 137 217
f 217 218 298
f 298 299 379
f 379 380 460
f 460 461 541
f 541 542 622
f 622 623 703
f 703 704 784
f 784 785 865
f 865 866 946
f 946 947 1027
f 1027 1028 1108
f 1108 1109 1189
f 1189 1190 1270
f 1270 1271 1351
f 1351 1352 1432
f 1432 1433 1513
f 1513 1514 1594
f 1594 1595 1675
f 1675 1676 1756
f 1756 1757 1837
f 1837 1838 1918
f 1918 1919 1999
f 1999 2000 2080
f 2080 2081 2161
f 2161 2162 2242
f 2242 2243 2323
f 2323 2324 2404
f 2404 2405 2485
f 2485 2486 2566
f 2566 2567 2647
f 2647 2648 2728
f 2728 2729 2809
f 2809 2810 2890
f 2890 2891 2971
f 2971 2972 3052
f 3052 3053 3133
f 3133 3134 3214
f 3214 3215 3295
f 3295 3296 3376
f 3376 3377 3457
f 3457 3458 3538
f 3538 3539 3619
f 3619 3620 3700
f 3700 3701 3781
f 3781 3782 3862
f 3862 3863 3943
f 3943 3944 4024
f 4024 4025 4105
f 4105 4106 4186
f 4186 4187 4267
f 4267 4268 4348
f 4348 4349 4429
f 4429 4430 4510
f 4510 4511 4591
f 4591 4592 4672
f 4672 4673 4753
f 4753 4754 4834
f 4834 4835 4915
f 4915 4916 4996
f 4996 4997 5077
f 5077 5078 5158
f 5158 5159 5239
f 5239 5240 5320
f 5320 5321 5401
f 5401 5402 5482
f 5482 5483 5563
f 5563 5564 5644
f 5644 5645 5725
f 5725 5726 5806
f 5806 5807 5887
f 5887 5888 5968
f 5968 5969 6049
f 6049 6050 6130
f 6130 6131 6211
f 6211 6212 6292
f 6292 6293 6373
f 6373 6374 6454
f 6454 6455 6535
f 56 57 137
f 137 138 218
f 218 219 299
f 299 300 380
f 380 381 461
f 461 462 542
f 542 543 623
f 623 624 704
f 704 705 785
f 785 786 866
f 866 867 947
f 947 948 1028
f 1028 1029 1109
f 1109 1110 1190
f 1190 1191 1271
f 1271 1272 1352
f 1352 1353 1433
f 1433 1434 1514
f 1514 1515 1595
f 1595 1596 1676
f 1676 1677 1757
f 1757 1758 1838
f 1838 1839 1919
f 1919 1920 2000
f 2000 2001 2081
f 2081 2082 2162
f 2162 2163 2243
f 2243 2244 2324
f 2324 2325 2405
f 2405 2406 2486
f 2486 2487 2567
f 2567 2568 2648
f 2648 2649 2729
f 2729 2730 2810
f 2810 2811 2891
f 2891 2892 2972
f 2972 2973 3053
f 3053 3054 3134
f 3134 3135 3215
f 3215 3216 3296
f 3296 3297 3377
f 3377 3378 3458
f 3458 3459 3539
f 3539 3540 3620
f 3620 3621 3701
f 3701 3702 3782
f 3782 3783 3863
f 3863 3864 3944
f 3944 3945 4025
f 4025 4026 4106
f 4106 4107 4187
f 4187 4188 4268
f 4268 4269 4349
f 4349 4350 4430
f 4430 4431 4511
f 4511 4512 4592
f 4592 4593 4673
f 4673 4674 4754
f 4754 4755 4835
f 4835 4836 4916
f 4916 4917 4997
f 4997 4998 5078
f 5078 5079 5159
f 5159 5160 5240
f 5240 5241 5321
f 5321 5322 5402
f 5402 5403 5483
f 5483 5484 5564
f 5564 5565 5645
f 5645 5646 5726
f 5726 5727 5807
f 5807 5808 5888
f 5888 5889 5969
f 5969 5970 6050
f 6050 6051 6131
f 6131 6132 6212
f 6212 6213 6293
f 6293 6294 6374
f 6374 6375 6455
f 6455 6456 6536
f 57 58 138
f 138 139 219
f 219 220 300
f 300 301 381
f 381 382 462
f 462 463 543
f 543 544 624
f 624 625 705
f 705 706 786
f 786 787 867
f 867 868 948
f 948 949 1029
f 1029 1030 1110
f 1110 1111 1191
f 1191 1192 1272
f 1272 1273 1353
f 1353 1354 1434
f 1434 1435 1515
f 1515 1516 1596
f 1596 1597 1677
f 1677 1678 1758
f 1758 1759 1839
f 1839 1840 1920
f 1920 1921 2001
f 2001 2002 2082
f 2082 2083 2163
f 2163 2164 2244
f 2244 2245 2325
f 2325 2326 2406
f 2406 2407 2487
f 2487 2488 2568
f 2568 2569 2649
f 2649 2650 2730
f 2730 2731 2811
f 2811 2812 2892
f 2892 2893 2973
f 2973 2974 3054
f 3054 3055 3135
f 3135 3136 3216
f 3216 3217 3297
f 3297 3298 3378
f 3378 3379 3459
f 3459 3460 3540
f 3540 3541 3621
f 3621 3622 3702
f 3702 3703 3783
f 3783 3784 3864
f 3864 3865 3945
f 3945 3946 4026
f 4026 4027 4107
f 4107 4108 4188
f 4188 4189 4269
f 4269 4270 4350
f 4350 4351 4431
f 4431 4432 4512
f 4512 4513 4593
f 4593 4594 4674
f 4674 4675 4755
f 4755 4756 4836
f 4836 4837 4917
f 4917 4918 4998
f 4998 4999 5079
f 5079 5080 5160
f 5160 5161 5241
f 5241 5242 5322
f 5322 5323 5403
f 5403 5404 5484
f 5484 5485 5565
f 5565 5566 5646
f 5646 5647 5727
f 5727 5728 5808
f 5808 5809 5889
f 5889 5890 5970
f 5970 5971 6051
f 6051 6052 6132
f 6132 6133 6213
f 6213 6214 6294
f 6294 6295 6375
f 6375 6376 6456
f 6456 6457 6537
f 58 59 139
f 139 140 220
f 220 221 301
f 301 302 382
f 382 383 463
f 463 464 544
f 544 545 625
f 625 626 706
f 706 707 787
f 787 788 868
f 868 869 949
f 949 950 1030
f 1030 1031 1111
f 1111 1112 1192
f 1192 1193 1273
f 1273 1274 1354
f 1354 1355 1435
f 1435 1436 1516
f 1516 1517 1597
f 1597 1598 1678
f 1678 1679 1759
f 1759 1760 1840
f 1840 1841 1921
f 1921 1922 2002
f 2002 2003 2083
f 2083 2084 2164
f 2164 2165 2245
f 2245 2246 2326
f 2326 2327 2407
f 2407 2408 2488
f 2488 2489 2569
f 2569 2570 2650
f 2650 2651 2731
f 2731 2732 2812
f 2812 2813 2893
f 2893 2894 2974
f 2974 2975 3055
f 3055 3056 3136
f 3136 3137 3217
f 3217 3218 3298
f 3298 3299 3379
f 3379 3380 3460
f 3460 3461 3541
f 3541 3542 3622
f 3622 3623 3703
f 3703 3704 3784
f 3784 3785 3865
f 3865 3866 3946
f 3946 3947 4027
f 4027 4028 4108
f 4108 4109 4189
f 4189 4190 4270
f 4270 4271 4351
f 4351 4352 4432
f 4432 4433 4513
f 4513 4514 4594
f 4594 4595 4675
f 4675 4676 4756
f 4756 4757 4837
f 4837 4838 4918
f 4918 4919 4999
f 4999 5000 5080
f 5080 5081 5161
f 5161 5162 5242
f 5242 5243 5323
f 5323 5324 5404
f 5404 5405 5485
f 5485 5486 5566
f 5566 5567 5647
f 5647 5648 5728
f 5728 5729 5809
f 5809 5810 5890
f 5890 5891 5971
f 5971 5972 6052
f 6052 6053 6133
f 6133 6134 6214
f 6214 6215 6295
f 6295 6296 6376
f 6376 6377 6457
f 6457 6458 6538
f 59 60 140
f 140 141 221
f 221 222 302
f 302 303 383
f 383 384 464
f 464 465 545
f 545 546 626
f 626 627 707
f 707 708 788
f 788 789 869
f 869 870 950
f 950 951 1031
f 1031 1032 1112
f 1112 1113 1193
f 1193 1194 1274
f 1274 1275 1355
f 1355 1356 1436
f 1436 1437 1517
f 1517 1518 1598
f 1598 1599 1679
f 1679 1680 1760
f 1760 1761 1841
f 1841 1842 1922
f 1922 1923 2003
f 2003 2004 2084
f 2084 2085 2165
f 2165 2166 2246
f 2246 2247 2327
f 2327 2328 2408
f 2408 2409 2489
f 2489 2490 2570
f 2570 2571 2651
f 2651 2652 2732
f 2732 2733 2813
f 2813 2814 2894
f 2894 2895 2975
f 2975 2976 3056
f 3056 3057 3137
f 3137 3138 3218
f 3218 3219 3299
f 3299 3300 3380
f 3380 3381 3461
f 3461 3462 3542
f 3542 3543 3623
f 3623 3624 3704
f 3704 3705 3785
f 3785 3786 3866
f 3866 3867 3947
f 3947 3948 4028
f 4028 4029 4109
f 4109 4110 4190
f 4190 4191 4271
f 4271 4272 4352
f 4352 4353 4433
f 4433 4434 4514
f 4514 4515 4595
f 4595 4596 4676
f 4676 4677 4757
f 4757 4758 4838
f 4838 4839 4919
f 4919 4920 5000
f 5000 5001 5081
f 5081 5082 5162
f 5162 5163 5243
f 5243 5244 5324
f 5324 5325 5405
f 5405 5406 5486
f 5486 5487 5567
f 5567 5568 5648
f 5648 5649 5729
f 5729 5730 5810
f 5810 5811 5891
f 5891 5892 5972
f 5972 5973 6053
f 6053 6054 6134
f 6134 6135 6215
f 6215 6216 6296
f 6296 6297 6377
f 6377 6378 6458
f 6458 6459 6539
f 60 61 141
f 141 142 222
f 222 223 303
f 303 304 384
f 384 385 465
f 465 466 546
f 546 547 627
f 627 628 708
f 708 709 789
f 789 790 870
f 870 871 951
f 951 952 1032
f 1032 1033 1113
f 1113 1114 1194
f 1194 1195 1275
f 1275 1276 1356
f 1356 1357 1437
f 1437 1438 1518
f 1518 1519 1599
f 1599 1600 1680
f 1680 1681 1761
f 1761 1762 1842
f 1842 1843 1923
f 1923 1924 2004
f 2004 2005 2085
f 2085 2086 2166
f 2166 2167 2247
f 2247 2248 2328
f 2328 2329 2409
f 2409 2410 2490
f 2490 2491 2571
f 2571 2572 2652
f 2652 2653 2733
f 2733 2734 2814
f 2814 2815 2895
f 2895 2896 2976
f 2976 2977 3057
f 3057 3058 3138
f 3138 3139 3219
f 3219 3220 3300
f 3300 3301 3381
f 3381 3382 3462
f 3462 3463 3543
f 3543 3544 3624
f 3624 3625 3705
f 3705 3706 3786
f 3786 3787 3867
f 3867 3868 3948
f 3948 3949 4029
f 4029 4030 4110
f 4110 4111 4191
f 4191 4192 4272
f 4272 4273 4353
f 4353 4354 4434
f 4434 4435 4515
f 4515 4516 4596
f 4596 4597 4677
f 4677 4678 4758
f 4758 4759 4839
f 4839 4840 4920
f 4920 4921 5001
f 5001 5002 5082
f 5082 5083 5163
f 5163 5164 5244
f 5244 5245 5325
f 5325 5326 5406
f 5406 5407 5487
f 5487 5488 5568
f 5568 5569 5649
f 5649 5650 5730
f 5730 5731 5811
f 5811 5812 5892
f 5892 5893 5973
f 5973 5974 6054
f 6054 6055 6135
f 6135 6136 6216
f 6216 6217 6297
f 6297 6298 6378
f 6378 6379 6459
f 6459 6460 6540
f 61 62 142
f 142 143 223
f 223 224 304
f 304 305 385
f 385 386 466
f 466 467 547
f 547 548 628
f 628 629 709
f 709 710 790
f 790 791 871
f 871 872 952
f 952 953 1033
f 1033 1034 1114
f 1114 1115 1195
f 1195 1196 1276
f 1276 1277 1357
f 1357 1358 1438
f 1438 1439 1519
f 1519 1520 1600
f 1600 1601 1681
f 1681 1682 1762
f 1762 1763 1843
f 1843 1844 1924
f 1924 1925 2005
f 2005 2006 2086
f 2086 2087 2167
f 2167 2168 2248
f 2248 2249 2329
f 2329 2330 2410
f 2410 2411 2491
f 2491 2492 2572
f 2572 2573 2653
f 2653 2654 2734
f 2734 2735 2815
f 2815 2816 2896
f 2896 2897 2977
f 2977 2978 3058
f 3058 3059 3139
f 3139 3140 3220
f 3220 3221 3301
f 3301 3302 3382
f 3382 3383 3463
f 3463 3464 3544
f 3544 3545 3625
f 3625 3626 3706
f 3706 3707 3787
f 3787 3788 3868
f 3868 3869 3949
f 3949 3950 4030
f 4030 4031 4111
f 4111 4112 4192
f 4192 4193 4273
f 4273 4274 4354
f 4354 4355 4435
f 4435 4436 4516
f 4516 4517 4597
f 4597 4598 4678
f 4678 4679 4759
f 4759 4760 4840
f 4840 4841 4921
f 4921 4922 5002
f 5002 5003 5083
f 5083 5084 5164
f 5164 5165 5245
f 5245 5246 5326
f 5326 5327 5407
f 5407 5408 5488
f 5488 5489 5569
f 5569 5570 5650
f 5650 5651 5731
f 5731 5732 5812
f 5812 5813 5893
f 5893 5894 5974
f 5974 5975 6055
f 6055 6056 6136
f 6136 6137 6217
f 6217 6218 6298
f 6298 6299 6379
f 6379 6380 6460
f 6460 6461 6541
f 62 63 143
f 143 144 224
f 224 225 305
f 305 306 386
f 386 387 467
f 467 468 548
f 548 549 629
f 629 630 710
f 710 711 791
f 791 792 872
f 872 873 953
f 953 954 1034
f 1034 1035 1115
f 1115 1116 1196
f 1196 1197 1277
f 1277 1278 1358
f 1358 1359 1439
f 1439 1440 1520
f 1520 1521 1601
f 1601 1602 1682
f 1682 1683 1763
f 1763 1764 1844
f 1844 1845 1925
f 1925 1926 2006
f 2006 2007 2087
f 2087 2088 2168
f 2168 2169 2249
f 2249 2250 2330
f 2330 2331 2411
f 2411 2412 2492
f 2492 2493 2573
f 2573 2574 2654
f 2654 2655 2735
f 2735 2736 2816
f 2816 2817 2897
f 2897 2898 2978
f 2978 2979 3059
f 3059 3060 3140
f 3140 3141 3221
f 3221 3222 3302
f 3302 3303 3383
f 3383 3384 3464
f 3464 3465 3545
f 3545 3546 3626
f 3626 3627 3707
f 3707 3708 3788
f 3788 3789 3869
f 3869 3870 3950
f 3950 3951 4031
f 4031 4032 4112
f 4112 4113 4193
f 4193 4194 4274
f 4274 4275 4355
f 4355 4356 4436
f 4436 4437 4517
f 4517 4518 4598
f 4598 4599 4679
f 4679 4680 4760
f 4760 4761 4841
f 4841 4842 4922
f 4922 4923 5003
f 5003 5004 5084
f 5084 5085 5165
f 5165 5166 5246
f 5246 5247 5327
f 5327 5328 5408
f 5408 5409 5489
f 5489 5490 5570
f 5570 5571 5651
f 5651 5652 5732
f 5732 5733 5813
f 5813 5814 5894
f 5894 5895 5975
f 5975 5976 6056
f 6056 6057 6137
f 6137 6138 6218
f 6218 6219 6299
f 6299 6300 6380
f 6380 6381 6461
f 6461 6462 6542
f 63 64 144
f 144 145 225
f 225 226 306
f 306 307 387
f 387 388 468
f 468 469 549
f 549 550 630
f 630 631 711
f 711 712 792
f 792 793 873
f 873 874 954
f 954 955 1035
f 1035 1036 1116
f 1116 1117 1197
f 1197 1198 1278
f 1278 1279 1359
f 1359 1360 1440
f 1440 1441 1521
f 1521 1522 1602
f 1602 1603 1683
f 1683 1684 1764
f 1764 1765 1845
f 1845 1846 1926
f 1926 1927 2007
f 2007 2008 2088
f 2088 2089 2169
f 2169 2170 2250
f 2250 2251 2331
f 2331 2332 2412
f 2412 2413 2493
f 2493 2494 2574
f 2574 2575 2655
f 2655 2656 2736
f 2736 2737 2817
f 2817 2818 2898
f 2898 2899 2979
f 2979 2980 3060
f 3060 3061 3141
f 3141 3142 3222
f 3222 3223 3303
f 3303 3304 3384
f 3384 3385 3465
f 3465 3466 3546
f 3546 3547 3627
f 3627 3628 3708
f 3708 3709 3789
f 3789 3790 3870
f 3870 3871 3951
f 3951 3952 4032
f 4032 4033 4113
f 4113 4114 4194
f 4194 4195 4275
f 4275 4276 4356
f 4356 4357 4437
f 4437 4438 4518
f 4518 4519 4599
f 4599 4600 4680
f 4680 4681 4761
f 4761 4762 4842
f 4842 4843 4923
f 4923 4924 5004
f 5004 5005 5085
f 5085 5086 5166
f 5166 5167 5247
f 5247 5248 5328
f 5328 5329 5409
f 5409 5410 5490
f 5490 5491 5571
f 5571 5572 5652
f 5652 5653 5733
f 5733 5734 5814
f 5814 5815 5895
f 5895 5896 5976
f 5976 5977 6057
f 6057 6058 6138
f 6138 6139 6219
f 6219 6220 6300
f 6300 6301 6381
f 6381 6382 6462
f 6462 6463 6543
f 64 65 145
f 145 146 226
f 226 227 307
f 307 308 388
f 388 389 469
f 469 470 550
f 550 551 631
f 631 632 712
f 712 713 793
f 793 794 874
f 874 875 955
f 955 956 1036
f 1036 1037 1117
f 1117 1118 1198
f 1198 1199 1279
f 1279 1280 1360
f 1360 1361 1441
f 1441 1442 1522
f 1522 1523 1603
f 1603 1604 1684
f 1684 1685 1765
f 1765 1766 1846
f 1846 1847 1927
f 1927 1928 2008
f 2008 2009 2089
f 2089 2090 2170
f 2170 2171 2251
f 2251 2252 2332
f 2332 2333 2413
f 2413 2414 2494
f 2494 2495 2575
f 2575 2576 2656
f 2656 2657 2737
f 2737 2738 2818
f 2818 2819 2899
f 2899 2900 2980
f 2980 2981 3061
f 3061 3062 3142
f 3142 3143 3223
f 3223 3224 3304
f 3304 3305 3385
f 3385 3386 3466
f 3466 3467 3547
f 3547 3548 3628
f 3628 3629 3709
f 3709 3710 3790
f 3790 3791 3871
f 3871 3872 3952
f 3952 3953 4033
f 4033 4034 4114
f 4114 4115 4195
f 4195 4196 4276
f 4276 4277 4357
f 4357 4358 4438
f 4438 4439 4519
f 4519 4520 4600
f 4600 4601 4681
f 4681 4682 4762
f 4762 4763 4843
f 4843 4844 4924
f 4924 4925 5005
f 5005 5006 5086
f 5086 5087 5167
f 5167 5168 5248
f 5248 5249 5329
f 5329 5330 5410
f 5410 5411 5491
f 5491 5492 5572
f 5572 5573 5653
f 5653 5654 5734
f 5734 5735 5815
f 5815 5816 5896
f 5896 5897 5977
f 5977 5978 6058
f 6058 6059 6139
f 6139 6140 6220
f 6220 6221 6301
f 6301 6302 6382
f 6382 6383 6463
f 6463 6464 6544
f 65 66 146
f 146 147 227
f 227 228 308
f 308 309 389
f 389 390 470
f 470 471 551
f 551 552 632
f 632 633 713
f 713 714 794
f 794 795 875
f 875 876 956
f 956 957 1037
f 1037 1038 1118
f 1118 1119 1199
f 1199 1200 1280
f 1280 1281 1361
f 1361 1362 1442
f 1442 1443 1523
f 1523 1524 1604
f 1604 1605 1685
f 1685 1686 1766
f 1766 1767 1847
f 1847 1848 1928
f 1928 1929 2009
f 2009 2010 2090
f 2090 2091 2171
f 2171 2172 2252
f 2252 2253 2333
f 2333 2334 2414
f 2414 2415 2495
f 2495 2496 2576
f 2576 2577 2657
f 2657 2658 2738
f 2738 2739 2819
f 2819 2820 2900
f 2900 2901 2981
f 2981 2982 3062
f 3062 3063 3143
f 3143 3144 3224
f 3224 3225 3305
f 3305 3306 3386
f 3386 3387 3467
f 3467 3468 3548
f 3548 3549 3629
f 3629 3630 3710
f 3710 3711 3791
f 3791 3792 3872
f 3872 3873 3953
f 3953 3954 4034
f 4034 4035 4115
f 4115 4116 4196
f 4196 4197 4277
f 4277 4278 4358
f 4358 4359 4439
f 4439 4440 4520
f 4520 4521 4601
f 4601 4602 4682
f 4682 4683 4763
f 4763 4764 4844
f 4844 4845 4925
f 4925 4926 5006
f 5006 5007 5087
f 5087 5088 5168
f 5168 5169 5249
f 5249 5250 5330
f 5330 5331 5411
f 5411 5412 5492
f 5492 5493 5573
f 5573 5574 5654
f 5654 5655 5735
f 5735 5736 5816
f 5816 5817 5897
f 5897 5898 5978
f 5978 5979 6059
f 6059 6060 6140
f 6140 6141 6221
f 6221 6222 6302
f 6302 6303 6383
f 6383 6384 6464
f 6464 6465 6545
f 66 67 147
f 147 148 228
f 228 229 309
f 309 310 390
f 390 391 471
f 471 472 552
f 552 553 633
f 633 634 714
f 714 715 795
f 795 796 876
f 876 877 957
f 957 958 1038
f 1038 1039 1119
f 1119 1120 1200
f 1200 1201 1281
f 1281 1282 1362
f 1362 1363 1443
f 1443 1444 1524
f 1524 1525 1605
f 1605 1606 1686
f 1686 1687 1767
f 1767 1768 1848
f 1848 1849 1929
f 1929 1930 2010
f 2010 2011 2091
f 2091 2092 2172
f 2172 2173 2253
f 2253 2254 2334
f 2334 2335 2415
f 2415 2416 2496
f 2496 2497 2577
f 2577 2578 2658
f 2658 2659 2739
f 2739 2740 2820
f 2820 2821 2901
f 2901 2902 2982
f 2982 2983 3063
f 3063 3064 3144
f 3144 3145 3225
f 3225 3226 3306
f 3306 3307 3387
f 3387 3388 3468
f 3468 3469 3549
f 3549 3550 3630
f 3630 3631 3711
f 3711 3712 3792
f 3792 3793 3873
f 3873 3874 3954
f 3954 3955 4035
f 4035 4036 4116
f 4116 4117 4197
f 4197 4198 4278
f 4278 4279 4359
f 4359 4360 4440
f 4440 4441 4521
f 4521 4522 4602
f 4602 4603 4683
f 4683 4684 4764
f 4764 4765 4845
f 4845 4846 4926
f 4926 4927 5007
f 5007 5008 5088
f 5088 5089 5169
f 5169 5170 5250
f 5250 5251 5331
f 5331 5332 5412
f 5412 5413 5493
f 5493 5494 5574
f 5574 5575 5655
f 5655 5656 5736
f 5736 5737 5817
f 5817 5818 5898
f 5898 5899 5979
f 5979 5980 6060
f 6060 6061 6141
f 6141 6142 6222
f 6222 6223 6303
f 6303 6304 6384
f 6384 6385 6465
f 6465 6466 6546
f 67 68 148
f 148 149 229
f 229 230 310
f 310 311 391
f 391 392 472
f 472 473 553
f 553 554 634
f 634 635 715
f 715 716 796
f 796 797 877
f 877 878 958
f 958 959 1039
f 1039 1040 1120
f 1120 1121 1201
f 1201 1202 1282
f 1282 1283 1363
f 1363 1364 1444
f 1444 1445 1525
f 1525 1526 1606
f 1606 1607 1687
f 1687 1688 1768
f 1768 1769 1849
f 1849 1850 1930
f 1930 1931 2011
f 2011 2012 2092
f 2092 2093 2173
f 2173 2174 2254
f 2254 2255 2335
f 2335 2336 2416
f 2416 2417 2497
f 2497 2498 2578
f 2578 2579 2659
f 2659 2660 2740
f 2740 2741 2821
f 2821 2822 2902
f 2902 2903 2983
f 2983 2984 3064
f 3064 3065 3145
f 3145 3146 3226
f 3226 3227 3307
f 3307 3308 3388
f 3388 3389 3469
f 3469 3470 3550
f 3550 3551 3631
f 3631 3632 3712
f 3712 3713 3793
f 3793 3794 3874
f 3874 3875 3955
f 3955 3956 4036
f 4036 4037 4117
f 4117 4118 4198
f 4198 4199 4279
f 4279 4280 4360
f 4360 4361 4441
f 4441 4442 4522
f 4522 4523 4603
f 4603 4604 4684
f 4684 4685 4765
f 4765 4766 4846
f 4846 4847 4927
f 4927 4928 5008
f 5008 5009 5089
f 5089 5090 5170
f 5170 5171 5251
f 5251 5252 5332
f 5332 5333 5413
f 5413 5414 5494
f 5494 5495 5575
f 5575 5576 5656
f 5656 5657 5737
f 5737 5738 5818
f 5818 5819 5899
f 5899 5900 5980
f 5980 5981 6061
f 6061 6062 6142
f 6142 6143 6223
f 6223 6224 6304
f 6304 6305 6385
f 6385 6386 6466
f 6466 6467 6547
f 68 69 149
f 149 150 230
f 230 231 311
f 311 312 392
f 392 393 473
f 473 474 554
f 554 555 635
f 635 636 716
f 716 717 797
f 797 798 878
f 878 879 959
f 959 960 1040
f 1040 1041 1121
f 1121 1122 1202
f 1202 1203 1283
f 1283 1284 1364
f 1364 1365 1445
f 1445 1446 1526
f 1526 1527 1607
f 1607 1608 1688
f 1688 1689 1769
f 1769 1770 1850
f 1850 1851 1931
f 1931 1932 2012
f 2012 2013 2093
f 2093 2094 2174
f 2174 2175 2255
f 2255 2256 2336
f 2336 2337 2417
f 2417 2418 2498
f 2498 2499 2579
f 2579 2580 2660
f 2660 2661 2741
f 2741 2742 2822
f 2822 2823 2903
f 2903 2904 2984
f 2984 2985 3065
f 3065 3066 3146
f 3146 3147 3227
f 3227 3228 3308
f 3308 3309 3389
f 3389 3390 3470
f 3470 3471 3551
f 3551 3552 3632
f 3632 3633 3713
f 3713 3714 3794
f 3794 3795 3875
f 3875 3876 3956
f 3956 3957 4037
f 4037 4038 4118
f 4118 4119 4199
f 4199 4200 4280
f 4280 4281 4361
f 4361 4362 4442
f 4442 4443 4523
f 4523 4524 4604
f 4604 4605 4685
f 4685 4686 4766
f 4766 4767 4847
f 4847 4848 4928
f 4928 4929 5009
f 5009 5010 5090
f 5090 5091 5171
f 5171 5172 5252
f 5252 5253 5333
f 5333 5334 5414
f 5414 5415 5495
f 5495 5496 5576
f 5576 5577 5657
f 5657 5658 5738
f 5738 5739 5819
f 5819 5820 5900
f 5900 5901 5981
f 5981 5982 6062
f 6062 6063 6143
f 6143 6144 6224
f 6224 6225 6305
f 6305 6306 6386
f 6386 6387 6467
f 6467 6468 6548
f 69 70 150
f 150 151 231
f 231 232 312
f 312 313 393
f 393 394 474
f 474 475 555
f 555 556 636
f 636 637 717
f 717 718 798
f 798 799 879
f 879 880 960
f 960 961 1041
f 1041 1042 1122
f 1122 1123 1203
f 1203 1204 1284
f 1284 1285 1365
f 1365 1366 1446
f 1446 1447 1527
f 1527 1528 1608
f 1608 1609 1689
f 1689 1690 1770
f 1770 1771 1851
f 1851 1852 1932
f 1932 1933 2013
f 2013 2014 2094
f 2094 2095 2175
f 2175 2176 2256
f 2256 2257 2337
f 2337 2338 2418
f 2418 2419 2499
f 2499 2500 2580
f 2580 2581 2661
f 2661 2662 2742
f 2742 2743 2823
f 2823 2824 2904
f 2904 2905 2985
f 2985 2986 3066
f 3066 3067 3147
f 3147 3148 3228
f 3228 3229 3309
f 3309 3310 3390
f 3390 3391 3471
f 3471 3472 3552
f 3552 3553 3633
f 3633 3634 3714
f 3714 3715 3795
f 3795 3796 3876
f 3876 3877 3957
f 3957 3958 4038
f 4038 4039 4119
f 4119 4120 4200
f 4200 4201 4281
f 4281 4282 4362
f 4362 4363 4443
f 4443 4444 4524
f 4524 4525 4605
f 4605 4606 4686
f 4686 4687 4767
f 4767 4768 4848
f 4848 4849 4929
f 4929 4930 5010
f 5010 5011 5091
f 5091 5092 5172
f 5172 5173 5253
f 5253 5254 5334
f 5334 5335 5415
f 5415 5416 5496
f 5496 5497 5577
f 5577 5578 5658
f 5658 5659 5739
f 5739 5740 5820
f 5820 5821 5901
f 5901 5902 5982
f 5982 5983 6063
f 6063 6064 6144
f 6144 6145 6225
f 6225 6226 6306
f 6306 6307 6387
f 6387 6388 6468
f 6468 6469 6549
f 70 71 151
f 151 152 232
f 232 233 313
f 313 314 394
f 394 395 475
f 475 476 556
f 556 557 637
f 637 638 718
f 718 719 799
f 799 800 880
f 880 881 961
f 961 962 1042
f 1042 1043 1123
f 1123 1124 1204
f 1204 1205 1285
f 1285 1286 1366
f 1366 1367 1447
f 1447 1448 1528
f 1528 1529 1609
f 1609 1610 1690
f 1690 1691 1771
f 1771 1772 1852
f 1852 1853 1933
f 1933 1934 2014
f 2014 2015 2095
f 2095 2096 2176
f 2176 2177 2257
f 2257 2258 2338
f 2338 2339 2419
f 2419 2420 2500
f 2500 2501 2581
f 2581 2582 2662
f 2662 2663 2743
f 2743 2744 2824
f 2824 2825 2905
f 2905 2906 2986
f 2986 2987 3067
f 3067 3068 3148
f 3148 3149 3229
f 3229 3230 3310
f 3310 3311 3391
f 3391 3392 3472
f 3472 3473 3553
f 3553 3554 3634
f 3634 3635 3715
f 3715 3716 3796
f 3796 3797 3877
f 3877 3878 3958
f 3958 3959 4039
f 4039 4040 4120
f 4120 4121 4201
f 4201 4202 4282
f 4282 4283 4363
f 4363 4364 4444
f 4444 4445 4525
f 4525 4526 4606
f 4606 4607 4687
f 4687 4688 4768
f 4768 4769 4849
f 4849 4850 4930
f 4930 4931 5011
f 5011 5012 5092
f 5092 5093 5173
f 5173 5174 5254
f 5254 5255 5335
f 5335 5336 5416
f 5416 5417 5497
f 5497 5498 5578
f 5578 5579 5659
f 5659 5660 5740
f 5740 5741 5821
f 5821 5822 5902
f 5902 5903 5983
f 5983 5984 6064
f 6064 6065 6145
f 6145 6146 6226
f 6226 6227 6307
f 6307 6308 6388
f 6388 6389 6469
f 6469 6470 6550
f 71 72 152
f 152 153 233
f 233 234 314
f 314 315 395
f 395 396 476
f 476 477 557
f 557 558 638
f 638 639 719
f 719 720 800
f 800 801 881
f 881 882 962
f 962 963 1043
f 1043 1044 1124
f 1124 1125 1205
f 1205 1206 1286
f 1286 1287 1367
f 1367 1368 1448
f 1448 1449 1529
f 1529 1530 1610
f 1610 1611 1691
f 1691 1692 1772
f 1772 1773 1853
f 1853 1854 1934
f 1934 1935 2015
f 2015 2016 2096
f 2096 2097 2177
f 2177 2178 2258
f 2258 2259 2339
f 2339 2340 2420
f 2420 2421 2501
f 2501 2502 2582
f 2582 2583 2663
f 2663 2664 2744
f 2744 2745 2825
f 2825 2826 2906
f 2906 2907 2987
f 2987 2988 3068
f 3068 3069 3149
f 3149 3150 3230
f 3230 3231 3311
f 3311 3312 3392
f 3392 3393 3473
f 3473 3474 3554
f 3554 3555 3635
f 3635 3636 3716
f 3716 3717 3797
f 3797 3798 3878
f 3878 3879 3959
f 3959 3960 4040
f 4040 4041 4121
f 4121 4122 4202
f 4202 4203 4283
f 4283 4284 4364
f 4364 4365 4445
f 4445 4446 4526
f 4526 4527 4607
f 4607 4608 4688
f 4688 4689 4769
f 4769 4770 4850
f 4850 4851 4931
f 4931 4932 5012
f 5012 5013 5093
f 5093 5094 5174
f 5174 5175 5255
f 5255 5256 5336
f 5336 5337 5417
f 5417 5418 5498
f 5498 5499 5579
f 5579 5580 5660
f 5660 5661 5741
f 5741 5742 5822
f 5822 5823 5903
f 5903 5904 5984
f 5984 5985 6065
f 6065 6066 6146
f 6146 6147 6227
f 6227 6228 6308
f 6308 6309 6389
f 6389 6390 6470
f 6470 6471 6551
f 72 73 153
f 153 154 234
f 234 235 315
f 315 316 396
f 396 397 477
f 477 478 558
f 558 559 639
f 639 640 720
f 720 721 801
f 801 802 882
f 882 883 963
f 963 964 1044
f 1044 1045 1125
f 1125 1126 1206
f 1206 1207 1287
f 1287 1288 1368
f 1368 1369 1449
f 1449 1450 1530
f 1530 1531 1611
f 1611 1612 1692
f 1692 1693 1773
f 1773 1774 1854
f 1854 1855 1935
f 1935 1936 2016
f 2016 2017 2097
f 2097 2098 2178
f 2178 2179 2259
f 2259 2260 2340
f 2340 2341 2421
f 2421 2422 2502
f 2502 2503 2583
f 2583 2584 2664
f 2664 2665 2745
f 2745 2746 2826
f 2826 2827 2907
f 2907 2908 2988
f 2988 2989 3069
f 3069 3070 3150
f 3150 3151 3231
f 3231 3232 3312
f 3312 3313 3393
f 3393 3394 3474
f 3474 3475 3555
f 3555 3556 3636
f 3636 3637 3717
f 3717 3718 3798
f 3798 3799 3879
f 3879 3880 3960
f 3960 3961 4041
f 4041 4042 4122
f 4122 4123 4203
f 4203 4204 4284
f 4284 4285 4365
f 4365 4366 4446
f 4446 4447 4527
f 4527 4528 4608
f 4608 4609 4689
f 4689 4690 4770
f 4770 4771 4851
f 4851 4852 4932
f 4932 4933 5013
f 5013 5014 5094
f 5094 5095 5175
f 5175 5176 5256
f 5256 5257 5337
f 5337 5338 5418
f 5418 5419 5499
f 5499 5500 5580
f 5580 5581 5661
f 5661 5662 5742
f 5742 5743 5823
f 5823 5824 5904
f 5904 5905 5985
f 5985 5986 6066
f 6066 6067 6147
f 6147 6148 6228
f 6228 6229 6309
f 6309 6310 6390
f 6390 6391 6471
f 6471 6472 6552
f 73 74 154
f 154 155 235
f 235 236 316
f 316 317 397
f 397 398 478
f 478 479 559
f 559 560 640
f 640 641 721
f 721 722 802
f 802 803 883
f 883 884 964
f 964 965 1045
f 1045 1046 1126
f 1126 1127 1207
f 1207 1208 1288
f 1288 1289 1369
f 1369 1370 1450
f 1450 1451 1531
f 1531 1532 1612
f 1612 1613 1693
f 1693 1694 1774
f 1774 1775 1855
f 1855 1856 1936
f 1936 1937 2017
f 2017 2018 2098
f 2098 2099 2179
f 2179 2180 2260
f 2260 2261 2341
f 2341 2342 2422
f 2422 2423 2503
f 2503 2504 2584
f 2584 2585 2665
f 2665 2666 2746
f 2746 2747 2827
f 2827 2828 2908
f 2908 2909 2989
f 2989 2990 3070
f 3070 3071 3151
f 3151 3152 3232
f 3232 3233 3313
f 3313 3314 3394
f 3394 3395 3475
f 3475 3476 3556
f 3556 3557 3637
f 3637 3638 3718
f 3718 3719 3799
f 3799 3800 3880
f 3880 3881 3961
f 3961 3962 4042
f 4042 4043 4123
f 4123 4124 4204
f 4204 4205 4285
f 4285 4286 4366
f 4366 4367 4447
f 4447 4448 4528
f 4528 4529 4609
f 4609 4610 4690
f 4690 4691 4771
f 4771 4772 4852
f 4852 4853 4933
f 4933 4934 5014
f 5014 5015 5095
f 5095 5096 5176
f 5176 5177 5257
f 5257 5258 5338
f 5338 5339 5419
f 5419 5420 5500
f 5500 5501 5581
f 5581 5582 5662
f 5662 5663 5743
f 5743 5744 5824
f 5824 5825 5905
f 5905 5906 5986
f 5986 5987 6067
f 6067 6068 6148
f 6148 6149 6229
f 6229 6230 6310
f 6310 6311 6391
f 6391 6392 6472
f 6472 6473 6553
f 74 75 155
f 155 156 236
f 236 237 317
f 317 318 398
f 398 399 479
f 479 480 560
f 560 561 641
f 641 642 722
f 722 723 803
f 803 804 884
f 884 885 965
f 965 966 1046
f 1046 1047 1127
f 1127 1128 1208
f 1208 1209 1289
f 1289 1290 1370
f 1370 1371 1451
f 1451 1452 1532
f 1532 1533 1613
f 1613 1614 1694
f 1694 1695 1775
f 1775 1776 1856
f 1856 1857 1937
f 1937 1938 2018
f 2018 2019 2099
f 2099 2100 2180
f 2180 2181 2261
f 2261 2262 2342
f 2342 2343 2423
f 2423 2424 2504
f 2504 2505 2585
f 2585 2586 2666
f 2666 2667 2747
f 2747 2748 2828
f 2828 2829 2909
f 2909 2910 2990
f 2990 2991 3071
f 3071 3072 3152
f 3152 3153 3233
f 3233 3234 3314
f 3314 3315 3395
f 3395 3396 3476
f 3476 3477 3557
f 3557 3558 3638
f 3638 3639 3719
f 3719 3720 3800
f 3800 3801 3881
f 3881 3882 3962
f 3962 3963 4043
f 4043 4044 4124
f 4124 4125 4205
f 4205 4206 4286
f 4286 4287 4367
f 4367 4368 4448
f 4448 4449 4529
f 4529 4530 4610
f 4610 4611 4691
f 4691 4692 4772
f 4772 4773 4853
f 4853 4854 4934
f 4934 4935 5015
f 5015 5016 5096
f 5096 5097 5177
f 5177 5178 5258
f 5258 5259 5339
f 5339 5340 5420
f 5420 5421 5501
f 5501 5502 5582
f 5582 5583 5663
f 5663 5664 5744
f 5744 5745 5825
f 5825 5826 5906
f 5906 5907 5987
f 5987 5988 6068
f 6068 6069 6149
f 6149 6150 6230
f 6230 6231 6311
f 6311 6312 6392
f 6392 6393 6473
f 6473 6474 6554
f 75 76 156
f 156 157 237
f 237 238 318
f 318 319 399
f 399 400 480
f 480 481 561
f 561 562 642
f 642 643 723
f 723 724 804
f 804 805 885
f 885 886 966
f 966 967 1047
f 1047 1048 1128
f 1128 1129 1209
f 1209 1210 1290
f 1290 1291 1371
f 1371 1372 1452
f 1452 1453 1533
f 1533 1534 1614
f 1614 1615 1695
f 1695 1696 1776
f 1776 1777 1857
f 1857 1858 1938
f 1938 1939 2019
f 2019 2020 2100
f 2100 2101 2181
f 2181 2182 2262
f 2262 2263 2343
f 2343 2344 2424
f 2424 2425 2505
f 2505 2506 2586
f 2586 2587 2667
f 2667 2668 2748
f 2748 2749 2829
f 2829 2830 2910
f 2910 2911 2991
f 2991 2992 3072
f 3072 3073 3153
f 3153 3154 3234
f 3234 3235 3315
f 3315 3316 3396
f 3396 3397 3477
f 3477 3478 3558
f 3558 3559 3639
f 3639 3640 3720
f 3720 3721 3801
f 3801 3802 3882
f 3882 3883 3963
f 3963 3964 4044
f 4044 4045 4125
f 4125 4126 4206
f 4206 4207 4287
f 4287 4288 4368
f 4368 4369 4449
f 4449 4450 4530
f 4530 4531 4611
f 4611 4612 4692
f 4692 4693 4773
f 4773 4774 4854
f 4854 4855 4935
f 4935 4936 5016
f 5016 5017 5097
f 5097 5098 5178
f 5178 5179 5259
f 5259 5260 5340
f 5340 5341 5421
f 5421 5422 5502
f 5502 5503 5583
f 5583 5584 5664
f 5664 5665 5745
f 5745 5746 5826
f 5826 5827 5907
f 5907 5908 5988
f 5988 5989 6069
f 6069 6070 6150
f 6150 6151 6231
f 6231 6232 6312
f 6312 6313 6393
f 6393 6394 6474
f 6474 6475 6555
f 76 77 157
f 157 158 238
f 238 239 319
f 319 320 400
f 400 401 481
f 481 482 562
f 562 563 643
f 643 644 724
f 724 725 805
f 805 806 886
f 886 887 967
f 967 968 1048
f 1048 1049 1129
f 1129 1130 1210
f 1210 1211 1291
f 1291 1292 1372
f 1372 1373 1453
f 1453 1454 1534
f 1534 1535 1615
f 1615 1616 1696
f 1696 1697 1777
f 1777 1778 1858
f 1858 1859 1939
f 1939 1940 2020
f 2020 2021 2101
f 2101 2102 2182
f 2182 2183 2263
f 2263 2264 2344
f 2344 2345 2425
f 2425 2426 2506
f 2506 2507 2587
f 2587 2588 2668
f 2668 2669 2749
f 2749 2750 2830
f 2830 2831 2911
f 2911 2912 2992
f 2992 2993 3073
f 3073 3074 3154
f 3154 3155 3235
f 3235 3236 3316
f 3316 3317 3397
f 3397 3398 3478
f 3478 3479 3559
f 3559 3560 3640
f 3640 3641 3721
f 3721 3722 3802
f 3802 3803 3883
f 3883 3884 3964
f 3964 3965 4045
f 4045 4046 4126
f 4126 4127 4207
f 4207 4208 4288
f 4288 4289 4369
f 4369 4370 4450
f 4450 4451 4531
f 4531 4532 4612
f 4612 4613 4693
f 4693 4694 4774
f 4774 4775 4855
f 4855 4856 4936
f 4936 4937 5017
f 5017 5018 5098
f 5098 5099 5179
f 5179 5180 5260
f 5260 5261 5341
f 5341 5342 5422
f 5422 5423 5503
f 5503 5504 5584
f 5584 5585 5665
f 5665 5666 5746
f 5746 5747 5827
f 5827 5828 5908
f 5908 5909 5989
f 5989 5990 6070
f 6070 6071 6151
f 6151 6152 6232
f 6232 6233 6313
f 6313 6314 6394
f 6394 6395 6475
f 6475 6476 6556
f 77 78 158
f 158 159 239
f 239 240 320
f 320 321 401
f 401 402 482
f 482 483 563
f 563 564 644
f 644 645 725
f 725 726 806
f 806 807 887
f 887 888 968
f 968 969 1049
f 1049 1050 1130
f 1130 1131 1211
f 1211 1212 1292
f 1292 1293 1373
f 1373 1374 1454
f 1454 1455 1535
f 1535 1536 1616
f 1616 1617 1697
f 1697 1698 1778
f 1778 1779 1859
f 1859 1860 1940
f 1940 1941 2021
f 2021 2022 2102
f 2102 2103 2183
f 2183 2184 2264
f 2264 2265 2345
f 2345 2346 2426
f 2426 2427 2507
f 2507 2508 2588
f 2588 2589 2669
f 2669 2670 2750
f 2750 2751 2831
f 2831 2832 2912
f 2912 2913 2993
f 2993 2994 3074
f 3074 3075 3155
f 3155 3156 3236
f 3236 3237 3317
f 3317 3318 3398
f 3398 3399 3479
f 3479 3480 3560
f 3560 3561 3641
f 3641 3642 3722
f 3722 3723 3803
f 3803 3804 3884
f 3884 3885 3965
f 3965 3966 4046
f 4046 4047 4127
f 4127 4128 4208
f 4208 4209 4289
f 4289 4290 4370
f 4370 4371 4451
f 4451 4452 4532
f 4532 4533 4613
f 4613 4614 4694
f 4694 4695 4775
f 4775 4776 4856
f 4856 4857 4937
f 4937 4938 5018
f 5018 5019 5099
f 5099 5100 5180
f 5180 5181 5261
f 5261 5262 5342
f 5342 5343 5423
f 5423 5424 5504
f 5504 5505 5585
f 5585 5586 5666
f 5666 5667 5747
f 5747 5748 5828
f 5828 5829 5909
f 5909 5910 5990
f 5990 5991 6071
f 6071 6072 6152
f 6152 6153 6233
f 6233 6234 6314
f 6314 6315 6395
f 6395 6396 6476
f 6476 6477 6557
f 78 79 159
f 159 160 240
f 240 241 321
f 321 322 402
f 402 403 483
f 483 484 564
f 564 565 645
f 645 646 726
f 726 727 807
f 807 808 888
f 888 889 969
f 969 970 1050
f 1050 1051 1131
f 1131 1132 1212
f 1212 1213 1293
f 1293 1294 1374
f 1374 1375 1455
f 1455 1456 1536
f 1536 1537 1617
f 1617 1618 1698
f 1698 1699 1779
f 1779 1780 1860
f 1860 1861 1941
f 1941 1942 2022
f 2022 2023 2103
f 2103 2104 2184
f 2184 2185 2265
f 2265 2266 2346
f 2346 2347 2427
f 2427 2428 2508
f 2508 2509 2589
f 2589 2590 2670
f 2670 2671 2751
f 2751 2752 2832
f 2832 2833 2913
f 2913 2914 2994
f 2994 2995 3075
f 3075 3076 3156
f 3156 3157 3237
f 3237 3238 3318
f 3318 3319 3399
f 3399 3400 3480
f 3480 3481 3561
f 3561 3562 3642
f 3642 3643 3723
f 3723 3724 3804
f 3804 3805 3885
f 3885 3886 3966
f 3966 3967 4047
f 4047 4048 4128
f 4128 4129 4209
f 4209 4210 4290
f 4290 4291 4371
f 4371 4372 4452
f 4452 4453 4533
f 4533 4534 4614
f 4614 4615 4695
f 4695 4696 4776
f 4776 4777 4857
f 4857 4858 4938
f 4938 4939 5019
f 5019 5020 5100
f 5100 5101 5181
f 5181 5182 5262
f 5262 5263 5343
f 5343 5344 5424
f 5424 5425 5505
f 5505 5506 5586
f 5586 5587 5667
f 5667 5668 5748
f 5748 5749 5829
f 5829 5830 5910
f 5910 5911 5991
f 5991 5992 6072
f 6072 6073 6153
f 6153 6154 6234
f 6234 6235 6315
f 6315 6316 6396
f 6396 6397 6477
f 6477 6478 6558
f 79 80 160
f 160 161 241
f 241 242 322
f 322 323 403
f 403 404 484
f 484 485 565
f 565 566 646
f 646 647 727
f 727 728 808
f 808 809 889
f 889 890 970
f 970 971 1051
f 1051 1052 1132
f 1132 1133 1213
f 1213 1214 1294
f 1294 1295 1375
f 1375 1376 1456
f 1456 1457 1537
f 1537 1538 1618
f 1618 1619 1699
f 1699 1700 1780
f 1780 1781 1861
f 1861 1862 1942
f 1942 1943 2023
f 2023 2024 2104
f 2104 2105 2185
f 2185 2186 2266
f 2266 2267 2347
f 2347 2348 2428
f 2428 2429 2509
f 2509 2510 2590
f 2590 2591 2671
f 2671 2672 2752
f 2752 2753 2833
f 2833 2834 2914
f 2914 2915 2995
f 2995 2996 3076
f 3076 3077 3157
f 3157 3158 3238
f 3238 3239 3319
f 3319 3320 3400
f 3400 3401 3481
f 3481 3482 3562
f 3562 3563 3643
f 3643 3644 3724
f 3724 3725 3805
f 3805 3806 3886
f 3886 3887 3967
f 3967 3968 4048
f 4048 4049 4129
f 4129 4130 4210
f 4210 4211 4291
f 4291 4292 4372
f 4372 4373 4453
f 4453 4454 4534
f 4534 4535 4615
f 4615 4616 4696
f 4696 4697 4777
f 4777 4778 4858
f 4858 4859 4939
f 4939 4940 5020
f 5020 5021 5101
f 5101 5102 5182
f 5182 5183 5263
f 5263 5264 5344
f 5344 5345 5425
f 5425 5426 5506
f 5506 5507 5587
f 5587 5588 5668
f 5668 5669 5749
f 5749 5750 5830
f 5830 5831 5911
f 5911 5912 5992
f 5992 5993 6073
f 6073 6074 6154
f 6154 6155 6235
f 6235 6236 6316
f 6316 6317 6397
f 6397 6398 6478
f 6478 6479 6559
f 80 81 161
f 161 162 242
f 242 243 323
f 323 324 404
f 404 405 485
f 485 486 566
f 566 567 647
f 647 648 728
f 728 729 809
f 809 810 890
f 890 891 971
f 971 972 1052
f 1052 1053 1133
f 1133 1134 1214
f 1214 1215 1295
f 1295 1296 1376
f 1376 1377 1457
f 1457 1458 1538
f 1538 1539 1619
f 1619 1620 1700
f 1700 1701 1781
f 1781 1782 1862
f 1862 1863 1943
f 1943 1944 2024
f 2024 2025 2105
f 2105 2106 2186
f 2186 2187 2267
f 2267 2268 2348
f 2348 2349 2429
f 2429 2430 2510
f 2510 2511 2591
f 2591 2592 2672
f 2672 2673 2753
f 2753 2754 2834
f 2834 2835 2915
f 2915 2916 2996
f 2996 2997 3077
f 3077 3078 3158
f 3158 3159 3239
f 3239 3240 3320
f 3320 3321 3401
f 3401 3402 3482
f 3482 3483 3563
f 3563 3564 3644
f 3644 3645 3725
f 3725 3726 3806
f 3806 3807 3887
f 3887 3888 3968
f 3968 3969 4049
f 4049 4050 4130
f 4130 4131 4211
f 4211 4212 4292
f 4292 4293 4373
f 4373 4374 4454
f 4454 4455 4535
f 4535 4536 4616
f 4616 4617 4697
f 4697 4698 4778
f 4778 4779 4859
f 4859 4860 4940
f 4940 4941 5021
f 5021 5022 5102
f 5102 5103 5183
f 5183 5184 5264
f 5264 5265 5345
f 5345 5346 5426
f 5426 5427 5507
f 5507 5508 5588
f 5588 5589 5669
f 5669 5670 5750
f 5750 5751 5831
f 5831 5832 5912
f 5912 5913 5993
f 5993 5994 6074
f 6074 6075 6155
f 6155 6156 6236
f 6236 6237 6317
f 6317 6318 6398
f 6398 6399 6479
f 6479 6480 6560
f 83 82 2
f 164 163 83
f 245 244 164
f 326 325 245
f 407 406 326
f 488 487 407
f 569 568 488
f 650 649 569
f 731 730 650
f 812 811 731
f 893 892 812
f 974 973 893
f 1055 1054 974
f 1136 1135 1055
f 1217 1216 1136
f 1298 1297 1217
f 1379 1378 1298
f 1460 1459 1379
f 1541 1540 1460
f 1622 1621 1541
f 1703 1702 1622
f 1784 1783 1703
f 1865 1864 1784
f 1946 1945 1865
f 2027 2026 1946
f 2108 2107 2027
f 2189 2188 2108
f 2270 2269 2189
f 2351 2350 2270
f 2432 2431 2351
f 2513 2512 2432
f 2594 2593 2513
f 2675 2674 2594
f 2756 2755 2675
f 2837 2836 2756
f 2918 2917 2837
f 2999 2998 2918
f 3080 3079 2999
f 3161 3160 3080
f 3242 3241 3161
f 3323 3322 3242
f 3404 3403 3323
f 3485 3484 3404
f 3566 3565 3485
f 3647 3646 3566
f 3728 3727 3647
f 3809 3808 3728
f 3890 3889 3809
f 3971 3970 3890
f 4052 4051 3971
f 4133 4132 4052
f 4214 4213 4133
f 4295 4294 4214
f 4376 4375 4295
f 4457 4456 4376
f 4538 4537 4457
f 4619 4618 4538
f 4700 4699 4619
f 4781 4780 4700
f 4862 4861 4781
f 4943 4942 4862
f 5024 5023 4943
f 5105 5104 5024
f 5186 5185 5105
f 5267 5266 5186
f 5348 5347 5267
f 5429 5428 5348
f 5510 5509 5429
f 5591 5590 5510
f 5672 5671 5591
f 5753 5752 5672
f 5834 5833 5753
f 5915 5914 5834
f 5996 5995 5915
f 6077 6076 5996
f 6158 6157 6077
f 6239 6238 6158
f 6320 6319 6239
f 6401 6400 6320
f 6482 6481 6401
f 84 83 3
f 165 164 84
f 246 245 165
f 327 326 246
f 408 407 327
f 489 488 408
f 570 569 489
f 651 650 570
f 732 731 651
f 813 812 732
f 894 893 813
f 975 974 894
f 1056 1055 975
f 1137 1136 1056
f 1218 1217 1137
f 1299 1298 1218
f 1380 1379 1299
f 1461 1460 1380
f 1542 1541 1461
f 1623 1622 1542
f 1704 1703 1623
f 1785 1784 1704
f 1866 1865 1785
f 1947 1946 1866
f 2028 2027 1947
f 2109 2108 2028
f 2190 2189 2109
f 2271 2270 2190
f 2352 2351 2271
f 2433 2432 2352
f 2514 2513 2433
f 2595 2594 2514
f 2676 2675 2595
f 2757 2756 2676
f 2838 2837 2757
f 2919 2918 2838
f 3000 2999 2919
f 3081 3080 3000
f 3162 3161 3081
f 3243 3242 3162
f 3324 3323 3243
f 3405 3404 3324
f 3486 3485 3405
f 3567 3566 3486
f 3648 3647 3567
f 3729 3728 3648
f 3810 3809 3729
f 3891 3890 3810
f 3972 3971 3891
f 4053 4052 3972
f 4134 4133 4053
f 4215 4214 4134
f 4296 4295 4215
f 4377 4376 4296
f 4458 4457 4377
f 4539 4538 4458
f 4620 4619 4539
f 4701 4700 4620
f 4782 4781 4701
f 4863 4862 4782
f 4944 4943 4863
f 5025 5024 4944
f 5106 5105 5025
f 5187 5186 5106
f 5268 5267 5187
f 5349 5348 5268
f 5430 5429 5349
f 5511 5510 5430
f 5592 5591 5511
f 5673 5672 5592
f 5754 5753 5673
f 5835 5834 5754
f 5916 5915 5835
f 5997 5996 5916
f 6078 6077 5997
f 6159 6158 6078
f 6240 6239 6159
f 6321 6320 6240
f 6402 6401 6321
f 6483 6482 6402
f 85 84 4
f 166 165 85
f 247 246 166
f 328 327 247
f 409 408 328
f 490 489 409
f 571 570 490
f 652 651 571
f 733 732 652
f 814 813 733
f 895 894 814
f 976 975 895
f 1057 1056 976
f 1138 1137 1057
f 1219 1218 1138
f 1300 1299 1219
f 1381 1380 1300
f 1462 1461 1381
f 1543 1542 1462
f 1624 1623 1543
f 1705 1704 1624
f 1786 1785 1705
f 1867 1866 1786
f 1948 1947 1867
f 2029 2028 1948
f 2110 2109 2029
f 2191 2190 2110
f 2272 2271 2191
f 2353 2352 2272
f 2434 2433 2353
f 2515 2514 2434
f 2596 2595 2515
f 2677 2676 2596
f 2758 2757 2677
f 2839 2838 2758
f 2920 2919 2839
f 3001 3000 2920
f 3082 3081 3001
f 3163 3162 3082
f 3244 3243 3163
f 3325 3324 3244
f 3406 3405 3325
f 3487 3486 3406
f 3568 3567 3487
f 3649 3648 3568
f 3730 3729 3649
f 3811 3810 3730
f 3892 3891 3811
f 3973 3972 3892
f 4054 4053 3973
f 4135 4134 4054
f 4216 4215 4135
f 4297 4296 4216
f 4378 4377 4297
f 4459 4458 4378
f 4540 4539 4459
f 4621 4620 4540
f 4702 4701 4621
f 4783 4782 4702
f 4864 4863 4783
f 4945 4944 4864
f 5026 5025 4945
f 5107 5106 5026
f 5188 5187 5107
f 5269 5268 5188
f 5350 5349 5269
f 5431 5430 5350
f 5512 5511 5431
f 5593 5592 5512
f 5674 5673 5593
f 5755 5754 5674
f 5836 5835 5755
f 5917 5916 5836
f 5998 5997 5917
f 6079 6078 5998
f 6160 6159 6079
f 6241 6240 6160
f 6322 6321 6241
f 6403 6402 6322
f 6484 6483 6403
f 86 85 5
f 167 166 86
f 248 247 167
f 329 328 248
f 410 409 329
f 491 490 410
f 572 571 491
f 653 652 572
f 734 733 653
f 815 814 734
f 896 895 815
f 977 976 896
f 1058 1057 977
f 1139 1138 1058
f 1220 1219 1139
f 1301 1300 1220
f 1382 1381 1301
f 1463 1462 1382
f 1544 1543 1463
f 1625 1624 1544
f 1706 1705 1625
f 1787 1786 1706
f 1868 1867 1787
f 1949 1948 1868
f 2030 2029 1949
f 2111 2110 2030
f 2192 2191 2111
f 2273 2272 2192
f 2354 2353 2273
f 2435 2434 2354
f 2516 2515 2435
f 2597 2596 2516
f 2678 2677 2597
f 2759 2758 2678
f 2840 2839 2759
f 2921 2920 2840
f 3002 3001 2921
f 3083 3082 3002
f 3164 3163 3083
f 3245 3244 3164
f 3326 3325 3245
f 3407 3406 3326
f 3488 3487 3407
f 3569 3568 3488
f 3650 3649 3569
f 3731 3730 3650
f 3812 3811 3731
f 3893 3892 3812
f 3974 3973 3893
f 4055 4054 3974
f 4136 4135 4055
f 4217 4216 4136
f 4298 4297 4217
f 4379 4378 4298
f 4460 4459 4379
f 4541 4540 4460
f 4622 4621 4541
f 4703 4702 4622
f 4784 4783 4703
f 4865 4864 4784
f 4946 4945 4865
f 5027 5026 4946
f 5108 5107 5027
f 5189 5188 5108
f 5270 5269 5189
f 5351 5350 5270
f 5432 5431 5351
f 5513 5512 5432
f 5594 5593 5513
f 5675 5674 5594
f 5756 5755 5675
f 5837 5836 5756
f 5918 5917 5837
f 5999 5998 5918
f 6080 6079 5999
f 6161 6160 6080
f 6242 6241 6161
f 6323 6322 6242
f 6404 6403 6323
f 6485 6484 6404
f 87 86 6
f 168 167 87
f 249 248 168
f 330 329 249
f 411 410 330
f 492 491 411
f 573 572 492
f 654 653 573
f 735 734 654
f 816 815 735
f 897 896 816
f 978 977 897
f 1059 1058 978
f 1140 1139 1059
f 1221 1220 1140
f 1302 1301 1221
f 1383 1382 1302
f 1464 1463 1383
f 1545 1544 1464
f 1626 1625 1545
f 1707 1706 1626
f 1788 1787 1707
f 1869 1868 1788
f 1950 1949 1869
f 2031 2030 1950
f 2112 2111 2031
f 2193 2192 2112
f 2274 2273 2193
f 2355 2354 2274
f 2436 2435 2355
f 2517 2516 2436
f 2598 2597 2517
f 2679 2678 2598
f 2760 2759 2679
f 2841 2840 2760
f 2922 2921 2841
f 3003 3002 2922
f 3084 3083 3003
f 3165 3164 3084
f 3246 3245 3165
f 3327 3326 3246
f 3408 3407 3327
f 3489 3488 3408
f 3570 3569 3489
f 3651 3650 3570
f 3732 3731 3651
f 3813 3812 3732
f 3894 3893 3813
f 3975 3974 3894
f 4056 4055 3975
f 4137 4136 4056
f 4218 4217 4137
f 4299 4298 4218
f 4380 4379 4299
f 4461 4460 4380
f 4542 4541 4461
f 4623 4622 4542
f 4704 4703 4623
f 4785 4784 4704
f 4866 4865 4785
f 4947 4946 4866
f 5028 5027 4947
f 5109 5108 5028
f 5190 5189 5109
f 5271 5270 5190
f 5352 5351 5271
f 5433 5432 5352
f 5514 5513 5433
f 5595 5594 5514
f 5676 5675 5595
f 5757 5756 5676
f 5838 5837 5757
f 5919 5918 5838
f 6000 5999 5919
f 6081 6080 6000
f 6162 6161 6081
f 6243 6242 6162
f 6324 6323 6243
f 6405 6404 6324
f 6486 6485 6405
f 88 87 7
f 169 168 88
f 250 249 169
f 331 330 250
f 412 411 331
f 493 492 412
f 574 573 493
f 655 654 574
f 736 735 655
f 817 816 736
f 898 897 817
f 979 978 898
f 1060 1059 979
f 1141 1140 1060
f 1222 1221 1141
f 1303 1302 1222
f 1384 1383 1303
f 1465 1464 1384
f 1546 1545 1465
f 1627 1626 1546
f 1708 1707 1627
f 1789 1788 1708
f 1870 1869 1789
f 1951 1950 1870
f 2032 2031 1951
f 2113 2112 2032
f 2194 2193 2113
f 2275 2274 2194
f 2356 2355 2275
f 2437 2436 2356
f 2518 2517 2437
f 2599 2598 2518
f 2680 2679 2599
f 2761 2760 2680
f 2842 2841 2761
f 2923 2922 2842
f 3004 3003 2923
f 3085 3084 3004
f 3166 3165 3085
f 3247 3246 3166
f 3328 3327 3247
f 3409 3408 3328
f 3490 3489 3409
f 3571 3570 3490
f 3652 3651 3571
f 3733 3732 3652
f 3814 3813 3733
f 3895 3894 3814
f 3976 3975 3895
f 4057 4056 3976
f 4138 4137 4057
f 4219 4218 4138
f 4300 4299 4219
f 4381 4380 4300
f 4462 4461 4381
f 4543 4542 4462
f 4624 4623 4543
f 4705 4704 4624
f 4786 4785 4705
f 4867 4866 4786
f 4948 4947 4867
f 5029 5028 4948
f 5110 5109 5029
f 5191 5190 5110
f 5272 5271 5191
f 5353 5352 5272
f 5434 5433 5353
f 5515 5514 5434
f 5596 5595 5515
f 5677 5676 5596
f 5758 5757 5677
f 5839 5838 5758
f 5920 5919 5839
f 6001 6000 5920
f 6082 6081 6001
f 6163 6162 6082
f 6244 6243 6163
f 6325 6324 6244
f 6406 6405 6325
f 6487 6486 6406
f 89 88 8
f 170 169 89
f 251 250 170
f 332 331 251
f 413 412 332
f 494 493 413
f 575 574 494
f 656 655 575
f 737 736 656
f 818 817 737
f 899 898 818
f 980 979 899
f 1061 1060 980
f 1142 1141 1061
f 1223 1222 1142
f 1304 1303 1223
f 1385 1384 1304
f 1466 1465 1385
f 1547 1546 1466
f 1628 1627 1547
f 1709 1708 1628
f 1790 1789 1709
f 1871 1870 1790
f 1952 1951 1871
f 2033 2032 1952
f 2114 2113 2033
f 2195 2194 2114
f 2276 2275 2195
f 2357 2356 2276
f 2438 2437 2357
f 2519 2518 2438
f 2600 2599 2519
f 2681 2680 2600
f 2762 2761 2681
f 2843 2842 2762
f 2924 2923 2843
f 3005 3004 2924
f 3086 3085 3005
f 3167 3166 3086
f 3248 3247 3167
f 3329 3328 3248
f 3410 3409 3329
f 3491 3490 3410
f 3572 3571 3491
f 3653 3652 3572
f 3734 3733 3653
f 3815 3814 3734
f 3896 3895 3815
f 3977 3976 3896
f 4058 4057 3977
f 4139 4138 4058
f 4220 4219 4139
f 4301 4300 4220
f 4382 4381 4301
f 4463 4462 4382
f 4544 4543 4463
f 4625 4624 4544
f 4706 4705 4625
f 4787 4786 4706
f 4868 4867 4787
f 4949 4948 4868
f 5030 5029 4949
f 5111 5110 5030
f 5192 5191 5111
f 5273 5272 5192
f 5354 5353 5273
f 5435 5434 5354
f 5516 5515 5435
f 5597 5596 5516
f 5678 5677 5597
f 5759 5758 5678
f 5840 5839 5759
f 5921 5920 5840
f 6002 6001 5921
f 6083 6082 6002
f 6164 6163 6083
f 6245 6244 6164
f 6326 6325 6245
f 6407 6406 6326
f 6488 6487 6407
f 90 89 9
f 171 170 90
f 252 251 171
f 333 332 252
f 414 413 333
f 495 494 414
f 576 575 495
f 657 656 576
f 738 737 657
f 819 818 738
f 900 899 819
f 981 980 900
f 1062 1061 981
f 1143 1142 1062
f 1224 1223 1143
f 1305 1304 1224
f 1386 1385 1305
f 1467 1466 1386
f 1548 1547 1467
f 1629 1628 1548
f 1710 1709 1629
f 1791 1790 1710
f 1872 1871 1791
f 1953 1952 1872
f 2034 2033 1953
f 2115 2114 2034
f 2196 2195 2115
f 2277 2276 2196
f 2358 2357 2277
f 2439 2438 2358
f 2520 2519 2439
f 2601 2600 2520
f 2682 2681 2601
f 2763 2762 2682
f 2844 2843 2763
f 2925 2924 2844
f 3006 3005 2925
f 3087 3086 3006
f 3168 3167 3087
f 3249 3248 3168
f 3330 3329 3249
f 3411 3410 3330
f 3492 3491 3411
f 3573 3572 3492
f 3654 3653 3573
f 3735 3734 3654
f 3816 3815 3735
f 3897 3896 3816
f 3978 3977 3897
f 4059 4058 3978
f 4140 4139 4059
f 4221 4220 4140
f 4302 4301 4221
f 4383 4382 4302
f 4464 4463 4383
f 4545 4544 4464
f 4626 4625 4545
f 4707 4706 4626
f 4788 4787 4707
f 4869 4868 4788
f 4950 4949 4869
f 5031 5030 4950
f 5112 5111 5031
f 5193 5192 5112
f 5274 5273 5193
f 5355 5354 5274
f 5436 5435 5355
f 5517 5516 5436
f 5598 5597 5517
f 5679 5678 5598
f 5760 5759 5679
f 5841 5840 5760
f 5922 5921 5841
f 6003 6002 5922
f 6084 6083 6003
f 6165 6164 6084
f 6246 6245 6165
f 6327 6326 6246
f 6408 6407 6327
f 6489 6488 6408
f 91 90 10
f 172 171 91
f 253 252 172
f 334 333 253
f 415 414 334
f 496 495 415
f 577 576 496
f 658 657 577
f 739 738 658
f 820 819 739
f 901 900 820
f 982 981 901
f 1063 1062 982
f 1144 1143 1063
f 1225 1224 1144
f 1306 1305 1225
f 1387 1386 1306
f 1468 1467 1387
f 1549 1548 1468
f 1630 1629 1549
f 1711 1710 1630
f 1792 1791 1711
f 1873 1872 1792
f 1954 1953 1873
f 2035 2034 1954
f 2116 2115 2035
f 2197 2196 2116
f 2278 2277 2197
f 2359 2358 2278
f 2440 2439 2359
f 2521 2520 2440
f 2602 2601 2521
f 2683 2682 2602
f 2764 2763 2683
f 2845 2844 2764
f 2926 2925 2845
f 3007 3006 2926
f 3088 3087 3007
f 3169 3168 3088
f 3250 3249 3169
f 3331 3330 3250
f 3412 3411 3331
f 3493 3492 3412
f 3574 3573 3493
f 3655 3654 3574
f 3736 3735 3655
f 3817 3816 3736
f 3898 3897 3817
f 3979 3978 3898
f 4060 4059 3979
f 4141 4140 4060
f 4222 4221 4141
f 4303 4302 4222
f 4384 4383 4303
f 4465 4464 4384
f 4546 4545 4465
f 4627 4626 4546
f 4708 4707 4627
f 4789 4788 4708
f 4870 4869 4789
f 4951 4950 4870
f 5032 5031 4951
f 5113 5112 5032
f 5194 5193 5113
f 5275 5274 5194
f 5356 5355 5275
f 5437 5436 5356
f 5518 5517 5437
f 5599 5598 5518
f 5680 5679 5599
f 5761 5760 5680
f 5842 5841 5761
f 5923 5922 5842
f 6004 6003 5923
f 6085 6084 6004
f 6166 6165 6085
f 6247 6246 6166
f 6328 6327 6247
f 6409 6408 6328
f 6490 6489 6409
f 92 91 11
f 173 172 92
f 254 253 173
f 335 334 254
f 416 415 335
f 497 496 416
f 578 577 497
f 659 658 578
f 740 739 659
f 821 820 740
f 902 901 821
f 983 982 902
f 1064 1063 983
f 1145 1144 1064
f 1226 1225 1145
f 1307 1306 1226
f 1388 1387 1307
f 1469 1468 1388
f 1550 1549 1469
f 1631 1630 1550
f 1712 1711 1631
f 1793 1792 1712
f 1874 1873 1793
f 1955 1954 1874
f 2036 2035 1955
f 2117 2116 2036
f 2198 2197 2117
f 2279 2278 2198
f 2360 2359 2279
f 2441 2440 2360
f 2522 2521 2441
f 2603 2602 2522
f 2684 2683 2603
f 2765 2764 2684
f 2846 2845 2765
f 2927 2926 2846
f 3008 3007 2927
f 3089 3088 3008
f 3170 3169 3089
f 3251 3250 3170
f 3332 3331 3251
f 3413 3412 3332
f 3494 3493 3413
f 3575 3574 3494
f 3656 3655 3575
f 3737 3736 3656
f 3818 3817 3737
f 3899 3898 3818
f 3980 3979 3899
f 4061 4060 3980
f 4142 4141 4061
f 4223 4222 4142
f 4304 4303 4223
f 4385 4384 4304
f 4466 4465 4385
f 4547 4546 4466
f 4628 4627 4547
f 4709 4708 4628
f 4790 4789 4709
f 4871 4870 4790
f 4952 4951 4871
f 5033 5032 4952
f 5114 5113 5033
f 5195 5194 5114
f 5276 5275 5195
f 5357 5356 5276
f 5438 5437 5357
f 5519 5518 5438
f 5600 5599 5519
f 5681 5680 5600
f 5762 5761 5681
f 5843 5842 5762
f 5924 5923 5843
f 6005 6004 5924
f 6086 6085 6005
f 6167 6166 6086
f 6248 6247 6167
f 6329 6328 6248
f 6410 6409 6329
f 6491 6490 6410
f 93 92 12
f 174 173 93
f 255 254 174
f 336 335 255
f 417 416 336
f 498 497 417
f 579 578 498
f 660 659 579
f 741 740 660
f 822 821 741
f 903 902 822
f 984 983 903
f 1065 1064 984
f 1146 1145 1065
f 1227 1226 1146
f 1308 1307 1227
f 1389 1388 1308
f 1470 1469 1389
f 1551 1550 1470
f 1632 1631 1551
f 1713 1712 1632
f 1794 1793 1713
f 1875 1874 1794
f 1956 1955 1875
f 2037 2036 1956
f 2118 2117 2037
f 2199 2198 2118
f 2280 2279 2199
f 2361 2360 2280
f 2442 2441 2361
f 2523 2522 2442
f 2604 2603 2523
f 2685 2684 2604
f 2766 2765 2685
f 2847 2846 2766
f 2928 2927 2847
f 3009 3008 2928
f 3090 3089 3009
f 3171 3170 3090
f 3252 3251 3171
f 3333 3332 3252
f 3414 3413 3333
f 3495 3494 3414
f 3576 3575 3495
f 3657 3656 3576
f 3738 3737 3657
f 3819 3818 3738
f 3900 3899 3819
f 3981 3980 3900
f 4062 4061 3981
f 4143 4142 4062
f 4224 4223 4143
f 4305 4304 4224
f 4386 4385 4305
f 4467 4466 4386
f 4548 4547 4467
f 4629 4628 4548
f 4710 4709 4629
f 4791 4790 4710
f 4872 4871 4791
f 4953 4952 4872
f 5034 5033 4953
f 5115 5114 5034
f 5196 5195 5115
f 5277 5276 5196
f 5358 5357 5277
f 5439 5438 5358
f 5520 5519 5439
f 5601 5600 5520
f 5682 5681 5601
f 5763 5762 5682
f 5844 5843 5763
f 5925 5924 5844
f 6006 6005 5925
f 6087 6086 6006
f 6168 6167 6087
f 6249 6248 6168
f 6330 6329 6249
f 6411 6410 6330
f 6492 6491 6411
f 94 93 13
f 175 174 94
f 256 255 175
f 337 336 256
f 418 417 337
f 499 498 418
f 580 579 499
f 661 660 580
f 742 741 661
f 823 822 742
f 904 903 823
f 985 984 904
f 1066 1065 985
f 1147 1146 1066
f 1228 1227 1147
f 1309 1308 1228
f 1390 1389 1309
f 1471 1470 1390
f 1552 1551 1471
f 1633 1632 1552
f 1714 1713 1633
f 1795 1794 1714
f 1876 1875 1795
f 1957 1956 1876
f 2038 2037 1957
f 2119 2118 2038
f 2200 2199 2119
f 2281 2280 2200
f 2362 2361 2281
f 2443 2442 2362
f 2524 2523 2443
f 2605 2604 2524
f 2686 2685 2605
f 2767 2766 2686
f 2848 2847 2767
f 2929 2928 2848
f 3010 3009 2929
f 3091 3090 3010
f 3172 3171 3091
f 3253 3252 3172
f 3334 3333 3253
f 3415 3414 3334
f 3496 3495 3415
f 3577 3576 3496
f 3658 3657 3577
f 3739 3738 3658
f 3820 3819 3739
f 3901 3900 3820
f 3982 3981 3901
f 4063 4062 3982
f 4144 4143 4063
f 4225 4224 4144
f 4306 4305 4225
f 4387 4386 4306
f 4468 4467 4387
f 4549 4548 4468
f 4630 4629 4549
f 4711 4710 4630
f 4792 4791 4711
f 4873 4872 4792
f 4954 4953 4873
f 5035 5034 4954
f 5116 5115 5035
f 5197 5196 5116
f 5278 5277 5197
f 5359 5358 5278
f 5440 5439 5359
f 5521 5520 5440
f 5602 5601 5521
f 5683 5682 5602
f 5764 5763 5683
f 5845 5844 5764
f 5926 5925 5845
f 6007 6006 5926
f 6088 6087 6007
f 6169 6168 6088
f 6250 6249 6169
f 6331 6330 6250
f 6412 6411 6331
f 6493 6492 6412
f 95 94 14
f 176 175 95
f 257 256 176
f 338 337 257
f 419 418 338
f 500 499 419
f 581 580 500
f 662 661 581
f 743 742 662
f 824 823 743
f 905 904 824
f 986 985 905
f 1067 1066 986
f 1148 1147 1067
f 1229 1228 1148
f 1310 1309 1229
f 1391 1390 1310
f 1472 1471 1391
f 1553 1552 1472
f 1634 1633 1553
f 1715 1714 1634
f 1796 1795 1715
f 1877 1876 1796
f 1958 1957 1877
f 2039 2038 1958
f 2120 2119 2039
f 2201 2200 2120
f 2282 2281 2201
f 2363 2362 2282
f 2444 2443 2363
f 2525 2524 2444
f 2606 2605 2525
f 2687 2686 2606
f 2768 2767 2687
f 2849 2848 2768
f 2930 2929 2849
f 3011 3010 2930
f 3092 3091 3011
f 3173 3172 3092
f 3254 3253 3173
f 3335 3334 3254
f 3416 3415 3335
f 3497 3496 3416
f 3578 3577 3497
f 3659 3658 3578
f 3740 3739 3659
f 3821 3820 3740
f 3902 3901 3821
f 3983 3982 3902
f 4064 4063 3983
f 4145 4144 4064
f 4226 4225 4145
f 4307 4306 4226
f 4388 4387 4307
f 4469 4468 4388
f 4550 4549 4469
f 4631 4630 4550
f 4712 4711 4631
f 4793 4792 4712
f 4874 4873 4793
f 4955 4954 4874
f 5036 5035 4955
f 5117 5116 5036
f 5198 5197 5117
f 5279 5278 5198
f 5360 5359 5279
f 5441 5440 5360
f 5522 5521 5441
f 5603 5602 5522
f 5684 5683 5603
f 5765 5764 5684
f 5846 5845 5765
f 5927 5926 5846
f 6008 6007 5927
f 6089 6088 6008
f 6170 6169 6089
f 6251 6250 6170
f 6332 6331 6251
f 6413 6412 6332
f 6494 6493 6413
f 96 95 15
f 177 176 96
f 258 257 177
f 339 338 258
f 420 419 339
f 501 500 420
f 582 581 501
f 663 662 582
f 744 743 663
f 825 824 744
f 906 905 825
f 987 986 906
f 1068 1067 987
f 1149 1148 1068
f 1230 1229 1149
f 1311 1310 1230
f 1392 1391 1311
f 1473 1472 1392
f 1554 1553 1473
f 1635 1634 1554
f 1716 1715 1635
f 1797 1796 1716
f 1878 1877 1797
f 1959 1958 1878
f 2040 2039 1959
f 2121 2120 2040
f 2202 2201 2121
f 2283 2282 2202
f 2364 2363 2283
f 2445 2444 2364
f 2526 2525 2445
f 2607 2606 2526
f 2688 2687 2607
f 2769 2768 2688
f 2850 2849 2769
f 2931 2930 2850
f 3012 3011 2931
f 3093 3092 3012
f 3174 3173 3093
f 3255 3254 3174
f 3336 3335 3255
f 3417 3416 3336
f 3498 3497 3417
f 3579 3578 3498
f 3660 3659 3579
f 3741 3740 3660
f 3822 3821 3741
f 3903 3902 3822
f 3984 3983 3903
f 4065 4064 3984
f 4146 4145 4065
f 4227 4226 4146
f 4308 4307 4227
f 4389 4388 4308
f 4470 4469 4389
f 4551 4550 4470
f 4632 4631 4551
f 4713 4712 4632
f 4794 4793 4713
f 4875 4874 4794
f 4956 4955 4875
f 5037 5036 4956
f 5118 5117 5037
f 5199 5198 5118
f 5280 5279 5199
f 5361 5360 5280
f 5442 5441 5361
f 5523 5522 5442
f 5604 5603 5523
f 5685 5684 5604
f 5766 5765 5685
f 5847 5846 5766
f 5928 5927 5847
f 6009 6008 5928
f 6090 6089 6009
f 6171 6170 6090
f 6252 6251 6171
f 6333 6332 6252
f 6414 6413 6333
f 6495 6494 6414
f 97 96 16
f 178 177 97
f 259 258 178
f 340 339 259
f 421 420 340
f 502 501 421
f 583 582 502
f 664 663 583
f 745 744 664
f 826 825 745
f 907 906 826
f 988 987 907
f 1069 1068 988
f 1150 1149 1069
f 1231 1230 1150
f 1312 1311 1231
f 1393 1392 1312
f 1474 1473 1393
f 1555 1554 1474
f 1636 1635 1555
f 1717 1716 1636
f 1798 1797 1717
f 1879 1878 1798
f 1960 1959 1879
f 2041 2040 1960
f 2122 2121 2041
f 2203 2202 2122
f 2284 2283 2203
f 2365 2364 2284
f 2446 2445 2365
f 2527 2526 2446
f 2608 2607 2527
f 2689 2688 2608
f 2770 2769 2689
f 2851 2850 2770
f 2932 2931 2851
f 3013 3012 2932
f 3094 3093 3013
f 3175 3174 3094
f 3256 3255 3175
f 3337 3336 3256
f 3418 3417 3337
f 3499 3498 3418
f 3580 3579 3499
f 3661 3660 3580
f 3742 3741 3661
f 3823 3822 3742
f 3904 3903 3823
f 3985 3984 3904
f 4066 4065 3985
f 4147 4146 4066
f 4228 4227 4147
f 4309 4308 4228
f 4390 4389 4309
f 4471 4470 4390
f 4552 4551 4471
f 4633 4632 4552
f 4714 4713 4633
f 4795 4794 4714
f 4876 4875 4795
f 4957 4956 4876
f 5038 5037 4957
f 5119 5118 5038
f 5200 5199 5119
f 5281 5280 5200
f 5362 5361 5281
f 5443 5442 5362
f 5524 5523 5443
f 5605 5604 5524
f 5686 5685 5605
f 5767 5766 5686
f 5848 5847 5767
f 5929 5928 5848
f 6010 6009 5929
f 6091 6090 6010
f 6172 6171 6091
f 6253 6252 6172
f 6334 6333 6253
f 6415 6414 6334
f 6496 6495 6415
f 98 97 17
f 179 178 98
f 260 259 179
f 341 340 260
f 422 421 341
f 503 502 422
f 584 583 503
f 665 664 584
f 746 745 665
f 827 826 746
f 908 907 827
f 989 988 908
f 1070 1069 989
f 1151 1150 1070
f 1232 1231 1151
f 1313 1312 1232
f 1394 1393 1313
f 1475 1474 1394
f 1556 1555 1475
f 1637 1636 1556
f 1718 1717 1637
f 1799 1798 1718
f 1880 1879 1799
f 1961 1960 1880
f 2042 2041 1961
f 2123 2122 2042
f 2204 2203 2123
f 2285 2284 2204
f 2366 2365 2285
f 2447 2446 2366
f 2528 2527 2447
f 2609 2608 2528
f 2690 2689 2609
f 2771 2770 2690
f 2852 2851 2771
f 2933 2932 2852
f 3014 3013 2933
f 3095 3094 3014
f 3176 3175 3095
f 3257 3256 3176
f 3338 3337 3257
f 3419 3418 3338
f 3500 3499 3419
f 3581 3580 3500
f 3662 3661 3581
f 3743 3742 3662
f 3824 3823 3743
f 3905 3904 3824
f 3986 3985 3905
f 4067 4066 3986
f 4148 4147 4067
f 4229 4228 4148
f 4310 4309 4229
f 4391 4390 4310
f 4472 4471 4391
f 4553 4552 4472
f 4634 4633 4553
f 4715 4714 4634
f 4796 4795 4715
f 4877 4876 4796
f 4958 4957 4877
f 5039 5038 4958
f 5120 5119 5039
f 5201 5200 5120
f 5282 5281 5201
f 5363 5362 5282
f 5444 5443 5363
f 5525 5524 5444
f 5606 5605 5525
f 5687 5686 5606
f 5768 5767 5687
f 5849 5848 5768
f 5930 5929 5849
f 6011 6010 5930
f 6092 6091 6011
f 6173 6172 6092
f 6254 6253 6173
f 6335 6334 6254
f 6416 6415 6335
f 6497 6496 6416
f 99 98 18
f 180 179 99
f 261 260 180
f 342 341 261
f 423 422 342
f 504 503 423
f 585 584 504
f 666 665 585
f 747 746 666
f 828 827 747
f 909 908 828
f 990 989 909
f 1071 1070 990
f 1152 1151 1071
f 1233 1232 1152
f 1314 1313 1233
f 1395 1394 1314
f 1476 1475 1395
f 1557 1556 1476
f 1638 1637 1557
f 1719 1718 1638
f 1800 1799 1719
f 1881 1880 1800
f 1962 1961 1881
f 2043 2042 1962
f 2124 2123 2043
f 2205 2204 2124
f 2286 2285 2205
f 2367 2366 2286
f 2448 2447 2367
f 2529 2528 2448
f 2610 2609 2529
f 2691 2690 2610
f 2772 2771 2691
f 2853 2852 2772
f 2934 2933 2853
f 3015 3014 2934
f 3096 3095 3015
f 3177 3176 3096
f 3258 3257 3177
f 3339 3338 3258
f 3420 3419 3339
f 3501 3500 3420
f 3582 3581 3501
f 3663 3662 3582
f 3744 3743 3663
f 3825 3824 3744
f 3906 3905 3825
f 3987 3986 3906
f 4068 4067 3987
f 4149 4148 4068
f 4230 4229 4149
f 4311 4310 4230
f 4392 4391 4311
f 4473 4472 4392
f 4554 4553 4473
f 4635 4634 4554
f 4716 4715 4635
f 4797 4796 4716
f 4878 4877 4797
f 4959 4958 4878
f 5040 5039 4959
f 5121 5120 5040
f 5202 5201 5121
f 5283 5282 5202
f 5364 5363 5283
f 5445 5444 5364
f 5526 5525 5445
f 5607 5606 5526
f 5688 5687 5607
f 5769 5768 5688
f 5850 5849 5769
f 5931 5930 5850
f 6012 6011 5931
f 6093 6092 6012
f 6174 6173 6093
f 6255 6254 6174
f 6336 6335 6255
f 6417 6416 6336
f 6498 6497 6417
f 100 99 19
f 181 180 100
f 262 261 181
f 343 342 262
f 424 423 343
f 505 504 424
f 586 585 505
f 667 666 586
f 748 747 667
f 829 828 748
f 910 909 829
f 991 990 910
f 1072 1071 991
f 1153 1152 1072
f 1234 1233 1153
f 1315 1314 1234
f 1396 1395 1315
f 1477 1476 1396
f 1558 1557 1477
f 1639 1638 1558
f 1720 1719 1639
f 1801 1800 1720
f 1882 1881 1801
f 1963 1962 1882
f 2044 2043 1963
f 2125 2124 2044
f 2206 2205 2125
f 2287 2286 2206
f 2368 2367 2287
f 2449 2448 2368
f 2530 2529 2449
f 2611 2610 2530
f 2692 2691 2611
f 2773 2772 2692
f 2854 2853 2773
f 2935 2934 2854
f 3016 3015 2935
f 3097 3096 3016
f 3178 3177 3097
f 3259 3258 3178
f 3340 3339 3259
f 3421 3420 3340
f 3502 3501 3421
f 3583 3582 3502
f 3664 3663 3583
f 3745 3744 3664
f 3826 3825 3745
f 3907 3906 3826
f 3988 3987 3907
f 4069 4068 3988
f 4150 4149 4069
f 4231 4230 4150
f 4312 4311 4231
f 4393 4392 4312
f 4474 4473 4393
f 4555 4554 4474
f 4636 4635 4555
f 4717 4716 4636
f 4798 4797 4717
f 4879 4878 4798
f 4960 4959 4879
f 5041 5040 4960
f 5122 5121 5041
f 5203 5202 5122
f 5284 5283 5203
f 5365 5364 5284
f 5446 5445 5365
f 5527 5526 5446
f 5608 5607 5527
f 5689 5688 5608
f 5770 5769 5689
f 5851 5850 5770
f 5932 5931 5851
f 6013 6012 5932
f 6094 6093 6013
f 6175 6174 6094
f 6256 6255 6175
f 6337 6336 6256
f 6418 6417 6337
f 6499 6498 6418
f 101 100 20
f 182 181 101
f 263 262 182
f 344 343 263
f 425 424 344
f 506 505 425
f 587 586 506
f 668 667 587
f 749 748 668
f 830 829 749
f 911 910 830
f 992 991 911
f 1073 1072 992
f 1154 1153 1073
f 1235 1234 1154
f 1316 1315 1235
f 1397 1396 1316
f 1478 1477 1397
f 1559 1558 1478
f 1640 1639 1559
f 1721 1720 1640
f 1802 1801 1721
f 1883 1882 1802
f 1964 1963 1883
f 2045 2044 1964
f 2126 2125 2045
f 2207 2206 2126
f 2288 2287 2207
f 2369 2368 2288
f 2450 2449 2369
f 2531 2530 2450
f 2612 2611 2531
f 2693 2692 2612
f 2774 2773 2693
f 2855 2854 2774
f 2936 2935 2855
f 3017 3016 2936
f 3098 3097 3017
f 3179 3178 3098
f 3260 3259 3179
f 3341 3340 3260
f 3422 3421 3341
f 3503 3502 3422
f 3584 3583 3503
f 3665 3664 3584
f 3746 3745 3665
f 3827 3826 3746
f 3908 3907 3827
f 3989 3988 3908
f 4070 4069 3989
f 4151 4150 4070
f 4232 4231 4151
f 4313 4312 4232
f 4394 4393 4313
f 4475 4474 4394
f 4556 4555 4475
f 4637 4636 4556
f 4718 4717 4637
f 4799 4798 4718
f 4880 4879 4799
f 4961 4960 4880
f 5042 5041 4961
f 5123 5122 5042
f 5204 5203 5123
f 5285 5284 5204
f 5366 5365 5285
f 5447 5446 5366
f 5528 5527 5447
f 5609 5608 5528
f 5690 5689 5609
f 5771 5770 5690
f 5852 5851 5771
f 5933 5932 5852
f 6014 6013 5933
f 6095 6094 6014
f 6176 6175 6095
f 6257 6256 6176
f 6338 6337 6257
f 6419 6418 6338
f 6500 6499 6419
f 102 101 21
f 183 182 102
f 264 263 183
f 345 344 264
f 426 425 345
f 507 506 426
f 588 587 507
f 669 668 588
f 750 749 669
f 831 830 750
f 912 911 831
f 993 992 912
f 1074 1073 993
f 1155 1154 1074
f 1236 1235 1155
f 1317 1316 1236
f 1398 1397 1317
f 1479 1478 1398
f 1560 1559 1479
f 1641 1640 1560
f 1722 1721 1641
f 1803 1802 1722
f 1884 1883 1803
f 1965 1964 1884
f 2046 2045 1965
f 2127 2126 2046
f 2208 2207 2127
f 2289 2288 2208
f 2370 2369 2289
f 2451 2450 2370
f 2532 2531 2451
f 2613 2612 2532
f 2694 2693 2613
f 2775 2774 2694
f 2856 2855 2775
f 2937 2936 2856
f 3018 3017 2937
f 3099 3098 3018
f 3180 3179 3099
f 3261 3260 3180
f 3342 3341 3261
f 3423 3422 3342
f 3504 3503 3423
f 3585 3584 3504
f 3666 3665 3585
f 3747 3746 3666
f 3828 3827 3747
f 3909 3908 3828
f 3990 3989 3909
f 4071 4070 3990
f 4152 4151 4071
f 4233 4232 4152
f 4314 4313 4233
f 4395 4394 4314
f 4476 4475 4395
f 4557 4556 4476
f 4638 4637 4557
f 4719 4718 4638
f 4800 4799 4719
f 4881 4880 4800
f 4962 4961 4881
f 5043 5042 4962
f 5124 5123 5043
f 5205 5204 5124
f 5286 5285 5205
f 5367 5366 5286
f 5448 5447 5367
f 5529 5528 5448
f 5610 5609 5529
f 5691 5690 5610
f 5772 5771 5691
f 5853 5852 5772
f 5934 5933 5853
f 6015 6014 5934
f 6096 6095 6015
f 6177 6176 6096
f 6258 6257 6177
f 6339 6338 6258
f 6420 6419 6339
f 6501 6500 6420
f 103 102 22
f 184 183 103
f 265 264 184
f 346 345 265
f 427 426 346
f 508 507 427
f 589 588 508
f 670 669 589
f 751 750 670
f 832 831 751
f 913 912 832
f 994 993 913
f 1075 1074 994
f 1156 1155 1075
f 1237 1236 1156
f 1318 1317 1237
f 1399 1398 1318
f 1480 1479 1399
f 1561 1560 1480
f 1642 1641 1561
f 1723 1722 1642
f 1804 1803 1723
f 1885 1884 1804
f 1966 1965 1885
f 2047 2046 1966
f 2128 2127 2047
f 2209 2208 2128
f 2290 2289 2209
f 2371 2370 2290
f 2452 2451 2371
f 2533 2532 2452
f 2614 2613 2533
f 2695 2694 2614
f 2776 2775 2695
f 2857 2856 2776
f 2938 2937 2857
f 3019 3018 2938
f 3100 3099 3019
f 3181 3180 3100
f 3262 3261 3181
f 3343 3342 3262
f 3424 3423 3343
f 3505 3504 3424
f 3586 3585 3505
f 3667 3666 3586
f 3748 3747 3667
f 3829 3828 3748
f 3910 3909 3829
f 3991 3990 3910
f 4072 4071 3991
f 4153 4152 4072
f 4234 4233 4153
f 4315 4314 4234
f 4396 4395 4315
f 4477 4476 4396
f 4558 4557 4477
f 4639 4638 4558
f 4720 4719 4639
f 4801 4800 4720
f 4882 4881 4801
f 4963 4962 4882
f 5044 5043 4963
f 5125 5124 5044
f 5206 5205 5125
f 5287 5286 5206
f 5368 5367 5287
f 5449 5448 5368
f 5530 5529 5449
f 5611 5610 5530
f 5692 5691 5611
f 5773 5772 5692
f 5854 5853 5773
f 5935 5934 5854
f 6016 6015 5935
f 6097 6096 6016
f 6178 6177 6097
f 6259 6258 6178
f 6340 6339 6259
f 6421 6420 6340
f 6502 6501 6421
f 104 103 23
f 185 184 104
f 266 265 185
f 347 346 266
f 428 427 347
f 509 508 428
f 590 589 509
f 671 670 590
f 752 751 671
f 833 832 752
f 914 913 833
f 995 994 914
f 1076 1075 995
f 1157 1156 1076
f 1238 1237 1157
f 1319 1318 1238
f 1400 1399 1319
f 1481 1480 1400
f 1562 1561 1481
f 1643 1642 1562
f 1724 1723 1643
f 1805 1804 1724
f 1886 1885 1805
f 1967 1966 1886
f 2048 2047 1967
f 2129 2128 2048
f 2210 2209 2129
f 2291 2290 2210
f 2372 2371 2291
f 2453 2452 2372
f 2534 2533 2453
f 2615 2614 2534
f 2696 2695 2615
f 2777 2776 2696
f 2858 2857 2777
f 2939 2938 2858
f 3020 3019 2939
f 3101 3100 3020
f 3182 3181 3101
f 3263 3262 3182
f 3344 3343 3263
f 3425 3424 3344
f 3506 3505 3425
f 3587 3586 3506
f 3668 3667 3587
f 3749 3748 3668
f 3830 3829 3749
f 3911 3910 3830
f 3992 3991 3911
f 4073 4072 3992
f 4154 4153 4073
f 4235 4234 4154
f 4316 4315 4235
f 4397 4396 4316
f 4478 4477 4397
f 4559 4558 4478
f 4640 4639 4559
f 4721 4720 4640
f 4802 4801 4721
f 4883 4882 4802
f 4964 4963 4883
f 5045 5044 4964
f 5126 5125 5045
f 5207 5206 5126
f 5288 5287 5207
f 5369 5368 5288
f 5450 5449 5369
f 5531 5530 5450
f 5612 5611 5531
f 5693 5692 5612
f 5774 5773 5693
f 5855 5854 5774
f 5936 5935 5855
f 6017 6016 5936
f 6098 6097 6017
f 6179 6178 6098
f 6260 6259 6179
f 6341 6340 6260
f 6422 6421 6341
f 6503 6502 6422
f 105 104 24
f 186 185 105
f 267 266 186
f 348 347 267
f 429 428 348
f 510 509 429
f 591 590 510
f 672 671 591
f 753 752 672
f 834 833 753
f 915 914 834
f 996 995 915
f 1077 1076 996
f 1158 1157 1077
f 1239 1238 1158
f 1320 1319 1239
f 1401 1400 1320
f 1482 1481 1401
f 1563 1562 1482
f 1644 1643 1563
f 1725 1724 1644
f 1806 1805 1725
f 1887 1886 1806
f 1968 1967 1887
f 2049 2048 1968
f 2130 2129 2049
f 2211 2210 2130
f 2292 2291 2211
f 2373 2372 2292
f 2454 2453 2373
f 2535 2534 2454
f 2616 2615 2535
f 2697 2696 2616
f 2778 2777 2697
f 2859 2858 2778
f 2940 2939 2859
f 3021 3020 2940
f 3102 3101 3021
f 3183 3182 3102
f 3264 3263 3183
f 3345 3344 3264
f 3426 3425 3345
f 3507 3506 3426
f 3588 3587 3507
f 3669 3668 3588
f 3750 3749 3669
f 3831 3830 3750
f 3912 3911 3831
f 3993 3992 3912
f 4074 4073 3993
f 4155 4154 4074
f 4236 4235 4155
f 4317 4316 4236
f 4398 4397 4317
f 4479 4478 4398
f 4560 4559 4479
f 4641 4640 4560
f 4722 4721 4641
f 4803 4802 4722
f 4884 4883 4803
f 4965 4964 4884
f 5046 5045 4965
f 5127 5126 5046
f 5208 5207 5127
f 5289 5288 5208
f 5370 5369 5289
f 5451 5450 5370
f 5532 5531 5451
f 5613 5612 5532
f 5694 5693 5613
f 5775 5774 5694
f 5856 5855 5775
f 5937 5936 5856
f 6018 6017 5937
f 6099 6098 6018
f 6180 6179 6099
f 6261 6260 6180
f 6342 6341 6261
f 6423 6422 6342
f 6504 6503 6423
f 106 105 25
f 187 186 106
f 268 267 187
f 349 348 268
f 430 429 349
f 511 510 430
f 592 591 511
f 673 672 592
f 754 753 673
f 835 834 754
f 916 915 835
f 997 996 916
f 1078 1077 997
f 1159 1158 1078
f 1240 1239 1159
f 1321 1320 1240
f 1402 1401 1321
f 1483 1482 1402
f 1564 1563 1483
f 1645 1644 1564
f 1726 1725 1645
f 1807 1806 1726
f 1888 1887 1807
f 1969 1968 1888
f 2050 2049 1969
f 2131 2130 2050
f 2212 2211 2131
f 2293 2292 2212
f 2374 2373 2293
f 2455 2454 2374
f 2536 2535 2455
f 2617 2616 2536
f 2698 2697 2617
f 2779 2778 2698
f 2860 2859 2779
f 2941 2940 2860
f 3022 3021 2941
f 3103 3102 3022
f 3184 3183 3103
f 3265 3264 3184
f 3346 3345 3265
f 3427 3426 3346
f 3508 3507 3427
f 3589 3588 3508
f 3670 3669 3589
f 3751 3750 3670
f 3832 3831 3751
f 3913 3912 3832
f 3994 3993 3913
f 4075 4074 3994
f 4156 4155 4075
f 4237 4236 4156
f 4318 4317 4237
f 4399 4398 4318
f 4480 4479 4399
f 4561 4560 4480
f 4642 4641 4561
f 4723 4722 4642
f 4804 4803 4723
f 4885 4884 4804
f 4966 4965 4885
f 5047 5046 4966
f 5128 5127 5047
f 5209 5208 5128
f 5290 5289 5209
f 5371 5370 5290
f 5452 5451 5371
f 5533 5532 5452
f 5614 5613 5533
f 5695 5694 5614
f 5776 5775 5695
f 5857 5856 5776
f 5938 5937 5857
f 6019 6018 5938
f 6100 6099 6019
f 6181 6180 6100
f 6262 6261 6181
f 6343 6342 6262
f 6424 6423 6343
f 6505 6504 6424
f 107 106 26
f 188 187 107
f 269 268 188
f 350 349 269
f 431 430 350
f 512 511 431
f 593 592 512
f 674 673 593
f 755 754 674
f 836 835 755
f 917 916 836
f 998 997 917
f 1079 1078 998
f 1160 1159 1079
f 1241 1240 1160
f 1322 1321 1241
f 1403 1402 1322
f 1484 1483 1403
f 1565 1564 1484
f 1646 1645 1565
f 1727 1726 1646
f 1808 1807 1727
f 1889 1888 1808
f 1970 1969 1889
f 2051 2050 1970
f 2132 2131 2051
f 2213 2212 2132
f 2294 2293 2213
f 2375 2374 2294
f 2456 2455 2375
f 2537 2536 2456
f 2618 2617 2537
f 2699 2698 2618
f 2780 2779 2699
f 2861 2860 2780
f 2942 2941 2861
f 3023 3022 2942
f 3104 3103 3023
f 3185 3184 3104
f 3266 3265 3185
f 3347 3346 3266
f 3428 3427 3347
f 3509 3508 3428
f 3590 3589 3509
f 3671 3670 3590
f 3752 3751 3671
f 3833 3832 3752
f 3914 3913 3833
f 3995 3994 3914
f 4076 4075 3995
f 4157 4156 4076
f 4238 4237 4157
f 4319 4318 4238
f 4400 4399 4319
f 4481 4480 4400
f 4562 4561 4481
f 4643 4642 4562
f 4724 4723 4643
f 4805 4804 4724
f 4886 4885 4805
f 4967 4966 4886
f 5048 5047 4967
f 5129 5128 5048
f 5210 5209 5129
f 5291 5290 5210
f 5372 5371 5291
f 5453 5452 5372
f 5534 5533 5453
f 5615 5614 5534
f 5696 5695 5615
f 5777 5776 5696
f 5858 5857 5777
f 5939 5938 5858
f 6020 6019 5939
f 6101 6100 6020
f 6182 6181 6101
f 6263 6262 6182
f 6344 6343 6263
f 6425 6424 6344
f 6506 6505 6425
f 108 107 27
f 189 188 108
f 270 269 189
f 351 350 270
f 432 431 351
f 513 512 432
f 594 593 513
f 675 674 594
f 756 755 675
f 837 836 756
f 918 917 837
f 999 998 918
f 1080 1079 999
f 1161 1160 1080
f 1242 1241 1161
f 1323 1322 1242
f 1404 1403 1323
f 1485 1484 1404
f 1566 1565 1485
f 1647 1646 1566
f 1728 1727 1647
f 1809 1808 1728
f 1890 1889 1809
f 1971 1970 1890
f 2052 2051 1971
f 2133 2132 2052
f 2214 2213 2133
f 2295 2294 2214
f 2376 2375 2295
f 2457 2456 2376
f 2538 2537 2457
f 2619 2618 2538
f 2700 2699 2619
f 2781 2780 2700
f 2862 2861 2781
f 2943 2942 2862
f 3024 3023 2943
f 3105 3104 3024
f 3186 3185 3105
f 3267 3266 3186
f 3348 3347 3267
f 3429 3428 3348
f 3510 3509 3429
f 3591 3590 3510
f 3672 3671 3591
f 3753 3752 3672
f 3834 3833 3753
f 3915 3914 3834
f 3996 3995 3915
f 4077 4076 3996
f 4158 4157 4077
f 4239 4238 4158
f 4320 4319 4239
f 4401 4400 4320
f 4482 4481 4401
f 4563 4562 4482
f 4644 4643 4563
f 4725 4724 4644
f 4806 4805 4725
f 4887 4886 4806
f 4968 4967 4887
f 5049 5048 4968
f 5130 5129 5049
f 5211 5210 5130
f 5292 5291 5211
f 5373 5372 5292
f 5454 5453 5373
f 5535 5534 5454
f 5616 5615 5535
f 5697 5696 5616
f 5778 5777 5697
f 5859 5858 5778
f 5940 5939 5859
f 6021 6020 5940
f 6102 6101 6021
f 6183 6182 6102
f 6264 6263 6183
f 6345 6344 6264
f 6426 6425 6345
f 6507 6506 6426
f 109 108 28
f 190 189 109
f 271 270 190
f 352 351 271
f 433 432 352
f 514 513 433
f 595 594 514
f 676 675 595
f 757 756 676
f 838 837 757
f 919 918 838
f 1000 999 919
f 1081 1080 1000
f 1162 1161 1081
f 1243 1242 1162
f 1324 1323 1243
f 1405 1404 1324
f 1486 1485 1405
f 1567 1566 1486
f 1648 1647 1567
f 1729 1728 1648
f 1810 1809 1729
f 1891 1890 1810
f 1972 1971 1891
f 2053 2052 1972
f 2134 2133 2053
f 2215 2214 2134
f 2296 2295 2215
f 2377 2376 2296
f 2458 2457 2377
f 2539 2538 2458
f 2620 2619 2539
f 2701 2700 2620
f 2782 2781 2701
f 2863 2862 2782
f 2944 2943 2863
f 3025 3024 2944
f 3106 3105 3025
f 3187 3186 3106
f 3268 3267 3187
f 3349 3348 3268
f 3430 3429 3349
f 3511 3510 3430
f 3592 3591 3511
f 3673 3672 3592
f 3754 3753 3673
f 3835 3834 3754
f 3916 3915 3835
f 3997 3996 3916
f 4078 4077 3997
f 4159 4158 4078
f 4240 4239 4159
f 4321 4320 4240
f 4402 4401 4321
f 4483 4482 4402
f 4564 4563 4483
f 4645 4644 4564
f 4726 4725 4645
f 4807 4806 4726
f 4888 4887 4807
f 4969 4968 4888
f 5050 5049 4969
f 5131 5130 5050
f 5212 5211 5131
f 5293 5292 5212
f 5374 5373 5293
f 5455 5454 5374
f 5536 5535 5455
f 5617 5616 5536
f 5698 5697 5617
f 5779 5778 5698
f 5860 5859 5779
f 5941 5940 5860
f 6022 6021 5941
f 6103 6102 6022
f 6184 6183 6103
f 6265 6264 6184
f 6346 6345 6265
f 6427 6426 6346
f 6508 6507 6427
f 110 109 29
f 191 190 110
f 272 271 191
f 353 352 272
f 434 433 353
f 515 514 434
f 596 595 515
f 677 676 596
f 758 757 677
f 839 838 758
f 920 919 839
f 1001 1000 920
f 1082 1081 1001
f 1163 1162 1082
f 1244 1243 1163
f 1325 1324 1244
f 1406 1405 1325
f 1487 1486 1406
f 1568 1567 1487
f 1649 1648 1568
f 1730 1729 1649
f 1811 1810 1730
f 1892 1891 1811
f 1973 1972 1892
f 2054 2053 1973
f 2135 2134 2054
f 2216 2215 2135
f 2297 2296 2216
f 2378 2377 2297
f 2459 2458 2378
f 2540 2539 2459
f 2621 2620 2540
f 2702 2701 2621
f 2783 2782 2702
f 2864 2863 2783
f 2945 2944 2864
f 3026 3025 2945
f 3107 3106 3026
f 3188 3187 3107
f 3269 3268 3188
f 3350 3349 3269
f 3431 3430 3350
f 3512 3511 3431
f 3593 3592 3512
f 3674 3673 3593
f 3755 3754 3674
f 3836 3835 3755
f 3917 3916 3836
f 3998 3997 3917
f 4079 4078 3998
f 4160 4159 4079
f 4241 4240 4160
f 4322 4321 4241
f 4403 4402 4322
f 4484 4483 4403
f 4565 4564 4484
f 4646 4645 4565
f 4727 4726 4646
f 4808 4807 4727
f 4889 4888 4808
f 4970 4969 4889
f 5051 5050 4970
f 5132 5131 5051
f 5213 5212 5132
f 5294 5293 5213
f 5375 5374 5294
f 5456 5455 5375
f 5537 5536 5456
f 5618 5617 5537
f 5699 5698 5618
f 5780 5779 5699
f 5861 5860 5780
f 5942 5941 5861
f 6023 6022 5942
f 6104 6103 6023
f 6185 6184 6104
f 6266 6265 6185
f 6347 6346 6266
f 6428 6427 6347
f 6509 6508 6428
f 111 110 30
f 192 191 111
f 273 272 192
f 354 353 273
f 435 434 354
f 516 515 435
f 597 596 516
f 678 677 597
f 759 758 678
f 840 839 759
f 921 920 840
f 1002 1001 921
f 1083 1082 1002
f 1164 1163 1083
f 1245 1244 1164
f 1326 1325 1245
f 1407 1406 1326
f 1488 1487 1407
f 1569 1568 1488
f 1650 1649 1569
f 1731 1730 1650
f 1812 1811 1731
f 1893 1892 1812
f 1974 1973 1893
f 2055 2054 1974
f 2136 2135 2055
f 2217 2216 2136
f 2298 2297 2217
f 2379 2378 2298
f 2460 2459 2379
f 2541 2540 2460
f 2622 2621 2541
f 2703 2702 2622
f 2784 2783 2703
f 2865 2864 2784
f 2946 2945 2865
f 3027 3026 2946
f 3108 3107 3027
f 3189 3188 3108
f 3270 3269 3189
f 3351 3350 3270
f 3432 3431 3351
f 3513 3512 3432
f 3594 3593 3513
f 3675 3674 3594
f 3756 3755 3675
f 3837 3836 3756
f 3918 3917 3837
f 3999 3998 3918
f 4080 4079 3999
f 4161 4160 4080
f 4242 4241 4161
f 4323 4322 4242
f 4404 4403 4323
f 4485 4484 4404
f 4566 4565 4485
f 4647 4646 4566
f 4728 4727 4647
f 4809 4808 4728
f 4890 4889 4809
f 4971 4970 4890
f 5052 5051 4971
f 5133 5132 5052
f 5214 5213 5133
f 5295 5294 5214
f 5376 5375 5295
f 5457 5456 5376
f 5538 5537 5457
f 5619 5618 5538
f 5700 5699 5619
f 5781 5780 5700
f 5862 5861 5781
f 5943 5942 5862
f 6024 6023 5943
f 6105 6104 6024
f 6186 6185 6105
f 6267 6266 6186
f 6348 6347 6267
f 6429 6428 6348
f 6510 6509 6429
f 112 111 31
f 193 192 112
f 274 273 193
f 355 354 274
f 436 435 355
f 517 516 436
f 598 597 517
f 679 678 598
f 760 759 679
f 841 840 760
f 922 921 841
f 1003 1002 922
f 1084 1083 1003
f 1165 1164 1084
f 1246 1245 1165
f 1327 1326 1246
f 1408 1407 1327
f 1489 1488 1408
f 1570 1569 1489
f 1651 1650 1570
f 1732 1731 1651
f 1813 1812 1732
f 1894 1893 1813
f 1975 1974 1894
f 2056 2055 1975
f 2137 2136 2056
f 2218 2217 2137
f 2299 2298 2218
f 2380 2379 2299
f 2461 2460 2380
f 2542 2541 2461
f 2623 2622 2542
f 2704 2703 2623
f 2785 2784 2704
f 2866 2865 2785
f 2947 2946 2866
f 3028 3027 2947
f 3109 3108 3028
f 3190 3189 3109
f 3271 3270 3190
f 3352 3351 3271
f 3433 3432 3352
f 3514 3513 3433
f 3595 3594 3514
f 3676 3675 3595
f 3757 3756 3676
f 3838 3837 3757
f 3919 3918 3838
f 4000 3999 3919
f 4081 4080 4000
f 4162 4161 4081
f 4243 4242 4162
f 4324 4323 4243
f 4405 4404 4324
f 4486 4485 4405
f 4567 4566 4486
f 4648 4647 4567
f 4729 4728 4648
f 4810 4809 4729
f 4891 4890 4810
f 4972 4971 4891
f 5053 5052 4972
f 5134 5133 5053
f 5215 5214 5134
f 5296 5295 5215
f 5377 5376 5296
f 5458 5457 5377
f 5539 5538 5458
f 5620 5619 5539
f 5701 5700 5620
f 5782 5781 5701
f 5863 5862 5782
f 5944 5943 5863
f 6025 6024 5944
f 6106 6105 6025
f 6187 6186 6106
f 6268 6267 6187
f 6349 6348 6268
f 6430 6429 6349
f 6511 6510 6430
f 113 112 32
f 194 193 113
f 275 274 194
f 356 355 275
f 437 436 356
f 518 517 437
f 599 598 518
f 680 679 599
f 761 760 680
f 842 841 761
f 923 922 842
f 1004 1003 923
f 1085 1084 1004
f 1166 1165 1085
f 1247 1246 1166
f 1328 1327 1247
f 1409 1408 1328
f 1490 1489 1409
f 1571 1570 1490
f 1652 1651 1571
f 1733 1732 1652
f 1814 1813 1733
f 1895 1894 1814
f 1976 1975 1895
f 2057 2056 1976
f 2138 2137 2057
f 2219 2218 2138
f 2300 2299 2219
f 2381 2380 2300
f 2462 2461 2381
f 2543 2542 2462
f 2624 2623 2543
f 2705 2704 2624
f 2786 2785 2705
f 2867 2866 2786
f 2948 2947 2867
f 3029 3028 2948
f 3110 3109 3029
f 3191 3190 3110
f 3272 3271 3191
f 3353 3352 3272
f 3434 3433 3353
f 3515 3514 3434
f 3596 3595 3515
f 3677 3676 3596
f 3758 3757 3677
f 3839 3838 3758
f 3920 3919 3839
f 4001 4000 3920
f 4082 4081 4001
f 4163 4162 4082
f 4244 4243 4163
f 4325 4324 4244
f 4406 4405 4325
f 4487 4486 4406
f 4568 4567 4487
f 4649 4648 4568
f 4730 4729 4649
f 4811 4810 4730
f 4892 4891 4811
f 4973 4972 4892
f 5054 5053 4973
f 5135 5134 5054
f 5216 5215 5135
f 5297 5296 5216
f 5378 5377 5297
f 5459 5458 5378
f 5540 5539 5459
f 5621 5620 5540
f 5702 5701 5621
f 5783 5782 5702
f 5864 5863 5783
f 5945 5944 5864
f 6026 6025 5945
f 6107 6106 6026
f 6188 6187 6107
f 6269 6268 6188
f 6350 6349 6269
f 6431 6430 6350
f 6512 6511 6431
f 114 113 33
f 195 194 114
f 276 275 195
f 357 356 276
f 438 437 357
f 519 518 438
f 600 599 519
f 681 680 600
f 762 761 681
f 843 842 762
f 924 923 843
f 1005 1004 924
f 1086 1085 1005
f 1167 1166 1086
f 1248 1247 1167
f 1329 1328 1248
f 1410 1409 1329
f 1491 1490 1410
f 1572 1571 1491
f 1653 1652 1572
f 1734 1733 1653
f 1815 1814 1734
f 1896 1895 1815
f 1977 1976 1896
f 2058 2057 1977
f 2139 2138 2058
f 2220 2219 2139
f 2301 2300 2220
f 2382 2381 2301
f 2463 2462 2382
f 2544 2543 2463
f 2625 2624 2544
f 2706 2705 2625
f 2787 2786 2706
f 2868 2867 2787
f 2949 2948 2868
f 3030 3029 2949
f 3111 3110 3030
f 3192 3191 3111
f 3273 3272 3192
f 3354 3353 3273
f 3435 3434 3354
f 3516 3515 3435
f 3597 3596 3516
f 3678 3677 3597
f 3759 3758 3678
f 3840 3839 3759
f 3921 3920 3840
f 4002 4001 3921
f 4083 4082 4002
f 4164 4163 4083
f 4245 4244 4164
f 4326 4325 4245
f 4407 4406 4326
f 4488 4487 4407
f 4569 4568 4488
f 4650 4649 4569
f 4731 4730 4650
f 4812 4811 4731
f 4893 4892 4812
f 4974 4973 4893
f 5055 5054 4974
f 5136 5135 5055
f 5217 5216 5136
f 5298 5297 5217
f 5379 5378 5298
f 5460 5459 5379
f 5541 5540 5460
f 5622 5621 5541
f 5703 5702 5622
f 5784 5783 5703
f 5865 5864 5784
f 5946 5945 5865
f 6027 6026 5946
f 6108 6107 6027
f 6189 6188 6108
f 6270 6269 6189
f 6351 6350 6270
f 6432 6431 6351
f 6513 6512 6432
f 115 114 34
f 196 195 115
f 277 276 196
f 358 357 277
f 439 438 358
f 520 519 439
f 601 600 520
f 682 681 601
f 763 762 682
f 844 843 763
f 925 924 844
f 1006 1005 925
f 1087 1086 1006
f 1168 1167 1087
f 1249 1248 1168
f 1330 1329 1249
f 1411 1410 1330
f 1492 1491 1411
f 1573 1572 1492
f 1654 1653 1573
f 1735 1734 1654
f 1816 1815 1735
f 1897 1896 1816
f 1978 1977 1897
f 2059 2058 1978
f 2140 2139 2059
f 2221 2220 2140
f 2302 2301 2221
f 2383 2382 2302
f 2464 2463 2383
f 2545 2544 2464
f 2626 2625 2545
f 2707 2706 2626
f 2788 2787 2707
f 2869 2868 2788
f 2950 2949 2869
f 3031 3030 2950
f 3112 3111 3031
f 3193 3192 3112
f 3274 3273 3193
f 3355 3354 3274
f 3436 3435 3355
f 3517 3516 3436
f 3598 3597 3517
f 3679 3678 3598
f 3760 3759 3679
f 3841 3840 3760
f 3922 3921 3841
f 4003 4002 3922
f 4084 4083 4003
f 4165 4164 4084
f 4246 4245 4165
f 4327 4326 4246
f 4408 4407 4327
f 4489 4488 4408
f 4570 4569 4489
f 4651 4650 4570
f 4732 4731 4651
f 4813 4812 4732
f 4894 4893 4813
f 4975 4974 4894
f 5056 5055 4975
f 5137 5136 5056
f 5218 5217 5137
f 5299 5298 5218
f 5380 5379 5299
f 5461 5460 5380
f 5542 5541 5461
f 5623 5622 5542
f 5704 5703 5623
f 5785 5784 5704
f 5866 5865 5785
f 5947 5946 5866
f 6028 6027 5947
f 6109 6108 6028
f 6190 6189 6109
f 6271 6270 6190
f 6352 6351 6271
f 6433 6432 6352
f 6514 6513 6433
f 116 115 35
f 197 196 116
f 278 277 197
f 359 358 278
f 440 439 359
f 521 520 440
f 602 601 521
f 683 682 602
f 764 763 683
f 845 844 764
f 926 925 845
f 1007 1006 926
f 1088 1087 1007
f 1169 1168 1088
f 1250 1249 1169
f 1331 1330 1250
f 1412 1411 1331
f 1493 1492 1412
f 1574 1573 1493
f 1655 1654 1574
f 1736 1735 1655
f 1817 1816 1736
f 1898 1897 1817
f 1979 1978 1898
f 2060 2059 1979
f 2141 2140 2060
f 2222 2221 2141
f 2303 2302 2222
f 2384 2383 2303
f 2465 2464 2384
f 2546 2545 2465
f 2627 2626 2546
f 2708 2707 2627
f 2789 2788 2708
f 2870 2869 2789
f 2951 2950 2870
f 3032 3031 2951
f 3113 3112 3032
f 3194 3193 3113
f 3275 3274 3194
f 3356 3355 3275
f 3437 3436 3356
f 3518 3517 3437
f 3599 3598 3518
f 3680 3679 3599
f 3761 3760 3680
f 3842 3841 3761
f 3923 3922 3842
f 4004 4003 3923
f 4085 4084 4004
f 4166 4165 4085
f 4247 4246 4166
f 4328 4327 4247
f 4409 4408 4328
f 4490 4489 4409
f 4571 4570 4490
f 4652 4651 4571
f 4733 4732 4652
f 4814 4813 4733
f 4895 4894 4814
f 4976 4975 4895
f 5057 5056 4976
f 5138 5137 5057
f 5219 5218 5138
f 5300 5299 5219
f 5381 5380 5300
f 5462 5461 5381
f 5543 5542 5462
f 5624 5623 5543
f 5705 5704 5624
f 5786 5785 5705
f 5867 5866 5786
f 5948 5947 5867
f 6029 6028 5948
f 6110 6109 6029
f 6191 6190 6110
f 6272 6271 6191
f 6353 6352 6272
f 6434 6433 6353
f 6515 6514 6434
f 117 116 36
f 198 197 117
f 279 278 198
f 360 359 279
f 441 440 360
f 522 521 441
f 603 602 522
f 684 683 603
f 765 764 684
f 846 845 765
f 927 926 846
f 1008 1007 927
f 1089 1088 1008
f 1170 1169 1089
f 1251 1250 1170
f 1332 1331 1251
f 1413 1412 1332
f 1494 1493 1413
f 1575 1574 1494
f 1656 1655 1575
f 1737 1736 1656
f 1818 1817 1737
f 1899 1898 1818
f 1980 1979 1899
f 2061 2060 1980
f 2142 2141 2061
f 2223 2222 2142
f 2304 2303 2223
f 2385 2384 2304
f 2466 2465 2385
f 2547 2546 2466
f 2628 2627 2547
f 2709 2708 2628
f 2790 2789 2709
f 2871 2870 2790
f 2952 2951 2871
f 3033 3032 2952
f 3114 3113 3033
f 3195 3194 3114
f 3276 3275 3195
f 3357 3356 3276
f 3438 3437 3357
f 3519 3518 3438
f 3600 3599 3519
f 3681 3680 3600
f 3762 3761 3681
f 3843 3842 3762
f 3924 3923 3843
f 4005 4004 3924
f 4086 4085 4005
f 4167 4166 4086
f 4248 4247 4167
f 4329 4328 4248
f 4410 4409 4329
f 4491 4490 4410
f 4572 4571 4491
f 4653 4652 4572
f 4734 4733 4653
f 4815 4814 4734
f 4896 4895 4815
f 4977 4976 4896
f 5058 5057 4977
f 5139 5138 5058
f 5220 5219 5139
f 5301 5300 5220
f 5382 5381 5301
f 5463 5462 5382
f 5544 5543 5463
f 5625 5624 5544
f 5706 5705 5625
f 5787 5786 5706
f 5868 5867 5787
f 5949 5948 5868
f 6030 6029 5949
f 6111 6110 6030
f 6192 6191 6111
f 6273 6272 6192
f 6354 6353 6273
f 6435 6434 6354
f 6516 6515 6435
f 118 117 37
f 199 198 118
f 280 279 199
f 361 360 280
f 442 441 361
f 523 522 442
f 604 603 523
f 685 684 604
f 766 765 685
f 847 846 766
f 928 927 847
f 1009 1008 928
f 1090 1089 1009
f 1171 1170 1090
f 1252 1251 1171
f 1333 1332 1252
f 1414 1413 1333
f 1495 1494 1414
f 1576 1575 1495
f 1657 1656 1576
f 1738 1737 1657
f 1819 1818 1738
f 1900 1899 1819
f 1981 1980 1900
f 2062 2061 1981
f 2143 2142 2062
f 2224 2223 2143
f 2305 2304 2224
f 2386 2385 2305
f 2467 2466 2386
f 2548 2547 2467
f 2629 2628 2548
f 2710 2709 2629
f 2791 2790 2710
f 2872 2871 2791
f 2953 2952 2872
f 3034 3033 2953
f 3115 3114 3034
f 3196 3195 3115
f 3277 3276 3196
f 3358 3357 3277
f 3439 3438 3358
f 3520 3519 3439
f 3601 3600 3520
f 3682 3681 3601
f 3763 3762 3682
f 3844 3843 3763
f 3925 3924 3844
f 4006 4005 3925
f 4087 4086 4006
f 4168 4167 4087
f 4249 4248 4168
f 4330 4329 4249
f 4411 4410 4330
f 4492 4491 4411
f 4573 4572 4492
f 4654 4653 4573
f 4735 4734 4654
f 4816 4815 4735
f 4897 4896 4816
f 4978 4977 4897
f 5059 5058 4978
f 5140 5139 5059
f 5221 5220 5140
f 5302 5301 5221
f 5383 5382 5302
f 5464 5463 5383
f 5545 5544 5464
f 5626 5625 5545
f 5707 5706 5626
f 5788 5787 5707
f 5869 5868 5788
f 5950 5949 5869
f 6031 6030 5950
f 6112 6111 6031
f 6193 6192 6112
f 6274 6273 6193
f 6355 6354 6274
f 6436 6435 6355
f 6517 6516 6436
f 119 118 38
f 200 199 119
f 281 280 200
f 362 361 281
f 443 442 362
f 524 523 443
f 605 604 524
f 686 685 605
f 767 766 686
f 848 847 767
f 929 928 848
f 1010 1009 929
f 1091 1090 1010
f 1172 1171 1091
f 1253 1252 1172
f 1334 1333 1253
f 1415 1414 1334
f 1496 1495 1415
f 1577 1576 1496
f 1658 1657 1577
f 1739 1738 1658
f 1820 1819 1739
f 1901 1900 1820
f 1982 1981 1901
f 2063 2062 1982
f 2144 2143 2063
f 2225 2224 2144
f 2306 2305 2225
f 2387 2386 2306
f 2468 2467 2387
f 2549 2548 2468
f 2630 2629 2549
f 2711 2710 2630
f 2792 2791 2711
f 2873 2872 2792
f 2954 2953 2873
f 3035 3034 2954
f 3116 3115 3035
f 3197 3196 3116
f 3278 3277 3197
f 3359 3358 3278
f 3440 3439 3359
f 3521 3520 3440
f 3602 3601 3521
f 3683 3682 3602
f 3764 3763 3683
f 3845 3844 3764
f 3926 3925 3845
f 4007 4006 3926
f 4088 4087 4007
f 4169 4168 4088
f 4250 4249 4169
f 4331 4330 4250
f 4412 4411 4331
f 4493 4492 4412
f 4574 4573 4493
f 4655 4654 4574
f 4736 4735 4655
f 4817 4816 4736
f 4898 4897 4817
f 4979 4978 4898
f 5060 5059 4979
f 5141 5140 5060
f 5222 5221 5141
f 5303 5302 5222
f 5384 5383 5303
f 5465 5464 5384
f 5546 5545 5465
f 5627 5626 5546
f 5708 5707 5627
f 5789 5788 5708
f 5870 5869 5789
f 5951 5950 5870
f 6032 6031 5951
f 6113 6112 6032
f 6194 6193 6113
f 6275 6274 6194
f 6356 6355 6275
f 6437 6436 6356
f 6518 6517 6437
f 120 119 39
f 201 200 120
f 282 281 201
f 363 362 282
f 444 443 363
f 525 524 444
f 606 605 525
f 687 686 606
f 768 767 687
f 849 848 768
f 930 929 849
f 1011 1010 930
f 1092 1091 1011
f 1173 1172 1092
f 1254 1253 1173
f 1335 1334 1254
f 1416 1415 1335
f 1497 1496 1416
f 1578 1577 1497
f 1659 1658 1578
f 1740 1739 1659
f 1821 1820 1740
f 1902 1901 1821
f 1983 1982 1902
f 2064 2063 1983
f 2145 2144 2064
f 2226 2225 2145
f 2307 2306 2226
f 2388 2387 2307
f 2469 2468 2388
f 2550 2549 2469
f 2631 2630 2550
f 2712 2711 2631
f 2793 2792 2712
f 2874 2873 2793
f 2955 2954 2874
f 3036 3035 2955
f 3117 3116 3036
f 3198 3197 3117
f 3279 3278 3198
f 3360 3359 3279
f 3441 3440 3360
f 3522 3521 3441
f 3603 3602 3522
f 3684 3683 3603
f 3765 3764 3684
f 3846 3845 3765
f 3927 3926 3846
f 4008 4007 3927
f 4089 4088 4008
f 4170 4169 4089
f 4251 4250 4170
f 4332 4331 4251
f 4413 4412 4332
f 4494 4493 4413
f 4575 4574 4494
f 4656 4655 4575
f 4737 4736 4656
f 4818 4817 4737
f 4899 4898 4818
f 4980 4979 4899
f 5061 5060 4980
f 5142 5141 5061
f 5223 5222 5142
f 5304 5303 5223
f 5385 5384 5304
f 5466 5465 5385
f 5547 5546 5466
f 5628 5627 5547
f 5709 5708 5628
f 5790 5789 5709
f 5871 5870 5790
f 5952 5951 5871
f 6033 6032 5952
f 6114 6113 6033
f 6195 6194 6114
f 6276 6275 6195
f 6357 6356 6276
f 6438 6437 6357
f 6519 6518 6438
f 121 120 40
f 202 201 121
f 283 282 202
f 364 363 283
f 445 444 364
f 526 525 445
f 607 606 526
f 688 687 607
f 769 768 688
f 850 849 769
f 931 930 850
f 1012 1011 931
f 1093 1092 1012
f 1174 1173 1093
f 1255 1254 1174
f 1336 1335 1255
f 1417 1416 1336
f 1498 1497 1417
f 1579 1578 1498
f 1660 1659 1579
f 1741 1740 1660
f 1822 1821 1741
f 1903 1902 1822
f 1984 1983 1903
f 2065 2064 1984
f 2146 2145 2065
f 2227 2226 2146
f 2308 2307 2227
f 2389 2388 2308
f 2470 2469 2389
f 2551 2550 2470
f 2632 2631 2551
f 2713 2712 2632
f 2794 2793 2713
f 2875 2874 2794
f 2956 2955 2875
f 3037 3036 2956
f 3118 3117 3037
f 3199 3198 3118
f 3280 3279 3199
f 3361 3360 3280
f 3442 3441 3361
f 3523 3522 3442
f 3604 3603 3523
f 3685 3684 3604
f 3766 3765 3685
f 3847 3846 3766
f 3928 3927 3847
f 4009 4008 3928
f 4090 4089 4009
f 4171 4170 4090
f 4252 4251 4171
f 4333 4332 4252
f 4414 4413 4333
f 4495 4494 4414
f 4576 4575 4495
f 4657 4656 4576
f 4738 4737 4657
f 4819 4818 4738
f 4900 4899 4819
f 4981 4980 4900
f 5062 5061 4981
f 5143 5142 5062
f 5224 5223 5143
f 5305 5304 5224
f 5386 5385 5305
f 5467 5466 5386
f 5548 5547 5467
f 5629 5628 5548
f 5710 5709 5629
f 5791 5790 5710
f 5872 5871 5791
f 5953 5952 5872
f 6034 6033 5953
f 6115 6114 6034
f 6196 6195 6115
f 6277 6276 6196
f 6358 6357 6277
f 6439 6438 6358
f 6520 6519 6439
f 122 121 41
f 203 202 122
f 284 283 203
f 365 364 284
f 446 445 365
f 527 526 446
f 608 607 527
f 689 688 608
f 770 769 689
f 851 850 770
f 932 931 851
f 1013 1012 932
f 1094 1093 1013
f 1175 1174 1094
f 1256 1255 1175
f 1337 1336 1256
f 1418 1417 1337
f 1499 1498 1418
f 1580 1579 1499
f 1661 1660 1580
f 1742 1741 1661
f 1823 1822 1742
f 1904 1903 1823
f 1985 1984 1904
f 2066 2065 1985
f 2147 2146 2066
f 2228 2227 2147
f 2309 2308 2228
f 2390 2389 2309
f 2471 2470 2390
f 2552 2551 2471
f 2633 2632 2552
f 2714 2713 2633
f 2795 2794 2714
f 2876 2875 2795
f 2957 2956 2876
f 3038 3037 2957
f 3119 3118 3038
f 3200 3199 3119
f 3281 3280 3200
f 3362 3361 3281
f 3443 3442 3362
f 3524 3523 3443
f 3605 3604 3524
f 3686 3685 3605
f 3767 3766 3686
f 3848 3847 3767
f 3929 3928 3848
f 4010 4009 3929
f 4091 4090 4010
f 4172 4171 4091
f 4253 4252 4172
f 4334 4333 4253
f 4415 4414 4334
f 4496 4495 4415
f 4577 4576 4496
f 4658 4657 4577
f 4739 4738 4658
f 4820 4819 4739
f 4901 4900 4820
f 4982 4981 4901
f 5063 5062 4982
f 5144 5143 5063
f 5225 5224 5144
f 5306 5305 5225
f 5387 5386 5306
f 5468 5467 5387
f 5549 5548 5468
f 5630 5629 5549
f 5711 5710 5630
f 5792 5791 5711
f 5873 5872 5792
f 5954 5953 5873
f 6035 6034 5954
f 6116 6115 6035
f 6197 6196 6116
f 6278 6277 6197
f 6359 6358 6278
f 6440 6439 6359
f 6521 6520 6440
f 123 122 42
f 204 203 123
f 285 284 204
f 366 365 285
f 447 446 366
f 528 527 447
f 609 608 528
f 690 689 609
f 771 770 690
f 852 851 771
f 933 932 852
f 1014 1013 933
f 1095 1094 1014
f 1176 1175 1095
f 1257 1256 1176
f 1338 1337 1257
f 1419 1418 1338
f 1500 1499 1419
f 1581 1580 1500
f 1662 1661 1581
f 1743 1742 1662
f 1824 1823 1743
f 1905 1904 1824
f 1986 1985 1905
f 2067 2066 1986
f 2148 2147 2067
f 2229 2228 2148
f 2310 2309 2229
f 2391 2390 2310
f 2472 2471 2391
f 2553 2552 2472
f 2634 2633 2553
f 2715 2714 2634
f 2796 2795 2715
f 2877 2876 2796
f 2958 2957 2877
f 3039 3038 2958
f 3120 3119 3039
f 3201 3200 3120
f 3282 3281 3201
f 3363 3362 3282
f 3444 3443 3363
f 3525 3524 3444
f 3606 3605 3525
f 3687 3686 3606
f 3768 3767 3687
f 3849 3848 3768
f 3930 3929 3849
f 4011 4010 3930
f 4092 4091 4011
f 4173 4172 4092
f 4254 4253 4173
f 4335 4334 4254
f 4416 4415 4335
f 4497 4496 4416
f 4578 4577 4497
f 4659 4658 4578
f 4740 4739 4659
f 4821 4820 4740
f 4902 4901 4821
f 4983 4982 4902
f 5064 5063 4983
f 5145 5144 5064
f 5226 5225 5145
f 5307 5306 5226
f 5388 5387 5307
f 5469 5468 5388
f 5550 5549 5469
f 5631 5630 5550
f 5712 5711 5631
f 5793 5792 5712
f 5874 5873 5793
f 5955 5954 5874
f 6036 6035 5955
f 6117 6116 6036
f 6198 6197 6117
f 6279 6278 6198
f 6360 6359 6279
f 6441 6440 6360
f 6522 6521 6441
f 124 123 43
f 205 204 124
f 286 285 205
f 367 366 286
f 448 447 367
f 529 528 448
f 610 609 529
f 691 690 610
f 772 771 691
f 853 852 772
f 934 933 853
f 1015 1014 934
f 1096 1095 1015
f 1177 1176 1096
f 1258 1257 1177
f 1339 1338 1258
f 1420 1419 1339
f 1501 1500 1420
f 1582 1581 1501
f 1663 1662 1582
f 1744 1743 1663
f 1825 1824 1744
f 1906 1905 1825
f 1987 1986 1906
f 2068 2067 1987
f 2149 2148 2068
f 2230 2229 2149
f 2311 2310 2230
f 2392 2391 2311
f 2473 2472 2392
f 2554 2553 2473
f 2635 2634 2554
f 2716 2715 2635
f 2797 2796 2716
f 2878 2877 2797
f 2959 2958 2878
f 3040 3039 2959
f 3121 3120 3040
f 3202 3201 3121
f 3283 3282 3202
f 3364 3363 3283
f 3445 3444 3364
f 3526 3525 3445
f 3607 3606 3526
f 3688 3687 3607
f 3769 3768 3688
f 3850 3849 3769
f 3931 3930 3850
f 4012 4011 3931
f 4093 4092 4012
f 4174 4173 4093
f 4255 4254 4174
f 4336 4335 4255
f 4417 4416 4336
f 4498 4497 4417
f 4579 4578 4498
f 4660 4659 4579
f 4741 4740 4660
f 4822 4821 4741
f 4903 4902 4822
f 4984 4983 4903
f 5065 5064 4984
f 5146 5145 5065
f 5227 5226 5146
f 5308 5307 5227
f 5389 5388 5308
f 5470 5469 5389
f 5551 5550 5470
f 5632 5631 5551
f 5713 5712 5632
f 5794 5793 5713
f 5875 5874 5794
f 5956 5955 5875
f 6037 6036 5956
f 6118 6117 6037
f 6199 6198 6118
f 6280 6279 6199
f 6361 6360 6280
f 6442 6441 6361
f 6523 6522 6442
f 125 124 44
f 206 205 125
f 287 286 206
f 368 367 287
f 449 448 368
f 530 529 449
f 611 610 530
f 692 691 611
f 773 772 692
f 854 853 773
f 935 934 854
f 1016 1015 935
f 1097 1096 1016
f 1178 1177 1097
f 1259 1258 1178
f 1340 1339 1259
f 1421 1420 1340
f 1502 1501 1421
f 1583 1582 1502
f 1664 1663 1583
f 1745 1744 1664
f 1826 1825 1745
f 1907 1906 1826
f 1988 1987 1907
f 2069 2068 1988
f 2150 2149 2069
f 2231 2230 2150
f 2312 2311 2231
f 2393 2392 2312
f 2474 2473 2393
f 2555 2554 2474
f 2636 2635 2555
f 2717 2716 2636
f 2798 2797 2717
f 2879 2878 2798
f 2960 2959 2879
f 3041 3040 2960
f 3122 3121 3041
f 3203 3202 3122
f 3284 3283 3203
f 3365 3364 3284
f 3446 3445 3365
f 3527 3526 3446
f 3608 3607 3527
f 3689 3688 3608
f 3770 3769 3689
f 3851 3850 3770
f 3932 3931 3851
f 4013 4012 3932
f 4094 4093 4013
f 4175 4174 4094
f 4256 4255 4175
f 4337 4336 4256
f 4418 4417 4337
f 4499 4498 4418
f 4580 4579 4499
f 4661 4660 4580
f 4742 4741 4661
f 4823 4822 4742
f 4904 4903 4823
f 4985 4984 4904
f 5066 5065 4985
f 5147 5146 5066
f 5228 5227 5147
f 5309 5308 5228
f 5390 5389 5309
f 5471 5470 5390
f 5552 5551 5471
f 5633 5632 5552
f 5714 5713 5633
f 5795 5794 5714
f 5876 5875 5795
f 5957 5956 5876
f 6038 6037 5957
f 6119 6118 6038
f 6200 6199 6119
f 6281 6280 6200
f 6362 6361 6281
f 6443 6442 6362
f 6524 6523 6443
f 126 125 45
f 207 206 126
f 288 287 207
f 369 368 288
f 450 449 369
f 531 530 450
f 612 611 531
f 693 692 612
f 774 773 693
f 855 854 774
f 936 935 855
f 1017 1016 936
f 1098 1097 1017
f 1179 1178 1098
f 1260 1259 1179
f 1341 1340 1260
f 1422 1421 1341
f 1503 1502 1422
f 1584 1583 1503
f 1665 1664 1584
f 1746 1745 1665
f 1827 1826 1746
f 1908 1907 1827
f 1989 1988 1908
f 2070 2069 1989
f 2151 2150 2070
f 2232 2231 2151
f 2313 2312 2232
f 2394 2393 2313
f 2475 2474 2394
f 2556 2555 2475
f 2637 2636 2556
f 2718 2717 2637
f 2799 2798 2718
f 2880 2879 2799
f 2961 2960 2880
f 3042 3041 2961
f 3123 3122 3042
f 3204 3203 3123
f 3285 3284 3204
f 3366 3365 3285
f 3447 3446 3366
f 3528 3527 3447
f 3609 3608 3528
f 3690 3689 3609
f 3771 3770 3690
f 3852 3851 3771
f 3933 3932 3852
f 4014 4013 3933
f 4095 4094 4014
f 4176 4175 4095
f 4257 4256 4176
f 4338 4337 4257
f 4419 4418 4338
f 4500 4499 4419
f 4581 4580 4500
f 4662 4661 4581
f 4743 4742 4662
f 4824 4823 4743
f 4905 4904 4824
f 4986 4985 4905
f 5067 5066 4986
f 5148 5147 5067
f 5229 5228 5148
f 5310 5309 5229
f 5391 5390 5310
f 5472 5471 5391
f 5553 5552 5472
f 5634 5633 5553
f 5715 5714 5634
f 5796 5795 5715
f 5877 5876 5796
f 5958 5957 5877
f 6039 6038 5958
f 6120 6119 6039
f 6201 6200 6120
f 6282 6281 6201
f 6363 6362 6282
f 6444 6443 6363
f 6525 6524 6444
f 127 126 46
f 208 207 127
f 289 288 208
f 370 369 289
f 451 450 370
f 532 531 451
f 613 612 532
f 694 693 613
f 775 774 694
f 856 855 775
f 937 936 856
f 1018 1017 937
f 1099 1098 1018
f 1180 1179 1099
f 1261 1260 1180
f 1342 1341 1261
f 1423 1422 1342
f 1504 1503 1423
f 1585 1584 1504
f 1666 1665 1585
f 1747 1746 1666
f 1828 1827 1747
f 1909 1908 1828
f 1990 1989 1909
f 2071 2070 1990
f 2152 2151 2071
f 2233 2232 2152
f 2314 2313 2233
f 2395 2394 2314
f 2476 2475 2395
f 2557 2556 2476
f 2638 2637 2557
f 2719 2718 2638
f 2800 2799 2719
f 2881 2880 2800
f 2962 2961 2881
f 3043 3042 2962
f 3124 3123 3043
f 3205 3204 3124
f 3286 3285 3205
f 3367 3366 3286
f 3448 3447 3367
f 3529 3528 3448
f 3610 3609 3529
f 3691 3690 3610
f 3772 3771 3691
f 3853 3852 3772
f 3934 3933 3853
f 4015 4014 3934
f 4096 4095 4015
f 4177 4176 4096
f 4258 4257 4177
f 4339 4338 4258
f 4420 4419 4339
f 4501 4500 4420
f 4582 4581 4501
f 4663 4662 4582
f 4744 4743 4663
f 4825 4824 4744
f 4906 4905 4825
f 4987 4986 4906
f 5068 5067 4987
f 5149 5148 5068
f 5230 5229 5149
f 5311 5310 5230
f 5392 5391 5311
f 5473 5472 5392
f 5554 5553 5473
f 5635 5634 5554
f 5716 5715 5635
f 5797 5796 5716
f 5878 5877 5797
f 5959 5958 5878
f 6040 6039 5959
f 6121 6120 6040
f 6202 6201 6121
f 6283 6282 6202
f 6364 6363 6283
f 6445 6444 6364
f 6526 6525 6445
f 128 127 47
f 209 208 128
f 290 289 209
f 371 370 290
f 452 451 371
f 533 532 452
f 614 613 533
f 695 694 614
f 776 775 695
f 857 856 776
f 938 937 857
f 1019 1018 938
f 1100 1099 1019
f 1181 1180 1100
f 1262 1261 1181
f 1343 1342 1262
f 1424 1423 1343
f 1505 1504 1424
f 1586 1585 1505
f 1667 1666 1586
f 1748 1747 1667
f 1829 1828 1748
f 1910 1909 1829
f 1991 1990 1910
f 2072 2071 1991
f 2153 2152 2072
f 2234 2233 2153
f 2315 2314 2234
f 2396 2395 2315
f 2477 2476 2396
f 2558 2557 2477
f 2639 2638 2558
f 2720 2719 2639
f 2801 2800 2720
f 2882 2881 2801
f 2963 2962 2882
f 3044 3043 2963
f 3125 3124 3044
f 3206 3205 3125
f 3287 3286 3206
f 3368 3367 3287
f 3449 3448 3368
f 3530 3529 3449
f 3611 3610 3530
f 3692 3691 3611
f 3773 3772 3692
f 3854 3853 3773
f 3935 3934 3854
f 4016 4015 3935
f 4097 4096 4016
f 4178 4177 4097
f 4259 4258 4178
f 4340 4339 4259
f 4421 4420 4340
f 4502 4501 4421
f 4583 4582 4502
f 4664 4663 4583
f 4745 4744 4664
f 4826 4825 4745
f 4907 4906 4826
f 4988 4987 4907
f 5069 5068 4988
f 5150 5149 5069
f 5231 5230 5150
f 5312 5311 5231
f 5393 5392 5312
f 5474 5473 5393
f 5555 5554 5474
f 5636 5635 5555
f 5717 5716 5636
f 5798 5797 5717
f 5879 5878 5798
f 5960 5959 5879
f 6041 6040 5960
f 6122 6121 6041
f 6203 6202 6122
f 6284 6283 6203
f 6365 6364 6284
f 6446 6445 6365
f 6527 6526 6446
f 129 128 48
f 210 209 129
f 291 290 210
f 372 371 291
f 453 452 372
f 534 533 453
f 615 614 534
f 696 695 615
f 777 776 696
f 858 857 777
f 939 938 858
f 1020 1019 939
f 1101 1100 1020
f 1182 1181 1101
f 1263 1262 1182
f 1344 1343 1263
f 1425 1424 1344
f 1506 1505 1425
f 1587 1586 1506
f 1668 1667 1587
f 1749 1748 1668
f 1830 1829 1749
f 1911 1910 1830
f 1992 1991 1911
f 2073 2072 1992
f 2154 2153 2073
f 2235 2234 2154
f 2316 2315 2235
f 2397 2396 2316
f 2478 2477 2397
f 2559 2558 2478
f 2640 2639 2559
f 2721 2720 2640
f 2802 2801 2721
f 2883 2882 2802
f 2964 2963 2883
f 3045 3044 2964
f 3126 3125 3045
f 3207 3206 3126
f 3288 3287 3207
f 3369 3368 3288
f 3450 3449 3369
f 3531 3530 3450
f 3612 3611 3531
f 3693 3692 3612
f 3774 3773 3693
f 3855 3854 3774
f 3936 3935 3855
f 4017 4016 3936
f 4098 4097 4017
f 4179 4178 4098
f 4260 4259 4179
f 4341 4340 4260
f 4422 4421 4341
f 4503 4502 4422
f 4584 4583 4503
f 4665 4664 4584
f 4746 4745 4665
f 4827 4826 4746
f 4908 4907 4827
f 4989 4988 4908
f 5070 5069 4989
f 5151 5150 5070
f 5232 5231 5151
f 5313 5312 5232
f 5394 5393 5313
f 5475 5474 5394
f 5556 5555 5475
f 5637 5636 5556
f 5718 5717 5637
f 5799 5798 5718
f 5880 5879 5799
f 5961 5960 5880
f 6042 6041 5961
f 6123 6122 6042
f 6204 6203 6123
f 6285 6284 6204
f 6366 6365 6285
f 6447 6446 6366
f 6528 6527 6447
f 130 129 49
f 211 210 130
f 292 291 211
f 373 372 292
f 454 453 373
f 535 534 454
f 616 615 535
f 697 696 616
f 778 777 697
f 859 858 778
f 940 939 859
f 1021 1020 940
f 1102 1101 1021
f 1183 1182 1102
f 1264 1263 1183
f 1345 1344 1264
f 1426 1425 1345
f 1507 1506 1426
f 1588 1587 1507
f 1669 1668 1588
f 1750 1749 1669
f 1831 1830 1750
f 1912 1911 1831
f 1993 1992 1912
f 2074 2073 1993
f 2155 2154 2074
f 2236 2235 2155
f 2317 2316 2236
f 2398 2397 2317
f 2479 2478 2398
f 2560 2559 2479
f 2641 2640 2560
f 2722 2721 2641
f 2803 2802 2722
f 2884 2883 2803
f 2965 2964 2884
f 3046 3045 2965
f 3127 3126 3046
f 3208 3207 3127
f 3289 3288 3208
f 3370 3369 3289
f 3451 3450 3370
f 3532 3531 3451
f 3613 3612 3532
f 3694 3693 3613
f 3775 3774 3694
f 3856 3855 3775
f 3937 3936 3856
f 4018 4017 3937
f 4099 4098 4018
f 4180 4179 4099
f 4261 4260 4180
f 4342 4341 4261
f 4423 4422 4342
f 4504 4503 4423
f 4585 4584 4504
f 4666 4665 4585
f 4747 4746 4666
f 4828 4827 4747
f 4909 4908 4828
f 4990 4989 4909
f 5071 5070 4990
f 5152 5151 5071
f 5233 5232 5152
f 5314 5313 5233
f 5395 5394 5314
f 5476 5475 5395
f 5557 5556 5476
f 5638 5637 5557
f 5719 5718 5638
f 5800 5799 5719
f 5881 5880 5800
f 5962 5961 5881
f 6043 6042 5962
f 6124 6123 6043
f 6205 6204 6124
f 6286 6285 6205
f 6367 6366 6286
f 6448 6447 6367
f 6529 6528 6448
f 131 130 50
f 212 211 131
f 293 292 212
f 374 373 293
f 455 454 374
f 536 535 455
f 617 616 536
f 698 697 617
f 779 778 698
f 860 859 779
f 941 940 860
f 1022 1021 941
f 1103 1102 1022
f 1184 1183 1103
f 1265 1264 1184
f 1346 1345 1265
f 1427 1426 1346
f 1508 1507 1427
f 1589 1588 1508
f 1670 1669 1589
f 1751 1750 1670
f 1832 1831 1751
f 1913 1912 1832
f 1994 1993 1913
f 2075 2074 1994
f 2156 2155 2075
f 2237 2236 2156
f 2318 2317 2237
f 2399 2398 2318
f 2480 2479 2399
f 2561 2560 2480
f 2642 2641 2561
f 2723 2722 2642
f 2804 2803 2723
f 2885 2884 2804
f 2966 2965 2885
f 3047 3046 2966
f 3128 3127 3047
f 3209 3208 3128
f 3290 3289 3209
f 3371 3370 3290
f 3452 3451 3371
f 3533 3532 3452
f 3614 3613 3533
f 3695 3694 3614
f 3776 3775 3695
f 3857 3856 3776
f 3938 3937 3857
f 4019 4018 3938
f 4100 4099 4019
f 4181 4180 4100
f 4262 4261 4181
f 4343 4342 4262
f 4424 4423 4343
f 4505 4504 4424
f 4586 4585 4505
f 4667 4666 4586
f 4748 4747 4667
f 4829 4828 4748
f 4910 4909 4829
f 4991 4990 4910
f 5072 5071 4991
f 5153 5152 5072
f 5234 5233 5153
f 5315 5314 5234
f 5396 5395 5315
f 5477 5476 5396
f 5558 5557 5477
f 5639 5638 5558
f 5720 5719 5639
f 5801 5800 5720
f 5882 5881 5801
f 5963 5962 5882
f 6044 6043 5963
f 6125 6124 6044
f 6206 6205 6125
f 6287 6286 6206
f 6368 6367 6287
f 6449 6448 6368
f 6530 6529 6449
f 132 131 51
f 213 212 132
f 294 293 213
f 375 374 294
f 456 455 375
f 537 536 456
f 618 617 537
f 699 698 618
f 780 779 699
f 861 860 780
f 942 941 861
f 1023 1022 942
f 1104 1103 1023
f 1185 1184 1104
f 1266 1265 1185
f 1347 1346 1266
f 1428 1427 1347
f 1509 1508 1428
f 1590 1589 1509
f 1671 1670 1590
f 1752 1751 1671
f 1833 1832 1752
f 1914 1913 1833
f 1995 1994 1914
f 2076 2075 1995
f 2157 2156 2076
f 2238 2237 2157
f 2319 2318 2238
f 2400 2399 2319
f 2481 2480 2400
f 2562 2561 2481
f 2643 2642 2562
f 2724 2723 2643
f 2805 2804 2724
f 2886 2885 2805
f 2967 2966 2886
f 3048 3047 2967
f 3129 3128 3048
f 3210 3209 3129
f 3291 3290 3210
f 3372 3371 3291
f 3453 3452 3372
f 3534 3533 3453
f 3615 3614 3534
f 3696 3695 3615
f 3777 3776 3696
f 3858 3857 3777
f 3939 3938 3858
f 4020 4019 3939
f 4101 4100 4020
f 4182 4181 4101
f 4263 4262 4182
f 4344 4343 4263
f 4425 4424 4344
f 4506 4505 4425
f 4587 4586 4506
f 4668 4667 4587
f 4749 4748 4668
f 4830 4829 4749
f 4911 4910 4830
f 4992 4991 4911
f 5073 5072 4992
f 5154 5153 5073
f 5235 5234 5154
f 5316 5315 5235
f 5397 5396 5316
f 5478 5477 5397
f 5559 5558 5478
f 5640 5639 5559
f 5721 5720 5640
f 5802 5801 5721
f 5883 5882 5802
f 5964 5963 5883
f 6045 6044 5964
f 6126 6125 6045
f 6207 6206 6126
f 6288 6287 6207
f 6369 6368 6288
f 6450 6449 6369
f 6531 6530 6450
f 133 132 52
f 214 213 133
f 295 294 214
f 376 375 295
f 457 456 376
f 538 537 457
f 619 618 538
f 700 699 619
f 781 780 700
f 862 861 781
f 943 942 862
f 1024 1023 943
f 1105 1104 1024
f 1186 1185 1105
f 1267 1266 1186
f 1348 1347 1267
f 1429 1428 1348
f 1510 1509 1429
f 1591 1590 1510
f 1672 1671 1591
f 1753 1752 1672
f 1834 1833 1753
f 1915 1914 1834
f 1996 1995 1915
f 2077 2076 1996
f 2158 2157 2077
f 2239 2238 2158
f 2320 2319 2239
f 2401 2400 2320
f 2482 2481 2401
f 2563 2562 2482
f 2644 2643 2563
f 2725 2724 2644
f 2806 2805 2725
f 2887 2886 2806
f 2968 2967 2887
f 3049 3048 2968
f 3130 3129 3049
f 3211 3210 3130
f 3292 3291 3211
f 3373 3372 3292
f 3454 3453 3373
f 3535 3534 3454
f 3616 3615 3535
f 3697 3696 3616
f 3778 3777 3697
f 3859 3858 3778
f 3940 3939 3859
f 4021 4020 3940
f 4102 4101 4021
f 4183 4182 4102
f 4264 4263 4183
f 4345 4344 4264
f 4426 4425 4345
f 4507 4506 4426
f 4588 4587 4507
f 4669 4668 4588
f 4750 4749 4669
f 4831 4830 4750
f 4912 4911 4831
f 4993 4992 4912
f 5074 5073 4993
f 5155 5154 5074
f 5236 5235 5155
f 5317 5316 5236
f 5398 5397 5317
f 5479 5478 5398
f 5560 5559 5479
f 5641 5640 5560
f 5722 5721 5641
f 5803 5802 5722
f 5884 5883 5803
f 5965 5964 5884
f 6046 6045 5965
f 6127 6126 6046
f 6208 6207 6127
f 6289 6288 6208
f 6370 6369 6289
f 6451 6450 6370
f 6532 6531 6451
f 134 133 53
f 215 214 134
f 296 295 215
f 377 376 296
f 458 457 377
f 539 538 458
f 620 619 539
f 701 700 620
f 782 781 701
f 863 862 782
f 944 943 863
f 1025 1024 944
f 1106 1105 1025
f 1187 1186 1106
f 1268 1267 1187
f 1349 1348 1268
f 1430 1429 1349
f 1511 1510 1430
f 1592 1591 1511
f 1673 1672 1592
f 1754 1753 1673
f 1835 1834 1754
f 1916 1915 1835
f 1997 1996 1916
f 2078 2077 1997
f 2159 2158 2078
f 2240 2239 2159
f 2321 2320 2240
f 2402 2401 2321
f 2483 2482 2402
f 2564 2563 2483
f 2645 2644 2564
f 2726 2725 2645
f 2807 2806 2726
f 2888 2887 2807
f 2969 2968 2888
f 3050 3049 2969
f 3131 3130 3050
f 3212 3211 3131
f 3293 3292 3212
f 3374 3373 3293
f 3455 3454 3374
f 3536 3535 3455
f 3617 3616 3536
f 3698 3697 3617
f 3779 3778 3698
f 3860 3859 3779
f 3941 3940 3860
f 4022 4021 3941
f 4103 4102 4022
f 4184 4183 4103
f 4265 4264 4184
f 4346 4345 4265
f 4427 4426 4346
f 4508 4507 4427
f 4589 4588 4508
f 4670 4669 4589
f 4751 4750 4670
f 4832 4831 4751
f 4913 4912 4832
f 4994 4993 4913
f 5075 5074 4994
f 5156 5155 5075
f 5237 5236 5156
f 5318 5317 5237
f 5399 5398 5318
f 5480 5479 5399
f 5561 5560 5480
f 5642 5641 5561
f 5723 5722 5642
f 5804 5803 5723
f 5885 5884 5804
f 5966 5965 5885
f 6047 6046 5966
f 6128 6127 6047
f 6209 6208 6128
f 6290 6289 6209
f 6371 6370 6290
f 6452 6451 6371
f 6533 6532 6452
f 135 134 54
f 216 215 135
f 297 296 216
f 378 377 297
f 459 458 378
f 540 539 459
f 621 620 540
f 702 701 621
f 783 782 702
f 864 863 783
f 945 944 864
f 1026 1025 945
f 1107 1106 1026
f 1188 1187 1107
f 1269 1268 1188
f 1350 1349 1269
f 1431 1430 1350
f 1512 1511 1431
f 1593 1592 1512
f 1674 1673 1593
f 1755 1754 1674
f 1836 1835 1755
f 1917 1916 1836
f 1998 1997 1917
f 2079 2078 1998
f 2160 2159 2079
f 2241 2240 2160
f 2322 2321 2241
f 2403 2402 2322
f 2484 2483 2403
f 2565 2564 2484
f 2646 2645 2565
f 2727 2726 2646
f 2808 2807 2727
f 2889 2888 2808
f 2970 2969 2889
f 3051 3050 2970
f 3132 3131 3051
f 3213 3212 3132
f 3294 3293 3213
f 3375 3374 3294
f 3456 3455 3375
f 3537 3536 3456
f 3618 3617 3537
f 3699 3698 3618
f 3780 3779 3699
f 3861 3860 3780
f 3942 3941 3861
f 4023 4022 3942
f 4104 4103 4023
f 4185 4184 4104
f 4266 4265 4185
f 4347 4346 4266
f 4428 4427 4347
f 4509 4508 4428
f 4590 4589 4509
f 4671 4670 4590
f 4752 4751 4671
f 4833 4832 4752
f 4914 4913 4833
f 4995 4994 4914
f 5076 5075 4995
f 5157 5156 5076
f 5238 5237 5157
f 5319 5318 5238
f 5400 5399 5319
f 5481 5480 5400
f 5562 5561 5481
f 5643 5642 5562
f 5724 5723 5643
f 5805 5804 5724
f 5886 5885 5805
f 5967 5966 5886
f 6048 6047 5967
f 6129 6128 6048
f 6210 6209 6129
f 6291 6290 6210
f 6372 6371 6291
f 6453 6452 6372
f 6534 6533 6453
f 136 135 55
f 217 216 136
f 298 297 217
f 379 378 298
f 460 459 379
f 541 540 460
f 622 621 541
f 703 702 622
f 784 783 703
f 865 864 784
f 946 945 865
f 1027 1026 946
f 1108 1107 1027
f 1189 1188 1108
f 1270 1269 1189
f 1351 1350 1270
f 1432 1431 1351
f 1513 1512 1432
f 1594 1593 1513
f 1675 1674 1594
f 1756 1755 1675
f 1837 1836 1756
f 1918 1917 1837
f 1999 1998 1918
f 2080 2079 1999
f 2161 2160 2080
f 2242 2241 2161
f 2323 2322 2242
f 2404 2403 2323
f 2485 2484 2404
f 2566 2565 2485
f 2647 2646 2566
f 2728 2727 2647
f 2809 2808 2728
f 2890 2889 2809
f 2971 2970 2890
f 3052 3051 2971
f 3133 3132 3052
f 3214 3213 3133
f 3295 3294 3214
f 3376 3375 3295
f 3457 3456 3376
f 3538 3537 3457
f 3619 3618 3538
f 3700 3699 3619
f 3781 3780 3700
f 3862 3861 3781
f 3943 3942 3862
f 4024 4023 3943
f 4105 4104 4024
f 4186 4185 4105
f 4267 4266 4186
f 4348 4347 4267
f 4429 4428 4348
f 4510 4509 4429
f 4591 4590 4510
f 4672 4671 4591
f 4753 4752 4672
f 4834 4833 4753
f 4915 4914 4834
f 4996 4995 4915
f 5077 5076 4996
f 5158 5157 5077
f 5239 5238 5158
f 5320 5319 5239
f 5401 5400 5320
f 5482 5481 5401
f 5563 5562 5482
f 5644 5643 5563
f 5725 5724 5644
f 5806 5805 5725
f 5887 5886 5806
f 5968 5967 5887
f 6049 6048 5968
f 6130 6129 6049
f 6211 6210 6130
f 6292 6291 6211
f 6373 6372 6292
f 6454 6453 6373
f 6535 6534 6454
f 137 136 56
f 218 217 137
f 299 298 218
f 380 379 299
f 461 460 380
f 542 541 461
f 623 622 542
f 704 703 623
f 785 784 704
f 866 865 785
f 947 946 866
f 1028 1027 947
f 1109 1108 1028
f 1190 1189 1109
f 1271 1270 1190
f 1352 1351 1271
f 1433 1432 1352
f 1514 1513 1433
f 1595 1594 1514
f 1676 1675 1595
f 1757 1756 1676
f 1838 1837 1757
f 1919 1918 1838
f 2000 1999 1919
f 2081 2080 2000
f 2162 2161 2081
f 2243 2242 2162
f 2324 2323 2243
f 2405 2404 2324
f 2486 2485 2405
f 2567 2566 2486
f 2648 2647 2567
f 2729 2728 2648
f 2810 2809 2729
f 2891 2890 2810
f 2972 2971 2891
f 3053 3052 2972
f 3134 3133 3053
f 3215 3214 3134
f 3296 3295 3215
f 3377 3376 3296
f 3458 3457 3377
f 3539 3538 3458
f 3620 3619 3539
f 3701 3700 3620
f 3782 3781 3701
f 3863 3862 3782
f 3944 3943 3863
f 4025 4024 3944
f 4106 4105 4025
f 4187 4186 4106
f 4268 4267 4187
f 4349 4348 4268
f 4430 4429 4349
f 4511 4510 4430
f 4592 4591 4511
f 4673 4672 4592
f 4754 4753 4673
f 4835 4834 4754
f 4916 4915 4835
f 4997 4996 4916
f 5078 5077 4997
f 5159 5158 5078
f 5240 5239 5159
f 5321 5320 5240
f 5402 5401 5321
f 5483 5482 5402
f 5564 5563 5483
f 5645 5644 5564
f 5726 5725 5645
f 5807 5806 5726
f 5888 5887 5807
f 5969 5968 5888
f 6050 6049 5969
f 6131 6130 6050
f 6212 6211 6131
f 6293 6292 6212
f 6374 6373 6293
f 6455 6454 6374
f 6536 6535 6455
f 138 137 57
f 219 218 138
f 300 299 219
f 381 380 300
f 462 461 381
f 543 542 462
f 624 623 543
f 705 704 624
f 786 785 705
f 867 866 786
f 948 947 867
f 1029 1028 948
f 1110 1109 1029
f 1191 1190 1110
f 1272 1271 1191
f 1353 1352 1272
f 1434 1433 1353
f 1515 1514 1434
f 1596 1595 1515
f 1677 1676 1596
f 1758 1757 1677
f 1839 1838 1758
f 1920 1919 1839
f 2001 2000 1920
f 2082 2081 2001
f 2163 2162 2082
f 2244 2243 2163
f 2325 2324 2244
f 2406 2405 2325
f 2487 2486 2406
f 2568 2567 2487
f 2649 2648 2568
f 2730 2729 2649
f 2811 2810 2730
f 2892 2891 2811
f 2973 2972 2892
f 3054 3053 2973
f 3135 3134 3054
f 3216 3215 3135
f 3297 3296 3216
f 3378 3377 3297
f 3459 3458 3378
f 3540 3539 3459
f 3621 3620 3540
f 3702 3701 3621
f 3783 3782 3702
f 3864 3863 3783
f 3945 3944 3864
f 4026 4025 3945
f 4107 4106 4026
f 4188 4187 4107
f 4269 4268 4188
f 4350 4349 4269
f 4431 4430 4350
f 4512 4511 4431
f 4593 4592 4512
f 4674 4673 4593
f 4755 4754 4674
f 4836 4835 4755
f 4917 4916 4836
f 4998 4997 4917
f 5079 5078 4998
f 5160 5159 5079
f 5241 5240 5160
f 5322 5321 5241
f 5403 5402 5322
f 5484 5483 5403
f 5565 5564 5484
f 5646 5645 5565
f 5727 5726 5646
f 5808 5807 5727
f 5889 5888 5808
f 5970 5969 5889
f 6051 6050 5970
f 6132 6131 6051
f 6213 6212 6132
f 6294 6293 6213
f 6375 6374 6294
f 6456 6455 6375
f 6537 6536 6456
f 139 138 58
f 220 219 139
f 301 300 220
f 382 381 301
f 463 462 382
f 544 543 463
f 625 624 544
f 706 705 625
f 787 786 706
f 868 867 787
f 949 948 868
f 1030 1029 949
f 1111 1110 1030
f 1192 1191 1111
f 1273 1272 1192
f 1354 1353 1273
f 1435 1434 1354
f 1516 1515 1435
f 1597 1596 1516
f 1678 1677 1597
f 1759 1758 1678
f 1840 1839 1759
f 1921 1920 1840
f 2002 2001 1921
f 2083 2082 2002
f 2164 2163 2083
f 2245 2244 2164
f 2326 2325 2245
f 2407 2406 2326
f 2488 2487 2407
f 2569 2568 2488
f 2650 2649 2569
f 2731 2730 2650
f 2812 2811 2731
f 2893 2892 2812
f 2974 2973 2893
f 3055 3054 2974
f 3136 3135 3055
f 3217 3216 3136
f 3298 3297 3217
f 3379 3378 3298
f 3460 3459 3379
f 3541 3540 3460
f 3622 3621 3541
f 3703 3702 3622
f 3784 3783 3703
f 3865 3864 3784
f 3946 3945 3865
f 4027 4026 3946
f 4108 4107 4027
f 4189 4188 4108
f 4270 4269 4189
f 4351 4350 4270
f 4432 4431 4351
f 4513 4512 4432
f 4594 4593 4513
f 4675 4674 4594
f 4756 4755 4675
f 4837 4836 4756
f 4918 4917 4837
f 4999 4998 4918
f 5080 5079 4999
f 5161 5160 5080
f 5242 5241 5161
f 5323 5322 5242
f 5404 5403 5323
f 5485 5484 5404
f 5566 5565 5485
f 5647 5646 5566
f 5728 5727 5647
f 5809 5808 5728
f 5890 5889 5809
f 5971 5970 5890
f 6052 6051 5971
f 6133 6132 6052
f 6214 6213 6133
f 6295 6294 6214
f 6376 6375 6295
f 6457 6456 6376
f 6538 6537 6457
f 140 139 59
f 221 220 140
f 302 301 221
f 383 382 302
f 464 463 383
f 545 544 464
f 626 625 545
f 707 706 626
f 788 787 707
f 869 868 788
f 950 949 869
f 1031 1030 950
f 1112 1111 1031
f 1193 1192 1112
f 1274 1273 1193
f 1355 1354 1274
f 1436 1435 1355
f 1517 1516 1436
f 1598 1597 1517
f 1679 1678 1598
f 1760 1759 1679
f 1841 1840 1760
f 1922 1921 1841
f 2003 2002 1922
f 2084 2083 2003
f 2165 2164 2084
f 2246 2245 2165
f 2327 2326 2246
f 2408 2407 2327
f 2489 2488 2408
f 2570 2569 2489
f 2651 2650 2570
f 2732 2731 2651
f 2813 2812 2732
f 2894 2893 2813
f 2975 2974 2894
f 3056 3055 2975
f 3137 3136 3056
f 3218 3217 3137
f 3299 3298 3218
f 3380 3379 3299
f 3461 3460 3380
f 3542 3541 3461
f 3623 3622 3542
f 3704 3703 3623
f 3785 3784 3704
f 3866 3865 3785
f 3947 3946 3866
f 4028 4027 3947
f 4109 4108 4028
f 4190 4189 4109
f 4271 4270 4190
f 4352 4351 4271
f 4433 4432 4352
f 4514 4513 4433
f 4595 4594 4514
f 4676 4675 4595
f 4757 4756 4676
f 4838 4837 4757
f 4919 4918 4838
f 5000 4999 4919
f 5081 5080 5000
f 5162 5161 5081
f 5243 5242 5162
f 5324 5323 5243
f 5405 5404 5324
f 5486 5485 5405
f 5567 5566 5486
f 5648 5647 5567
f 5729 5728 5648
f 5810 5809 5729
f 5891 5890 5810
f 5972 5971 5891
f 6053 6052 5972
f 6134 6133 6053
f 6215 6214 6134
f 6296 6295 6215
f 6377 6376 6296
f 6458 6457 6377
f 6539 6538 6458
f 141 140 60
f 222 221 141
f 303 302 222
f 384 383 303
f 465 464 384
f 546 545 465
f 627 626 546
f 708 707 627
f 789 788 708
f 870 869 789
f 951 950 870
f 1032 1031 951
f 1113 1112 1032
f 1194 1193 1113
f 1275 1274 1194
f 1356 1355 1275
f 1437 1436 1356
f 1518 1517 1437
f 1599 1598 1518
f 1680 1679 1599
f 1761 1760 1680
f 1842 1841 1761
f 1923 1922 1842
f 2004 2003 1923
f 2085 2084 2004
f 2166 2165 2085
f 2247 2246 2166
f 2328 2327 2247
f 2409 2408 2328
f 2490 2489 2409
f 2571 2570 2490
f 2652 2651 2571
f 2733 2732 2652
f 2814 2813 2733
f 2895 2894 2814
f 2976 2975 2895
f 3057 3056 2976
f 3138 3137 3057
f 3219 3218 3138
f 3300 3299 3219
f 3381 3380 3300
f 3462 3461 3381
f 3543 3542 3462
f 3624 3623 3543
f 3705 3704 3624
f 3786 3785 3705
f 3867 3866 3786
f 3948 3947 3867
f 4029 4028 3948
f 4110 4109 4029
f 4191 4190 4110
f 4272 4271 4191
f 4353 4352 4272
f 4434 4433 4353
f 4515 4514 4434
f 4596 4595 4515
f 4677 4676 4596
f 4758 4757 4677
f 4839 4838 4758
f 4920 4919 4839
f 5001 5000 4920
f 5082 5081 5001
f 5163 5162 5082
f 5244 5243 5163
f 5325 5324 5244
f 5406 5405 5325
f 5487 5486 5406
f 5568 5567 5487
f 5649 5648 5568
f 5730 5729 5649
f 5811 5810 5730
f 5892 5891 5811
f 5973 5972 5892
f 6054 6053 5973
f 6135 6134 6054
f 6216 6215 6135
f 6297 6296 6216
f 6378 6377 6297
f 6459 6458 6378
f 6540 6539 6459
f 142 141 61
f 223 222 142
f 304 303 223
f 385 384 304
f 466 465 385
f 547 546 466
f 628 627 547
f 709 708 628
f 790 789 709
f 871 870 790
f 952 951 871
f 1033 1032 952
f 1114 1113 1033
f 1195 1194 1114
f 1276 1275 1195
f 1357 1356 1276
f 1438 1437 1357
f 1519 1518 1438
f 1600 1599 1519
f 1681 1680 1600
f 1762 1761 1681
f 1843 1842 1762
f 1924 1923 1843
f 2005 2004 1924
f 2086 2085 2005
f 2167 2166 2086
f 2248 2247 2167
f 2329 2328 2248
f 2410 2409 2329
f 2491 2490 2410
f 2572 2571 2491
f 2653 2652 2572
f 2734 2733 2653
f 2815 2814 2734
f 2896 2895 2815
f 2977 2976 2896
f 3058 3057 2977
f 3139 3138 3058
f 3220 3219 3139
f 3301 3300 3220
f 3382 3381 3301
f 3463 3462 3382
f 3544 3543 3463
f 3625 3624 3544
f 3706 3705 3625
f 3787 3786 3706
f 3868 3867 3787
f 3949 3948 3868
f 4030 4029 3949
f 4111 4110 4030
f 4192 4191 4111
f 4273 4272 4192
f 4354 4353 4273
f 4435 4434 4354
f 4516 4515 4435
f 4597 4596 4516
f 4678 4677 4597
f 4759 4758 4678
f 4840 4839 4759
f 4921 4920 4840
f 5002 5001 4921
f 5083 5082 5002
f 5164 5163 5083
f 5245 5244 5164
f 5326 5325 5245
f 5407 5406 5326
f 5488 5487 5407
f 5569 5568 5488
f 5650 5649 5569
f 5731 5730 5650
f 5812 5811 5731
f 5893 5892 5812
f 5974 5973 5893
f 6055 6054 5974
f 6136 6135 6055
f 6217 6216 6136
f 6298 6297 6217
f 6379 6378 6298
f 6460 6459 6379
f 6541 6540 6460
f 143 142 62
f 224 223 143
f 305 304 224
f 386 385 305
f 467 466 386
f 548 547 467
f 629 628 548
f 710 709 629
f 791 790 710
f 872 871 791
f 953 952 872
f 1034 1033 953
f 1115 1114 1034
f 1196 1195 1115
f 1277 1276 1196
f 1358 1357 1277
f 1439 1438 1358
f 1520 1519 1439
f 1601 1600 1520
f 1682 1681 1601
f 1763 1762 1682
f 1844 1843 1763
f 1925 1924 1844
f 2006 2005 1925
f 2087 2086 2006
f 2168 2167 2087
f 2249 2248 2168
f 2330 2329 2249
f 2411 2410 2330
f 2492 2491 2411
f 2573 2572 2492
f 2654 2653 2573
f 2735 2734 2654
f 2816 2815 2735
f 2897 2896 2816
f 2978 2977 2897
f 3059 3058 2978
f 3140 3139 3059
f 3221 3220 3140
f 3302 3301 3221
f 3383 3382 3302
f 3464 3463 3383
f 3545 3544 3464
f 3626 3625 3545
f 3707 3706 3626
f 3788 3787 3707
f 3869 3868 3788
f 3950 3949 3869
f 4031 4030 3950
f 4112 4111 4031
f 4193 4192 4112
f 4274 4273 4193
f 4355 4354 4274
f 4436 4435 4355
f 4517 4516 4436
f 4598 4597 4517
f 4679 4678 4598
f 4760 4759 4679
f 4841 4840 4760
f 4922 4921 4841
f 5003 5002 4922
f 5084 5083 5003
f 5165 5164 5084
f 5246 5245 5165
f 5327 5326 5246
f 5408 5407 5327
f 5489 5488 5408
f 5570 5569 5489
f 5651 5650 5570
f 5732 5731 5651
f 5813 5812 5732
f 5894 5893 5813
f 5975 5974 5894
f 6056 6055 5975
f 6137 6136 6056
f 6218 6217 6137
f 6299 6298 6218
f 6380 6379 6299
f 6461 6460 6380
f 6542 6541 6461
f 144 143 63
f 225 224 144
f 306 305 225
f 387 386 306
f 468 467 387
f 549 548 468
f 630 629 549
f 711 710 630
f 792 791 711
f 873 872 792
f 954 953 873
f 1035 1034 954
f 1116 1115 1035
f 1197 1196 1116
f 1278 1277 1197
f 1359 1358 1278
f 1440 1439 1359
f 1521 1520 1440
f 1602 1601 1521
f 1683 1682 1602
f 1764 1763 1683
f 1845 1844 1764
f 1926 1925 1845
f 2007 2006 1926
f 2088 2087 2007
f 2169 2168 2088
f 2250 2249 2169
f 2331 2330 2250
f 2412 2411 2331
f 2493 2492 2412
f 2574 2573 2493
f 2655 2654 2574
f 2736 2735 2655
f 2817 2816 2736
f 2898 2897 2817
f 2979 2978 2898
f 3060 3059 2979
f 3141 3140 3060
f 3222 3221 3141
f 3303 3302 3222
f 3384 3383 3303
f 3465 3464 3384
f 3546 3545 3465
f 3627 3626 3546
f 3708 3707 3627
f 3789 3788 3708
f 3870 3869 3789
f 3951 3950 3870
f 4032 4031 3951
f 4113 4112 4032
f 4194 4193 4113
f 4275 4274 4194
f 4356 4355 4275
f 4437 4436 4356
f 4518 4517 4437
f 4599 4598 4518
f 4680 4679 4599
f 4761 4760 4680
f 4842 4841 4761
f 4923 4922 4842
f 5004 5003 4923
f 5085 5084 5004
f 5166 5165 5085
f 5247 5246 5166
f 5328 5327 5247
f 5409 5408 5328
f 5490 5489 5409
f 5571 5570 5490
f 5652 5651 5571
f 5733 5732 5652
f 5814 5813 5733
f 5895 5894 5814
f 5976 5975 5895
f 6057 6056 5976
f 6138 6137 6057
f 6219 6218 6138
f 6300 6299 6219
f 6381 6380 6300
f 6462 6461 6381
f 6543 6542 6462
f 145 144 64
f 226 225 145
f 307 306 226
f 388 387 307
f 469 468 388
f 550 549 469
f 631 630 550
f 712 711 631
f 793 792 712
f 874 873 793
f 955 954 874
f 1036 1035 955
f 1117 1116 1036
f 1198 1197 1117
f 1279 1278 1198
f 1360 1359 1279
f 1441 1440 1360
f 1522 1521 1441
f 1603 1602 1522
f 1684 1683 1603
f 1765 1764 1684
f 1846 1845 1765
f 1927 1926 1846
f 2008 2007 1927
f 2089 2088 2008
f 2170 2169 2089
f 2251 2250 2170
f 2332 2331 2251
f 2413 2412 2332
f 2494 2493 2413
f 2575 2574 2494
f 2656 2655 2575
f 2737 2736 2656
f 2818 2817 2737
f 2899 2898 2818
f 2980 2979 2899
f 3061 3060 2980
f 3142 3141 3061
f 3223 3222 3142
f 3304 3303 3223
f 3385 3384 3304
f 3466 3465 3385
f 3547 3546 3466
f 3628 3627 3547
f 3709 3708 3628
f 3790 3789 3709
f 3871 3870 3790
f 3952 3951 3871
f 4033 4032 3952
f 4114 4113 4033
f 4195 4194 4114
f 4276 4275 4195
f 4357 4356 4276
f 4438 4437 4357
f 4519 4518 4438
f 4600 4599 4519
f 4681 4680 4600
f 4762 4761 4681
f 4843 4842 4762
f 4924 4923 4843
f 5005 5004 4924
f 5086 5085 5005
f 5167 5166 5086
f 5248 5247 5167
f 5329 5328 5248
f 5410 5409 5329
f 5491 5490 5410
f 5572 5571 5491
f 5653 5652 5572
f 5734 5733 5653
f 5815 5814 5734
f 5896 5895 5815
f 5977 5976 5896
f 6058 6057 5977
f 6139 6138 6058
f 6220 6219 6139
f 6301 6300 6220
f 6382 6381 6301
f 6463 6462 6382
f 6544 6543 6463
f 146 145 65
f 227 226 146
f 308 307 227
f 389 388 308
f 470 469 389
f 551 550 470
f 632 631 551
f 713 712 632
f 794 793 713
f 875 874 794
f 956 955 875
f 1037 1036 956
f 1118 1117 1037
f 1199 1198 1118
f 1280 1279 1199
f 1361 1360 1280
f 1442 1441 1361
f 1523 1522 1442
f 1604 1603 1523
f 1685 1684 1604
f 1766 1765 1685
f 1847 1846 1766
f 1928 1927 1847
f 2009 2008 1928
f 2090 2089 2009
f 2171 2170 2090
f 2252 2251 2171
f 2333 2332 2252
f 2414 2413 2333
f 2495 2494 2414
f 2576 2575 2495
f 2657 2656 2576
f 2738 2737 2657
f 2819 2818 2738
f 2900 2899 2819
f 2981 2980 2900
f 3062 3061 2981
f 3143 3142 3062
f 3224 3223 3143
f 3305 3304 3224
f 3386 3385 3305
f 3467 3466 3386
f 3548 3547 3467
f 3629 3628 3548
f 3710 3709 3629
f 3791 3790 3710
f 3872 3871 3791
f 3953 3952 3872
f 4034 4033 3953
f 4115 4114 4034
f 4196 4195 4115
f 4277 4276 4196
f 4358 4357 4277
f 4439 4438 4358
f 4520 4519 4439
f 4601 4600 4520
f 4682 4681 4601
f 4763 4762 4682
f 4844 4843 4763
f 4925 4924 4844
f 5006 5005 4925
f 5087 5086 5006
f 5168 5167 5087
f 5249 5248 5168
f 5330 5329 5249
f 5411 5410 5330
f 5492 5491 5411
f 5573 5572 5492
f 5654 5653 5573
f 5735 5734 5654
f 5816 5815 5735
f 5897 5896 5816
f 5978 5977 5897
f 6059 6058 5978
f 6140 6139 6059
f 6221 6220 6140
f 6302 6301 6221
f 6383 6382 6302
f 6464 6463 6383
f 6545 6544 6464
f 147 146 66
f 228 227 147
f 309 308 228
f 390 389 309
f 471 470 390
f 552 551 471
f 633 632 552
f 714 713 633
f 795 794 714
f 876 875 795
f 957 956 876
f 1038 1037 957
f 1119 1118 1038
f 1200 1199 1119
f 1281 1280 1200
f 1362 1361 1281
f 1443 1442 1362
f 1524 1523 1443
f 1605 1604 1524
f 1686 1685 1605
f 1767 1766 1686
f 1848 1847 1767
f 1929 1928 1848
f 2010 2009 1929
f 2091 2090 2010
f 2172 2171 2091
f 2253 2252 2172
f 2334 2333 2253
f 2415 2414 2334
f 2496 2495 2415
f 2577 2576 2496
f 2658 2657 2577
f 2739 2738 2658
f 2820 2819 2739
f 2901 2900 2820
f 2982 2981 2901
f 3063 3062 2982
f 3144 3143 3063
f 3225 3224 3144
f 3306 3305 3225
f 3387 3386 3306
f 3468 3467 3387
f 3549 3548 3468
f 3630 3629 3549
f 3711 3710 3630
f 3792 3791 3711
f 3873 3872 3792
f 3954 3953 3873
f 4035 4034 3954
f 4116 4115 4035
f 4197 4196 4116
f 4278 4277 4197
f 4359 4358 4278
f 4440 4439 4359
f 4521 4520 4440
f 4602 4601 4521
f 4683 4682 4602
f 4764 4763 4683
f 4845 4844 4764
f 4926 4925 4845
f 5007 5006 4926
f 5088 5087 5007
f 5169 5168 5088
f 5250 5249 5169
f 5331 5330 5250
f 5412 5411 5331
f 5493 5492 5412
f 5574 5573 5493
f 5655 5654 5574
f 5736 5735 5655
f 5817 5816 5736
f 5898 5897 5817
f 5979 5978 5898
f 6060 6059 5979
f 6141 6140 6060
f 6222 6221 6141
f 6303 6302 6222
f 6384 6383 6303
f 6465 6464 6384
f 6546 6545 6465
f 148 147 67
f 229 228 148
f 310 309 229
f 391 390 310
f 472 471 391
f 553 552 472
f 634 633 553
f 715 714 634
f 796 795 715
f 877 876 796
f 958 957 877
f 1039 1038 958
f 1120 1119 1039
f 1201 1200 1120
f 1282 1281 1201
f 1363 1362 1282
f 1444 1443 1363
f 1525 1524 1444
f 1606 1605 1525
f 1687 1686 1606
f 1768 1767 1687
f 1849 1848 1768
f 1930 1929 1849
f 2011 2010 1930
f 2092 2091 2011
f 2173 2172 2092
f 2254 2253 2173
f 2335 2334 2254
f 2416 2415 2335
f 2497 2496 2416
f 2578 2577 2497
f 2659 2658 2578
f 2740 2739 2659
f 2821 2820 2740
f 2902 2901 2821
f 2983 2982 2902
f 3064 3063 2983
f 3145 3144 3064
f 3226 3225 3145
f 3307 3306 3226
f 3388 3387 3307
f 3469 3468 3388
f 3550 3549 3469
f 3631 3630 3550
f 3712 3711 3631
f 3793 3792 3712
f 3874 3873 3793
f 3955 3954 3874
f 4036 4035 3955
f 4117 4116 4036
f 4198 4197 4117
f 4279 4278 4198
f 4360 4359 4279
f 4441 4440 4360
f 4522 4521 4441
f 4603 4602 4522
f 4684 4683 4603
f 4765 4764 4684
f 4846 4845 4765
f 4927 4926 4846
f 5008 5007 4927
f 5089 5088 5008
f 5170 5169 5089
f 5251 5250 5170
f 5332 5331 5251
f 5413 5412 5332
f 5494 5493 5413
f 5575 5574 5494
f 5656 5655 5575
f 5737 5736 5656
f 5818 5817 5737
f 5899 5898 5818
f 5980 5979 5899
f 6061 6060 5980
f 6142 6141 6061
f 6223 6222 6142
f 6304 6303 6223
f 6385 6384 6304
f 6466 6465 6385
f 6547 6546 6466
f 149 148 68
f 230 229 149
f 311 310 230
f 392 391 311
f 473 472 392
f 554 553 473
f 635 634 554
f 716 715 635
f 797 796 716
f 878 877 797
f 959 958 878
f 1040 1039 959
f 1121 1120 1040
f 1202 1201 1121
f 1283 1282 1202
f 1364 1363 1283
f 1445 1444 1364
f 1526 1525 1445
f 1607 1606 1526
f 1688 1687 1607
f 1769 1768 1688
f 1850 1849 1769
f 1931 1930 1850
f 2012 2011 1931
f 2093 2092 2012
f 2174 2173 2093
f 2255 2254 2174
f 2336 2335 2255
f 2417 2416 2336
f 2498 2497 2417
f 2579 2578 2498
f 2660 2659 2579
f 2741 2740 2660
f 2822 2821 2741
f 2903 2902 2822
f 2984 2983 2903
f 3065 3064 2984
f 3146 3145 3065
f 3227 3226 3146
f 3308 3307 3227
f 3389 3388 3308
f 3470 3469 3389
f 3551 3550 3470
f 3632 3631 3551
f 3713 3712 3632
f 3794 3793 3713
f 3875 3874 3794
f 3956 3955 3875
f 4037 4036 3956
f 4118 4117 4037
f 4199 4198 4118
f 4280 4279 4199
f 4361 4360 4280
f 4442 4441 4361
f 4523 4522 4442
f 4604 4603 4523
f 4685 4684 4604
f 4766 4765 4685
f 4847 4846 4766
f 4928 4927 4847
f 5009 5008 4928
f 5090 5089 5009
f 5171 5170 5090
f 5252 5251 5171
f 5333 5332 5252
f 5414 5413 5333
f 5495 5494 5414
f 5576 5575 5495
f 5657 5656 5576
f 5738 5737 5657
f 5819 5818 5738
f 5900 5899 5819
f 5981 5980 5900
f 6062 6061 5981
f 6143 6142 6062
f 6224 6223 6143
f 6305 6304 6224
f 6386 6385 6305
f 6467 6466 6386
f 6548 6547 6467
f 150 149 69
f 231 230 150
f 312 311 231
f 393 392 312
f 474 473 393
f 555 554 474
f 636 635 555
f 717 716 636
f 798 797 717
f 879 878 798
f 960 959 879
f 1041 1040 960
f 1122 1121 1041
f 1203 1202 1122
f 1284 1283 1203
f 1365 1364 1284
f 1446 1445 1365
f 1527 1526 1446
f 1608 1607 1527
f 1689 1688 1608
f 1770 1769 1689
f 1851 1850 1770
f 1932 1931 1851
f 2013 2012 1932
f 2094 2093 2013
f 2175 2174 2094
f 2256 2255 2175
f 2337 2336 2256
f 2418 2417 2337
f 2499 2498 2418
f 2580 2579 2499
f 2661 2660 2580
f 2742 2741 2661
f 2823 2822 2742
f 2904 2903 2823
f 2985 2984 2904
f 3066 3065 2985
f 3147 3146 3066
f 3228 3227 3147
f 3309 3308 3228
f 3390 3389 3309
f 3471 3470 3390
f 3552 3551 3471
f 3633 3632 3552
f 3714 3713 3633
f 3795 3794 3714
f 3876 3875 3795
f 3957 3956 3876
f 4038 4037 3957
f 4119 4118 4038
f 4200 4199 4119
f 4281 4280 4200
f 4362 4361 4281
f 4443 4442 4362
f 4524 4523 4443
f 4605 4604 4524
f 4686 4685 4605
f 4767 4766 4686
f 4848 4847 4767
f 4929 4928 4848
f 5010 5009 4929
f 5091 5090 5010
f 5172 5171 5091
f 5253 5252 5172
f 5334 5333 5253
f 5415 5414 5334
f 5496 5495 5415
f 5577 5576 5496
f 5658 5657 5577
f 5739 5738 5658
f 5820 5819 5739
f 5901 5900 5820
f 5982 5981 5901
f 6063 6062 5982
f 6144 6143 6063
f 6225 6224 6144
f 6306 6305 6225
f 6387 6386 6306
f 6468 6467 6387
f 6549 6548 6468
f 151 150 70
f 232 231 151
f 313 312 232
f 394 393 313
f 475 474 394
f 556 555 475
f 637 636 556
f 718 717 637
f 799 798 718
f 880 879 799
f 961 960 880
f 1042 1041 961
f 1123 1122 1042
f 1204 1203 1123
f 1285 1284 1204
f 1366 1365 1285
f 1447 1446 1366
f 1528 1527 1447
f 1609 1608 1528
f 1690 1689 1609
f 1771 1770 1690
f 1852 1851 1771
f 1933 1932 1852
f 2014 2013 1933
f 2095 2094 2014
f 2176 2175 2095
f 2257 2256 2176
f 2338 2337 2257
f 2419 2418 2338
f 2500 2499 2419
f 2581 2580 2500
f 2662 2661 2581
f 2743 2742 2662
f 2824 2823 2743
f 2905 2904 2824
f 2986 2985 2905
f 3067 3066 2986
f 3148 3147 3067
f 3229 3228 3148
f 3310 3309 3229
f 3391 3390 3310
f 3472 3471 3391
f 3553 3552 3472
f 3634 3633 3553
f 3715 3714 3634
f 3796 3795 3715
f 3877 3876 3796
f 3958 3957 3877
f 4039 4038 3958
f 4120 4119 4039
f 4201 4200 4120
f 4282 4281 4201
f 4363 4362 4282
f 4444 4443 4363
f 4525 4524 4444
f 4606 4605 4525
f 4687 4686 4606
f 4768 4767 4687
f 4849 4848 4768
f 4930 4929 4849
f 5011 5010 4930
f 5092 5091 5011
f 5173 5172 5092
f 5254 5253 5173
f 5335 5334 5254
f 5416 5415 5335
f 5497 5496 5416
f 5578 5577 5497
f 5659 5658 5578
f 5740 5739 5659
f 5821 5820 5740
f 5902 5901 5821
f 5983 5982 5902
f 6064 6063 5983
f 6145 6144 6064
f 6226 6225 6145
f 6307 6306 6226
f 6388 6387 6307
f 6469 6468 6388
f 6550 6549 6469
f 152 151 71
f 233 232 152
f 314 313 233
f 395 394 314
f 476 475 395
f 557 556 476
f 638 637 557
f 719 718 638
f 800 799 719
f 881 880 800
f 962 961 881
f 1043 1042 962
f 1124 1123 1043
f 1205 1204 1124
f 1286 1285 1205
f 1367 1366 1286
f 1448 1447 1367
f 1529 1528 1448
f 1610 1609 1529
f 1691 1690 1610
f 1772 1771 1691
f 1853 1852 1772
f 1934 1933 1853
f 2015 2014 1934
f 2096 2095 2015
f 2177 2176 2096
f 2258 2257 2177
f 2339 2338 2258
f 2420 2419 2339
f 2501 2500 2420
f 2582 2581 2501
f 2663 2662 2582
f 2744 2743 2663
f 2825 2824 2744
f 2906 2905 2825
f 2987 2986 2906
f 3068 3067 2987
f 3149 3148 3068
f 3230 3229 3149
f 3311 3310 3230
f 3392 3391 3311
f 3473 3472 3392
f 3554 3553 3473
f 3635 3634 3554
f 3716 3715 3635
f 3797 3796 3716
f 3878 3877 3797
f 3959 3958 3878
f 4040 4039 3959
f 4121 4120 4040
f 4202 4201 4121
f 4283 4282 4202
f 4364 4363 4283
f 4445 4444 4364
f 4526 4525 4445
f 4607 4606 4526
f 4688 4687 4607
f 4769 4768 4688
f 4850 4849 4769
f 4931 4930 4850
f 5012 5011 4931
f 5093 5092 5012
f 5174 5173 5093
f 5255 5254 5174
f 5336 5335 5255
f 5417 5416 5336
f 5498 5497 5417
f 5579 5578 5498
f 5660 5659 5579
f 5741 5740 5660
f 5822 5821 5741
f 5903 5902 5822
f 5984 5983 5903
f 6065 6064 5984
f 6146 6145 6065
f 6227 6226 6146
f 6308 6307 6227
f 6389 6388 6308
f 6470 6469 6389
f 6551 6550 6470
f 153 152 72
f 234 233 153
f 315 314 234
f 396 395 315
f 477 476 396
f 558 557 477
f 639 638 558
f 720 719 639
f 801 800 720
f 882 881 801
f 963 962 882
f 1044 1043 963
f 1125 1124 1044
f 1206 1205 1125
f 1287 1286 1206
f 1368 1367 1287
f 1449 1448 1368
f 1530 1529 1449
f 1611 1610 1530
f 1692 1691 1611
f 1773 1772 1692
f 1854 1853 1773
f 1935 1934 1854
f 2016 2015 1935
f 2097 2096 2016
f 2178 2177 2097
f 2259 2258 2178
f 2340 2339 2259
f 2421 2420 2340
f 2502 2501 2421
f 2583 2582 2502
f 2664 2663 2583
f 2745 2744 2664
f 2826 2825 2745
f 2907 2906 2826
f 2988 2987 2907
f 3069 3068 2988
f 3150 3149 3069
f 3231 3230 3150
f 3312 3311 3231
f 3393 3392 3312
f 3474 3473 3393
f 3555 3554 3474
f 3636 3635 3555
f 3717 3716 3636
f 3798 3797 3717
f 3879 3878 3798
f 3960 3959 3879
f 4041 4040 3960
f 4122 4121 4041
f 4203 4202 4122
f 4284 4283 4203
f 4365 4364 4284
f 4446 4445 4365
f 4527 4526 4446
f 4608 4607 4527
f 4689 4688 4608
f 4770 4769 4689
f 4851 4850 4770
f 4932 4931 4851
f 5013 5012 4932
f 5094 5093 5013
f 5175 5174 5094
f 5256 5255 5175
f 5337 5336 5256
f 5418 5417 5337
f 5499 5498 5418
f 5580 5579 5499
f 5661 5660 5580
f 5742 5741 5661
f 5823 5822 5742
f 5904 5903 5823
f 5985 5984 5904
f 6066 6065 5985
f 6147 6146 6066
f 6228 6227 6147
f 6309 6308 6228
f 6390 6389 6309
f 6471 6470 6390
f 6552 6551 6471
f 154 153 73
f 235 234 154
f 316 315 235
f 397 396 316
f 478 477 397
f 559 558 478
f 640 639 559
f 721 720 640
f 802 801 721
f 883 882 802
f 964 963 883
f 1045 1044 964
f 1126 1125 1045
f 1207 1206 1126
f 1288 1287 1207
f 1369 1368 1288
f 1450 1449 1369
f 1531 1530 1450
f 1612 1611 1531
f 1693 1692 1612
f 1774 1773 1693
f 1855 1854 1774
f 1936 1935 1855
f 2017 2016 1936
f 2098 2097 2017
f 2179 2178 2098
f 2260 2259 2179
f 2341 2340 2260
f 2422 2421 2341
f 2503 2502 2422
f 2584 2583 2503
f 2665 2664 2584
f 2746 2745 2665
f 2827 2826 2746
f 2908 2907 2827
f 2989 2988 2908
f 3070 3069 2989
f 3151 3150 3070
f 3232 3231 3151
f 3313 3312 3232
f 3394 3393 3313
f 3475 3474 3394
f 3556 3555 3475
f 3637 3636 3556
f 3718 3717 3637
f 3799 3798 3718
f 3880 3879 3799
f 3961 3960 3880
f 4042 4041 3961
f 4123 4122 4042
f 4204 4203 4123
f 4285 4284 4204
f 4366 4365 4285
f 4447 4446 4366
f 4528 4527 4447
f 4609 4608 4528
f 4690 4689 4609
f 4771 4770 4690
f 4852 4851 4771
f 4933 4932 4852
f 5014 5013 4933
f 5095 5094 5014
f 5176 5175 5095
f 5257 5256 5176
f 5338 5337 5257
f 5419 5418 5338
f 5500 5499 5419
f 5581 5580 5500
f 5662 5661 5581
f 5743 5742 5662
f 5824 5823 5743
f 5905 5904 5824
f 5986 5985 5905
f 6067 6066 5986
f 6148 6147 6067
f 6229 6228 6148
f 6310 6309 6229
f 6391 6390 6310
f 6472 6471 6391
f 6553 6552 6472
f 155 154 74
f 236 235 155
f 317 316 236
f 398 397 317
f 479 478 398
f 560 559 479
f 641 640 560
f 722 721 641
f 803 802 722
f 884 883 803
f 965 964 884
f 1046 1045 965
f 1127 1126 1046
f 1208 1207 1127
f 1289 1288 1208
f 1370 1369 1289
f 1451 1450 1370
f 1532 1531 1451
f 1613 1612 1532
f 1694 1693 1613
f 1775 1774 1694
f 1856 1855 1775
f 1937 1936 1856
f 2018 2017 1937
f 2099 2098 2018
f 2180 2179 2099
f 2261 2260 2180
f 2342 2341 2261
f 2423 2422 2342
f 2504 2503 2423
f 2585 2584 2504
f 2666 2665 2585
f 2747 2746 2666
f 2828 2827 2747
f 2909 2908 2828
f 2990 2989 2909
f 3071 3070 2990
f 3152 3151 3071
f 3233 3232 3152
f 3314 3313 3233
f 3395 3394 3314
f 3476 3475 3395
f 3557 3556 3476
f 3638 3637 3557
f 3719 3718 3638
f 3800 3799 3719
f 3881 3880 3800
f 3962 3961 3881
f 4043 4042 3962
f 4124 4123 4043
f 4205 4204 4124
f 4286 4285 4205
f 4367 4366 4286
f 4448 4447 4367
f 4529 4528 4448
f 4610 4609 4529
f 4691 4690 4610
f 4772 4771 4691
f 4853 4852 4772
f 4934 4933 4853
f 5015 5014 4934
f 5096 5095 5015
f 5177 5176 5096
f 5258 5257 5177
f 5339 5338 5258
f 5420 5419 5339
f 5501 5500 5420
f 5582 5581 5501
f 5663 5662 5582
f 5744 5743 5663
f 5825 5824 5744
f 5906 5905 5825
f 5987 5986 5906
f 6068 6067 5987
f 6149 6148 6068
f 6230 6229 6149
f 6311 6310 6230
f 6392 6391 6311
f 6473 6472 6392
f 6554 6553 6473
f 156 155 75
f 237 236 156
f 318 317 237
f 399 398 318
f 480 479 399
f 561 560 480
f 642 641 561
f 723 722 642
f 804 803 723
f 885 884 804
f 966 965 885
f 1047 1046 966
f 1128 1127 1047
f 1209 1208 1128
f 1290 1289 1209
f 1371 1370 1290
f 1452 1451 1371
f 1533 1532 1452
f 1614 1613 1533
f 1695 1694 1614
f 1776 1775 1695
f 1857 1856 1776
f 1938 1937 1857
f 2019 2018 1938
f 2100 2099 2019
f 2181 2180 2100
f 2262 2261 2181
f 2343 2342 2262
f 2424 2423 2343
f 2505 2504 2424
f 2586 2585 2505
f 2667 2666 2586
f 2748 2747 2667
f 2829 2828 2748
f 2910 2909 2829
f 2991 2990 2910
f 3072 3071 2991
f 3153 3152 3072
f 3234 3233 3153
f 3315 3314 3234
f 3396 3395 3315
f 3477 3476 3396
f 3558 3557 3477
f 3639 3638 3558
f 3720 3719 3639
f 3801 3800 3720
f 3882 3881 3801
f 3963 3962 3882
f 4044 4043 3963
f 4125 4124 4044
f 4206 4205 4125
f 4287 4286 4206
f 4368 4367 4287
f 4449 4448 4368
f 4530 4529 4449
f 4611 4610 4530
f 4692 4691 4611
f 4773 4772 4692
f 4854 4853 4773
f 4935 4934 4854
f 5016 5015 4935
f 5097 5096 5016
f 5178 5177 5097
f 5259 5258 5178
f 5340 5339 5259
f 5421 5420 5340
f 5502 5501 5421
f 5583 5582 5502
f 5664 5663 5583
f 5745 5744 5664
f 5826 5825 5745
f 5907 5906 5826
f 5988 5987 5907
f 6069 6068 5988
f 6150 6149 6069
f 6231 6230 6150
f 6312 6311 6231
f 6393 6392 6312
f 6474 6473 6393
f 6555 6554 6474
f 157 156 76
f 238 237 157
f 319 318 238
f 400 399 319
f 481 480 400
f 562 561 481
f 643 642 562
f 724 723 643
f 805 804 724
f 886 885 805
f 967 966 886
f 1048 1047 967
f 1129 1128 1048
f 1210 1209 1129
f 1291 1290 1210
f 1372 1371 1291
f 1453 1452 1372
f 1534 1533 1453
f 1615 1614 1534
f 1696 1695 1615
f 1777 1776 1696
f 1858 1857 1777
f 1939 1938 1858
f 2020 2019 1939
f 2101 2100 2020
f 2182 2181 2101
f 2263 2262 2182
f 2344 2343 2263
f 2425 2424 2344
f 2506 2505 2425
f 2587 2586 2506
f 2668 2667 2587
f 2749 2748 2668
f 2830 2829 2749
f 2911 2910 2830
f 2992 2991 2911
f 3073 3072 2992
f 3154 3153 3073
f 3235 3234 3154
f 3316 3315 3235
f 3397 3396 3316
f 3478 3477 3397
f 3559 3558 3478
f 3640 3639 3559
f 3721 3720 3640
f 3802 3801 3721
f 3883 3882 3802
f 3964 3963 3883
f 4045 4044 3964
f 4126 4125 4045
f 4207 4206 4126
f 4288 4287 4207
f 4369 4368 4288
f 4450 4449 4369
f 4531 4530 4450
f 4612 4611 4531
f 4693 4692 4612
f 4774 4773 4693
f 4855 4854 4774
f 4936 4935 4855
f 5017 5016 4936
f 5098 5097 5017
f 5179 5178 5098
f 5260 5259 5179
f 5341 5340 5260
f 5422 5421 5341
f 5503 5502 5422
f 5584 5583 5503
f 5665 5664 5584
f 5746 5745 5665
f 5827 5826 5746
f 5908 5907 5827
f 5989 5988 5908
f 6070 6069 5989
f 6151 6150 6070
f 6232 6231 6151
f 6313 6312 6232
f 6394 6393 6313
f 6475 6474 6394
f 6556 6555 6475
f 158 157 77
f 239 238 158
f 320 319 239
f 401 400 320
f 482 481 401
f 563 562 482
f 644 643 563
f 725 724 644
f 806 805 725
f 887 886 806
f 968 967 887
f 1049 1048 968
f 1130 1129 1049
f 1211 1210 1130
f 1292 1291 1211
f 1373 1372 1292
f 1454 1453 1373
f 1535 1534 1454
f 1616 1615 1535
f 1697 1696 1616
f 1778 1777 1697
f 1859 1858 1778
f 1940 1939 1859
f 2021 2020 1940
f 2102 2101 2021
f 2183 2182 2102
f 2264 2263 2183
f 2345 2344 2264
f 2426 2425 2345
f 2507 2506 2426
f 2588 2587 2507
f 2669 2668 2588
f 2750 2749 2669
f 2831 2830 2750
f 2912 2911 2831
f 2993 2992 2912
f 3074 3073 2993
f 3155 3154 3074
f 3236 3235 3155
f 3317 3316 3236
f 3398 3397 3317
f 3479 3478 3398
f 3560 3559 3479
f 3641 3640 3560
f 3722 3721 3641
f 3803 3802 3722
f 3884 3883 3803
f 3965 3964 3884
f 4046 4045 3965
f 4127 4126 4046
f 4208 4207 4127
f 4289 4288 4208
f 4370 4369 4289
f 4451 4450 4370
f 4532 4531 4451
f 4613 4612 4532
f 4694 4693 4613
f 4775 4774 4694
f 4856 4855 4775
f 4937 4936 4856
f 5018 5017 4937
f 5099 5098 5018
f 5180 5179 5099
f 5261 5260 5180
f 5342 5341 5261
f 5423 5422 5342
f 5504 5503 5423
f 5585 5584 5504
f 5666 5665 5585
f 5747 5746 5666
f 5828 5827 5747
f 5909 5908 5828
f 5990 5989 5909
f 6071 6070 5990
f 6152 6151 6071
f 6233 6232 6152
f 6314 6313 6233
f 6395 6394 6314
f 6476 6475 6395
f 6557 6556 6476
f 159 158 78
f 240 239 159
f 321 320 240
f 402 401 321
f 483 482 402
f 564 563 483
f 645 644 564
f 726 725 645
f 807 806 726
f 888 887 807
f 969 968 888
f 1050 1049 969
f 1131 1130 1050
f 1212 1211 1131
f 1293 1292 1212
f 1374 1373 1293
f 1455 1454 1374
f 1536 1535 1455
f 1617 1616 1536
f 1698 1697 1617
f 1779 1778 1698
f 1860 1859 1779
f 1941 1940 1860
f 2022 2021 1941
f 2103 2102 2022
f 2184 2183 2103
f 2265 2264 2184
f 2346 2345 2265
f 2427 2426 2346
f 2508 2507 2427
f 2589 2588 2508
f 2670 2669 2589
f 2751 2750 2670
f 2832 2831 2751
f 2913 2912 2832
f 2994 2993 2913
f 3075 3074 2994
f 3156 3155 3075
f 3237 3236 3156
f 3318 3317 3237
f 3399 3398 3318
f 3480 3479 3399
f 3561 3560 3480
f 3642 3641 3561
f 3723 3722 3642
f 3804 3803 3723
f 3885 3884 3804
f 3966 3965 3885
f 4047 4046 3966
f 4128 4127 4047
f 4209 4208 4128
f 4290 4289 4209
f 4371 4370 4290
f 4452 4451 4371
f 4533 4532 4452
f 4614 4613 4533
f 4695 4694 4614
f 4776 4775 4695
f 4857 4856 4776
f 4938 4937 4857
f 5019 5018 4938
f 5100 5099 5019
f 5181 5180 5100
f 5262 5261 5181
f 5343 5342 5262
f 5424 5423 5343
f 5505 5504 5424
f 5586 5585 5505
f 5667 5666 5586
f 5748 5747 5667
f 5829 5828 5748
f 5910 5909 5829
f 5991 5990 5910
f 6072 6071 5991
f 6153 6152 6072
f 6234 6233 6153
f 6315 6314 6234
f 6396 6395 6315
f 6477 6476 6396
f 6558 6557 6477
f 160 159 79
f 241 240 160
f 322 321 241
f 403 402 322
f 484 483 403
f 565 564 484
f 646 645 565
f 727 726 646
f 808 807 727
f 889 888 808
f 970 969 889
f 1051 1050 970
f 1132 1131 1051
f 1213 1212 1132
f 1294 1293 1213
f 1375 1374 1294
f 1456 1455 1375
f 1537 1536 1456
f 1618 1617 1537
f 1699 1698 1618
f 1780 1779 1699
f 1861 1860 1780
f 1942 1941 1861
f 2023 2022 1942
f 2104 2103 2023
f 2185 2184 2104
f 2266 2265 2185
f 2347 2346 2266
f 2428 2427 2347
f 2509 2508 2428
f 2590 2589 2509
f 2671 2670 2590
f 2752 2751 2671
f 2833 2832 2752
f 2914 2913 2833
f 2995 2994 2914
f 3076 3075 2995
f 3157 3156 3076
f 3238 3237 3157
f 3319 3318 3238
f 3400 3399 3319
f 3481 3480 3400
f 3562 3561 3481
f 3643 3642 3562
f 3724 3723 3643
f 3805 3804 3724
f 3886 3885 3805
f 3967 3966 3886
f 4048 4047 3967
f 4129 4128 4048
f 4210 4209 4129
f 4291 4290 4210
f 4372 4371 4291
f 4453 4452 4372
f 4534 4533 4453
f 4615 4614 4534
f 4696 4695 4615
f 4777 4776 4696
f 4858 4857 4777
f 4939 4938 4858
f 5020 5019 4939
f 5101 5100 5020
f 5182 5181 5101
f 5263 5262 5182
f 5344 5343 5263
f 5425 5424 5344
f 5506 5505 5425
f 5587 5586 5506
f 5668 5667 5587
f 5749 5748 5668
f 5830 5829 5749
f 5911 5910 5830
f 5992 5991 5911
f 6073 6072 5992
f 6154 6153 6073
f 6235 6234 6154
f 6316 6315 6235
f 6397 6396 6316
f 6478 6477 6397
f 6559 6558 6478
f 161 160 80
f 242 241 161
f 323 322 242
f 404 403 323
f 485 484 404
f 566 565 485
f 647 646 566
f 728 727 647
f 809 808 728
f 890 889 809
f 971 970 890
f 1052 1051 971
f 1133 1132 1052
f 1214 1213 1133
f 1295 1294 1214
f 1376 1375 1295
f 1457 1456 1376
f 1538 1537 1457
f 1619 1618 1538
f 1700 1699 1619
f 1781 1780 1700
f 1862 1861 1781
f 1943 1942 1862
f 2024 2023 1943
f 2105 2104 2024
f 2186 2185 2105
f 2267 2266 2186
f 2348 2347 2267
f 2429 2428 2348
f 2510 2509 2429
f 2591 2590 2510
f 2672 2671 2591
f 2753 2752 2672
f 2834 2833 2753
f 2915 2914 2834
f 2996 2995 2915
f 3077 3076 2996
f 3158 3157 3077
f 3239 3238 3158
f 3320 3319 3239
f 3401 3400 3320
f 3482 3481 3401
f 3563 3562 3482
f 3644 3643 3563
f 3725 3724 3644
f 3806 3805 3725
f 3887 3886 3806
f 3968 3967 3887
f 4049 4048 3968
f 4130 4129 4049
f 4211 4210 4130
f 4292 4291 4211
f 4373 4372 4292
f 4454 4453 4373
f 4535 4534 4454
f 4616 4615 4535
f 4697 4696 4616
f 4778 4777 4697
f 4859 4858 4778
f 4940 4939 4859
f 5021 5020 4940
f 5102 5101 5021
f 5183 5182 5102
f 5264 5263 5183
f 5345 5344 5264
f 5426 5425 5345
f 5507 5506 5426
f 5588 5587 5507
f 5669 5668 5588
f 5750 5749 5669
f 5831 5830 5750
f 5912 5911 5831
f 5993 5992 5912
f 6074 6073 5993
f 6155 6154 6074
f 6236 6235 6155
f 6317 6316 6236
f 6398 6397 6317
f 6479 6478 6398
f 6560 6559 6479
f 162 161 81
f 243 242 162
f 324 323 243
f 405 404 324
f 486 485 405
f 567 566 486
f 648 647 567
f 729 728 648
f 810 809 729
f 891 890 810
f 972 971 891
f 1053 1052 972
f 1134 1133 1053
f 1215 1214 1134
f 1296 1295 1215
f 1377 1376 1296
f 1458 1457 1377
f 1539 1538 1458
f 1620 1619 1539
f 1701 1700 1620
f 1782 1781 1701
f 1863 1862 1782
f 1944 1943 1863
f 2025 2024 1944
f 2106 2105 2025
f 2187 2186 2106
f 2268 2267 2187
f 2349 2348 2268
f 2430 2429 2349
f 2511 2510 2430
f 2592 2591 2511
f 2673 2672 2592
f 2754 2753 2673
f 2835 2834 2754
f 2916 2915 2835
f 2997 2996 2916
f 3078 3077 2997
f 3159 3158 3078
f 3240 3239 3159
f 3321 3320 3240
f 3402 3401 3321
f 3483 3482 3402
f 3564 3563 3483
f 3645 3644 3564
f 3726 3725 3645
f 3807 3806 3726
f 3888 3887 3807
f 3969 3968 3888
f 4050 4049 3969
f 4131 4130 4050
f 4212 4211 4131
f 4293 4292 4212
f 4374 4373 4293
f 4455 4454 4374
f 4536 4535 4455
f 4617 4616 4536
f 4698 4697 4617
f 4779 4778 4698
f 4860 4859 4779
f 4941 4940 4860
f 5022 5021 4941
f 5103 5102 5022
f 5184 5183 5103
f 5265 5264 5184
f 5346 5345 5265
f 5427 5426 5346
f 5508 5507 5427
f 5589 5588 5508
f 5670 5669 5589
f 5751 5750 5670
f 5832 5831 5751
f 5913 5912 5832
f 5994 5993 5913
f 6075 6074 5994
f 6156 6155 6075
f 6237 6236 6156
f 6318 6317 6237
f 6399 6398 6318
f 6480 6479 6399
f 6561 6560 6480
