v -0.5 -0.5 0.277777761220932
v -0.4875 -0.5 0.275048643350601
v -0.475 -0.5 0.272130936384201
v -0.4625 -0.5 0.269106954336166
v -0.45 -0.5 0.265994548797607
v -0.4375 -0.5 0.262818992137909
v -0.425 -0.5 0.259627312421799
v -0.4125 -0.5 0.25644925236702
v -0.4 -0.5 0.253338783979416
v -0.3875 -0.5 0.250394582748413
v -0.375 -0.5 0.24765944480896
v -0.3625 -0.5 0.24518671631813
v -0.35 -0.5 0.243060693144798
v -0.3375 -0.5 0.241281077265739
v -0.325 -0.5 0.239957004785538
v -0.3125 -0.5 0.239110425114632
v -0.3 -0.5 0.238791659474373
v -0.2875 -0.5 0.239052280783653
v -0.275 -0.5 0.239839240908623
v -0.2625 -0.5 0.241255760192871
v -0.25 -0.5 0.243357703089714
v -0.2375 -0.5 0.245989352464676
v -0.225 -0.5 0.249025821685791
v -0.2125 -0.5 0.252347677946091
v -0.2 -0.5 0.255864381790161
v -0.1875 -0.5 0.259516626596451
v -0.175 -0.5 0.263191848993301
v -0.1625 -0.5 0.266836732625961
v -0.15 -0.5 0.27046462893486
v -0.1375 -0.5 0.274079591035843
v -0.125 -0.5 0.277587503194809
v -0.1125 -0.5 0.280809015035629
v -0.0999999999999996 -0.5 0.283671110868454
v -0.0874999999999996 -0.5 0.286337673664093
v -0.0749999999999996 -0.5 0.289321750402451
v -0.0624999999999996 -0.5 0.293202519416809
v -0.0499999999999996 -0.5 0.298376649618149
v -0.0374999999999996 -0.5 0.305132299661636
v -0.0249999999999996 -0.5 0.313555777072906
v -0.0124999999999996 -0.5 0.323591500520706
v 4.44089209850063e-16 -0.5 0.334774255752563
v 0.0125000000000004 -0.5 0.346546232700348
v 0.0250000000000005 -0.5 0.358079642057419
v 0.0375000000000005 -0.5 0.368352502584457
v 0.0500000000000005 -0.5 0.376572579145432
v 0.0625000000000004 -0.5 0.382361233234406
v 0.0750000000000005 -0.5 0.385823845863342
v 0.0875000000000006 -0.5 0.387376576662064
v 0.100000000000001 -0.5 0.3874671459198
v 0.1125 -0.5 0.386861890554428
v 0.125000000000001 -0.5 0.386110991239548
v 0.137500000000001 -0.5 0.385474890470505
v 0.150000000000001 -0.5 0.384818404912949
v 0.162500000000001 -0.5 0.383852630853653
v 0.175000000000001 -0.5 0.382791996002197
v 0.187500000000001 -0.5 0.382353693246841
v 0.200000000000001 -0.5 0.38305789232254
v 0.212500000000001 -0.5 0.384997367858887
v 0.225000000000001 -0.5 0.387939780950546
v 0.237500000000001 -0.5 0.391327917575836
v 0.250000000000001 -0.5 0.394776672124863
v 0.262500000000001 -0.5 0.398085683584213
v 0.275000000000001 -0.5 0.401216834783554
v 0.287500000000001 -0.5 0.404197931289673
v 0.300000000000001 -0.5 0.407080411911011
v 0.312500000000001 -0.5 0.409935683012009
v 0.325000000000001 -0.5 0.41281396150589
v 0.337500000000001 -0.5 0.415795296430588
v 0.350000000000001 -0.5 0.418899029493332
v 0.362500000000001 -0.5 0.422157496213913
v 0.375000000000001 -0.5 0.425602525472641
v 0.387500000000001 -0.5 0.429242104291916
v 0.400000000000001 -0.5 0.433091551065445
v 0.412500000000001 -0.5 0.437162697315216
v 0.425000000000001 -0.5 0.441465675830841
v 0.437500000000001 -0.5 0.446008771657944
v 0.450000000000001 -0.5 0.450777262449265
v 0.462500000000001 -0.5 0.455767720937729
v 0.475000000000001 -0.5 0.46099528670311
v 0.487500000000001 -0.5 0.466489940881729
v 0.500000000000001 -0.5 0.472296476364136
v -0.5 -0.4875 0.271494209766388
v -0.4875 -0.4875 0.268695682287216
v -0.475 -0.4875 0.265687316656113
v -0.4625 -0.4875 0.262533068656921
v -0.45 -0.4875 0.259273916482925
v -0.4375 -0.4875 0.255879491567612
v -0.425 -0.4875 0.252434879541397
v -0.4125 -0.4875 0.248954206705093
v -0.4 -0.4875 0.245516583323479
v -0.3875 -0.4875 0.242179557681084
v -0.375 -0.4875 0.239028930664062
v -0.3625 -0.4875 0.236180111765862
v -0.35 -0.4875 0.233680054545403
v -0.3375 -0.4875 0.231537446379662
v -0.325 -0.4875 0.229858309030533
v -0.3125 -0.4875 0.228719279170036
v -0.3 -0.4875 0.228143438696861
v -0.2875 -0.4875 0.228166416287422
v -0.275 -0.4875 0.228789687156677
v -0.2625 -0.4875 0.230101868510246
v -0.25 -0.4875 0.232047781348228
v -0.2375 -0.4875 0.234633922576904
v -0.225 -0.4875 0.237630754709244
v -0.2125 -0.4875 0.240963622927666
v -0.2 -0.4875 0.24459682404995
v -0.1875 -0.4875 0.248357325792313
v -0.175 -0.4875 0.252175331115723
v -0.1625 -0.4875 0.255995810031891
v -0.15 -0.4875 0.259841293096542
v -0.1375 -0.4875 0.263689339160919
v -0.125 -0.4875 0.267486721277237
v -0.1125 -0.4875 0.271032959222794
v -0.0999999999999996 -0.4875 0.274329513311386
v -0.0874999999999996 -0.4875 0.277420789003372
v -0.0749999999999996 -0.4875 0.280549675226212
v -0.0624999999999996 -0.4875 0.284154325723648
v -0.0499999999999996 -0.4875 0.288515329360962
v -0.0374999999999996 -0.4875 0.293765634298325
v -0.0249999999999996 -0.4875 0.299993395805359
v -0.0124999999999996 -0.4875 0.307124763727188
v 4.44089209850063e-16 -0.4875 0.315173864364624
v 0.0125000000000004 -0.4875 0.323826789855957
v 0.0250000000000005 -0.4875 0.332593590021133
v 0.0375000000000005 -0.4875 0.340960502624512
v 0.0500000000000005 -0.4875 0.348503023386002
v 0.0625000000000004 -0.4875 0.354781091213226
v 0.0750000000000005 -0.4875 0.359587252140045
v 0.0875000000000006 -0.4875 0.36303922533989
v 0.100000000000001 -0.4875 0.365400522947311
v 0.1125 -0.4875 0.36701425909996
v 0.125000000000001 -0.4875 0.368074804544449
v 0.137500000000001 -0.4875 0.369016736745834
v 0.150000000000001 -0.4875 0.369960606098175
v 0.162500000000001 -0.4875 0.37086221575737
v 0.175000000000001 -0.4875 0.371848791837692
v 0.187500000000001 -0.4875 0.373091995716095
v 0.200000000000001 -0.4875 0.374982118606567
v 0.212500000000001 -0.4875 0.377735286951065
v 0.225000000000001 -0.4875 0.381284087896347
v 0.237500000000001 -0.4875 0.38522657752037
v 0.250000000000001 -0.4875 0.389177948236465
v 0.262500000000001 -0.4875 0.392950624227524
v 0.275000000000001 -0.4875 0.396482795476913
v 0.287500000000001 -0.4875 0.399804890155792
v 0.300000000000001 -0.4875 0.402985334396362
v 0.312500000000001 -0.4875 0.406097620725632
v 0.325000000000001 -0.4875 0.409232705831528
v 0.337500000000001 -0.4875 0.412464588880539
v 0.350000000000001 -0.4875 0.415806144475937
v 0.362500000000001 -0.4875 0.419301003217697
v 0.375000000000001 -0.4875 0.422966212034225
v 0.387500000000001 -0.4875 0.426808923482895
v 0.400000000000001 -0.4875 0.430842071771622
v 0.412500000000001 -0.4875 0.435081452131271
v 0.425000000000001 -0.4875 0.43950492143631
v 0.437500000000001 -0.4875 0.444126427173615
v 0.450000000000001 -0.4875 0.448946475982666
v 0.462500000000001 -0.4875 0.453958243131638
v 0.475000000000001 -0.4875 0.459178358316422
v 0.487500000000001 -0.4875 0.46463081240654
v 0.500000000000001 -0.4875 0.470365136861801
v -0.5 -0.475 0.2658351957798
v -0.4875 -0.475 0.262820661067963
v -0.475 -0.475 0.25964218378067
v -0.4625 -0.475 0.256266444921494
v -0.45 -0.475 0.252736568450928
v -0.4375 -0.475 0.249050974845886
v -0.425 -0.475 0.245251208543777
v -0.4125 -0.475 0.241413742303848
v -0.4 -0.475 0.237596750259399
v -0.3875 -0.475 0.233871892094612
v -0.375 -0.475 0.230304762721062
v -0.3625 -0.475 0.227011159062386
v -0.35 -0.475 0.224089577794075
v -0.3375 -0.475 0.221603438258171
v -0.325 -0.475 0.219622656702995
v -0.3125 -0.475 0.218215689063072
v -0.3 -0.475 0.21738438308239
v -0.2875 -0.475 0.217204332351685
v -0.275 -0.475 0.21772663295269
v -0.2625 -0.475 0.218925386667252
v -0.25 -0.475 0.22081170976162
v -0.2375 -0.475 0.223372608423233
v -0.225 -0.475 0.226488515734673
v -0.2125 -0.475 0.23002715408802
v -0.2 -0.475 0.23390243947506
v -0.1875 -0.475 0.238010168075562
v -0.175 -0.475 0.242289021611214
v -0.1625 -0.475 0.246662333607674
v -0.15 -0.475 0.251095682382584
v -0.1375 -0.475 0.255567342042923
v -0.125 -0.475 0.26002112030983
v -0.1125 -0.475 0.264373153448105
v -0.0999999999999996 -0.475 0.26860186457634
v -0.0874999999999996 -0.475 0.272727012634277
v -0.0749999999999996 -0.475 0.276893228292465
v -0.0624999999999996 -0.475 0.281343817710876
v -0.0499999999999996 -0.475 0.286221504211426
v -0.0374999999999996 -0.475 0.291507929563522
v -0.0249999999999996 -0.475 0.297093749046326
v -0.0124999999999996 -0.475 0.30286580324173
v 4.44089209850063e-16 -0.475 0.308719605207443
v 0.0125000000000004 -0.475 0.314625561237335
v 0.0250000000000005 -0.475 0.320507794618607
v 0.0375000000000005 -0.475 0.326397627592087
v 0.0500000000000005 -0.475 0.332232236862183
v 0.0625000000000004 -0.475 0.337819635868073
v 0.0750000000000005 -0.475 0.342925876379013
v 0.0875000000000006 -0.475 0.347470253705978
v 0.100000000000001 -0.475 0.351420074701309
v 0.1125 -0.475 0.354770094156265
v 0.125000000000001 -0.475 0.35745644569397
v 0.137500000000001 -0.475 0.359561264514923
v 0.150000000000001 -0.475 0.361346513032913
v 0.162500000000001 -0.475 0.362939447164536
v 0.175000000000001 -0.475 0.364581197500229
v 0.187500000000001 -0.475 0.36636409163475
v 0.200000000000001 -0.475 0.368598431348801
v 0.212500000000001 -0.475 0.371595680713654
v 0.225000000000001 -0.475 0.375296980142593
v 0.237500000000001 -0.475 0.379426956176758
v 0.250000000000001 -0.475 0.383677929639816
v 0.262500000000001 -0.475 0.387820571660995
v 0.275000000000001 -0.475 0.391730397939682
v 0.287500000000001 -0.475 0.395409047603607
v 0.300000000000001 -0.475 0.398926556110382
v 0.312500000000001 -0.475 0.402354776859283
v 0.325000000000001 -0.475 0.405784696340561
v 0.337500000000001 -0.475 0.409297078847885
v 0.350000000000001 -0.475 0.41291743516922
v 0.362500000000001 -0.475 0.416676610708237
v 0.375000000000001 -0.475 0.420599043369293
v 0.387500000000001 -0.475 0.424693673849106
v 0.400000000000001 -0.475 0.428955852985382
v 0.412500000000001 -0.475 0.433373898267746
v 0.425000000000001 -0.475 0.437940895557404
v 0.437500000000001 -0.475 0.442653954029083
v 0.450000000000001 -0.475 0.447517454624176
v 0.462500000000001 -0.475 0.452545255422592
v 0.475000000000001 -0.475 0.457750380039215
v 0.487500000000001 -0.475 0.463159084320068
v 0.500000000000001 -0.475 0.468816012144089
v -0.5 -0.4625 0.260587424039841
v -0.4875 -0.4625 0.257324516773224
v -0.475 -0.4625 0.253839701414108
v -0.4625 -0.4625 0.250140905380249
v -0.45 -0.4625 0.246233224868774
v -0.4375 -0.4625 0.242207765579224
v -0.425 -0.4625 0.238036587834358
v -0.4125 -0.4625 0.233830168843269
v -0.4 -0.4625 0.229631379246712
v -0.3875 -0.4625 0.225488185882568
v -0.375 -0.4625 0.221527203917503
v -0.3625 -0.4625 0.217865824699402
v -0.35 -0.4625 0.214551120996475
v -0.3375 -0.4625 0.211698815226555
v -0.325 -0.4625 0.209415912628174
v -0.3125 -0.4625 0.207780942320824
v -0.3 -0.4625 0.206788212060928
v -0.2875 -0.4625 0.206473618745804
v -0.275 -0.4625 0.206882283091545
v -0.2625 -0.4625 0.208013400435448
v -0.25 -0.4625 0.209921225905418
v -0.2375 -0.4625 0.212576299905777
v -0.225 -0.4625 0.21582980453968
v -0.2125 -0.4625 0.219609066843987
v -0.2 -0.4625 0.223845392465591
v -0.1875 -0.4625 0.228415489196777
v -0.175 -0.4625 0.233262851834297
v -0.1625 -0.4625 0.238242626190186
v -0.15 -0.4625 0.243368983268738
v -0.1375 -0.4625 0.248537093400955
v -0.125 -0.4625 0.25372838973999
v -0.1125 -0.4625 0.258943885564804
v -0.0999999999999996 -0.4625 0.264059215784073
v -0.0874999999999996 -0.4625 0.269116133451462
v -0.0749999999999996 -0.4625 0.274185389280319
v -0.0624999999999996 -0.4625 0.279422670602798
v -0.0499999999999996 -0.4625 0.284908026456833
v -0.0374999999999996 -0.4625 0.290664583444595
v -0.0249999999999996 -0.4625 0.296501398086548
v -0.0124999999999996 -0.4625 0.302420675754547
v 4.44089209850063e-16 -0.4625 0.308313637971878
v 0.0125000000000004 -0.4625 0.313983350992203
v 0.0250000000000005 -0.4625 0.319268792867661
v 0.0375000000000005 -0.4625 0.324193000793457
v 0.0500000000000005 -0.4625 0.328861027956009
v 0.0625000000000004 -0.4625 0.333297580480576
v 0.0750000000000005 -0.4625 0.33756947517395
v 0.0875000000000006 -0.4625 0.341678202152252
v 0.100000000000001 -0.4625 0.345655381679535
v 0.1125 -0.4625 0.349262803792953
v 0.125000000000001 -0.4625 0.35232600569725
v 0.137500000000001 -0.4625 0.354798406362534
v 0.150000000000001 -0.4625 0.35671654343605
v 0.162500000000001 -0.4625 0.358333557844162
v 0.175000000000001 -0.4625 0.359894722700119
v 0.187500000000001 -0.4625 0.361580938100815
v 0.200000000000001 -0.4625 0.363690942525864
v 0.212500000000001 -0.4625 0.366466104984283
v 0.225000000000001 -0.4625 0.369983643293381
v 0.237500000000001 -0.4625 0.374035805463791
v 0.250000000000001 -0.4625 0.378386586904526
v 0.262500000000001 -0.4625 0.382764160633087
v 0.275000000000001 -0.4625 0.387013345956802
v 0.287500000000001 -0.4625 0.391057044267654
v 0.300000000000001 -0.4625 0.394937932491302
v 0.312500000000001 -0.4625 0.398722141981125
v 0.325000000000001 -0.4625 0.402502924203873
v 0.337500000000001 -0.4625 0.406339466571808
v 0.350000000000001 -0.4625 0.410282284021378
v 0.362500000000001 -0.4625 0.41435107588768
v 0.375000000000001 -0.4625 0.418558418750763
v 0.387500000000001 -0.4625 0.422915369272232
v 0.400000000000001 -0.4625 0.427414029836655
v 0.412500000000001 -0.4625 0.432034552097321
v 0.425000000000001 -0.4625 0.436767309904099
v 0.437500000000001 -0.4625 0.441597282886505
v 0.450000000000001 -0.4625 0.446522325277328
v 0.462500000000001 -0.4625 0.451557546854019
v 0.475000000000001 -0.4625 0.456731617450714
v 0.487500000000001 -0.4625 0.462077766656876
v 0.500000000000001 -0.4625 0.467638969421387
v -0.5 -0.45 0.255578130483627
v -0.4875 -0.45 0.25197646021843
v -0.475 -0.45 0.248143702745438
v -0.4625 -0.45 0.244084075093269
v -0.45 -0.45 0.239807084202766
v -0.4375 -0.45 0.235375836491585
v -0.425 -0.45 0.230838775634766
v -0.4125 -0.45 0.226215600967407
v -0.4 -0.45 0.221605643630028
v -0.3875 -0.45 0.217076301574707
v -0.375 -0.45 0.21281872689724
v -0.3625 -0.45 0.208852007985115
v -0.35 -0.45 0.205202773213387
v -0.3375 -0.45 0.202025130391121
v -0.325 -0.45 0.199470326304436
v -0.3125 -0.45 0.197627559304237
v -0.3 -0.45 0.196534559130669
v -0.2875 -0.45 0.196169629693031
v -0.275 -0.45 0.196536228060722
v -0.2625 -0.45 0.197641998529434
v -0.25 -0.45 0.199593126773834
v -0.2375 -0.45 0.202272817492485
v -0.225 -0.45 0.205671891570091
v -0.2125 -0.45 0.209666296839714
v -0.2 -0.45 0.214190438389778
v -0.1875 -0.45 0.219134673476219
v -0.175 -0.45 0.224411159753799
v -0.1625 -0.45 0.229918822646141
v -0.15 -0.45 0.235617354512215
v -0.1375 -0.45 0.241389229893684
v -0.125 -0.45 0.247242093086243
v -0.1125 -0.45 0.25312551856041
v -0.0999999999999996 -0.45 0.258942931890488
v -0.0874999999999996 -0.45 0.264719635248184
v -0.0749999999999996 -0.45 0.270473718643188
v -0.0624999999999996 -0.45 0.27633473277092
v -0.0499999999999996 -0.45 0.282233327627182
v -0.0374999999999996 -0.45 0.288266003131866
v -0.0249999999999996 -0.45 0.294359683990479
v -0.0124999999999996 -0.45 0.3004409968853
v 4.44089209850063e-16 -0.45 0.3064985871315
v 0.0125000000000004 -0.45 0.312457770109177
v 0.0250000000000005 -0.45 0.318144112825394
v 0.0375000000000005 -0.45 0.323410362005234
v 0.0500000000000005 -0.45 0.328120321035385
v 0.0625000000000004 -0.45 0.332318753004074
v 0.0750000000000005 -0.45 0.336189121007919
v 0.0875000000000006 -0.45 0.33979344367981
v 0.100000000000001 -0.45 0.343214094638824
v 0.1125 -0.45 0.34641233086586
v 0.125000000000001 -0.45 0.349251925945282
v 0.137500000000001 -0.45 0.351631373167038
v 0.150000000000001 -0.45 0.353555291891098
v 0.162500000000001 -0.45 0.355105698108673
v 0.175000000000001 -0.45 0.356503963470459
v 0.187500000000001 -0.45 0.35800176858902
v 0.200000000000001 -0.45 0.359837681055069
v 0.212500000000001 -0.45 0.362254828214645
v 0.225000000000001 -0.45 0.36540687084198
v 0.237500000000001 -0.45 0.369221895933151
v 0.250000000000001 -0.45 0.373491495847702
v 0.262500000000001 -0.45 0.377944946289062
v 0.275000000000001 -0.45 0.382450103759766
v 0.287500000000001 -0.45 0.386845797300339
v 0.300000000000001 -0.45 0.391112089157104
v 0.312500000000001 -0.45 0.395295709371567
v 0.325000000000001 -0.45 0.399466216564178
v 0.337500000000001 -0.45 0.403658002614975
v 0.350000000000001 -0.45 0.407927244901657
v 0.362500000000001 -0.45 0.412306040525436
v 0.375000000000001 -0.45 0.416814148426056
v 0.387500000000001 -0.45 0.421460717916489
v 0.400000000000001 -0.45 0.426216214895248
v 0.412500000000001 -0.45 0.431061089038849
v 0.425000000000001 -0.45 0.435973733663559
v 0.437500000000001 -0.45 0.440933287143707
v 0.450000000000001 -0.45 0.445935159921646
v 0.462500000000001 -0.45 0.450991928577423
v 0.475000000000001 -0.45 0.456119626760483
v 0.487500000000001 -0.45 0.461367815732956
v 0.500000000000001 -0.45 0.466805756092072
v -0.5 -0.4375 0.250737816095352
v -0.4875 -0.4375 0.246797159314156
v -0.475 -0.4375 0.2425706833601
v -0.4625 -0.4375 0.238140970468521
v -0.45 -0.4375 0.233467221260071
v -0.4375 -0.4375 0.228666305541992
v -0.425 -0.4375 0.223719879984856
v -0.4125 -0.4375 0.218697711825371
v -0.4 -0.4375 0.213737279176712
v -0.3875 -0.4375 0.20890174806118
v -0.375 -0.4375 0.204362317919731
v -0.3625 -0.4375 0.200117632746696
v -0.35 -0.4375 0.196209505200386
v -0.3375 -0.4375 0.192780241370201
v -0.325 -0.4375 0.189978703856468
v -0.3125 -0.4375 0.188000097870827
v -0.3 -0.4375 0.186811089515686
v -0.2875 -0.4375 0.186395451426506
v -0.275 -0.4375 0.186771675944328
v -0.2625 -0.4375 0.187886863946915
v -0.25 -0.4375 0.189839348196983
v -0.2375 -0.4375 0.192505553364754
v -0.225 -0.4375 0.195910155773163
v -0.2125 -0.4375 0.199983805418015
v -0.2 -0.4375 0.204641804099083
v -0.1875 -0.4375 0.209751173853874
v -0.175 -0.4375 0.215248540043831
v -0.1625 -0.4375 0.221053510904312
v -0.15 -0.4375 0.227098226547241
v -0.1375 -0.4375 0.233292773365974
v -0.125 -0.4375 0.239597350358963
v -0.1125 -0.4375 0.245944648981094
v -0.0999999999999996 -0.4375 0.252202689647675
v -0.0874999999999996 -0.4375 0.258512526750565
v -0.0749999999999996 -0.4375 0.26485276222229
v -0.0624999999999996 -0.4375 0.271197229623795
v -0.0499999999999996 -0.4375 0.277533352375031
v -0.0374999999999996 -0.4375 0.283918708562851
v -0.0249999999999996 -0.4375 0.29030242562294
v -0.0124999999999996 -0.4375 0.296606540679932
v 4.44089209850063e-16 -0.4375 0.302866518497467
v 0.0125000000000004 -0.4375 0.309026211500168
v 0.0250000000000005 -0.4375 0.315052360296249
v 0.0375000000000005 -0.4375 0.320770591497421
v 0.0500000000000005 -0.4375 0.325928926467896
v 0.0625000000000004 -0.4375 0.330446392297745
v 0.0750000000000005 -0.4375 0.334358930587769
v 0.0875000000000006 -0.4375 0.337768882513046
v 0.100000000000001 -0.4375 0.340902894735336
v 0.1125 -0.4375 0.34379717707634
v 0.125000000000001 -0.4375 0.34641295671463
v 0.137500000000001 -0.4375 0.348700046539307
v 0.150000000000001 -0.4375 0.350632756948471
v 0.162500000000001 -0.4375 0.352239936590195
v 0.175000000000001 -0.4375 0.353654384613037
v 0.187500000000001 -0.4375 0.355077475309372
v 0.200000000000001 -0.4375 0.356724202632904
v 0.212500000000001 -0.4375 0.358869701623917
v 0.225000000000001 -0.4375 0.361644357442856
v 0.237500000000001 -0.4375 0.365132838487625
v 0.250000000000001 -0.4375 0.369199275970459
v 0.262500000000001 -0.4375 0.373643398284912
v 0.275000000000001 -0.4375 0.378277033567429
v 0.287500000000001 -0.4375 0.3829505443573
v 0.300000000000001 -0.4375 0.387580513954163
v 0.312500000000001 -0.4375 0.392160415649414
v 0.325000000000001 -0.4375 0.396711558103561
v 0.337500000000001 -0.4375 0.401278018951416
v 0.350000000000001 -0.4375 0.405891418457031
v 0.362500000000001 -0.4375 0.410593897104263
v 0.375000000000001 -0.4375 0.415411800146103
v 0.387500000000001 -0.4375 0.420349895954132
v 0.400000000000001 -0.4375 0.425380617380142
v 0.412500000000001 -0.4375 0.430466741323471
v 0.425000000000001 -0.4375 0.435574442148209
v 0.437500000000001 -0.4375 0.440672129392624
v 0.450000000000001 -0.4375 0.445752710103989
v 0.462500000000001 -0.4375 0.450822323560715
v 0.475000000000001 -0.4375 0.455900341272354
v 0.487500000000001 -0.4375 0.461040556430817
v 0.500000000000001 -0.4375 0.466313928365707
v -0.5 -0.425 0.2462317943573
v -0.4875 -0.425 0.24187408387661
v -0.475 -0.425 0.237252742052078
v -0.4625 -0.425 0.232424095273018
v -0.45 -0.425 0.22738590836525
v -0.4375 -0.425 0.222191095352173
v -0.425 -0.425 0.216891959309578
v -0.4125 -0.425 0.211532279849052
v -0.4 -0.425 0.206227585673332
v -0.3875 -0.425 0.201140359044075
v -0.375 -0.425 0.196332708001137
v -0.3625 -0.425 0.19184921681881
v -0.35 -0.425 0.187726482748985
v -0.3375 -0.425 0.184103593230247
v -0.325 -0.425 0.181150153279305
v -0.3125 -0.425 0.179071664810181
v -0.3 -0.425 0.177779316902161
v -0.2875 -0.425 0.177342385053635
v -0.275 -0.425 0.177677497267723
v -0.2625 -0.425 0.178745970129967
v -0.25 -0.425 0.180585190653801
v -0.2375 -0.425 0.183200135827065
v -0.225 -0.425 0.186472177505493
v -0.2125 -0.425 0.190402254462242
v -0.2 -0.425 0.194897159934044
v -0.1875 -0.425 0.199949711561203
v -0.175 -0.425 0.20545557141304
v -0.1625 -0.425 0.211323291063309
v -0.15 -0.425 0.217488765716553
v -0.1375 -0.425 0.223853975534439
v -0.125 -0.425 0.230375602841377
v -0.1125 -0.425 0.237009644508362
v -0.0999999999999996 -0.425 0.24360080063343
v -0.0874999999999996 -0.425 0.250166118144989
v -0.0749999999999996 -0.425 0.256819933652878
v -0.0624999999999996 -0.425 0.263506472110748
v -0.0499999999999996 -0.425 0.27026554942131
v -0.0374999999999996 -0.425 0.277094185352325
v -0.0249999999999996 -0.425 0.283979594707489
v -0.0124999999999996 -0.425 0.290841817855835
v 4.44089209850063e-16 -0.425 0.297603011131287
v 0.0125000000000004 -0.425 0.30424553155899
v 0.0250000000000005 -0.425 0.310700476169586
v 0.0375000000000005 -0.425 0.316860944032669
v 0.0500000000000005 -0.425 0.322484463453293
v 0.0625000000000004 -0.425 0.32739531993866
v 0.0750000000000005 -0.425 0.331581175327301
v 0.0875000000000006 -0.425 0.33512082695961
v 0.100000000000001 -0.425 0.338251531124115
v 0.1125 -0.425 0.341051250696182
v 0.125000000000001 -0.425 0.343595504760742
v 0.137500000000001 -0.425 0.345901817083359
v 0.150000000000001 -0.425 0.347939401865005
v 0.162500000000001 -0.425 0.349704712629318
v 0.175000000000001 -0.425 0.351243436336517
v 0.187500000000001 -0.425 0.35273677110672
v 0.200000000000001 -0.425 0.354334741830826
v 0.212500000000001 -0.425 0.356279999017715
v 0.225000000000001 -0.425 0.358752518892288
v 0.237500000000001 -0.425 0.361913055181503
v 0.250000000000001 -0.425 0.365731239318848
v 0.262500000000001 -0.425 0.370052188634872
v 0.275000000000001 -0.425 0.374710768461227
v 0.287500000000001 -0.425 0.379570454359055
v 0.300000000000001 -0.425 0.384496301412582
v 0.312500000000001 -0.425 0.389444321393967
v 0.325000000000001 -0.425 0.394375801086426
v 0.337500000000001 -0.425 0.399305135011673
v 0.350000000000001 -0.425 0.404271513223648
v 0.362500000000001 -0.425 0.409315675497055
v 0.375000000000001 -0.425 0.414435863494873
v 0.387500000000001 -0.425 0.41964790225029
v 0.400000000000001 -0.425 0.424929708242416
v 0.412500000000001 -0.425 0.430244445800781
v 0.425000000000001 -0.425 0.435549259185791
v 0.437500000000001 -0.425 0.44079977273941
v 0.450000000000001 -0.425 0.445975691080093
v 0.462500000000001 -0.425 0.45106029510498
v 0.475000000000001 -0.425 0.456074446439743
v 0.487500000000001 -0.425 0.461081504821777
v 0.500000000000001 -0.425 0.466170698404312
v -0.5 -0.4125 0.242249295115471
v -0.4875 -0.4125 0.237464293837547
v -0.475 -0.4125 0.23242811858654
v -0.4625 -0.4125 0.22714638710022
v -0.45 -0.4125 0.221737369894981
v -0.4375 -0.4125 0.216220498085022
v -0.425 -0.4125 0.210592791438103
v -0.4125 -0.4125 0.204908236861229
v -0.4 -0.4125 0.199319079518318
v -0.3875 -0.4125 0.193913862109184
v -0.375 -0.4125 0.188783869147301
v -0.3625 -0.4125 0.184023097157478
v -0.35 -0.4125 0.179730892181396
v -0.3375 -0.4125 0.175972133874893
v -0.325 -0.4125 0.172972247004509
v -0.3125 -0.4125 0.170785650610924
v -0.3 -0.4125 0.169447526335716
v -0.2875 -0.4125 0.168889388442039
v -0.275 -0.4125 0.169109433889389
v -0.2625 -0.4125 0.170071631669998
v -0.25 -0.4125 0.171730220317841
v -0.2375 -0.4125 0.1740413159132
v -0.225 -0.4125 0.176998049020767
v -0.2125 -0.4125 0.180682107806206
v -0.2 -0.4125 0.184961423277855
v -0.1875 -0.4125 0.189767867326736
v -0.175 -0.4125 0.195099860429764
v -0.1625 -0.4125 0.200828075408936
v -0.15 -0.4125 0.20696134865284
v -0.1375 -0.4125 0.213324576616287
v -0.125 -0.4125 0.219784572720528
v -0.1125 -0.4125 0.226385101675987
v -0.0999999999999996 -0.4125 0.232978016138077
v -0.0874999999999996 -0.4125 0.239565327763557
v -0.0749999999999996 -0.4125 0.246270164847374
v -0.0624999999999996 -0.4125 0.253073483705521
v -0.0499999999999996 -0.4125 0.260111480951309
v -0.0374999999999996 -0.4125 0.2673120200634
v -0.0249999999999996 -0.4125 0.274731069803238
v -0.0124999999999996 -0.4125 0.282225459814072
v 4.44089209850063e-16 -0.4125 0.289692372083664
v 0.0125000000000004 -0.4125 0.297038227319717
v 0.0250000000000005 -0.4125 0.304136842489243
v 0.0375000000000005 -0.4125 0.31093442440033
v 0.0500000000000005 -0.4125 0.31717187166214
v 0.0625000000000004 -0.4125 0.322675585746765
v 0.0750000000000005 -0.4125 0.327418625354767
v 0.0875000000000006 -0.4125 0.331464499235153
v 0.100000000000001 -0.4125 0.334981441497803
v 0.1125 -0.4125 0.338039726018906
v 0.125000000000001 -0.4125 0.340760916471481
v 0.137500000000001 -0.4125 0.343226760625839
v 0.150000000000001 -0.4125 0.345500737428665
v 0.162500000000001 -0.4125 0.347516298294067
v 0.175000000000001 -0.4125 0.349291652441025
v 0.187500000000001 -0.4125 0.35094341635704
v 0.200000000000001 -0.4125 0.352594017982483
v 0.212500000000001 -0.4125 0.354462802410126
v 0.225000000000001 -0.4125 0.356743425130844
v 0.237500000000001 -0.4125 0.359632819890976
v 0.250000000000001 -0.4125 0.363206118345261
v 0.262500000000001 -0.4125 0.367335468530655
v 0.275000000000001 -0.4125 0.371937334537506
v 0.287500000000001 -0.4125 0.376900434494019
v 0.300000000000001 -0.4125 0.382056087255478
v 0.312500000000001 -0.4125 0.38730400800705
v 0.325000000000001 -0.4125 0.392591923475266
v 0.337500000000001 -0.4125 0.397883981466293
v 0.350000000000001 -0.4125 0.4031922519207
v 0.362500000000001 -0.4125 0.408550888299942
v 0.375000000000001 -0.4125 0.41395291686058
v 0.387500000000001 -0.4125 0.419416725635529
v 0.400000000000001 -0.4125 0.424932718276978
v 0.412500000000001 -0.4125 0.430461943149567
v 0.425000000000001 -0.4125 0.435948193073273
v 0.437500000000001 -0.4125 0.44134846329689
v 0.450000000000001 -0.4125 0.446610450744629
v 0.462500000000001 -0.4125 0.451707452535629
v 0.475000000000001 -0.4125 0.456655263900757
v 0.487500000000001 -0.4125 0.461510628461838
v 0.500000000000001 -0.4125 0.466386765241623
v -0.5 -0.4 0.238966092467308
v -0.4875 -0.4 0.233787462115288
v -0.475 -0.4 0.228292346000671
v -0.4625 -0.4 0.222607523202896
v -0.45 -0.4 0.216800287365913
v -0.4375 -0.4 0.210888266563416
v -0.425 -0.4 0.204887270927429
v -0.4125 -0.4 0.198867440223694
v -0.4 -0.4 0.192978352308273
v -0.3875 -0.4 0.187266826629639
v -0.375 -0.4 0.181851416826248
v -0.3625 -0.4 0.176853880286217
v -0.35 -0.4 0.172423407435417
v -0.3375 -0.4 0.168589100241661
v -0.325 -0.4 0.165466696023941
v -0.3125 -0.4 0.163202211260796
v -0.3 -0.4 0.161721348762512
v -0.2875 -0.4 0.160972207784653
v -0.275 -0.4 0.160984396934509
v -0.2625 -0.4 0.161650285124779
v -0.25 -0.4 0.16298221051693
v -0.2375 -0.4 0.164948746562004
v -0.225 -0.4 0.167534545063972
v -0.2125 -0.4 0.170861840248108
v -0.2 -0.4 0.174824595451355
v -0.1875 -0.4 0.179295673966408
v -0.175 -0.4 0.184312924742699
v -0.1625 -0.4 0.189783945679665
v -0.15 -0.4 0.195582494139671
v -0.1375 -0.4 0.201656147837639
v -0.125 -0.4 0.207873210310936
v -0.1125 -0.4 0.214158162474632
v -0.0999999999999996 -0.4 0.220565602183342
v -0.0874999999999996 -0.4 0.226981312036514
v -0.0749999999999996 -0.4 0.23356556892395
v -0.0624999999999996 -0.4 0.240314483642578
v -0.0499999999999996 -0.4 0.247348546981812
v -0.0374999999999996 -0.4 0.254741162061691
v -0.0249999999999996 -0.4 0.262461304664612
v -0.0124999999999996 -0.4 0.270450919866562
v 4.44089209850063e-16 -0.4 0.278563529253006
v 0.0125000000000004 -0.4 0.286637395620346
v 0.0250000000000005 -0.4 0.294462889432907
v 0.0375000000000005 -0.4 0.301999747753143
v 0.0500000000000005 -0.4 0.309043973684311
v 0.0625000000000004 -0.4 0.315387338399887
v 0.0750000000000005 -0.4 0.321016877889633
v 0.0875000000000006 -0.4 0.325946152210236
v 0.100000000000001 -0.4 0.330266922712326
v 0.1125 -0.4 0.334054470062256
v 0.125000000000001 -0.4 0.337403833866119
v 0.137500000000001 -0.4 0.340388149023056
v 0.150000000000001 -0.4 0.343079566955566
v 0.162500000000001 -0.4 0.34547945857048
v 0.175000000000001 -0.4 0.347617536783218
v 0.187500000000001 -0.4 0.349553883075714
v 0.200000000000001 -0.4 0.3514084815979
v 0.212500000000001 -0.4 0.353339672088623
v 0.225000000000001 -0.4 0.355554103851318
v 0.237500000000001 -0.4 0.358268707990646
v 0.250000000000001 -0.4 0.361629217863083
v 0.262500000000001 -0.4 0.365592569112778
v 0.275000000000001 -0.4 0.370100289583206
v 0.287500000000001 -0.4 0.375052988529205
v 0.300000000000001 -0.4 0.380362898111343
v 0.312500000000001 -0.4 0.385868519544601
v 0.325000000000001 -0.4 0.391474723815918
v 0.337500000000001 -0.4 0.397110193967819
v 0.350000000000001 -0.4 0.402744024991989
v 0.362500000000001 -0.4 0.408399790525436
v 0.375000000000001 -0.4 0.414072245359421
v 0.387500000000001 -0.4 0.419774025678635
v 0.400000000000001 -0.4 0.425503075122833
v 0.412500000000001 -0.4 0.431227505207062
v 0.425000000000001 -0.4 0.436884462833405
v 0.437500000000001 -0.4 0.442410707473755
v 0.450000000000001 -0.4 0.447737216949463
v 0.462500000000001 -0.4 0.45282968878746
v 0.475000000000001 -0.4 0.457694530487061
v 0.487500000000001 -0.4 0.462391048669815
v 0.500000000000001 -0.4 0.467027753591537
v -0.5 -0.3875 0.236583709716797
v -0.4875 -0.3875 0.230982944369316
v -0.475 -0.3875 0.22501365840435
v -0.4625 -0.3875 0.218851372599602
v -0.45 -0.3875 0.21262001991272
v -0.4375 -0.3875 0.206284672021866
v -0.425 -0.3875 0.199911236763
v -0.4125 -0.3875 0.193525388836861
v -0.4 -0.3875 0.187306046485901
v -0.3875 -0.3875 0.181278616189957
v -0.375 -0.3875 0.175599560141563
v -0.3625 -0.3875 0.17043724656105
v -0.35 -0.3875 0.165874779224396
v -0.3375 -0.3875 0.161983907222748
v -0.325 -0.3875 0.158797264099121
v -0.3125 -0.3875 0.156326934695244
v -0.3 -0.3875 0.154555633664131
v -0.2875 -0.3875 0.153505131602287
v -0.275 -0.3875 0.153181776404381
v -0.2625 -0.3875 0.153468236327171
v -0.25 -0.3875 0.154378324747086
v -0.2375 -0.3875 0.155909210443497
v -0.225 -0.3875 0.15808567404747
v -0.2125 -0.3875 0.160995915532112
v -0.2 -0.3875 0.164547473192215
v -0.1875 -0.3875 0.168597891926765
v -0.175 -0.3875 0.173191219568253
v -0.1625 -0.3875 0.178170248866081
v -0.15 -0.3875 0.18351212143898
v -0.1375 -0.3875 0.189125925302505
v -0.125 -0.3875 0.194908186793327
v -0.1125 -0.3875 0.200814753770828
v -0.0999999999999996 -0.3875 0.206851348280907
v -0.0874999999999996 -0.3875 0.212999060750008
v -0.0749999999999996 -0.3875 0.21938943862915
v -0.0624999999999996 -0.3875 0.226023510098457
v -0.0499999999999996 -0.3875 0.23290927708149
v -0.0374999999999996 -0.3875 0.2403724193573
v -0.0249999999999996 -0.3875 0.248268887400627
v -0.0124999999999996 -0.3875 0.256568878889084
v 4.44089209850063e-16 -0.3875 0.265135377645493
v 0.0125000000000004 -0.3875 0.273765921592712
v 0.0250000000000005 -0.3875 0.282249122858047
v 0.0375000000000005 -0.3875 0.290477007627487
v 0.0500000000000005 -0.3875 0.29833048582077
v 0.0625000000000004 -0.3875 0.305657863616943
v 0.0750000000000005 -0.3875 0.312344163656235
v 0.0875000000000006 -0.3875 0.318407744169235
v 0.100000000000001 -0.3875 0.323895782232285
v 0.1125 -0.3875 0.328760504722595
v 0.125000000000001 -0.3875 0.33306884765625
v 0.137500000000001 -0.3875 0.336901754140854
v 0.150000000000001 -0.3875 0.340300798416138
v 0.162500000000001 -0.3875 0.343298196792603
v 0.175000000000001 -0.3875 0.345949321985245
v 0.187500000000001 -0.3875 0.348327457904816
v 0.200000000000001 -0.3875 0.350553601980209
v 0.212500000000001 -0.3875 0.35274201631546
v 0.225000000000001 -0.3875 0.355083525180817
v 0.237500000000001 -0.3875 0.357758581638336
v 0.250000000000001 -0.3875 0.360964864492416
v 0.262500000000001 -0.3875 0.364787995815277
v 0.275000000000001 -0.3875 0.369200855493546
v 0.287500000000001 -0.3875 0.374153286218643
v 0.300000000000001 -0.3875 0.379539251327515
v 0.312500000000001 -0.3875 0.385235875844955
v 0.325000000000001 -0.3875 0.391117066144943
v 0.337500000000001 -0.3875 0.397062629461288
v 0.350000000000001 -0.3875 0.403016537427902
v 0.362500000000001 -0.3875 0.408971309661865
v 0.375000000000001 -0.3875 0.414921373128891
v 0.387500000000001 -0.3875 0.420861542224884
v 0.400000000000001 -0.3875 0.426789134740829
v 0.412500000000001 -0.3875 0.432679653167725
v 0.425000000000001 -0.3875 0.438474804162979
v 0.437500000000001 -0.3875 0.444098204374313
v 0.450000000000001 -0.3875 0.449473857879639
v 0.462500000000001 -0.3875 0.454554051160812
v 0.475000000000001 -0.3875 0.459321796894073
v 0.487500000000001 -0.3875 0.463840395212173
v 0.500000000000001 -0.3875 0.468217849731445
v -0.5 -0.375 0.235166743397713
v -0.4875 -0.375 0.229129463434219
v -0.475 -0.375 0.222732111811638
v -0.4625 -0.375 0.216091379523277
v -0.45 -0.375 0.209316730499268
v -0.4375 -0.375 0.202456280589104
v -0.425 -0.375 0.19559021294117
v -0.4125 -0.375 0.188808143138885
v -0.4 -0.375 0.182213738560677
v -0.3875 -0.375 0.175922229886055
v -0.375 -0.375 0.170024022459984
v -0.3625 -0.375 0.164633795619011
v -0.35 -0.375 0.159926325082779
v -0.3375 -0.375 0.155870676040649
v -0.325 -0.375 0.152553960680962
v -0.3125 -0.375 0.149857118725777
v -0.3 -0.375 0.147742852568626
v -0.2875 -0.375 0.146244645118713
v -0.275 -0.375 0.145538359880447
v -0.2625 -0.375 0.145368173718452
v -0.25 -0.375 0.145865604281425
v -0.2375 -0.375 0.147013947367668
v -0.225 -0.375 0.148685082793236
v -0.2125 -0.375 0.15107336640358
v -0.2 -0.375 0.154073461890221
v -0.1875 -0.375 0.157603800296783
v -0.175 -0.375 0.161620423197746
v -0.1625 -0.375 0.166044160723686
v -0.15 -0.375 0.170873880386353
v -0.1375 -0.375 0.176023527979851
v -0.125 -0.375 0.181383475661278
v -0.1125 -0.375 0.186865791678429
v -0.0999999999999996 -0.375 0.192560702562332
v -0.0874999999999996 -0.375 0.198464184999466
v -0.0749999999999996 -0.375 0.204707533121109
v -0.0624999999999996 -0.375 0.21122245490551
v -0.0499999999999996 -0.375 0.218134552240372
v -0.0374999999999996 -0.375 0.225562378764153
v -0.0249999999999996 -0.375 0.233503445982933
v -0.0124999999999996 -0.375 0.241919279098511
v 4.44089209850063e-16 -0.375 0.250714778900146
v 0.0125000000000004 -0.375 0.259700238704681
v 0.0250000000000005 -0.375 0.268642902374268
v 0.0375000000000005 -0.375 0.277464479207993
v 0.0500000000000005 -0.375 0.286114692687988
v 0.0625000000000004 -0.375 0.294338524341583
v 0.0750000000000005 -0.375 0.302126675844193
v 0.0875000000000006 -0.375 0.30938920378685
v 0.100000000000001 -0.375 0.316097319126129
v 0.1125 -0.375 0.322179466485977
v 0.125000000000001 -0.375 0.327647775411606
v 0.137500000000001 -0.375 0.332565069198608
v 0.150000000000001 -0.375 0.336923748254776
v 0.162500000000001 -0.375 0.340760052204132
v 0.175000000000001 -0.375 0.344126641750336
v 0.187500000000001 -0.375 0.347122728824615
v 0.200000000000001 -0.375 0.349867731332779
v 0.212500000000001 -0.375 0.352481573820114
v 0.225000000000001 -0.375 0.355115741491318
v 0.237500000000001 -0.375 0.357921242713928
v 0.250000000000001 -0.375 0.361115545034409
v 0.262500000000001 -0.375 0.364860862493515
v 0.275000000000001 -0.375 0.369212239980698
v 0.287500000000001 -0.375 0.374164193868637
v 0.300000000000001 -0.375 0.379632711410522
v 0.312500000000001 -0.375 0.385512113571167
v 0.325000000000001 -0.375 0.391637474298477
v 0.337500000000001 -0.375 0.397888213396072
v 0.350000000000001 -0.375 0.404151439666748
v 0.362500000000001 -0.375 0.410408228635788
v 0.375000000000001 -0.375 0.416625410318375
v 0.387500000000001 -0.375 0.422787189483643
v 0.400000000000001 -0.375 0.428903192281723
v 0.412500000000001 -0.375 0.434946984052658
v 0.425000000000001 -0.375 0.440865248441696
v 0.437500000000001 -0.375 0.446581840515137
v 0.450000000000001 -0.375 0.452009975910187
v 0.462500000000001 -0.375 0.457064390182495
v 0.475000000000001 -0.375 0.461719989776611
v 0.487500000000001 -0.375 0.466029554605484
v 0.500000000000001 -0.375 0.470132321119308
v -0.5 -0.3625 0.234767347574234
v -0.4875 -0.3625 0.228214904665947
v -0.475 -0.3625 0.22131235897541
v -0.4625 -0.3625 0.214230969548225
v -0.45 -0.3625 0.206905126571655
v -0.4375 -0.3625 0.199487686157227
v -0.425 -0.3625 0.192151412367821
v -0.4125 -0.3625 0.184901714324951
v -0.4 -0.3625 0.177852898836136
v -0.3875 -0.3625 0.171193450689316
v -0.375 -0.3625 0.165024191141129
v -0.3625 -0.3625 0.159428596496582
v -0.35 -0.3625 0.154496669769287
v -0.3375 -0.3625 0.150299191474915
v -0.325 -0.3625 0.146661996841431
v -0.3125 -0.3625 0.143610313534737
v -0.3 -0.3625 0.141166135668755
v -0.2875 -0.3625 0.139256805181503
v -0.275 -0.3625 0.138058513402939
v -0.2625 -0.3625 0.137421786785126
v -0.25 -0.3625 0.137488886713982
v -0.2375 -0.3625 0.138138443231583
v -0.225 -0.3625 0.139314755797386
v -0.2125 -0.3625 0.141086846590042
v -0.2 -0.3625 0.143494293093681
v -0.1875 -0.3625 0.146344944834709
v -0.175 -0.3625 0.149721249938011
v -0.1625 -0.3625 0.153625175356865
v -0.15 -0.3625 0.15797284245491
v -0.1375 -0.3625 0.162684798240662
v -0.125 -0.3625 0.16765621304512
v -0.1125 -0.3625 0.172816455364227
v -0.0999999999999996 -0.3625 0.178343489766121
v -0.0874999999999996 -0.3625 0.184181541204453
v -0.0749999999999996 -0.3625 0.190378546714783
v -0.0624999999999996 -0.3625 0.196941778063774
v -0.0499999999999996 -0.3625 0.203889518976212
v -0.0374999999999996 -0.3625 0.211267039179802
v -0.0249999999999996 -0.3625 0.219136670231819
v -0.0124999999999996 -0.3625 0.227571830153465
v 4.44089209850063e-16 -0.3625 0.236495122313499
v 0.0125000000000004 -0.3625 0.245698019862175
v 0.0250000000000005 -0.3625 0.254993915557861
v 0.0375000000000005 -0.3625 0.264325112104416
v 0.0500000000000005 -0.3625 0.273594558238983
v 0.0625000000000004 -0.3625 0.282632917165756
v 0.0750000000000005 -0.3625 0.291327744722366
v 0.0875000000000006 -0.3625 0.299651712179184
v 0.100000000000001 -0.3625 0.307462424039841
v 0.1125 -0.3625 0.314699739217758
v 0.125000000000001 -0.3625 0.321345180273056
v 0.137500000000001 -0.3625 0.327400714159012
v 0.150000000000001 -0.3625 0.332865327596664
v 0.162500000000001 -0.3625 0.337722778320312
v 0.175000000000001 -0.3625 0.342001706361771
v 0.187500000000001 -0.3625 0.345767080783844
v 0.200000000000001 -0.3625 0.349170535802841
v 0.212500000000001 -0.3625 0.352368354797363
v 0.225000000000001 -0.3625 0.35544764995575
v 0.237500000000001 -0.3625 0.358565002679825
v 0.250000000000001 -0.3625 0.361920118331909
v 0.262500000000001 -0.3625 0.365727543830872
v 0.275000000000001 -0.3625 0.370100945234299
v 0.287500000000001 -0.3625 0.375094950199127
v 0.300000000000001 -0.3625 0.380654662847519
v 0.312500000000001 -0.3625 0.386678546667099
v 0.325000000000001 -0.3625 0.393040388822556
v 0.337500000000001 -0.3625 0.399584174156189
v 0.350000000000001 -0.3625 0.406190484762192
v 0.362500000000001 -0.3625 0.412763118743896
v 0.375000000000001 -0.3625 0.419265180826187
v 0.387500000000001 -0.3625 0.425680637359619
v 0.400000000000001 -0.3625 0.431998461484909
v 0.412500000000001 -0.3625 0.438200205564499
v 0.425000000000001 -0.3625 0.444250196218491
v 0.437500000000001 -0.3625 0.450063049793243
v 0.450000000000001 -0.3625 0.455530166625977
v 0.462500000000001 -0.3625 0.460556983947754
v 0.475000000000001 -0.3625 0.46510648727417
v 0.487500000000001 -0.3625 0.469223231077194
v 0.500000000000001 -0.3625 0.47305566072464
v -0.5 -0.35 0.235397815704346
v -0.4875 -0.35 0.228216454386711
v -0.475 -0.35 0.220735341310501
v -0.4625 -0.35 0.213055163621902
v -0.45 -0.35 0.205155730247498
v -0.4375 -0.35 0.197199150919914
v -0.425 -0.35 0.189381420612335
v -0.4125 -0.35 0.181742116808891
v -0.4 -0.35 0.17433862388134
v -0.3875 -0.35 0.167328029870987
v -0.375 -0.35 0.160763531923294
v -0.3625 -0.35 0.154744043946266
v -0.35 -0.35 0.149566918611526
v -0.3375 -0.35 0.14509342610836
v -0.325 -0.35 0.141149327158928
v -0.3125 -0.35 0.137671828269958
v -0.3 -0.35 0.134766027331352
v -0.2875 -0.35 0.132406577467918
v -0.275 -0.35 0.130579277873039
v -0.2625 -0.35 0.129527941346169
v -0.25 -0.35 0.129010185599327
v -0.2375 -0.35 0.129101023077965
v -0.225 -0.35 0.129740729928017
v -0.2125 -0.35 0.130971401929855
v -0.2 -0.35 0.132682323455811
v -0.1875 -0.35 0.134894445538521
v -0.175 -0.35 0.137696012854576
v -0.1625 -0.35 0.141148343682289
v -0.15 -0.35 0.145104646682739
v -0.1375 -0.35 0.149453744292259
v -0.125 -0.35 0.154141679406166
v -0.1125 -0.35 0.159238427877426
v -0.0999999999999996 -0.35 0.164821907877922
v -0.0874999999999996 -0.35 0.170749455690384
v -0.0749999999999996 -0.35 0.177043780684471
v -0.0624999999999996 -0.35 0.183684855699539
v -0.0499999999999996 -0.35 0.190672993659973
v -0.0374999999999996 -0.35 0.198080345988274
v -0.0249999999999996 -0.35 0.206016287207603
v -0.0124999999999996 -0.35 0.214443117380142
v 4.44089209850063e-16 -0.35 0.223410561680794
v 0.0125000000000004 -0.35 0.232725217938423
v 0.0250000000000005 -0.35 0.242232084274292
v 0.0375000000000005 -0.35 0.251970440149307
v 0.0500000000000005 -0.35 0.261746793985367
v 0.0625000000000004 -0.35 0.271396964788437
v 0.0750000000000005 -0.35 0.280816167593002
v 0.0875000000000006 -0.35 0.289905786514282
v 0.100000000000001 -0.35 0.298553049564362
v 0.1125 -0.35 0.306713759899139
v 0.125000000000001 -0.35 0.31437548995018
v 0.137500000000001 -0.35 0.321504175662994
v 0.150000000000001 -0.35 0.328058212995529
v 0.162500000000001 -0.35 0.33404478430748
v 0.175000000000001 -0.35 0.339389055967331
v 0.187500000000001 -0.35 0.344125598669052
v 0.200000000000001 -0.35 0.348345726728439
v 0.212500000000001 -0.35 0.352241963148117
v 0.225000000000001 -0.35 0.355917781591415
v 0.237500000000001 -0.35 0.359503448009491
v 0.250000000000001 -0.35 0.363200932741165
v 0.262500000000001 -0.35 0.367219120264053
v 0.275000000000001 -0.35 0.371734470129013
v 0.287500000000001 -0.35 0.376825273036957
v 0.300000000000001 -0.35 0.382509917020798
v 0.312500000000001 -0.35 0.388701796531677
v 0.325000000000001 -0.35 0.395292371511459
v 0.337500000000001 -0.35 0.402129858732224
v 0.350000000000001 -0.35 0.409081935882568
v 0.362500000000001 -0.35 0.41601425409317
v 0.375000000000001 -0.35 0.422859013080597
v 0.387500000000001 -0.35 0.42956930398941
v 0.400000000000001 -0.35 0.436126321554184
v 0.412500000000001 -0.35 0.442542940378189
v 0.425000000000001 -0.35 0.448760956525803
v 0.437500000000001 -0.35 0.45469257235527
v 0.450000000000001 -0.35 0.460232466459274
v 0.462500000000001 -0.35 0.465271770954132
v 0.475000000000001 -0.35 0.469760417938232
v 0.487500000000001 -0.35 0.473737627267838
v 0.500000000000001 -0.35 0.477359294891357
v -0.5 -0.3375 0.236904248595238
v -0.4875 -0.3375 0.229052424430847
v -0.475 -0.3375 0.220941409468651
v -0.4625 -0.3375 0.212599322199821
v -0.45 -0.3375 0.204106569290161
v -0.4375 -0.3375 0.19558396935463
v -0.425 -0.3375 0.187163338065147
v -0.4125 -0.3375 0.179043054580688
v -0.4 -0.3375 0.171261310577393
v -0.3875 -0.3375 0.163911312818527
v -0.375 -0.3375 0.156992390751839
v -0.3625 -0.3375 0.1506407558918
v -0.35 -0.3375 0.145144194364548
v -0.3375 -0.3375 0.140263080596924
v -0.325 -0.3375 0.135866686701775
v -0.3125 -0.3375 0.131906911730766
v -0.3 -0.3375 0.128488689661026
v -0.2875 -0.3375 0.125595554709435
v -0.275 -0.3375 0.123203836381435
v -0.2625 -0.3375 0.121562384068966
v -0.25 -0.3375 0.120449267327785
v -0.2375 -0.3375 0.119877867400646
v -0.225 -0.3375 0.119975805282593
v -0.2125 -0.3375 0.12060709297657
v -0.2 -0.3375 0.121698215603828
v -0.1875 -0.3375 0.123367987573147
v -0.175 -0.3375 0.125720500946045
v -0.1625 -0.3375 0.128802061080933
v -0.15 -0.3375 0.132482573390007
v -0.1375 -0.3375 0.136640533804893
v -0.125 -0.3375 0.141328692436218
v -0.1125 -0.3375 0.146525099873543
v -0.0999999999999996 -0.3375 0.152237981557846
v -0.0874999999999996 -0.3375 0.158322602510452
v -0.0749999999999996 -0.3375 0.164864927530289
v -0.0624999999999996 -0.3375 0.171681866049767
v -0.0499999999999996 -0.3375 0.17883925139904
v -0.0374999999999996 -0.3375 0.186384752392769
v -0.0249999999999996 -0.3375 0.194397240877151
v -0.0124999999999996 -0.3375 0.202855870127678
v 4.44089209850063e-16 -0.3375 0.211830407381058
v 0.0125000000000004 -0.3375 0.221271276473999
v 0.0250000000000005 -0.3375 0.23099473118782
v 0.0375000000000005 -0.3375 0.240961506962776
v 0.0500000000000005 -0.3375 0.251036942005157
v 0.0625000000000004 -0.3375 0.261079549789429
v 0.0750000000000005 -0.3375 0.270977735519409
v 0.0875000000000006 -0.3375 0.280604094266891
v 0.100000000000001 -0.3375 0.289861440658569
v 0.1125 -0.3375 0.298709839582443
v 0.125000000000001 -0.3375 0.307132452726364
v 0.137500000000001 -0.3375 0.315161198377609
v 0.150000000000001 -0.3375 0.322700262069702
v 0.162500000000001 -0.3375 0.329743444919586
v 0.175000000000001 -0.3375 0.336189597845078
v 0.187500000000001 -0.3375 0.341997116804123
v 0.200000000000001 -0.3375 0.347214847803116
v 0.212500000000001 -0.3375 0.351971417665482
v 0.225000000000001 -0.3375 0.356360793113708
v 0.237500000000001 -0.3375 0.360556900501251
v 0.250000000000001 -0.3375 0.364763230085373
v 0.262500000000001 -0.3375 0.369171112775803
v 0.275000000000001 -0.3375 0.373964786529541
v 0.287500000000001 -0.3375 0.379268705844879
v 0.300000000000001 -0.3375 0.385129630565643
v 0.312500000000001 -0.3375 0.391541063785553
v 0.325000000000001 -0.3375 0.398399591445923
v 0.337500000000001 -0.3375 0.405572980642319
v 0.350000000000001 -0.3375 0.412905275821686
v 0.362500000000001 -0.3375 0.420261204242706
v 0.375000000000001 -0.3375 0.427512228488922
v 0.387500000000001 -0.3375 0.434602648019791
v 0.400000000000001 -0.3375 0.441487401723862
v 0.412500000000001 -0.3375 0.448156893253326
v 0.425000000000001 -0.3375 0.454573959112167
v 0.437500000000001 -0.3375 0.460680574178696
v 0.450000000000001 -0.3375 0.466363161802292
v 0.462500000000001 -0.3375 0.471504896879196
v 0.475000000000001 -0.3375 0.476029008626938
v 0.487500000000001 -0.3375 0.479967087507248
v 0.500000000000001 -0.3375 0.48348394036293
v -0.5 -0.325 0.239265158772469
v -0.4875 -0.325 0.230684146285057
v -0.475 -0.325 0.221826314926147
v -0.4625 -0.325 0.212777525186539
v -0.45 -0.325 0.203689530491829
v -0.4375 -0.325 0.194566488265991
v -0.425 -0.325 0.185631319880486
v -0.4125 -0.325 0.17700682580471
v -0.4 -0.325 0.168770760297775
v -0.3875 -0.325 0.161006286740303
v -0.375 -0.325 0.153770938515663
v -0.3625 -0.325 0.147125482559204
v -0.35 -0.325 0.141168683767319
v -0.3375 -0.325 0.135818749666214
v -0.325 -0.325 0.130993276834488
v -0.3125 -0.325 0.126519188284874
v -0.3 -0.325 0.122545957565308
v -0.2875 -0.325 0.11907484382391
v -0.275 -0.325 0.116093218326569
v -0.2625 -0.325 0.113662995398045
v -0.25 -0.325 0.111846841871738
v -0.2375 -0.325 0.110591791570187
v -0.225 -0.325 0.110096208751202
v -0.2125 -0.325 0.110104165971279
v -0.2 -0.325 0.110619954764843
v -0.1875 -0.325 0.111846342682838
v -0.175 -0.325 0.113973714411259
v -0.1625 -0.325 0.1168327704072
v -0.15 -0.325 0.120251730084419
v -0.1375 -0.325 0.124462507665157
v -0.125 -0.325 0.129388809204102
v -0.1125 -0.325 0.13473729789257
v -0.0999999999999996 -0.325 0.140597254037857
v -0.0874999999999996 -0.325 0.147007122635841
v -0.0749999999999996 -0.325 0.153773188591003
v -0.0624999999999996 -0.325 0.160806849598885
v -0.0499999999999996 -0.325 0.168137490749359
v -0.0374999999999996 -0.325 0.175886392593384
v -0.0249999999999996 -0.325 0.184074997901917
v -0.0124999999999996 -0.325 0.19271457195282
v 4.44089209850063e-16 -0.325 0.201774075627327
v 0.0125000000000004 -0.325 0.21126289665699
v 0.0250000000000005 -0.325 0.221090704202652
v 0.0375000000000005 -0.325 0.23117008805275
v 0.0500000000000005 -0.325 0.241409182548523
v 0.0625000000000004 -0.325 0.251632392406464
v 0.0750000000000005 -0.325 0.261733323335648
v 0.0875000000000006 -0.325 0.271698147058487
v 0.100000000000001 -0.325 0.281411021947861
v 0.1125 -0.325 0.290810406208038
v 0.125000000000001 -0.325 0.299868673086166
v 0.137500000000001 -0.325 0.308594137430191
v 0.150000000000001 -0.325 0.316937923431396
v 0.162500000000001 -0.325 0.324876844882965
v 0.175000000000001 -0.325 0.332342684268951
v 0.187500000000001 -0.325 0.339227646589279
v 0.200000000000001 -0.325 0.345528274774551
v 0.212500000000001 -0.325 0.351288050413132
v 0.225000000000001 -0.325 0.35658985376358
v 0.237500000000001 -0.325 0.361565589904785
v 0.250000000000001 -0.325 0.366445988416672
v 0.262500000000001 -0.325 0.371418476104736
v 0.275000000000001 -0.325 0.376648813486099
v 0.287500000000001 -0.325 0.382297992706299
v 0.300000000000001 -0.325 0.388475149869919
v 0.312500000000001 -0.325 0.395205110311508
v 0.325000000000001 -0.325 0.402441114187241
v 0.337500000000001 -0.325 0.410052508115768
v 0.350000000000001 -0.325 0.417882442474365
v 0.362500000000001 -0.325 0.425771534442902
v 0.375000000000001 -0.325 0.43357715010643
v 0.387500000000001 -0.325 0.441166609525681
v 0.400000000000001 -0.325 0.448484510183334
v 0.412500000000001 -0.325 0.455503553152084
v 0.425000000000001 -0.325 0.462218195199966
v 0.437500000000001 -0.325 0.468572229146957
v 0.450000000000001 -0.325 0.474481105804443
v 0.462500000000001 -0.325 0.479829460382462
v 0.475000000000001 -0.325 0.484517097473145
v 0.487500000000001 -0.325 0.48856258392334
v 0.500000000000001 -0.325 0.492131620645523
v -0.5 -0.3125 0.242880806326866
v -0.4875 -0.3125 0.233531475067139
v -0.475 -0.3125 0.223870560526848
v -0.4625 -0.3125 0.214049622416496
v -0.45 -0.3125 0.204136282205582
v -0.4375 -0.3125 0.194366529583931
v -0.425 -0.3125 0.184974014759064
v -0.4125 -0.3125 0.175954207777977
v -0.4 -0.3125 0.167297154664993
v -0.3875 -0.3125 0.159092411398888
v -0.375 -0.3125 0.151445135474205
v -0.3625 -0.3125 0.144409641623497
v -0.35 -0.3125 0.1379065066576
v -0.3375 -0.3125 0.131989002227783
v -0.325 -0.3125 0.126615956425667
v -0.3125 -0.3125 0.121735572814941
v -0.3 -0.3125 0.117291830480099
v -0.2875 -0.3125 0.113175749778748
v -0.275 -0.3125 0.109470151364803
v -0.2625 -0.3125 0.106054805219173
v -0.25 -0.3125 0.10337582975626
v -0.2375 -0.3125 0.101324997842312
v -0.225 -0.3125 0.100120179355145
v -0.2125 -0.3125 0.0995198860764503
v -0.2 -0.3125 0.0995383039116859
v -0.1875 -0.3125 0.100415803492069
v -0.175 -0.3125 0.102428175508976
v -0.1625 -0.3125 0.105177953839302
v -0.15 -0.3125 0.108602069318295
v -0.1375 -0.3125 0.11305133253336
v -0.125 -0.3125 0.118111647665501
v -0.1125 -0.3125 0.123615860939026
v -0.0999999999999996 -0.3125 0.129797264933586
v -0.0874999999999996 -0.3125 0.136467605829239
v -0.0749999999999996 -0.3125 0.143419608473778
v -0.0624999999999996 -0.3125 0.150704383850098
v -0.0499999999999996 -0.3125 0.158298000693321
v -0.0374999999999996 -0.3125 0.166258215904236
v -0.0249999999999996 -0.3125 0.174699798226357
v -0.0124999999999996 -0.3125 0.183518409729004
v 4.44089209850063e-16 -0.3125 0.192738592624664
v 0.0125000000000004 -0.3125 0.202362298965454
v 0.0250000000000005 -0.3125 0.21219639480114
v 0.0375000000000005 -0.3125 0.222296595573425
v 0.0500000000000005 -0.3125 0.232587531208992
v 0.0625000000000004 -0.3125 0.242886707186699
v 0.0750000000000005 -0.3125 0.25310680270195
v 0.0875000000000006 -0.3125 0.263218253850937
v 0.100000000000001 -0.3125 0.273190379142761
v 0.1125 -0.3125 0.28299081325531
v 0.125000000000001 -0.3125 0.292568892240524
v 0.137500000000001 -0.3125 0.301911443471909
v 0.150000000000001 -0.3125 0.310965746641159
v 0.162500000000001 -0.3125 0.319656610488892
v 0.175000000000001 -0.3125 0.327991276979446
v 0.187500000000001 -0.3125 0.335853815078735
v 0.200000000000001 -0.3125 0.343187659978867
v 0.212500000000001 -0.3125 0.349995404481888
v 0.225000000000001 -0.3125 0.356304138898849
v 0.237500000000001 -0.3125 0.362229079008102
v 0.250000000000001 -0.3125 0.367957592010498
v 0.262500000000001 -0.3125 0.373689651489258
v 0.275000000000001 -0.3125 0.379596203565598
v 0.287500000000001 -0.3125 0.385822266340256
v 0.300000000000001 -0.3125 0.392497837543488
v 0.312500000000001 -0.3125 0.399738758802414
v 0.325000000000001 -0.3125 0.407536506652832
v 0.337500000000001 -0.3125 0.415795892477036
v 0.350000000000001 -0.3125 0.424370378255844
v 0.362500000000001 -0.3125 0.433085352182388
v 0.375000000000001 -0.3125 0.441695183515549
v 0.387500000000001 -0.3125 0.450036913156509
v 0.400000000000001 -0.3125 0.458031088113785
v 0.412500000000001 -0.3125 0.46562734246254
v 0.425000000000001 -0.3125 0.4728082716465
v 0.437500000000001 -0.3125 0.47954997420311
v 0.450000000000001 -0.3125 0.485807746648788
v 0.462500000000001 -0.3125 0.491465300321579
v 0.475000000000001 -0.3125 0.496441751718521
v 0.487500000000001 -0.3125 0.500739216804504
v 0.500000000000001 -0.3125 0.504505455493927
v -0.5 -0.3 0.247918650507927
v -0.4875 -0.3 0.23774953186512
v -0.475 -0.3 0.227311044931412
v -0.4625 -0.3 0.216731116175652
v -0.45 -0.3 0.206138178706169
v -0.4375 -0.3 0.195657551288605
v -0.425 -0.3 0.185450345277786
v -0.4125 -0.3 0.175772652029991
v -0.4 -0.3 0.166590377688408
v -0.3875 -0.3 0.157997101545334
v -0.375 -0.3 0.150009825825691
v -0.3625 -0.3 0.142580181360245
v -0.35 -0.3 0.135682418942451
v -0.3375 -0.3 0.129192784428596
v -0.325 -0.3 0.123229436576366
v -0.3125 -0.3 0.117794089019299
v -0.3 -0.3 0.112755253911018
v -0.2875 -0.3 0.107856944203377
v -0.275 -0.3 0.103207282721996
v -0.2625 -0.3 0.0987525135278702
v -0.25 -0.3 0.0949523970484734
v -0.2375 -0.3 0.0920913591980934
v -0.225 -0.3 0.0900989696383476
v -0.2125 -0.3 0.0889500752091408
v -0.2 -0.3 0.0885670706629753
v -0.1875 -0.3 0.0892092362046242
v -0.175 -0.3 0.0911213159561157
v -0.1625 -0.3 0.0939207524061203
v -0.15 -0.3 0.097603440284729
v -0.1375 -0.3 0.102161027491093
v -0.125 -0.3 0.107371918857098
v -0.1125 -0.3 0.113179303705692
v -0.0999999999999996 -0.3 0.119606472551823
v -0.0874999999999996 -0.3 0.126461118459702
v -0.0749999999999996 -0.3 0.133658245205879
v -0.0624999999999996 -0.3 0.14117756485939
v -0.0499999999999996 -0.3 0.149055168032646
v -0.0374999999999996 -0.3 0.157332822680473
v -0.0249999999999996 -0.3 0.165996342897415
v -0.0124999999999996 -0.3 0.175043791532516
v 4.44089209850063e-16 -0.3 0.184449598193169
v 0.0125000000000004 -0.3 0.194118365645409
v 0.0250000000000005 -0.3 0.203988268971443
v 0.0375000000000005 -0.3 0.214118704199791
v 0.0500000000000005 -0.3 0.22434775531292
v 0.0625000000000004 -0.3 0.23460279405117
v 0.0750000000000005 -0.3 0.24482236802578
v 0.0875000000000006 -0.3 0.254993945360184
v 0.100000000000001 -0.3 0.265154421329498
v 0.1125 -0.3 0.275244772434235
v 0.125000000000001 -0.3 0.2852723300457
v 0.137500000000001 -0.3 0.29516413807869
v 0.150000000000001 -0.3 0.304856598377228
v 0.162500000000001 -0.3 0.314294368028641
v 0.175000000000001 -0.3 0.323419332504272
v 0.187500000000001 -0.3 0.332121908664703
v 0.200000000000001 -0.3 0.340347200632095
v 0.212500000000001 -0.3 0.348107188940048
v 0.225000000000001 -0.3 0.355389922857285
v 0.237500000000001 -0.3 0.362309753894806
v 0.250000000000001 -0.3 0.369014948606491
v 0.262500000000001 -0.3 0.375677883625031
v 0.275000000000001 -0.3 0.382495254278183
v 0.287500000000001 -0.3 0.38962784409523
v 0.300000000000001 -0.3 0.39716163277626
v 0.312500000000001 -0.3 0.405218809843063
v 0.325000000000001 -0.3 0.413878262042999
v 0.337500000000001 -0.3 0.42314600944519
v 0.350000000000001 -0.3 0.432924121618271
v 0.362500000000001 -0.3 0.442930221557617
v 0.375000000000001 -0.3 0.452880859375
v 0.387500000000001 -0.3 0.462530612945557
v 0.400000000000001 -0.3 0.471700489521027
v 0.412500000000001 -0.3 0.480312347412109
v 0.425000000000001 -0.3 0.488317161798477
v 0.437500000000001 -0.3 0.495706796646118
v 0.450000000000001 -0.3 0.502477824687958
v 0.462500000000001 -0.3 0.508583724498749
v 0.475000000000001 -0.3 0.513955593109131
v 0.487500000000001 -0.3 0.518594086170197
v 0.500000000000001 -0.3 0.522623240947723
v -0.5 -0.2875 0.255079537630081
v -0.4875 -0.2875 0.244153887033463
v -0.475 -0.2875 0.232850417494774
v -0.4625 -0.2875 0.221441224217415
v -0.45 -0.2875 0.209980770945549
v -0.4375 -0.2875 0.198623582720757
v -0.425 -0.2875 0.18754169344902
v -0.4125 -0.2875 0.176969066262245
v -0.4 -0.2875 0.167034968733788
v -0.3875 -0.2875 0.157889008522034
v -0.375 -0.2875 0.149416372179985
v -0.3625 -0.2875 0.141607314348221
v -0.35 -0.2875 0.134337335824966
v -0.3375 -0.2875 0.127467006444931
v -0.325 -0.2875 0.120887972414494
v -0.3125 -0.2875 0.114736393094063
v -0.3 -0.2875 0.108789898455143
v -0.2875 -0.2875 0.10296980291605
v -0.275 -0.2875 0.0973238870501518
v -0.2625 -0.2875 0.0918108746409416
v -0.25 -0.2875 0.0867744833230972
v -0.2375 -0.2875 0.0828801915049553
v -0.225 -0.2875 0.0801411420106888
v -0.2125 -0.2875 0.0784561708569527
v -0.2 -0.2875 0.0777227431535721
v -0.1875 -0.2875 0.078240804374218
v -0.175 -0.2875 0.0801820531487465
v -0.1625 -0.2875 0.0830685421824455
v -0.15 -0.2875 0.087035208940506
v -0.1375 -0.2875 0.0917202979326248
v -0.125 -0.2875 0.0971524342894554
v -0.1125 -0.2875 0.103236868977547
v -0.0999999999999996 -0.2875 0.109903953969479
v -0.0874999999999996 -0.2875 0.116979144513607
v -0.0749999999999996 -0.2875 0.124431468546391
v -0.0624999999999996 -0.2875 0.132248565554619
v -0.0499999999999996 -0.2875 0.140459895133972
v -0.0374999999999996 -0.2875 0.149044349789619
v -0.0249999999999996 -0.2875 0.158023580908775
v -0.0124999999999996 -0.2875 0.167301163077354
v 4.44089209850063e-16 -0.2875 0.176820084452629
v 0.0125000000000004 -0.2875 0.186553344130516
v 0.0250000000000005 -0.2875 0.196448758244514
v 0.0375000000000005 -0.2875 0.206521272659302
v 0.0500000000000005 -0.2875 0.216643527150154
v 0.0625000000000004 -0.2875 0.226759627461433
v 0.0750000000000005 -0.2875 0.236912235617638
v 0.0875000000000006 -0.2875 0.247080072760582
v 0.100000000000001 -0.2875 0.257316887378693
v 0.1125 -0.2875 0.267612963914871
v 0.125000000000001 -0.2875 0.277951300144196
v 0.137500000000001 -0.2875 0.288304299116135
v 0.150000000000001 -0.2875 0.298603355884552
v 0.162500000000001 -0.2875 0.308744519948959
v 0.175000000000001 -0.2875 0.318645685911179
v 0.187500000000001 -0.2875 0.328174650669098
v 0.200000000000001 -0.2875 0.337249845266342
v 0.212500000000001 -0.2875 0.345850706100464
v 0.225000000000001 -0.2875 0.354018598794937
v 0.237500000000001 -0.2875 0.361797392368317
v 0.250000000000001 -0.2875 0.369412988424301
v 0.262500000000001 -0.2875 0.377102702856064
v 0.275000000000001 -0.2875 0.385097801685333
v 0.287500000000001 -0.2875 0.393523126840591
v 0.300000000000001 -0.2875 0.402398735284805
v 0.312500000000001 -0.2875 0.411759614944458
v 0.325000000000001 -0.2875 0.421745389699936
v 0.337500000000001 -0.2875 0.43252220749855
v 0.350000000000001 -0.2875 0.44405397772789
v 0.362500000000001 -0.2875 0.456098318099976
v 0.375000000000001 -0.2875 0.468285948038101
v 0.387500000000001 -0.2875 0.48019751906395
v 0.400000000000001 -0.2875 0.491446077823639
v 0.412500000000001 -0.2875 0.501771032810211
v 0.425000000000001 -0.2875 0.511091351509094
v 0.437500000000001 -0.2875 0.519432485103607
v 0.450000000000001 -0.2875 0.526904046535492
v 0.462500000000001 -0.2875 0.533570408821106
v 0.475000000000001 -0.2875 0.539418816566467
v 0.487500000000001 -0.2875 0.544447422027588
v 0.500000000000001 -0.2875 0.548728585243225
v -0.5 -0.275 0.265377938747406
v -0.4875 -0.275 0.25384059548378
v -0.475 -0.275 0.241794943809509
v -0.4625 -0.275 0.229340746998787
v -0.45 -0.275 0.21673572063446
v -0.4375 -0.275 0.204116493463516
v -0.425 -0.275 0.191786766052246
v -0.4125 -0.275 0.18002450466156
v -0.4 -0.275 0.169136330485344
v -0.3875 -0.275 0.159178495407104
v -0.375 -0.275 0.149999782443047
v -0.3625 -0.275 0.141586601734161
v -0.35 -0.275 0.133952364325523
v -0.3375 -0.275 0.126632571220398
v -0.325 -0.275 0.119435787200928
v -0.3125 -0.275 0.112452626228333
v -0.3 -0.275 0.105557702481747
v -0.2875 -0.275 0.0985376462340355
v -0.275 -0.275 0.0916546806693077
v -0.2625 -0.275 0.085093230009079
v -0.25 -0.275 0.0789748728275299
v -0.2375 -0.275 0.0738905444741249
v -0.225 -0.275 0.0703163668513298
v -0.2125 -0.275 0.0681263729929924
v -0.2 -0.275 0.0670881867408752
v -0.1875 -0.275 0.0675518959760666
v -0.175 -0.275 0.0695582628250122
v -0.1625 -0.275 0.0726275071501732
v -0.15 -0.275 0.0768126994371414
v -0.1375 -0.275 0.0817111656069756
v -0.125 -0.275 0.0874120965600014
v -0.1125 -0.275 0.0938489586114883
v -0.0999999999999996 -0.275 0.100820794701576
v -0.0874999999999996 -0.275 0.108231835067272
v -0.0749999999999996 -0.275 0.116047024726868
v -0.0624999999999996 -0.275 0.12422251701355
v -0.0499999999999996 -0.275 0.132736876606941
v -0.0374999999999996 -0.275 0.141672119498253
v -0.0249999999999996 -0.275 0.150869116187096
v -0.0124999999999996 -0.275 0.160277843475342
v 4.44089209850063e-16 -0.275 0.169871434569359
v 0.0125000000000004 -0.275 0.179629787802696
v 0.0250000000000005 -0.275 0.189468920230865
v 0.0375000000000005 -0.275 0.199434503912926
v 0.0500000000000005 -0.275 0.209413692355156
v 0.0625000000000004 -0.275 0.219403550028801
v 0.0750000000000005 -0.275 0.229423001408577
v 0.0875000000000006 -0.275 0.239523887634277
v 0.100000000000001 -0.275 0.249764204025269
v 0.1125 -0.275 0.260191768407822
v 0.125000000000001 -0.275 0.270773351192474
v 0.137500000000001 -0.275 0.28148540854454
v 0.150000000000001 -0.275 0.292276710271835
v 0.162500000000001 -0.275 0.303066521883011
v 0.175000000000001 -0.275 0.313713610172272
v 0.187500000000001 -0.275 0.324029535055161
v 0.200000000000001 -0.275 0.333911836147308
v 0.212500000000001 -0.275 0.343325436115265
v 0.225000000000001 -0.275 0.352234810590744
v 0.237500000000001 -0.275 0.360775858163834
v 0.250000000000001 -0.275 0.369187653064728
v 0.262500000000001 -0.275 0.377869457006454
v 0.275000000000001 -0.275 0.387198597192764
v 0.287500000000001 -0.275 0.397376090288162
v 0.300000000000001 -0.275 0.408279806375504
v 0.312500000000001 -0.275 0.419626861810684
v 0.325000000000001 -0.275 0.431445509195328
v 0.337500000000001 -0.275 0.444025039672852
v 0.350000000000001 -0.275 0.457689762115479
v 0.362500000000001 -0.275 0.472400099039078
v 0.375000000000001 -0.275 0.487710386514664
v 0.387500000000001 -0.275 0.50290310382843
v 0.400000000000001 -0.275 0.517188549041748
v 0.412500000000001 -0.275 0.529900670051575
v 0.425000000000001 -0.275 0.540752351284027
v 0.437500000000001 -0.275 0.549870908260345
v 0.450000000000001 -0.275 0.557643711566925
v 0.462500000000001 -0.275 0.564498603343964
v 0.475000000000001 -0.275 0.570706069469452
v 0.487500000000001 -0.275 0.576315402984619
v 0.500000000000001 -0.275 0.58125764131546
v -0.5 -0.2625 0.280852138996124
v -0.4875 -0.2625 0.269023716449738
v -0.475 -0.2625 0.256289333105087
v -0.4625 -0.2625 0.242639109492302
v -0.45 -0.2625 0.228150129318237
v -0.4375 -0.2625 0.213355883955956
v -0.425 -0.2625 0.198865577578545
v -0.4125 -0.2625 0.185279354453087
v -0.4 -0.2625 0.17285843193531
v -0.3875 -0.2625 0.161743745207787
v -0.375 -0.2625 0.151778534054756
v -0.3625 -0.2625 0.142702430486679
v -0.35 -0.2625 0.134513661265373
v -0.3375 -0.2625 0.126566603779793
v -0.325 -0.2625 0.118549183011055
v -0.3125 -0.2625 0.110608115792274
v -0.3 -0.2625 0.102607779204845
v -0.2875 -0.2625 0.0945202708244324
v -0.275 -0.2625 0.0864623561501503
v -0.2625 -0.2625 0.0788221135735512
v -0.25 -0.2625 0.0716629177331924
v -0.2375 -0.2625 0.0654569938778877
v -0.225 -0.2625 0.0608407258987427
v -0.2125 -0.2625 0.058122243732214
v -0.2 -0.2625 0.0567555800080299
v -0.1875 -0.2625 0.057165015488863
v -0.175 -0.2625 0.0592681057751179
v -0.1625 -0.2625 0.062607005238533
v -0.15 -0.2625 0.0669974908232689
v -0.1375 -0.2625 0.0722483992576599
v -0.125 -0.2625 0.078398123383522
v -0.1125 -0.2625 0.0852945670485497
v -0.0999999999999996 -0.2625 0.0927570164203644
v -0.0874999999999996 -0.2625 0.10057957470417
v -0.0749999999999996 -0.2625 0.108809925615788
v -0.0624999999999996 -0.2625 0.117413997650146
v -0.0499999999999996 -0.2625 0.126337572932243
v -0.0374999999999996 -0.2625 0.13549667596817
v -0.0249999999999996 -0.2625 0.144794553518295
v -0.0124999999999996 -0.2625 0.154215633869171
v 4.44089209850063e-16 -0.2625 0.16378478705883
v 0.0125000000000004 -0.2625 0.173473998904228
v 0.0250000000000005 -0.2625 0.183238595724106
v 0.0375000000000005 -0.2625 0.193081304430962
v 0.0500000000000005 -0.2625 0.202902033925056
v 0.0625000000000004 -0.2625 0.212727889418602
v 0.0750000000000005 -0.2625 0.222636267542839
v 0.0875000000000006 -0.2625 0.232625156641006
v 0.100000000000001 -0.2625 0.242780640721321
v 0.1125 -0.2625 0.253220468759537
v 0.125000000000001 -0.2625 0.263923734426498
v 0.137500000000001 -0.2625 0.274906903505325
v 0.150000000000001 -0.2625 0.286068201065063
v 0.162500000000001 -0.2625 0.297368109226227
v 0.175000000000001 -0.2625 0.308676689863205
v 0.187500000000001 -0.2625 0.319745987653732
v 0.200000000000001 -0.2625 0.33043098449707
v 0.212500000000001 -0.2625 0.340605348348618
v 0.225000000000001 -0.2625 0.350202620029449
v 0.237500000000001 -0.2625 0.359342783689499
v 0.250000000000001 -0.2625 0.368379026651382
v 0.262500000000001 -0.2625 0.377883195877075
v 0.275000000000001 -0.2625 0.388571053743362
v 0.287500000000001 -0.2625 0.400966256856918
v 0.300000000000001 -0.2625 0.414874941110611
v 0.312500000000001 -0.2625 0.429270178079605
v 0.325000000000001 -0.2625 0.443266779184341
v 0.337500000000001 -0.2625 0.45717865228653
v 0.350000000000001 -0.2625 0.47217321395874
v 0.362500000000001 -0.2625 0.488891333341599
v 0.375000000000001 -0.2625 0.507155120372772
v 0.387500000000001 -0.2625 0.525954842567444
v 0.400000000000001 -0.2625 0.543789327144623
v 0.412500000000001 -0.2625 0.559217870235443
v 0.425000000000001 -0.2625 0.571382820606232
v 0.437500000000001 -0.2625 0.580333530902863
v 0.450000000000001 -0.2625 0.586871802806854
v 0.462500000000001 -0.2625 0.592152297496796
v 0.475000000000001 -0.2625 0.597147762775421
v 0.487500000000001 -0.2625 0.602423429489136
v 0.500000000000001 -0.2625 0.608080685138702
v -0.5 -0.25 0.304443538188934
v -0.4875 -0.25 0.29321014881134
v -0.475 -0.25 0.28023287653923
v -0.4625 -0.25 0.26508441567421
v -0.45 -0.25 0.247758775949478
v -0.4375 -0.25 0.229016587138176
v -0.425 -0.25 0.210393190383911
v -0.4125 -0.25 0.193405732512474
v -0.4 -0.25 0.178571850061417
v -0.3875 -0.25 0.165894821286201
v -0.375 -0.25 0.154951304197311
v -0.3625 -0.25 0.145174205303192
v -0.35 -0.25 0.136085614562035
v -0.3375 -0.25 0.127154111862183
v -0.325 -0.25 0.118249252438545
v -0.3125 -0.25 0.109200857579708
v -0.3 -0.25 0.100164450705051
v -0.2875 -0.25 0.0909879580140114
v -0.275 -0.25 0.0818637758493423
v -0.2625 -0.25 0.0731491893529892
v -0.25 -0.25 0.0649978891015053
v -0.2375 -0.25 0.0578008554875851
v -0.225 -0.25 0.0520901083946228
v -0.2125 -0.25 0.0484799705445766
v -0.2 -0.25 0.0467449501156807
v -0.1875 -0.25 0.0471350848674774
v -0.175 -0.25 0.0493683479726315
v -0.1625 -0.25 0.0529969893395901
v -0.15 -0.25 0.0577940903604031
v -0.1375 -0.25 0.0636253580451012
v -0.125 -0.25 0.0704320445656776
v -0.1125 -0.25 0.0779496058821678
v -0.0999999999999996 -0.25 0.0859168320894241
v -0.0874999999999996 -0.25 0.0943052992224693
v -0.0749999999999996 -0.25 0.103001765906811
v -0.0624999999999996 -0.25 0.111947871744633
v -0.0499999999999996 -0.25 0.121089838445187
v -0.0374999999999996 -0.25 0.130342841148376
v -0.0249999999999996 -0.25 0.139675334095955
v -0.0124999999999996 -0.25 0.149150460958481
v 4.44089209850063e-16 -0.25 0.158686861395836
v 0.0125000000000004 -0.25 0.16826705634594
v 0.0250000000000005 -0.25 0.177853137254715
v 0.0375000000000005 -0.25 0.18746729195118
v 0.0500000000000005 -0.25 0.197117328643799
v 0.0625000000000004 -0.25 0.206781253218651
v 0.0750000000000005 -0.25 0.216495424509048
v 0.0875000000000006 -0.25 0.226360037922859
v 0.100000000000001 -0.25 0.236435577273369
v 0.1125 -0.25 0.246821761131287
v 0.125000000000001 -0.25 0.257560700178146
v 0.137500000000001 -0.25 0.268648475408554
v 0.150000000000001 -0.25 0.280077964067459
v 0.162500000000001 -0.25 0.291776984930038
v 0.175000000000001 -0.25 0.303653448820114
v 0.187500000000001 -0.25 0.315424054861069
v 0.200000000000001 -0.25 0.32687059044838
v 0.212500000000001 -0.25 0.337786585092545
v 0.225000000000001 -0.25 0.348072528839111
v 0.237500000000001 -0.25 0.357761859893799
v 0.250000000000001 -0.25 0.367250293493271
v 0.262500000000001 -0.25 0.377296090126038
v 0.275000000000001 -0.25 0.389115184545517
v 0.287500000000001 -0.25 0.404094308614731
v 0.300000000000001 -0.25 0.422504812479019
v 0.312500000000001 -0.25 0.441778421401978
v 0.325000000000001 -0.25 0.458183974027634
v 0.337500000000001 -0.25 0.471587181091309
v 0.350000000000001 -0.25 0.485139846801758
v 0.362500000000001 -0.25 0.501293659210205
v 0.375000000000001 -0.25 0.520595252513885
v 0.387500000000001 -0.25 0.541876971721649
v 0.400000000000001 -0.25 0.563051342964172
v 0.412500000000001 -0.25 0.581749379634857
v 0.425000000000001 -0.25 0.596171915531158
v 0.437500000000001 -0.25 0.60576730966568
v 0.450000000000001 -0.25 0.611253619194031
v 0.462500000000001 -0.25 0.6141676902771
v 0.475000000000001 -0.25 0.616228997707367
v 0.487500000000001 -0.25 0.618819892406464
v 0.500000000000001 -0.25 0.622749090194702
v -0.5 -0.2375 0.33455553650856
v -0.4875 -0.2375 0.324694603681564
v -0.475 -0.2375 0.313243001699448
v -0.4625 -0.2375 0.299014866352081
v -0.45 -0.2375 0.280554622411728
v -0.4375 -0.2375 0.256869703531265
v -0.425 -0.2375 0.230464845895767
v -0.4125 -0.2375 0.206342205405235
v -0.4 -0.2375 0.18691673874855
v -0.3875 -0.2375 0.17168140411377
v -0.375 -0.2375 0.159304916858673
v -0.3625 -0.2375 0.148611471056938
v -0.35 -0.2375 0.138614043593407
v -0.3375 -0.2375 0.128700867295265
v -0.325 -0.2375 0.118665985763073
v -0.3125 -0.2375 0.108499601483345
v -0.3 -0.2375 0.0984561815857887
v -0.2875 -0.2375 0.0882977396249771
v -0.275 -0.2375 0.0781978368759155
v -0.2625 -0.2375 0.0683913975954056
v -0.25 -0.2375 0.0591067932546139
v -0.2375 -0.2375 0.0509220138192177
v -0.225 -0.2375 0.0441947840154171
v -0.2125 -0.2375 0.0393982939422131
v -0.2 -0.2375 0.0371104851365089
v -0.1875 -0.2375 0.0374473892152309
v -0.175 -0.2375 0.0398858301341534
v -0.1625 -0.2375 0.0439704917371273
v -0.15 -0.2375 0.0494374558329582
v -0.1375 -0.2375 0.0561620555818081
v -0.125 -0.2375 0.0638140812516212
v -0.1125 -0.2375 0.0719805657863617
v -0.0999999999999996 -0.2375 0.0805631801486015
v -0.0874999999999996 -0.2375 0.0894250571727753
v -0.0749999999999996 -0.2375 0.0984480977058411
v -0.0624999999999996 -0.2375 0.107634782791138
v -0.0499999999999996 -0.2375 0.116989277303219
v -0.0374999999999996 -0.2375 0.126370325684547
v -0.0249999999999996 -0.2375 0.135795548558235
v -0.0124999999999996 -0.2375 0.145226120948792
v 4.44089209850063e-16 -0.2375 0.154669210314751
v 0.0125000000000004 -0.2375 0.164101168513298
v 0.0250000000000005 -0.2375 0.17348575592041
v 0.0375000000000005 -0.2375 0.182835608720779
v 0.0500000000000005 -0.2375 0.192215248942375
v 0.0625000000000004 -0.2375 0.201624155044556
v 0.0750000000000005 -0.2375 0.21113109588623
v 0.0875000000000006 -0.2375 0.220840364694595
v 0.100000000000001 -0.2375 0.230817511677742
v 0.1125 -0.2375 0.241115912795067
v 0.125000000000001 -0.2375 0.25177675485611
v 0.137500000000001 -0.2375 0.262879282236099
v 0.150000000000001 -0.2375 0.274425804615021
v 0.162500000000001 -0.2375 0.286400318145752
v 0.175000000000001 -0.2375 0.298680692911148
v 0.187500000000001 -0.2375 0.311071932315826
v 0.200000000000001 -0.2375 0.32325866818428
v 0.212500000000001 -0.2375 0.334936648607254
v 0.225000000000001 -0.2375 0.345916271209717
v 0.237500000000001 -0.2375 0.356186956167221
v 0.250000000000001 -0.2375 0.366046398878098
v 0.262500000000001 -0.2375 0.376369297504425
v 0.275000000000001 -0.2375 0.388908326625824
v 0.287500000000001 -0.2375 0.406534016132355
v 0.300000000000001 -0.2375 0.431527435779572
v 0.312500000000001 -0.2375 0.459562867879868
v 0.325000000000001 -0.2375 0.479301184415817
v 0.337500000000001 -0.2375 0.488810271024704
v 0.350000000000001 -0.2375 0.496817111968994
v 0.362500000000001 -0.2375 0.508998513221741
v 0.375000000000001 -0.2375 0.526311874389648
v 0.387500000000001 -0.2375 0.54735916852951
v 0.400000000000001 -0.2375 0.569705665111542
v 0.412500000000001 -0.2375 0.590701401233673
v 0.425000000000001 -0.2375 0.608077704906464
v 0.437500000000001 -0.2375 0.620499312877655
v 0.450000000000001 -0.2375 0.627846717834473
v 0.462500000000001 -0.2375 0.631094396114349
v 0.475000000000001 -0.2375 0.631941497325897
v 0.487500000000001 -0.2375 0.632300794124603
v 0.500000000000001 -0.2375 0.633687973022461
v -0.5 -0.225 0.358394205570221
v -0.4875 -0.225 0.349211543798447
v -0.475 -0.225 0.340757340192795
v -0.4625 -0.225 0.332289397716522
v -0.45 -0.225 0.321018904447556
v -0.4375 -0.225 0.300099223852158
v -0.425 -0.225 0.26590371131897
v -0.4125 -0.225 0.228298768401146
v -0.4 -0.225 0.19922399520874
v -0.3875 -0.225 0.179363280534744
v -0.375 -0.225 0.164785966277122
v -0.3625 -0.225 0.152792856097221
v -0.35 -0.225 0.141759842634201
v -0.3375 -0.225 0.130817398428917
v -0.325 -0.225 0.119614414870739
v -0.3125 -0.225 0.108409576117992
v -0.3 -0.225 0.0973504036664963
v -0.2875 -0.225 0.0864040106534958
v -0.275 -0.225 0.075541116297245
v -0.2625 -0.225 0.0649454444646835
v -0.25 -0.225 0.0548307970166206
v -0.2375 -0.225 0.0453903488814831
v -0.225 -0.225 0.0372654497623444
v -0.2125 -0.225 0.0312039405107498
v -0.2 -0.225 0.0279312673956156
v -0.1875 -0.225 0.0280361417680979
v -0.175 -0.225 0.0308355391025543
v -0.1625 -0.225 0.0357458293437958
v -0.15 -0.225 0.0424065217375755
v -0.1375 -0.225 0.0502533204853535
v -0.125 -0.225 0.0587028563022614
v -0.1125 -0.225 0.067508690059185
v -0.0999999999999996 -0.225 0.0765632838010788
v -0.0874999999999996 -0.225 0.0858218893408775
v -0.0749999999999996 -0.225 0.0952389687299728
v -0.0624999999999996 -0.225 0.104692153632641
v -0.0499999999999996 -0.225 0.114168576896191
v -0.0374999999999996 -0.225 0.123615421354771
v -0.0249999999999996 -0.225 0.132993802428246
v -0.0124999999999996 -0.225 0.142321392893791
v 4.44089209850063e-16 -0.225 0.151614591479301
v 0.0125000000000004 -0.225 0.160826221108437
v 0.0250000000000005 -0.225 0.170013636350632
v 0.0375000000000005 -0.225 0.179157271981239
v 0.0500000000000005 -0.225 0.188285037875175
v 0.0625000000000004 -0.225 0.197477445006371
v 0.0750000000000005 -0.225 0.206783339381218
v 0.0875000000000006 -0.225 0.216308504343033
v 0.100000000000001 -0.225 0.226119756698608
v 0.1125 -0.225 0.236255452036858
v 0.125000000000001 -0.225 0.246753603219986
v 0.137500000000001 -0.225 0.257735460996628
v 0.150000000000001 -0.225 0.26928174495697
v 0.162500000000001 -0.225 0.281356632709503
v 0.175000000000001 -0.225 0.293895244598389
v 0.187500000000001 -0.225 0.306771963834763
v 0.200000000000001 -0.225 0.319596916437149
v 0.212500000000001 -0.225 0.332057446241379
v 0.225000000000001 -0.225 0.343792706727982
v 0.237500000000001 -0.225 0.354669809341431
v 0.250000000000001 -0.225 0.364911824464798
v 0.262500000000001 -0.225 0.375368803739548
v 0.275000000000001 -0.225 0.388237625360489
v 0.287500000000001 -0.225 0.408068865537643
v 0.300000000000001 -0.225 0.441742330789566
v 0.312500000000001 -0.225 0.487077921628952
v 0.325000000000001 -0.225 0.515217244625092
v 0.337500000000001 -0.225 0.515371263027191
v 0.350000000000001 -0.225 0.512289106845856
v 0.362500000000001 -0.225 0.517021775245667
v 0.375000000000001 -0.225 0.529667496681213
v 0.387500000000001 -0.225 0.547872006893158
v 0.400000000000001 -0.225 0.568738758563995
v 0.412500000000001 -0.225 0.589690387248993
v 0.425000000000001 -0.225 0.60857105255127
v 0.437500000000001 -0.225 0.623648822307587
v 0.450000000000001 -0.225 0.634016931056976
v 0.462500000000001 -0.225 0.639821529388428
v 0.475000000000001 -0.225 0.642194926738739
v 0.487500000000001 -0.225 0.642869889736176
v 0.500000000000001 -0.225 0.643573880195618
v -0.5 -0.2125 0.37001559138298
v -0.4875 -0.2125 0.360279649496078
v -0.475 -0.2125 0.353568136692047
v -0.4625 -0.2125 0.349957317113876
v -0.45 -0.2125 0.348740696907043
v -0.4375 -0.2125 0.342770516872406
v -0.425 -0.2125 0.315345257520676
v -0.4125 -0.2125 0.265811264514923
v -0.4 -0.2125 0.219202548265457
v -0.3875 -0.2125 0.18975356221199
v -0.375 -0.2125 0.171486243605614
v -0.3625 -0.2125 0.157721504569054
v -0.35 -0.2125 0.145499810576439
v -0.3375 -0.2125 0.133505567908287
v -0.325 -0.2125 0.121381022036076
v -0.3125 -0.2125 0.109228231012821
v -0.3 -0.2125 0.0973541736602783
v -0.2875 -0.2125 0.0856323167681694
v -0.275 -0.2125 0.0740749537944794
v -0.2625 -0.2125 0.062787726521492
v -0.25 -0.2125 0.0519546270370483
v -0.2375 -0.2125 0.0416589751839638
v -0.225 -0.2125 0.0321632400155067
v -0.2125 -0.2125 0.0241782236844301
v -0.2 -0.2125 0.0193027649074793
v -0.1875 -0.2125 0.0189392641186714
v -0.175 -0.2125 0.0225367732346058
v -0.1625 -0.2125 0.0290362592786551
v -0.15 -0.2125 0.0371758751571178
v -0.1375 -0.2125 0.0460052862763405
v -0.125 -0.2125 0.0551603808999062
v -0.1125 -0.2125 0.0645906329154968
v -0.0999999999999996 -0.2125 0.0741636529564857
v -0.0874999999999996 -0.2125 0.0837733373045921
v -0.0749999999999996 -0.2125 0.0933562219142914
v -0.0624999999999996 -0.2125 0.102917455136776
v -0.0499999999999996 -0.2125 0.112407639622688
v -0.0374999999999996 -0.2125 0.121802143752575
v -0.0249999999999996 -0.2125 0.131073385477066
v -0.0124999999999996 -0.2125 0.140267953276634
v 4.44089209850063e-16 -0.2125 0.149371847510338
v 0.0125000000000004 -0.2125 0.158407673239708
v 0.0250000000000005 -0.2125 0.167383298277855
v 0.0375000000000005 -0.2125 0.176289901137352
v 0.0500000000000005 -0.2125 0.185154944658279
v 0.0625000000000004 -0.2125 0.194084852933884
v 0.0750000000000005 -0.2125 0.203214690089226
v 0.0875000000000006 -0.2125 0.212544828653336
v 0.100000000000001 -0.2125 0.222181275486946
v 0.1125 -0.2125 0.232168778777122
v 0.125000000000001 -0.2125 0.242527797818184
v 0.137500000000001 -0.2125 0.253362715244293
v 0.150000000000001 -0.2125 0.264756739139557
v 0.162500000000001 -0.2125 0.276794791221619
v 0.175000000000001 -0.2125 0.289451122283936
v 0.187500000000001 -0.2125 0.302616029977798
v 0.200000000000001 -0.2125 0.315978914499283
v 0.212500000000001 -0.2125 0.329105228185654
v 0.225000000000001 -0.2125 0.341574668884277
v 0.237500000000001 -0.2125 0.353129595518112
v 0.250000000000001 -0.2125 0.363817483186722
v 0.262500000000001 -0.2125 0.374439120292664
v 0.275000000000001 -0.2125 0.387196868658066
v 0.287500000000001 -0.2125 0.408079236745834
v 0.300000000000001 -0.2125 0.450802475214005
v 0.312500000000001 -0.2125 0.526811897754669
v 0.325000000000001 -0.2125 0.584710836410522
v 0.337500000000001 -0.2125 0.568726718425751
v 0.350000000000001 -0.2125 0.541288018226624
v 0.362500000000001 -0.2125 0.533105075359344
v 0.375000000000001 -0.2125 0.53836864233017
v 0.387500000000001 -0.2125 0.552192509174347
v 0.400000000000001 -0.2125 0.570541262626648
v 0.412500000000001 -0.2125 0.590462505817413
v 0.425000000000001 -0.2125 0.609708786010742
v 0.437500000000001 -0.2125 0.626309096813202
v 0.450000000000001 -0.2125 0.638893067836761
v 0.462500000000001 -0.2125 0.647072672843933
v 0.475000000000001 -0.2125 0.651500880718231
v 0.487500000000001 -0.2125 0.65352588891983
v 0.500000000000001 -0.2125 0.654676616191864
v -0.5 -0.2 0.380362957715988
v -0.4875 -0.2 0.370169848203659
v -0.475 -0.2 0.36446276307106
v -0.4625 -0.2 0.363547772169113
v -0.45 -0.2 0.367917448282242
v -0.4375 -0.2 0.372039020061493
v -0.425 -0.2 0.358138233423233
v -0.4125 -0.2 0.313201874494553
v -0.4 -0.2 0.251692682504654
v -0.3875 -0.2 0.205345869064331
v -0.375 -0.2 0.179950699210167
v -0.3625 -0.2 0.163659915328026
v -0.35 -0.2 0.149946913123131
v -0.3375 -0.2 0.136926293373108
v -0.325 -0.2 0.12414076179266
v -0.3125 -0.2 0.11133337020874
v -0.3 -0.2 0.0986423715949059
v -0.2875 -0.2 0.0861590430140495
v -0.275 -0.2 0.0738779231905937
v -0.2625 -0.2 0.0619470737874508
v -0.25 -0.2 0.0505780689418316
v -0.2375 -0.2 0.0397010110318661
v -0.225 -0.2 0.0292353332042694
v -0.2125 -0.2 0.0194763280451298
v -0.2 -0.2 0.0115920240059495
v -0.1875 -0.2 0.0102526908740401
v -0.175 -0.2 0.0159368943423033
v -0.1625 -0.2 0.0245236326009035
v -0.15 -0.2 0.0338589660823345
v -0.1375 -0.2 0.0435358695685863
v -0.125 -0.2 0.0533267930150032
v -0.1125 -0.2 0.0631388798356056
v -0.0999999999999996 -0.2 0.0729534104466438
v -0.0874999999999996 -0.2 0.0826884508132935
v -0.0749999999999996 -0.2 0.0923323407769203
v -0.0624999999999996 -0.2 0.101866185665131
v -0.0499999999999996 -0.2 0.111283116042614
v -0.0374999999999996 -0.2 0.120587281882763
v -0.0249999999999996 -0.2 0.129787772893906
v -0.0124999999999996 -0.2 0.138859882950783
v 4.44089209850063e-16 -0.2 0.147820815443993
v 0.0125000000000004 -0.2 0.156688079237938
v 0.0250000000000005 -0.2 0.165471479296684
v 0.0375000000000005 -0.2 0.174182161688805
v 0.0500000000000005 -0.2 0.182861283421516
v 0.0625000000000004 -0.2 0.191585570573807
v 0.0750000000000005 -0.2 0.200459390878677
v 0.0875000000000006 -0.2 0.209595546126366
v 0.100000000000001 -0.2 0.219017133116722
v 0.1125 -0.2 0.228866577148438
v 0.125000000000001 -0.2 0.239118337631226
v 0.137500000000001 -0.2 0.249801874160767
v 0.150000000000001 -0.2 0.261004209518433
v 0.162500000000001 -0.2 0.272850275039673
v 0.175000000000001 -0.2 0.28545269370079
v 0.187500000000001 -0.2 0.29869157075882
v 0.200000000000001 -0.2 0.312353193759918
v 0.212500000000001 -0.2 0.326016962528229
v 0.225000000000001 -0.2 0.339192390441895
v 0.237500000000001 -0.2 0.351464182138443
v 0.250000000000001 -0.2 0.362740278244019
v 0.262500000000001 -0.2 0.373606115579605
v 0.275000000000001 -0.2 0.38604149222374
v 0.287500000000001 -0.2 0.406512588262558
v 0.300000000000001 -0.2 0.453781127929688
v 0.312500000000001 -0.2 0.562329411506653
v 0.325000000000001 -0.2 0.688632190227509
v 0.337500000000001 -0.2 0.688066005706787
v 0.350000000000001 -0.2 0.607977390289307
v 0.362500000000001 -0.2 0.567922353744507
v 0.375000000000001 -0.2 0.560497283935547
v 0.387500000000001 -0.2 0.568168699741364
v 0.400000000000001 -0.2 0.58394593000412
v 0.412500000000001 -0.2 0.603429973125458
v 0.425000000000001 -0.2 0.623503148555756
v 0.437500000000001 -0.2 0.641551554203033
v 0.450000000000001 -0.2 0.655725419521332
v 0.462500000000001 -0.2 0.665356636047363
v 0.475000000000001 -0.2 0.670878052711487
v 0.487500000000001 -0.2 0.673434436321259
v 0.500000000000001 -0.2 0.674476504325867
v -0.5 -0.1875 0.400806397199631
v -0.4875 -0.1875 0.390920013189316
v -0.475 -0.1875 0.386668413877487
v -0.4625 -0.1875 0.388954550027847
v -0.45 -0.1875 0.400442123413086
v -0.4375 -0.1875 0.415551334619522
v -0.425 -0.1875 0.408616632223129
v -0.4125 -0.1875 0.363631725311279
v -0.4 -0.1875 0.294612854719162
v -0.3875 -0.1875 0.229202315211296
v -0.375 -0.1875 0.191051349043846
v -0.3625 -0.1875 0.170448258519173
v -0.35 -0.1875 0.155245691537857
v -0.3375 -0.1875 0.141289427876472
v -0.325 -0.1875 0.127693355083466
v -0.3125 -0.1875 0.114090219140053
v -0.3 -0.1875 0.100729428231716
v -0.2875 -0.1875 0.0877883061766624
v -0.275 -0.1875 0.0751968175172806
v -0.2625 -0.1875 0.0630007907748222
v -0.25 -0.1875 0.05118328332901
v -0.2375 -0.1875 0.0397486872971058
v -0.225 -0.1875 0.0286064278334379
v -0.2125 -0.1875 0.0178335607051849
v -0.2 -0.1875 0.00759849557653069
v -0.1875 -0.1875 0.00345675717107952
v -0.175 -0.1875 0.0129112005233765
v -0.1625 -0.1875 0.0228296648710966
v -0.15 -0.1875 0.0328341610729694
v -0.1375 -0.1875 0.0428872257471085
v -0.125 -0.1875 0.0529160387814045
v -0.1125 -0.1875 0.0628850609064102
v -0.0999999999999996 -0.1875 0.0727566182613373
v -0.0874999999999996 -0.1875 0.0825009122490883
v -0.0749999999999996 -0.1875 0.092087559401989
v -0.0624999999999996 -0.1875 0.101532302796841
v -0.0499999999999996 -0.1875 0.110857702791691
v -0.0374999999999996 -0.1875 0.120032072067261
v -0.0249999999999996 -0.1875 0.129084810614586
v -0.0124999999999996 -0.1875 0.138031825423241
v 4.44089209850063e-16 -0.1875 0.146847173571587
v 0.0125000000000004 -0.1875 0.155537024140358
v 0.0250000000000005 -0.1875 0.164132580161095
v 0.0375000000000005 -0.1875 0.17266620695591
v 0.0500000000000005 -0.1875 0.181185469031334
v 0.0625000000000004 -0.1875 0.189742907881737
v 0.0750000000000005 -0.1875 0.198451325297356
v 0.0875000000000006 -0.1875 0.207428723573685
v 0.100000000000001 -0.1875 0.216698527336121
v 0.1125 -0.1875 0.22632697224617
v 0.125000000000001 -0.1875 0.236451461911201
v 0.137500000000001 -0.1875 0.24704647064209
v 0.150000000000001 -0.1875 0.258106201887131
v 0.162500000000001 -0.1875 0.269744455814362
v 0.175000000000001 -0.1875 0.28211572766304
v 0.187500000000001 -0.1875 0.295204728841782
v 0.200000000000001 -0.1875 0.308879464864731
v 0.212500000000001 -0.1875 0.322848230600357
v 0.225000000000001 -0.1875 0.336554169654846
v 0.237500000000001 -0.1875 0.34948468208313
v 0.250000000000001 -0.1875 0.361411422491074
v 0.262500000000001 -0.1875 0.372686594724655
v 0.275000000000001 -0.1875 0.384930104017258
v 0.287500000000001 -0.1875 0.404013246297836
v 0.300000000000001 -0.1875 0.448984235525131
v 0.312500000000001 -0.1875 0.565085649490356
v 0.325000000000001 -0.1875 0.738353490829468
v 0.337500000000001 -0.1875 0.813505113124847
v 0.350000000000001 -0.1875 0.762185215950012
v 0.362500000000001 -0.1875 0.655366718769073
v 0.375000000000001 -0.1875 0.611030280590057
v 0.387500000000001 -0.1875 0.607490241527557
v 0.400000000000001 -0.1875 0.620104432106018
v 0.412500000000001 -0.1875 0.640284538269043
v 0.425000000000001 -0.1875 0.662326157093048
v 0.437500000000001 -0.1875 0.682141482830048
v 0.450000000000001 -0.1875 0.697293162345886
v 0.462500000000001 -0.1875 0.707054853439331
v 0.475000000000001 -0.1875 0.712112069129944
v 0.487500000000001 -0.1875 0.713902652263641
v 0.500000000000001 -0.1875 0.713954329490662
v -0.5 -0.175 0.437005430459976
v -0.4875 -0.175 0.428954035043716
v -0.475 -0.175 0.428334772586823
v -0.4625 -0.175 0.436303943395615
v -0.45 -0.175 0.464438259601593
v -0.4375 -0.175 0.50731486082077
v -0.425 -0.175 0.511839091777802
v -0.4125 -0.175 0.457821100950241
v -0.4 -0.175 0.359281927347183
v -0.3875 -0.175 0.263229101896286
v -0.375 -0.175 0.205433234572411
v -0.3625 -0.175 0.177897334098816
v -0.35 -0.175 0.160875573754311
v -0.3375 -0.175 0.146248817443848
v -0.325 -0.175 0.131970509886742
v -0.3125 -0.175 0.117708586156368
v -0.3 -0.175 0.103862009942532
v -0.2875 -0.175 0.090515710413456
v -0.275 -0.175 0.0776747986674309
v -0.2625 -0.175 0.065273679792881
v -0.25 -0.175 0.0532373897731304
v -0.2375 -0.175 0.041602611541748
v -0.225 -0.175 0.0303762052208185
v -0.2125 -0.175 0.0199427045881748
v -0.2 -0.175 0.0111164497211576
v -0.1875 -0.175 0.00841501541435719
v -0.175 -0.175 0.0150391850620508
v -0.1625 -0.175 0.0243655648082495
v -0.15 -0.175 0.0340452156960964
v -0.1375 -0.175 0.0438907146453857
v -0.125 -0.175 0.0537608824670315
v -0.1125 -0.175 0.0635800585150719
v -0.0999999999999996 -0.175 0.0733218938112259
v -0.0874999999999996 -0.175 0.0829563662409782
v -0.0749999999999996 -0.175 0.0924194008111954
v -0.0624999999999996 -0.175 0.10172326862812
v -0.0499999999999996 -0.175 0.110874556005001
v -0.0374999999999996 -0.175 0.119886659085751
v -0.0249999999999996 -0.175 0.128775328397751
v -0.0124999999999996 -0.175 0.137556523084641
v 4.44089209850063e-16 -0.175 0.14620541036129
v 0.0125000000000004 -0.175 0.154750391840935
v 0.0250000000000005 -0.175 0.163221761584282
v 0.0375000000000005 -0.175 0.171635240316391
v 0.0500000000000005 -0.175 0.180008932948112
v 0.0625000000000004 -0.175 0.188437834382057
v 0.0750000000000005 -0.175 0.196993231773376
v 0.0875000000000006 -0.175 0.205793187022209
v 0.100000000000001 -0.175 0.214898109436035
v 0.1125 -0.175 0.224416121840477
v 0.125000000000001 -0.175 0.23444090783596
v 0.137500000000001 -0.175 0.244905471801758
v 0.150000000000001 -0.175 0.255831092596054
v 0.162500000000001 -0.175 0.267274618148804
v 0.175000000000001 -0.175 0.279353231191635
v 0.187500000000001 -0.175 0.292186617851257
v 0.200000000000001 -0.175 0.30575367808342
v 0.212500000000001 -0.175 0.319751650094986
v 0.225000000000001 -0.175 0.333727478981018
v 0.237500000000001 -0.175 0.347109228372574
v 0.250000000000001 -0.175 0.359591573476791
v 0.262500000000001 -0.175 0.371357262134552
v 0.275000000000001 -0.175 0.383687168359756
v 0.287500000000001 -0.175 0.401252746582031
v 0.300000000000001 -0.175 0.439996719360352
v 0.312500000000001 -0.175 0.539146959781647
v 0.325000000000001 -0.175 0.700132668018341
v 0.337500000000001 -0.175 0.790821969509125
v 0.350000000000001 -0.175 0.827794551849365
v 0.362500000000001 -0.175 0.810797154903412
v 0.375000000000001 -0.175 0.73738956451416
v 0.387500000000001 -0.175 0.700065553188324
v 0.400000000000001 -0.175 0.702378690242767
v 0.412500000000001 -0.175 0.721487402915955
v 0.425000000000001 -0.175 0.744257926940918
v 0.437500000000001 -0.175 0.763255298137665
v 0.450000000000001 -0.175 0.775005757808685
v 0.462500000000001 -0.175 0.780202090740204
v 0.475000000000001 -0.175 0.781893372535706
v 0.487500000000001 -0.175 0.782341420650482
v 0.500000000000001 -0.175 0.782041549682617
v -0.5 -0.1625 0.487941801548004
v -0.4875 -0.1625 0.484959423542023
v -0.475 -0.1625 0.494378954172134
v -0.4625 -0.1625 0.515804171562195
v -0.45 -0.1625 0.570935487747192
v -0.4375 -0.1625 0.646795332431793
v -0.425 -0.1625 0.6565802693367
v -0.4125 -0.1625 0.586634635925293
v -0.4 -0.1625 0.465680211782455
v -0.3875 -0.1625 0.316111952066422
v -0.375 -0.1625 0.224132061004639
v -0.3625 -0.1625 0.186096414923668
v -0.35 -0.1625 0.166790395975113
v -0.3375 -0.1625 0.151333093643188
v -0.325 -0.1625 0.136594414710999
v -0.3125 -0.1625 0.121923767030239
v -0.3 -0.1625 0.107703760266304
v -0.2875 -0.1625 0.094162218272686
v -0.275 -0.1625 0.0812315493822098
v -0.2625 -0.1625 0.0688158497214317
v -0.25 -0.1625 0.0568732395768166
v -0.2375 -0.1625 0.0454909056425095
v -0.225 -0.1625 0.0348013378679752
v -0.2125 -0.1625 0.0255006644874811
v -0.2 -0.1625 0.0188759211450815
v -0.1875 -0.1625 0.0170072801411152
v -0.175 -0.1625 0.0204315781593323
v -0.1625 -0.1625 0.0280107315629721
v -0.15 -0.1625 0.0369402579963207
v -0.1375 -0.1625 0.0461568348109722
v -0.125 -0.1625 0.0555143468081951
v -0.1125 -0.1625 0.0649435147643089
v -0.0999999999999996 -0.1625 0.0743349120020866
v -0.0874999999999996 -0.1625 0.0837049558758736
v -0.0749999999999996 -0.1625 0.0929571613669395
v -0.0624999999999996 -0.1625 0.10209359228611
v -0.0499999999999996 -0.1625 0.111093737185001
v -0.0374999999999996 -0.1625 0.119942381978035
v -0.0249999999999996 -0.1625 0.128656268119812
v -0.0124999999999996 -0.1625 0.137269154191017
v 4.44089209850063e-16 -0.1625 0.145783290266991
v 0.0125000000000004 -0.1625 0.15422497689724
v 0.0250000000000005 -0.1625 0.162626400589943
v 0.0375000000000005 -0.1625 0.170959666371346
v 0.0500000000000005 -0.1625 0.179261848330498
v 0.0625000000000004 -0.1625 0.187615141272545
v 0.0750000000000005 -0.1625 0.196080267429352
v 0.0875000000000006 -0.1625 0.204723104834557
v 0.100000000000001 -0.1625 0.213672980666161
v 0.1125 -0.1625 0.223057255148888
v 0.125000000000001 -0.1625 0.232983857393265
v 0.137500000000001 -0.1625 0.243385314941406
v 0.150000000000001 -0.1625 0.254176497459412
v 0.162500000000001 -0.1625 0.265412539243698
v 0.175000000000001 -0.1625 0.27717661857605
v 0.187500000000001 -0.1625 0.289652526378632
v 0.200000000000001 -0.1625 0.30290088057518
v 0.212500000000001 -0.1625 0.316785633563995
v 0.225000000000001 -0.1625 0.330825001001358
v 0.237500000000001 -0.1625 0.344481319189072
v 0.250000000000001 -0.1625 0.357366889715195
v 0.262500000000001 -0.1625 0.36955264210701
v 0.275000000000001 -0.1625 0.382050842046738
v 0.287500000000001 -0.1625 0.398397296667099
v 0.300000000000001 -0.1625 0.43081346154213
v 0.312500000000001 -0.1625 0.508171260356903
v 0.325000000000001 -0.1625 0.644189298152924
v 0.337500000000001 -0.1625 0.735551774501801
v 0.350000000000001 -0.1625 0.768644154071808
v 0.362500000000001 -0.1625 0.774541079998016
v 0.375000000000001 -0.1625 0.78150087594986
v 0.387500000000001 -0.1625 0.785355269908905
v 0.400000000000001 -0.1625 0.79916775226593
v 0.412500000000001 -0.1625 0.819775402545929
v 0.425000000000001 -0.1625 0.838158249855042
v 0.437500000000001 -0.1625 0.847653210163116
v 0.450000000000001 -0.1625 0.848446667194366
v 0.462500000000001 -0.1625 0.846316516399384
v 0.475000000000001 -0.1625 0.845345139503479
v 0.487500000000001 -0.1625 0.845743596553802
v 0.500000000000001 -0.1625 0.846301674842834
v -0.5 -0.15 0.512265384197235
v -0.4875 -0.15 0.513877511024475
v -0.475 -0.15 0.532706677913666
v -0.4625 -0.15 0.577447354793549
v -0.45 -0.15 0.66914302110672
v -0.4375 -0.15 0.762323975563049
v -0.425 -0.15 0.771629929542542
v -0.4125 -0.15 0.696519553661346
v -0.4 -0.15 0.569904625415802
v -0.3875 -0.15 0.392677277326584
v -0.375 -0.15 0.247480258345604
v -0.3625 -0.15 0.195217475295067
v -0.35 -0.15 0.172937840223312
v -0.3375 -0.15 0.156832128763199
v -0.325 -0.15 0.141587570309639
v -0.3125 -0.15 0.126614108681679
v -0.3 -0.15 0.112250588834286
v -0.2875 -0.15 0.0986052453517914
v -0.275 -0.15 0.0857529044151306
v -0.2625 -0.15 0.073487751185894
v -0.25 -0.15 0.0618905983865261
v -0.2375 -0.15 0.0509322956204414
v -0.225 -0.15 0.0411686897277832
v -0.2125 -0.15 0.0330534651875496
v -0.2 -0.15 0.0277768056839705
v -0.1875 -0.15 0.0261207055300474
v -0.175 -0.15 0.027880048379302
v -0.1625 -0.15 0.0333427973091602
v -0.15 -0.15 0.0409076549112797
v -0.1375 -0.15 0.0494072400033474
v -0.125 -0.15 0.0581526421010494
v -0.1125 -0.15 0.0670668855309486
v -0.0999999999999996 -0.15 0.0759339705109596
v -0.0874999999999996 -0.15 0.0848677083849907
v -0.0749999999999996 -0.15 0.0938184782862663
v -0.0624999999999996 -0.15 0.102682888507843
v -0.0499999999999996 -0.15 0.11142110824585
v -0.0374999999999996 -0.15 0.120064653456211
v -0.0249999999999996 -0.15 0.128657728433609
v -0.0124999999999996 -0.15 0.137171551585197
v 4.44089209850063e-16 -0.15 0.145595297217369
v 0.0125000000000004 -0.15 0.153950899839401
v 0.0250000000000005 -0.15 0.16226863861084
v 0.0375000000000005 -0.15 0.170549392700195
v 0.0500000000000005 -0.15 0.1788030564785
v 0.0625000000000004 -0.15 0.187124758958817
v 0.0750000000000005 -0.15 0.195535525679588
v 0.0875000000000006 -0.15 0.204124793410301
v 0.100000000000001 -0.15 0.213032111525536
v 0.1125 -0.15 0.222328051924706
v 0.125000000000001 -0.15 0.232166171073914
v 0.137500000000001 -0.15 0.242465883493423
v 0.150000000000001 -0.15 0.253151506185532
v 0.162500000000001 -0.15 0.264182269573212
v 0.175000000000001 -0.15 0.275627225637436
v 0.187500000000001 -0.15 0.287711471319199
v 0.200000000000001 -0.15 0.300524562597275
v 0.212500000000001 -0.15 0.314022481441498
v 0.225000000000001 -0.15 0.327877670526505
v 0.237500000000001 -0.15 0.34160041809082
v 0.250000000000001 -0.15 0.354751080274582
v 0.262500000000001 -0.15 0.367325842380524
v 0.275000000000001 -0.15 0.380031198263168
v 0.287500000000001 -0.15 0.395477443933487
v 0.300000000000001 -0.15 0.422579765319824
v 0.312500000000001 -0.15 0.483048737049103
v 0.325000000000001 -0.15 0.599870204925537
v 0.337500000000001 -0.15 0.714742124080658
v 0.350000000000001 -0.15 0.766560971736908
v 0.362500000000001 -0.15 0.731119096279144
v 0.375000000000001 -0.15 0.681030094623566
v 0.387500000000001 -0.15 0.675513088703156
v 0.400000000000001 -0.15 0.69621753692627
v 0.412500000000001 -0.15 0.72984254360199
v 0.425000000000001 -0.15 0.76272052526474
v 0.437500000000001 -0.15 0.786380589008331
v 0.450000000000001 -0.15 0.801773250102997
v 0.462500000000001 -0.15 0.814029395580292
v 0.475000000000001 -0.15 0.825766980648041
v 0.487500000000001 -0.15 0.836247444152832
v 0.500000000000001 -0.15 0.844640731811523
v -0.5 -0.1375 0.452068299055099
v -0.4875 -0.1375 0.447510629892349
v -0.475 -0.1375 0.454413712024689
v -0.4625 -0.1375 0.487989038228989
v -0.45 -0.1375 0.602660357952118
v -0.4375 -0.1375 0.747487723827362
v -0.425 -0.1375 0.786483764648438
v -0.4125 -0.1375 0.739002406597137
v -0.4 -0.1375 0.631567299365997
v -0.3875 -0.1375 0.457724571228027
v -0.375 -0.1375 0.272685289382935
v -0.3625 -0.1375 0.204436063766479
v -0.35 -0.1375 0.179456681013107
v -0.3375 -0.1375 0.162647739052773
v -0.325 -0.1375 0.147073864936829
v -0.3125 -0.1375 0.131862983107567
v -0.3 -0.1375 0.117309391498566
v -0.2875 -0.1375 0.103727795183659
v -0.275 -0.1375 0.0910436883568764
v -0.2625 -0.1375 0.0791076645255089
v -0.25 -0.1375 0.0679341703653336
v -0.2375 -0.1375 0.0578234195709229
v -0.225 -0.1375 0.0489632338285446
v -0.2125 -0.1375 0.0418179668486118
v -0.2 -0.1375 0.0372676476836205
v -0.1875 -0.1375 0.0355947203934193
v -0.175 -0.1375 0.036192525178194
v -0.1625 -0.1375 0.0399405360221863
v -0.15 -0.1375 0.0460781380534172
v -0.1375 -0.1375 0.0533923767507076
v -0.125 -0.1375 0.0614531449973583
v -0.1125 -0.1375 0.0697750970721245
v -0.0999999999999996 -0.1375 0.078156940639019
v -0.0874999999999996 -0.1375 0.0865704044699669
v -0.0749999999999996 -0.1375 0.095044806599617
v -0.0624999999999996 -0.1375 0.103520058095455
v -0.0499999999999996 -0.1375 0.111986093223095
v -0.0374999999999996 -0.1375 0.120452404022217
v -0.0249999999999996 -0.1375 0.128893718123436
v -0.0124999999999996 -0.1375 0.137289181351662
v 4.44089209850063e-16 -0.1375 0.145633786916733
v 0.0125000000000004 -0.1375 0.153939470648766
v 0.0250000000000005 -0.1375 0.162185072898865
v 0.0375000000000005 -0.1375 0.17039929330349
v 0.0500000000000005 -0.1375 0.178648233413696
v 0.0625000000000004 -0.1375 0.186954766511917
v 0.0750000000000005 -0.1375 0.195358023047447
v 0.0875000000000006 -0.1375 0.20397375524044
v 0.100000000000001 -0.1375 0.212884351611137
v 0.1125 -0.1375 0.222209915518761
v 0.125000000000001 -0.1375 0.231992349028587
v 0.137500000000001 -0.1375 0.242207527160645
v 0.150000000000001 -0.1375 0.252765864133835
v 0.162500000000001 -0.1375 0.263592779636383
v 0.175000000000001 -0.1375 0.274736225605011
v 0.187500000000001 -0.1375 0.286357253789902
v 0.200000000000001 -0.1375 0.298627644777298
v 0.212500000000001 -0.1375 0.311611711978912
v 0.225000000000001 -0.1375 0.325079500675201
v 0.237500000000001 -0.1375 0.33865213394165
v 0.250000000000001 -0.1375 0.351877421140671
v 0.262500000000001 -0.1375 0.364682257175446
v 0.275000000000001 -0.1375 0.377556085586548
v 0.287500000000001 -0.1375 0.392293602228165
v 0.300000000000001 -0.1375 0.415097534656525
v 0.312500000000001 -0.1375 0.462803661823273
v 0.325000000000001 -0.1375 0.560287177562714
v 0.337500000000001 -0.1375 0.681072652339935
v 0.350000000000001 -0.1375 0.7589430809021
v 0.362500000000001 -0.1375 0.728507101535797
v 0.375000000000001 -0.1375 0.658916592597961
v 0.387500000000001 -0.1375 0.600329399108887
v 0.400000000000001 -0.1375 0.589844822883606
v 0.412500000000001 -0.1375 0.612978637218475
v 0.425000000000001 -0.1375 0.648423790931702
v 0.437500000000001 -0.1375 0.682460248470306
v 0.450000000000001 -0.1375 0.709767162799835
v 0.462500000000001 -0.1375 0.729542911052704
v 0.475000000000001 -0.1375 0.744472742080688
v 0.487500000000001 -0.1375 0.758417785167694
v 0.500000000000001 -0.1375 0.772150218486786
v -0.5 -0.125 0.37847900390625
v -0.4875 -0.125 0.370769321918488
v -0.475 -0.125 0.369030058383942
v -0.4625 -0.125 0.379593819379807
v -0.45 -0.125 0.447535336017609
v -0.4375 -0.125 0.621792256832123
v -0.425 -0.125 0.715385377407074
v -0.4125 -0.125 0.711104333400726
v -0.4 -0.125 0.635473310947418
v -0.3875 -0.125 0.47435188293457
v -0.375 -0.125 0.286588370800018
v -0.3625 -0.125 0.212879687547684
v -0.35 -0.125 0.186747744679451
v -0.3375 -0.125 0.169148311018944
v -0.325 -0.125 0.153259202837944
v -0.3125 -0.125 0.13779778778553
v -0.3 -0.125 0.123157516121864
v -0.2875 -0.125 0.109596036374569
v -0.275 -0.125 0.0970419272780418
v -0.2625 -0.125 0.0855885520577431
v -0.25 -0.125 0.0752220377326012
v -0.2375 -0.125 0.0659290924668312
v -0.225 -0.125 0.0577589757740498
v -0.2125 -0.125 0.0513370633125305
v -0.2 -0.125 0.0471321083605289
v -0.1875 -0.125 0.0452962033450603
v -0.175 -0.125 0.0451822392642498
v -0.1625 -0.125 0.0476547852158546
v -0.15 -0.125 0.0522034056484699
v -0.1375 -0.125 0.0583391450345516
v -0.125 -0.125 0.0653406605124474
v -0.1125 -0.125 0.0729158297181129
v -0.0999999999999996 -0.125 0.0808427482843399
v -0.0874999999999996 -0.125 0.0888072401285172
v -0.0749999999999996 -0.125 0.0968674942851067
v -0.0624999999999996 -0.125 0.104946605861187
v -0.0499999999999996 -0.125 0.113053254783154
v -0.0374999999999996 -0.125 0.121218740940094
v -0.0249999999999996 -0.125 0.129430994391441
v -0.0124999999999996 -0.125 0.13769306242466
v 4.44089209850063e-16 -0.125 0.145969584584236
v 0.0125000000000004 -0.125 0.154199913144112
v 0.0250000000000005 -0.125 0.162411570549011
v 0.0375000000000005 -0.125 0.170631006360054
v 0.0500000000000005 -0.125 0.178894102573395
v 0.0625000000000004 -0.125 0.187222346663475
v 0.0750000000000005 -0.125 0.195684477686882
v 0.0875000000000006 -0.125 0.204335078597069
v 0.100000000000001 -0.125 0.213275671005249
v 0.1125 -0.125 0.222608715295792
v 0.125000000000001 -0.125 0.232366994023323
v 0.137500000000001 -0.125 0.242555379867554
v 0.150000000000001 -0.125 0.253008663654327
v 0.162500000000001 -0.125 0.263632446527481
v 0.175000000000001 -0.125 0.274447858333588
v 0.187500000000001 -0.125 0.285618215799332
v 0.200000000000001 -0.125 0.297296494245529
v 0.212500000000001 -0.125 0.309654951095581
v 0.225000000000001 -0.125 0.322601705789566
v 0.237500000000001 -0.125 0.335877239704132
v 0.250000000000001 -0.125 0.349067896604538
v 0.262500000000001 -0.125 0.361961334943771
v 0.275000000000001 -0.125 0.374854892492294
v 0.287500000000001 -0.125 0.388951063156128
v 0.300000000000001 -0.125 0.408187866210938
v 0.312500000000001 -0.125 0.444366931915283
v 0.325000000000001 -0.125 0.520060241222382
v 0.337500000000001 -0.125 0.627267301082611
v 0.350000000000001 -0.125 0.70998078584671
v 0.362500000000001 -0.125 0.707004010677338
v 0.375000000000001 -0.125 0.638400733470917
v 0.387500000000001 -0.125 0.55890154838562
v 0.400000000000001 -0.125 0.519680142402649
v 0.412500000000001 -0.125 0.510827541351318
v 0.425000000000001 -0.125 0.518912732601166
v 0.437500000000001 -0.125 0.536958992481232
v 0.450000000000001 -0.125 0.558959424495697
v 0.462500000000001 -0.125 0.579487502574921
v 0.475000000000001 -0.125 0.597099006175995
v 0.487500000000001 -0.125 0.613908708095551
v 0.500000000000001 -0.125 0.631237685680389
v -0.5 -0.1125 0.338326752185822
v -0.4875 -0.1125 0.332333564758301
v -0.475 -0.1125 0.331364125013351
v -0.4625 -0.1125 0.335810154676437
v -0.45 -0.1125 0.362322628498077
v -0.4375 -0.1125 0.478181272745132
v -0.425 -0.1125 0.607079386711121
v -0.4125 -0.1125 0.635237574577332
v -0.4 -0.1125 0.575454115867615
v -0.3875 -0.1125 0.42645674943924
v -0.375 -0.1125 0.278494417667389
v -0.3625 -0.1125 0.218510299921036
v -0.35 -0.1125 0.193748146295547
v -0.3375 -0.1125 0.175945639610291
v -0.325 -0.1125 0.159667238593102
v -0.3125 -0.1125 0.144157871603966
v -0.3 -0.1125 0.129636377096176
v -0.2875 -0.1125 0.11629182100296
v -0.275 -0.1125 0.104239277541637
v -0.2625 -0.1125 0.093330055475235
v -0.25 -0.1125 0.0835114568471909
v -0.2375 -0.1125 0.0748546943068504
v -0.225 -0.1125 0.0673566684126854
v -0.2125 -0.1125 0.0614049099385738
v -0.2 -0.1125 0.0573743246495724
v -0.1875 -0.1125 0.0551871061325073
v -0.175 -0.1125 0.0545147769153118
v -0.1625 -0.1125 0.0559043884277344
v -0.15 -0.1125 0.0593746416270733
v -0.1375 -0.1125 0.0641651302576065
v -0.125 -0.1125 0.0700715780258179
v -0.1125 -0.1125 0.0767107456922531
v -0.0999999999999996 -0.1125 0.0838913768529892
v -0.0874999999999996 -0.1125 0.0913548469543457
v -0.0749999999999996 -0.1125 0.0990258380770683
v -0.0624999999999996 -0.1125 0.106814026832581
v -0.0499999999999996 -0.1125 0.114648871123791
v -0.0374999999999996 -0.1125 0.122542358934879
v -0.0249999999999996 -0.1125 0.13050864636898
v -0.0124999999999996 -0.1125 0.138553127646446
v 4.44089209850063e-16 -0.1125 0.146704450249672
v 0.0125000000000004 -0.1125 0.154879689216614
v 0.0250000000000005 -0.1125 0.163095280528069
v 0.0375000000000005 -0.1125 0.171354755759239
v 0.0500000000000005 -0.1125 0.179644584655762
v 0.0625000000000004 -0.1125 0.188016697764397
v 0.0750000000000005 -0.1125 0.196507900953293
v 0.0875000000000006 -0.1125 0.205206394195557
v 0.100000000000001 -0.1125 0.214211031794548
v 0.1125 -0.1125 0.223551735281944
v 0.125000000000001 -0.1125 0.233270928263664
v 0.137500000000001 -0.1125 0.243392392992973
v 0.150000000000001 -0.1125 0.253781795501709
v 0.162500000000001 -0.1125 0.264273256063461
v 0.175000000000001 -0.1125 0.274801075458527
v 0.187500000000001 -0.1125 0.285473197698593
v 0.200000000000001 -0.1125 0.296568393707275
v 0.212500000000001 -0.1125 0.308268874883652
v 0.225000000000001 -0.1125 0.320634365081787
v 0.237500000000001 -0.1125 0.33349946141243
v 0.250000000000001 -0.1125 0.346543908119202
v 0.262500000000001 -0.1125 0.359467089176178
v 0.275000000000001 -0.1125 0.372277826070786
v 0.287500000000001 -0.1125 0.385728687047958
v 0.300000000000001 -0.1125 0.402117937803268
v 0.312500000000001 -0.1125 0.428092569112778
v 0.325000000000001 -0.1125 0.478845745325089
v 0.337500000000001 -0.1125 0.561357319355011
v 0.350000000000001 -0.1125 0.632026135921478
v 0.362500000000001 -0.1125 0.655826508998871
v 0.375000000000001 -0.1125 0.614495873451233
v 0.387500000000001 -0.1125 0.545715391635895
v 0.400000000000001 -0.1125 0.502725303173065
v 0.412500000000001 -0.1125 0.48697566986084
v 0.425000000000001 -0.1125 0.485823065042496
v 0.437500000000001 -0.1125 0.491697609424591
v 0.450000000000001 -0.1125 0.500666618347168
v 0.462500000000001 -0.1125 0.510851979255676
v 0.475000000000001 -0.1125 0.521590232849121
v 0.487500000000001 -0.1125 0.532875835895538
v 0.500000000000001 -0.1125 0.54467898607254
v -0.5 -0.0999999999999996 0.320358842611313
v -0.4875 -0.0999999999999996 0.315840244293213
v -0.475 -0.0999999999999996 0.315570205450058
v -0.4625 -0.0999999999999996 0.319383531808853
v -0.45 -0.0999999999999996 0.32862988114357
v -0.4375 -0.0999999999999996 0.370254099369049
v -0.425 -0.0999999999999996 0.4529969394207
v -0.4125 -0.0999999999999996 0.489915192127228
v -0.4 -0.0999999999999996 0.441225349903107
v -0.3875 -0.0999999999999996 0.338198661804199
v -0.375 -0.0999999999999996 0.258628964424133
v -0.3625 -0.0999999999999996 0.221021994948387
v -0.35 -0.0999999999999996 0.199794635176659
v -0.3375 -0.0999999999999996 0.182530522346497
v -0.325 -0.0999999999999996 0.166238218545914
v -0.3125 -0.0999999999999996 0.150932759046555
v -0.3 -0.0999999999999996 0.136836156249046
v -0.2875 -0.0999999999999996 0.123861961066723
v -0.275 -0.0999999999999996 0.112327173352242
v -0.2625 -0.0999999999999996 0.101997092366219
v -0.25 -0.0999999999999996 0.0927790850400925
v -0.2375 -0.0999999999999996 0.0845749899744987
v -0.225 -0.0999999999999996 0.077514223754406
v -0.2125 -0.0999999999999996 0.0719648748636246
v -0.2 -0.0999999999999996 0.0679134428501129
v -0.1875 -0.0999999999999996 0.0653176307678223
v -0.175 -0.0999999999999996 0.0641402825713158
v -0.1625 -0.0999999999999996 0.0646341219544411
v -0.15 -0.0999999999999996 0.0672603622078896
v -0.1375 -0.0999999999999996 0.0709419474005699
v -0.125 -0.0999999999999996 0.0757476687431335
v -0.1125 -0.0999999999999996 0.0814626514911652
v -0.0999999999999996 -0.0999999999999996 0.0877573937177658
v -0.0874999999999996 -0.0999999999999996 0.0945556685328484
v -0.0749999999999996 -0.0999999999999996 0.101734302937984
v -0.0624999999999996 -0.0999999999999996 0.10916693508625
v -0.0499999999999996 -0.0999999999999996 0.116744957864285
v -0.0374999999999996 -0.0999999999999996 0.124436974525452
v -0.0249999999999996 -0.0999999999999996 0.132217258214951
v -0.0124999999999996 -0.0999999999999996 0.140095576643944
v 4.44089209850063e-16 -0.0999999999999996 0.148082420229912
v 0.0125000000000004 -0.0999999999999996 0.156197473406792
v 0.0250000000000005 -0.0999999999999996 0.164380267262459
v 0.0375000000000005 -0.0999999999999996 0.172616228461266
v 0.0500000000000005 -0.0999999999999996 0.180909439921379
v 0.0625000000000004 -0.0999999999999996 0.189290314912796
v 0.0750000000000005 -0.0999999999999996 0.197817727923393
v 0.0875000000000006 -0.0999999999999996 0.206562757492065
v 0.100000000000001 -0.0999999999999996 0.215602025389671
v 0.1125 -0.0999999999999996 0.224953606724739
v 0.125000000000001 -0.0999999999999996 0.234663158655167
v 0.137500000000001 -0.0999999999999996 0.244710311293602
v 0.150000000000001 -0.0999999999999996 0.255014657974243
v 0.162500000000001 -0.0999999999999996 0.265364557504654
v 0.175000000000001 -0.0999999999999996 0.275648444890976
v 0.187500000000001 -0.0999999999999996 0.28593835234642
v 0.200000000000001 -0.0999999999999996 0.296422243118286
v 0.212500000000001 -0.0999999999999996 0.307453602552414
v 0.225000000000001 -0.0999999999999996 0.319212108850479
v 0.237500000000001 -0.0999999999999996 0.331631302833557
v 0.250000000000001 -0.0999999999999996 0.344435721635818
v 0.262500000000001 -0.0999999999999996 0.357289373874664
v 0.275000000000001 -0.0999999999999996 0.369987845420837
v 0.287500000000001 -0.0999999999999996 0.382814079523087
v 0.300000000000001 -0.0999999999999996 0.397031217813492
v 0.312500000000001 -0.0999999999999996 0.415709584951401
v 0.325000000000001 -0.0999999999999996 0.445370495319366
v 0.337500000000001 -0.0999999999999996 0.492506086826324
v 0.350000000000001 -0.0999999999999996 0.543122947216034
v 0.362500000000001 -0.0999999999999996 0.570732533931732
v 0.375000000000001 -0.0999999999999996 0.560792088508606
v 0.387500000000001 -0.0999999999999996 0.522521018981934
v 0.400000000000001 -0.0999999999999996 0.490532219409943
v 0.412500000000001 -0.0999999999999996 0.476215690374374
v 0.425000000000001 -0.0999999999999996 0.473380088806152
v 0.437500000000001 -0.0999999999999996 0.47657784819603
v 0.450000000000001 -0.0999999999999996 0.482609480619431
v 0.462500000000001 -0.0999999999999996 0.489919394254684
v 0.475000000000001 -0.0999999999999996 0.497930377721786
v 0.487500000000001 -0.0999999999999996 0.506584465503693
v 0.500000000000001 -0.0999999999999996 0.515770733356476
v -0.5 -0.0874999999999996 0.313518524169922
v -0.4875 -0.0874999999999996 0.309850782155991
v -0.475 -0.0874999999999996 0.309451073408127
v -0.4625 -0.0874999999999996 0.311868637800217
v -0.45 -0.0874999999999996 0.315313965082169
v -0.4375 -0.0874999999999996 0.322674661874771
v -0.425 -0.0874999999999996 0.338572800159454
v -0.4125 -0.0874999999999996 0.343721777200699
v -0.4 -0.0874999999999996 0.318463832139969
v -0.3875 -0.0874999999999996 0.278024196624756
v -0.375 -0.0874999999999996 0.245369151234627
v -0.3625 -0.0874999999999996 0.2227603495121
v -0.35 -0.0874999999999996 0.204976722598076
v -0.3375 -0.0874999999999996 0.188605591654778
v -0.325 -0.0874999999999996 0.17280301451683
v -0.3125 -0.0874999999999996 0.158080890774727
v -0.3 -0.0874999999999996 0.144459575414658
v -0.2875 -0.0874999999999996 0.132129594683647
v -0.275 -0.0874999999999996 0.121246613562107
v -0.2625 -0.0874999999999996 0.111588098108768
v -0.25 -0.0874999999999996 0.102827526628971
v -0.2375 -0.0874999999999996 0.0951250120997429
v -0.225 -0.0874999999999996 0.0884081944823265
v -0.2125 -0.0874999999999996 0.0830110535025597
v -0.2 -0.0874999999999996 0.0787588506937027
v -0.1875 -0.0874999999999996 0.0757416114211082
v -0.175 -0.0874999999999996 0.0741325989365578
v -0.1625 -0.0874999999999996 0.0738862678408623
v -0.15 -0.0874999999999996 0.075695812702179
v -0.1375 -0.0874999999999996 0.0786729529500008
v -0.125 -0.0874999999999996 0.0825255587697029
v -0.1125 -0.0874999999999996 0.087283194065094
v -0.0999999999999996 -0.0874999999999996 0.0926737189292908
v -0.0874999999999996 -0.0874999999999996 0.0987507104873657
v -0.0749999999999996 -0.0874999999999996 0.105350397527218
v -0.0624999999999996 -0.0874999999999996 0.112369492650032
v -0.0499999999999996 -0.0874999999999996 0.119647979736328
v -0.0374999999999996 -0.0874999999999996 0.127074107527733
v -0.0249999999999996 -0.0874999999999996 0.134616315364838
v -0.0124999999999996 -0.0874999999999996 0.142291471362114
v 4.44089209850063e-16 -0.0874999999999996 0.150140643119812
v 0.0125000000000004 -0.0874999999999996 0.158152744174004
v 0.0250000000000005 -0.0874999999999996 0.166264235973358
v 0.0375000000000005 -0.0874999999999996 0.174451753497124
v 0.0500000000000005 -0.0874999999999996 0.182752057909966
v 0.0625000000000004 -0.0874999999999996 0.1911381483078
v 0.0750000000000005 -0.0874999999999996 0.199697241187096
v 0.0875000000000006 -0.0874999999999996 0.208495050668716
v 0.100000000000001 -0.0874999999999996 0.217560216784477
v 0.1125 -0.0874999999999996 0.22689600288868
v 0.125000000000001 -0.0874999999999996 0.236534714698792
v 0.137500000000001 -0.0874999999999996 0.246469616889954
v 0.150000000000001 -0.0874999999999996 0.256638616323471
v 0.162500000000001 -0.0874999999999996 0.266831368207932
v 0.175000000000001 -0.0874999999999996 0.276909589767456
v 0.187500000000001 -0.0874999999999996 0.286819308996201
v 0.200000000000001 -0.0874999999999996 0.296799182891846
v 0.212500000000001 -0.0874999999999996 0.30715736746788
v 0.225000000000001 -0.0874999999999996 0.318261384963989
v 0.237500000000001 -0.0874999999999996 0.330157071352005
v 0.250000000000001 -0.0874999999999996 0.342631310224533
v 0.262500000000001 -0.0874999999999996 0.355352163314819
v 0.275000000000001 -0.0874999999999996 0.367915391921997
v 0.287500000000001 -0.0874999999999996 0.380311101675034
v 0.300000000000001 -0.0874999999999996 0.393024116754532
v 0.312500000000001 -0.0874999999999996 0.407315820455551
v 0.325000000000001 -0.0874999999999996 0.425209134817123
v 0.337500000000001 -0.0874999999999996 0.448330610990524
v 0.350000000000001 -0.0874999999999996 0.472861289978027
v 0.362500000000001 -0.0874999999999996 0.491130262613297
v 0.375000000000001 -0.0874999999999996 0.497087806463242
v 0.387500000000001 -0.0874999999999996 0.488163858652115
v 0.400000000000001 -0.0874999999999996 0.475250631570816
v 0.412500000000001 -0.0874999999999996 0.467498540878296
v 0.425000000000001 -0.0874999999999996 0.465963751077652
v 0.437500000000001 -0.0874999999999996 0.468630313873291
v 0.450000000000001 -0.0874999999999996 0.473533540964127
v 0.462500000000001 -0.0874999999999996 0.479615896940231
v 0.475000000000001 -0.0874999999999996 0.486685037612915
v 0.487500000000001 -0.0874999999999996 0.494780302047729
v 0.500000000000001 -0.0874999999999996 0.503790378570557
v -0.5 -0.0749999999999996 0.312260448932648
v -0.4875 -0.0749999999999996 0.308886349201202
v -0.475 -0.0749999999999996 0.308121889829636
v -0.4625 -0.0749999999999996 0.309038460254669
v -0.45 -0.0749999999999996 0.309568524360657
v -0.4375 -0.0749999999999996 0.308178514242172
v -0.425 -0.0749999999999996 0.303611904382706
v -0.4125 -0.0749999999999996 0.294106483459473
v -0.4 -0.0749999999999996 0.278412908315659
v -0.3875 -0.0749999999999996 0.259750515222549
v -0.375 -0.0749999999999996 0.241703182458878
v -0.3625 -0.0749999999999996 0.225063905119896
v -0.35 -0.0749999999999996 0.209376245737076
v -0.3375 -0.0749999999999996 0.19410865008831
v -0.325 -0.0749999999999996 0.179189145565033
v -0.3125 -0.0749999999999996 0.165196284651756
v -0.3 -0.0749999999999996 0.152312114834785
v -0.2875 -0.0749999999999996 0.140845417976379
v -0.275 -0.0749999999999996 0.130635410547256
v -0.2625 -0.0749999999999996 0.121671698987484
v -0.25 -0.0749999999999996 0.113525927066803
v -0.2375 -0.0749999999999996 0.106205701828003
v -0.225 -0.0749999999999996 0.0998372659087181
v -0.2125 -0.0749999999999996 0.0944710448384285
v -0.2 -0.0749999999999996 0.0900232940912247
v -0.1875 -0.0749999999999996 0.0866334065794945
v -0.175 -0.0749999999999996 0.0845296159386635
v -0.1625 -0.0749999999999996 0.0837545245885849
v -0.15 -0.0749999999999996 0.0847371444106102
v -0.1375 -0.0749999999999996 0.0870413780212402
v -0.125 -0.0749999999999996 0.0902454480528831
v -0.1125 -0.0749999999999996 0.094171904027462
v -0.0999999999999996 -0.0749999999999996 0.0988894924521446
v -0.0874999999999996 -0.0749999999999996 0.10412722826004
v -0.0749999999999996 -0.0749999999999996 0.109988741576672
v -0.0624999999999996 -0.0749999999999996 0.116410493850708
v -0.0499999999999996 -0.0749999999999996 0.123291507363319
v -0.0374999999999996 -0.0749999999999996 0.130487322807312
v -0.0249999999999996 -0.0749999999999996 0.137853175401688
v -0.0124999999999996 -0.0749999999999996 0.145365074276924
v 4.44089209850063e-16 -0.0749999999999996 0.153024584054947
v 0.0125000000000004 -0.0749999999999996 0.160836935043335
v 0.0250000000000005 -0.0749999999999996 0.168810084462166
v 0.0375000000000005 -0.0749999999999996 0.176920965313911
v 0.0500000000000005 -0.0749999999999996 0.185163572430611
v 0.0625000000000004 -0.0749999999999996 0.19359302520752
v 0.0750000000000005 -0.0749999999999996 0.202226638793945
v 0.0875000000000006 -0.0749999999999996 0.211030513048172
v 0.100000000000001 -0.0749999999999996 0.220039412379265
v 0.1125 -0.0749999999999996 0.229319334030151
v 0.125000000000001 -0.0749999999999996 0.238866433501244
v 0.137500000000001 -0.0749999999999996 0.248649746179581
v 0.150000000000001 -0.0749999999999996 0.2586530148983
v 0.162500000000001 -0.0749999999999996 0.268662303686142
v 0.175000000000001 -0.0749999999999996 0.278508812189102
v 0.187500000000001 -0.0749999999999996 0.288099706172943
v 0.200000000000001 -0.0749999999999996 0.297559648752213
v 0.212500000000001 -0.0749999999999996 0.307263046503067
v 0.225000000000001 -0.0749999999999996 0.317685633897781
v 0.237500000000001 -0.0749999999999996 0.328979879617691
v 0.250000000000001 -0.0749999999999996 0.341042727231979
v 0.262500000000001 -0.0749999999999996 0.353527635335922
v 0.275000000000001 -0.0749999999999996 0.365975052118301
v 0.287500000000001 -0.0749999999999996 0.378027021884918
v 0.300000000000001 -0.0749999999999996 0.389742225408554
v 0.312500000000001 -0.0749999999999996 0.401599407196045
v 0.325000000000001 -0.0749999999999996 0.414274752140045
v 0.337500000000001 -0.0749999999999996 0.42820605635643
v 0.350000000000001 -0.0749999999999996 0.442138880491257
v 0.362500000000001 -0.0749999999999996 0.453645944595337
v 0.375000000000001 -0.0749999999999996 0.461446285247803
v 0.387500000000001 -0.0749999999999996 0.464294642210007
v 0.400000000000001 -0.0749999999999996 0.46254774928093
v 0.412500000000001 -0.0749999999999996 0.460474491119385
v 0.425000000000001 -0.0749999999999996 0.460953950881958
v 0.437500000000001 -0.0749999999999996 0.464109182357788
v 0.450000000000001 -0.0749999999999996 0.469052881002426
v 0.462500000000001 -0.0749999999999996 0.475170433521271
v 0.475000000000001 -0.0749999999999996 0.482374399900436
v 0.487500000000001 -0.0749999999999996 0.490740060806274
v 0.500000000000001 -0.0749999999999996 0.500172436237335
v -0.5 -0.0624999999999996 0.313982337713242
v -0.4875 -0.0624999999999996 0.310419052839279
v -0.475 -0.0624999999999996 0.308966726064682
v -0.4625 -0.0624999999999996 0.308459669351578
v -0.45 -0.0624999999999996 0.307002365589142
v -0.4375 -0.0624999999999996 0.302804440259933
v -0.425 -0.0624999999999996 0.295004397630692
v -0.4125 -0.0624999999999996 0.284003913402557
v -0.4 -0.0624999999999996 0.270849704742432
v -0.3875 -0.0624999999999996 0.256670981645584
v -0.375 -0.0624999999999996 0.2422696352005
v -0.3625 -0.0624999999999996 0.227768227458
v -0.35 -0.0624999999999996 0.213315293192863
v -0.3375 -0.0624999999999996 0.199015185236931
v -0.325 -0.0624999999999996 0.185200288891792
v -0.3125 -0.0624999999999996 0.172167778015137
v -0.3 -0.0624999999999996 0.160304814577103
v -0.2875 -0.0624999999999996 0.149666473269463
v -0.275 -0.0624999999999996 0.140380427241325
v -0.2625 -0.0624999999999996 0.132075980305672
v -0.25 -0.0624999999999996 0.124587632715702
v -0.2375 -0.0624999999999996 0.117720223963261
v -0.225 -0.0624999999999996 0.111686371266842
v -0.2125 -0.0624999999999996 0.106377601623535
v -0.2 -0.0624999999999996 0.101768516004086
v -0.1875 -0.0624999999999996 0.0981654226779938
v -0.175 -0.0624999999999996 0.0955802127718925
v -0.1625 -0.0624999999999996 0.0942882224917412
v -0.15 -0.0624999999999996 0.0945049151778221
v -0.1375 -0.0624999999999996 0.0960688218474388
v -0.125 -0.0624999999999996 0.0987219586968422
v -0.1125 -0.0624999999999996 0.102093689143658
v -0.0999999999999996 -0.0624999999999996 0.106065265834332
v -0.0874999999999996 -0.0624999999999996 0.110801696777344
v -0.0749999999999996 -0.0624999999999996 0.116033971309662
v -0.0624999999999996 -0.0624999999999996 0.121742680668831
v -0.0499999999999996 -0.0624999999999996 0.12800757586956
v -0.0374999999999996 -0.0624999999999996 0.134747311472893
v -0.0249999999999996 -0.0624999999999996 0.141844272613525
v -0.0124999999999996 -0.0624999999999996 0.149175450205803
v 4.44089209850063e-16 -0.0624999999999996 0.156689003109932
v 0.0125000000000004 -0.0624999999999996 0.164373978972435
v 0.0250000000000005 -0.0624999999999996 0.172210171818733
v 0.0375000000000005 -0.0624999999999996 0.180206939578056
v 0.0500000000000005 -0.0624999999999996 0.188398033380508
v 0.0625000000000004 -0.0624999999999996 0.19678895175457
v 0.0750000000000005 -0.0624999999999996 0.205339059233665
v 0.0875000000000006 -0.0624999999999996 0.21410608291626
v 0.100000000000001 -0.0624999999999996 0.22304479777813
v 0.1125 -0.0624999999999996 0.232192188501358
v 0.125000000000001 -0.0624999999999996 0.241584613919258
v 0.137500000000001 -0.0624999999999996 0.251219540834427
v 0.150000000000001 -0.0624999999999996 0.261003226041794
v 0.162500000000001 -0.0624999999999996 0.270780682563782
v 0.175000000000001 -0.0624999999999996 0.280392199754715
v 0.187500000000001 -0.0624999999999996 0.289617836475372
v 0.200000000000001 -0.0624999999999996 0.298595577478409
v 0.212500000000001 -0.0624999999999996 0.307692289352417
v 0.225000000000001 -0.0624999999999996 0.317418724298477
v 0.237500000000001 -0.0624999999999996 0.32806396484375
v 0.250000000000001 -0.0624999999999996 0.339642286300659
v 0.262500000000001 -0.0624999999999996 0.351820766925812
v 0.275000000000001 -0.0624999999999996 0.364052295684814
v 0.287500000000001 -0.0624999999999996 0.375804334878922
v 0.300000000000001 -0.0624999999999996 0.386829704046249
v 0.312500000000001 -0.0624999999999996 0.397281736135483
v 0.325000000000001 -0.0624999999999996 0.40761986374855
v 0.337500000000001 -0.0624999999999996 0.41832971572876
v 0.350000000000001 -0.0624999999999996 0.429412454366684
v 0.362500000000001 -0.0624999999999996 0.439759075641632
v 0.375000000000001 -0.0624999999999996 0.448114842176437
v 0.387500000000001 -0.0624999999999996 0.453441143035889
v 0.400000000000001 -0.0624999999999996 0.455540746450424
v 0.412500000000001 -0.0624999999999996 0.456467628479004
v 0.425000000000001 -0.0624999999999996 0.458522319793701
v 0.437500000000001 -0.0624999999999996 0.462392538785934
v 0.450000000000001 -0.0624999999999996 0.467868059873581
v 0.462500000000001 -0.0624999999999996 0.474595308303833
v 0.475000000000001 -0.0624999999999996 0.482463210821152
v 0.487500000000001 -0.0624999999999996 0.491513252258301
v 0.500000000000001 -0.0624999999999996 0.501598358154297
v -0.5 -0.0499999999999996 0.317606419324875
v -0.4875 -0.0499999999999996 0.313445627689362
v -0.475 -0.0499999999999996 0.310934633016586
v -0.4625 -0.0499999999999996 0.308823257684708
v -0.45 -0.0499999999999996 0.305601686239243
v -0.4375 -0.0499999999999996 0.300016015768051
v -0.425 -0.0499999999999996 0.291728109121323
v -0.4125 -0.0499999999999996 0.281337052583694
v -0.4 -0.0499999999999996 0.2696513235569
v -0.3875 -0.0499999999999996 0.257186532020569
v -0.375 -0.0499999999999996 0.244186595082283
v -0.3625 -0.0499999999999996 0.230587154626846
v -0.35 -0.0499999999999996 0.217084795236588
v -0.3375 -0.0499999999999996 0.203860446810722
v -0.325 -0.0499999999999996 0.19105538725853
v -0.3125 -0.0499999999999996 0.179099187254906
v -0.3 -0.0499999999999996 0.168274566531181
v -0.2875 -0.0499999999999996 0.158663466572762
v -0.275 -0.0499999999999996 0.150243148207664
v -0.2625 -0.0499999999999996 0.142682880163193
v -0.25 -0.0499999999999996 0.135868579149246
v -0.2375 -0.0499999999999996 0.129526361823082
v -0.225 -0.0499999999999996 0.123852156102657
v -0.2125 -0.0499999999999996 0.118631422519684
v -0.2 -0.0499999999999996 0.113984607160091
v -0.1875 -0.0499999999999996 0.110256366431713
v -0.175 -0.0499999999999996 0.107423283159733
v -0.1625 -0.0499999999999996 0.105726793408394
v -0.15 -0.0499999999999996 0.105280160903931
v -0.1375 -0.0499999999999996 0.106087483465672
v -0.125 -0.0499999999999996 0.108033493161201
v -0.1125 -0.0499999999999996 0.110920451581478
v -0.0999999999999996 -0.0499999999999996 0.114356353878975
v -0.0874999999999996 -0.0499999999999996 0.118386566638947
v -0.0749999999999996 -0.0499999999999996 0.123122908174992
v -0.0624999999999996 -0.0499999999999996 0.128379374742508
v -0.0499999999999996 -0.0499999999999996 0.134030714631081
v -0.0374999999999996 -0.0499999999999996 0.140207767486572
v -0.0249999999999996 -0.0499999999999996 0.146785944700241
v -0.0124999999999996 -0.0499999999999996 0.153805494308472
v 4.44089209850063e-16 -0.0499999999999996 0.161099627614021
v 0.0125000000000004 -0.0499999999999996 0.168634682893753
v 0.0250000000000005 -0.0499999999999996 0.17639684677124
v 0.0375000000000005 -0.0499999999999996 0.184343382716179
v 0.0500000000000005 -0.0499999999999996 0.192440584301949
v 0.0625000000000004 -0.0499999999999996 0.200721859931946
v 0.0750000000000005 -0.0499999999999996 0.209170684218407
v 0.0875000000000006 -0.0499999999999996 0.217774540185928
v 0.100000000000001 -0.0499999999999996 0.226559981703758
v 0.1125 -0.0499999999999996 0.235572144389153
v 0.125000000000001 -0.0499999999999996 0.244762301445007
v 0.137500000000001 -0.0499999999999996 0.254131644964218
v 0.150000000000001 -0.0499999999999996 0.263630390167236
v 0.162500000000001 -0.0499999999999996 0.273107618093491
v 0.175000000000001 -0.0499999999999996 0.282400816679001
v 0.187500000000001 -0.0499999999999996 0.29125303030014
v 0.200000000000001 -0.0499999999999996 0.299768894910812
v 0.212500000000001 -0.0499999999999996 0.308303117752075
v 0.225000000000001 -0.0499999999999996 0.317436784505844
v 0.237500000000001 -0.0499999999999996 0.327468484640121
v 0.250000000000001 -0.0499999999999996 0.33845654129982
v 0.262500000000001 -0.0499999999999996 0.350181490182877
v 0.275000000000001 -0.0499999999999996 0.3620545566082
v 0.287500000000001 -0.0499999999999996 0.373449385166168
v 0.300000000000001 -0.0499999999999996 0.383949130773544
v 0.312500000000001 -0.0499999999999996 0.393521755933762
v 0.325000000000001 -0.0499999999999996 0.402604013681412
v 0.337500000000001 -0.0499999999999996 0.411850452423096
v 0.350000000000001 -0.0499999999999996 0.421869605779648
v 0.362500000000001 -0.0499999999999996 0.432213544845581
v 0.375000000000001 -0.0499999999999996 0.441382318735123
v 0.387500000000001 -0.0499999999999996 0.447977364063263
v 0.400000000000001 -0.0499999999999996 0.451830863952637
v 0.412500000000001 -0.0499999999999996 0.454524904489517
v 0.425000000000001 -0.0499999999999996 0.457861334085464
v 0.437500000000001 -0.0499999999999996 0.46262326836586
v 0.450000000000001 -0.0499999999999996 0.468893021345139
v 0.462500000000001 -0.0499999999999996 0.476449400186539
v 0.475000000000001 -0.0499999999999996 0.485159486532211
v 0.487500000000001 -0.0499999999999996 0.494986981153488
v 0.500000000000001 -0.0499999999999996 0.505728244781494
v -0.5 -0.0374999999999996 0.322475641965866
v -0.4875 -0.0374999999999996 0.317487686872482
v -0.475 -0.0374999999999996 0.313646554946899
v -0.4625 -0.0374999999999996 0.309824854135513
v -0.45 -0.0374999999999996 0.304965496063232
v -0.4375 -0.0374999999999996 0.29840874671936
v -0.425 -0.0374999999999996 0.290144085884094
v -0.4125 -0.0374999999999996 0.280419081449509
v -0.4 -0.0374999999999996 0.26974356174469
v -0.3875 -0.0374999999999996 0.258316695690155
v -0.375 -0.0374999999999996 0.246271356940269
v -0.3625 -0.0374999999999996 0.233746156096458
v -0.35 -0.0374999999999996 0.221236854791641
v -0.3375 -0.0374999999999996 0.208925873041153
v -0.325 -0.0374999999999996 0.19722543656826
v -0.3125 -0.0374999999999996 0.186338901519775
v -0.3 -0.0374999999999996 0.176468953490257
v -0.2875 -0.0374999999999996 0.167748019099236
v -0.275 -0.0374999999999996 0.160177141427994
v -0.2625 -0.0374999999999996 0.153410971164703
v -0.25 -0.0374999999999996 0.147294446825981
v -0.2375 -0.0374999999999996 0.141548007726669
v -0.225 -0.0374999999999996 0.136226058006287
v -0.2125 -0.0374999999999996 0.131261736154556
v -0.2 -0.0374999999999996 0.126652643084526
v -0.1875 -0.0374999999999996 0.122819937765598
v -0.175 -0.0374999999999996 0.119892038404942
v -0.1625 -0.0374999999999996 0.117990911006927
v -0.15 -0.0374999999999996 0.117129124701023
v -0.1375 -0.0374999999999996 0.1172781214118
v -0.125 -0.0374999999999996 0.118543028831482
v -0.1125 -0.0374999999999996 0.120721377432346
v -0.0999999999999996 -0.0374999999999996 0.123672142624855
v -0.0874999999999996 -0.0374999999999996 0.127146631479263
v -0.0749999999999996 -0.0374999999999996 0.131251886487007
v -0.0624999999999996 -0.0374999999999996 0.136034920811653
v -0.0499999999999996 -0.0374999999999996 0.141239479184151
v -0.0374999999999996 -0.0374999999999996 0.146933004260063
v -0.0249999999999996 -0.0374999999999996 0.153060376644135
v -0.0124999999999996 -0.0374999999999996 0.15951806306839
v 4.44089209850063e-16 -0.0374999999999996 0.166425496339798
v 0.0125000000000004 -0.0374999999999996 0.17370231449604
v 0.0250000000000005 -0.0374999999999996 0.18127229809761
v 0.0375000000000005 -0.0374999999999996 0.189088597893715
v 0.0500000000000005 -0.0374999999999996 0.197060957551003
v 0.0625000000000004 -0.0374999999999996 0.205181047320366
v 0.0750000000000005 -0.0374999999999996 0.213489770889282
v 0.0875000000000006 -0.0374999999999996 0.221939519047737
v 0.100000000000001 -0.0374999999999996 0.230543538928032
v 0.1125 -0.0374999999999996 0.239312320947647
v 0.125000000000001 -0.0374999999999996 0.248253658413887
v 0.137500000000001 -0.0374999999999996 0.257331430912018
v 0.150000000000001 -0.0374999999999996 0.266495764255524
v 0.162500000000001 -0.0374999999999996 0.275621742010117
v 0.175000000000001 -0.0374999999999996 0.284518122673035
v 0.187500000000001 -0.0374999999999996 0.292985886335373
v 0.200000000000001 -0.0374999999999996 0.301072269678116
v 0.212500000000001 -0.0374999999999996 0.309138029813766
v 0.225000000000001 -0.0374999999999996 0.317696183919907
v 0.237500000000001 -0.0374999999999996 0.327112019062042
v 0.250000000000001 -0.0374999999999996 0.33750793337822
v 0.262500000000001 -0.0374999999999996 0.348664164543152
v 0.275000000000001 -0.0374999999999996 0.360037744045258
v 0.287500000000001 -0.0374999999999996 0.370992660522461
v 0.300000000000001 -0.0374999999999996 0.381018459796906
v 0.312500000000001 -0.0374999999999996 0.390007257461548
v 0.325000000000001 -0.0374999999999996 0.398360133171082
v 0.337500000000001 -0.0374999999999996 0.406809329986572
v 0.350000000000001 -0.0374999999999996 0.416123390197754
v 0.362500000000001 -0.0374999999999996 0.42625817656517
v 0.375000000000001 -0.0374999999999996 0.435890763998032
v 0.387500000000001 -0.0374999999999996 0.443609207868576
v 0.400000000000001 -0.0374999999999996 0.449041277170181
v 0.412500000000001 -0.0374999999999996 0.453284174203873
v 0.425000000000001 -0.0374999999999996 0.457922756671906
v 0.437500000000001 -0.0374999999999996 0.46378293633461
v 0.450000000000001 -0.0374999999999996 0.47102952003479
v 0.462500000000001 -0.0374999999999996 0.479555040597916
v 0.475000000000001 -0.0374999999999996 0.48915359377861
v 0.487500000000001 -0.0374999999999996 0.499714225530624
v 0.500000000000001 -0.0374999999999996 0.511029183864594
v -0.5 -0.0249999999999996 0.328070551156998
v -0.4875 -0.0249999999999996 0.322092205286026
v -0.475 -0.0249999999999996 0.316768795251846
v -0.4625 -0.0249999999999996 0.311296433210373
v -0.45 -0.0249999999999996 0.305052757263184
v -0.4375 -0.0249999999999996 0.297755479812622
v -0.425 -0.0249999999999996 0.289469629526138
v -0.4125 -0.0249999999999996 0.280292838811874
v -0.4 -0.0249999999999996 0.270502239465714
v -0.3875 -0.0249999999999996 0.260070711374283
v -0.375 -0.0249999999999996 0.249023512005806
v -0.3625 -0.0249999999999996 0.237653478980064
v -0.35 -0.0249999999999996 0.226168438792229
v -0.3375 -0.0249999999999996 0.214969202876091
v -0.325 -0.0249999999999996 0.204223394393921
v -0.3125 -0.0249999999999996 0.194204092025757
v -0.3 -0.0249999999999996 0.185102462768555
v -0.2875 -0.0249999999999996 0.177076146006584
v -0.275 -0.0249999999999996 0.170238643884659
v -0.2625 -0.0249999999999996 0.164145544171333
v -0.25 -0.0249999999999996 0.158654913306236
v -0.2375 -0.0249999999999996 0.153542280197144
v -0.225 -0.0249999999999996 0.148702889680862
v -0.2125 -0.0249999999999996 0.144075766205788
v -0.2 -0.0249999999999996 0.13977125287056
v -0.1875 -0.0249999999999996 0.135932192206383
v -0.175 -0.0249999999999996 0.132971808314323
v -0.1625 -0.0249999999999996 0.130933359265327
v -0.15 -0.0249999999999996 0.129751071333885
v -0.1375 -0.0249999999999996 0.129500791430473
v -0.125 -0.0249999999999996 0.130098164081573
v -0.1125 -0.0249999999999996 0.131646439433098
v -0.0999999999999996 -0.0249999999999996 0.13404768705368
v -0.0874999999999996 -0.0249999999999996 0.137043341994286
v -0.0749999999999996 -0.0249999999999996 0.14056196808815
v -0.0624999999999996 -0.0249999999999996 0.144675716757774
v -0.0499999999999996 -0.0249999999999996 0.149439379572868
v -0.0374999999999996 -0.0249999999999996 0.154649287462234
v -0.0249999999999996 -0.0249999999999996 0.160362839698792
v -0.0124999999999996 -0.0249999999999996 0.166479304432869
v 4.44089209850063e-16 -0.0249999999999996 0.172914072871208
v 0.0125000000000004 -0.0249999999999996 0.179736480116844
v 0.0250000000000005 -0.0249999999999996 0.186970606446266
v 0.0375000000000005 -0.0249999999999996 0.194480881094933
v 0.0500000000000005 -0.0249999999999996 0.202219888567924
v 0.0625000000000004 -0.0249999999999996 0.210140705108643
v 0.0750000000000005 -0.0249999999999996 0.218234926462173
v 0.0875000000000006 -0.0249999999999996 0.226506575942039
v 0.100000000000001 -0.0249999999999996 0.234908729791641
v 0.1125 -0.0249999999999996 0.243408784270287
v 0.125000000000001 -0.0249999999999996 0.252017617225647
v 0.137500000000001 -0.0249999999999996 0.260752379894257
v 0.150000000000001 -0.0249999999999996 0.269517719745636
v 0.162500000000001 -0.0249999999999996 0.278221994638443
v 0.175000000000001 -0.0249999999999996 0.286708354949951
v 0.187500000000001 -0.0249999999999996 0.2947818338871
v 0.200000000000001 -0.0249999999999996 0.302446454763412
v 0.212500000000001 -0.0249999999999996 0.310042709112167
v 0.225000000000001 -0.0249999999999996 0.318084508180618
v 0.237500000000001 -0.0249999999999996 0.326923817396164
v 0.250000000000001 -0.0249999999999996 0.336742132902145
v 0.262500000000001 -0.0249999999999996 0.347311556339264
v 0.275000000000001 -0.0249999999999996 0.35810798406601
v 0.287500000000001 -0.0249999999999996 0.368574351072311
v 0.300000000000001 -0.0249999999999996 0.378206640481949
v 0.312500000000001 -0.0249999999999996 0.386836856603622
v 0.325000000000001 -0.0249999999999996 0.394801288843155
v 0.337500000000001 -0.0249999999999996 0.402817457914352
v 0.350000000000001 -0.0249999999999996 0.411656856536865
v 0.362500000000001 -0.0249999999999996 0.421394646167755
v 0.375000000000001 -0.0249999999999996 0.43105211853981
v 0.387500000000001 -0.0249999999999996 0.439444780349731
v 0.400000000000001 -0.0249999999999996 0.446177065372467
v 0.412500000000001 -0.0249999999999996 0.451947182416916
v 0.425000000000001 -0.0249999999999996 0.458026379346848
v 0.437500000000001 -0.0249999999999996 0.465154886245728
v 0.450000000000001 -0.0249999999999996 0.473544597625732
v 0.462500000000001 -0.0249999999999996 0.483057975769043
v 0.475000000000001 -0.0249999999999996 0.493499994277954
v 0.487500000000001 -0.0249999999999996 0.504698216915131
v 0.500000000000001 -0.0249999999999996 0.516431272029877
v -0.5 -0.0124999999999996 0.333608239889145
v -0.4875 -0.0124999999999996 0.32669073343277
v -0.475 -0.0124999999999996 0.320048481225967
v -0.4625 -0.0124999999999996 0.313202798366547
v -0.45 -0.0124999999999996 0.305915921926498
v -0.4375 -0.0124999999999996 0.298124849796295
v -0.425 -0.0124999999999996 0.289855629205704
v -0.4125 -0.0124999999999996 0.281121134757996
v -0.4 -0.0124999999999996 0.272090762853622
v -0.3875 -0.0124999999999996 0.262586504220963
v -0.375 -0.0124999999999996 0.252736359834671
v -0.3625 -0.0124999999999996 0.242508217692375
v -0.35 -0.0124999999999996 0.232156902551651
v -0.3375 -0.0124999999999996 0.221907526254654
v -0.325 -0.0124999999999996 0.212061211466789
v -0.3125 -0.0124999999999996 0.20284004509449
v -0.3 -0.0124999999999996 0.194392174482346
v -0.2875 -0.0124999999999996 0.186987459659576
v -0.275 -0.0124999999999996 0.180582597851753
v -0.2625 -0.0124999999999996 0.175010249018669
v -0.25 -0.0124999999999996 0.170066058635712
v -0.2375 -0.0124999999999996 0.165495499968529
v -0.225 -0.0124999999999996 0.16116863489151
v -0.2125 -0.0124999999999996 0.157042548060417
v -0.2 -0.0124999999999996 0.153085649013519
v -0.1875 -0.0124999999999996 0.14943915605545
v -0.175 -0.0124999999999996 0.146468967199326
v -0.1625 -0.0124999999999996 0.144356772303581
v -0.15 -0.0124999999999996 0.142949774861336
v -0.1375 -0.0124999999999996 0.142395049333572
v -0.125 -0.0124999999999996 0.142595484852791
v -0.1125 -0.0124999999999996 0.143541023135185
v -0.0999999999999996 -0.0124999999999996 0.145268097519875
v -0.0874999999999996 -0.0124999999999996 0.14779706299305
v -0.0749999999999996 -0.0124999999999996 0.150851339101791
v -0.0624999999999996 -0.0124999999999996 0.154445812106133
v -0.0499999999999996 -0.0124999999999996 0.158585980534554
v -0.0374999999999996 -0.0124999999999996 0.163297653198242
v -0.0249999999999996 -0.0124999999999996 0.168516516685486
v -0.0124999999999996 -0.0124999999999996 0.17422978579998
v 4.44089209850063e-16 -0.0124999999999996 0.180326953530312
v 0.0125000000000004 -0.0124999999999996 0.186742812395096
v 0.0250000000000005 -0.0124999999999996 0.193505004048347
v 0.0375000000000005 -0.0124999999999996 0.200671270489693
v 0.0500000000000005 -0.0124999999999996 0.208119854331017
v 0.0625000000000004 -0.0124999999999996 0.215751960873604
v 0.0750000000000005 -0.0124999999999996 0.223590284585953
v 0.0875000000000006 -0.0124999999999996 0.231572821736336
v 0.100000000000001 -0.0124999999999996 0.239644959568977
v 0.1125 -0.0124999999999996 0.247834369540215
v 0.125000000000001 -0.0124999999999996 0.256114155054092
v 0.137500000000001 -0.0124999999999996 0.264431148767471
v 0.150000000000001 -0.0124999999999996 0.272803664207458
v 0.162500000000001 -0.0124999999999996 0.281023949384689
v 0.175000000000001 -0.0124999999999996 0.289023071527481
v 0.187500000000001 -0.0124999999999996 0.296647071838379
v 0.200000000000001 -0.0124999999999996 0.303884118795395
v 0.212500000000001 -0.0124999999999996 0.311013668775558
v 0.225000000000001 -0.0124999999999996 0.318575620651245
v 0.237500000000001 -0.0124999999999996 0.326921731233597
v 0.250000000000001 -0.0124999999999996 0.336166352033615
v 0.262500000000001 -0.0124999999999996 0.346152901649475
v 0.275000000000001 -0.0124999999999996 0.356381624937057
v 0.287500000000001 -0.0124999999999996 0.366407930850983
v 0.300000000000001 -0.0124999999999996 0.375698804855347
v 0.312500000000001 -0.0124999999999996 0.384113103151321
v 0.325000000000001 -0.0124999999999996 0.391961634159088
v 0.337500000000001 -0.0124999999999996 0.39984804391861
v 0.350000000000001 -0.0124999999999996 0.408392041921616
v 0.362500000000001 -0.0124999999999996 0.417699813842773
v 0.375000000000001 -0.0124999999999996 0.42709669470787
v 0.387500000000001 -0.0124999999999996 0.43571138381958
v 0.400000000000001 -0.0124999999999996 0.443298071622849
v 0.412500000000001 -0.0124999999999996 0.45038577914238
v 0.425000000000001 -0.0124999999999996 0.457857519388199
v 0.437500000000001 -0.0124999999999996 0.466309368610382
v 0.450000000000001 -0.0124999999999996 0.475844383239746
v 0.462500000000001 -0.0124999999999996 0.48631688952446
v 0.475000000000001 -0.0124999999999996 0.497498124837875
v 0.487500000000001 -0.0124999999999996 0.509191930294037
v 0.500000000000001 -0.0124999999999996 0.521166026592255
v -0.5 4.44089209850063e-16 0.338621765375137
v -0.4875 4.44089209850063e-16 0.331005483865738
v -0.475 4.44089209850063e-16 0.323400557041168
v -0.4625 4.44089209850063e-16 0.315592795610428
v -0.45 4.44089209850063e-16 0.307651668787003
v -0.4375 4.44089209850063e-16 0.299544900655746
v -0.425 4.44089209850063e-16 0.29130145907402
v -0.4125 4.44089209850063e-16 0.282967031002045
v -0.4 4.44089209850063e-16 0.274588882923126
v -0.3875 4.44089209850063e-16 0.266053557395935
v -0.375 4.44089209850063e-16 0.257271826267242
v -0.3625 4.44089209850063e-16 0.248221665620804
v -0.35 4.44089209850063e-16 0.239025041460991
v -0.3375 4.44089209850063e-16 0.229783445596695
v -0.325 4.44089209850063e-16 0.220757111907005
v -0.3125 4.44089209850063e-16 0.212099701166153
v -0.3 4.44089209850063e-16 0.204256996512413
v -0.2875 4.44089209850063e-16 0.19732840359211
v -0.275 4.44089209850063e-16 0.191259458661079
v -0.2625 4.44089209850063e-16 0.186098203063011
v -0.25 4.44089209850063e-16 0.181577429175377
v -0.2375 4.44089209850063e-16 0.177504613995552
v -0.225 4.44089209850063e-16 0.173684075474739
v -0.2125 4.44089209850063e-16 0.170054852962494
v -0.2 4.44089209850063e-16 0.166493460536003
v -0.1875 4.44089209850063e-16 0.163196235895157
v -0.175 4.44089209850063e-16 0.160320192575455
v -0.1625 4.44089209850063e-16 0.158131346106529
v -0.15 4.44089209850063e-16 0.156613409519196
v -0.1375 4.44089209850063e-16 0.155786544084549
v -0.125 4.44089209850063e-16 0.155676931142807
v -0.1125 4.44089209850063e-16 0.156248107552528
v -0.0999999999999996 4.44089209850063e-16 0.157427281141281
v -0.0874999999999996 4.44089209850063e-16 0.159245043992996
v -0.0749999999999996 4.44089209850063e-16 0.161835625767708
v -0.0624999999999996 4.44089209850063e-16 0.164991527795792
v -0.0499999999999996 4.44089209850063e-16 0.168632507324219
v -0.0374999999999996 4.44089209850063e-16 0.172789022326469
v -0.0249999999999996 4.44089209850063e-16 0.177477478981018
v -0.0124999999999996 4.44089209850063e-16 0.182677552103996
v 4.44089209850063e-16 4.44089209850063e-16 0.188375473022461
v 0.0125000000000004 4.44089209850063e-16 0.19442580640316
v 0.0250000000000005 4.44089209850063e-16 0.200806811451912
v 0.0375000000000005 4.44089209850063e-16 0.207506820559502
v 0.0500000000000005 4.44089209850063e-16 0.214569091796875
v 0.0625000000000004 4.44089209850063e-16 0.221848592162132
v 0.0750000000000005 4.44089209850063e-16 0.229328796267509
v 0.0875000000000006 4.44089209850063e-16 0.236943766474724
v 0.100000000000001 4.44089209850063e-16 0.244687706232071
v 0.1125 4.44089209850063e-16 0.25251442193985
v 0.125000000000001 4.44089209850063e-16 0.260374963283539
v 0.137500000000001 4.44089209850063e-16 0.268296271562576
v 0.150000000000001 4.44089209850063e-16 0.276201397180557
v 0.162500000000001 4.44089209850063e-16 0.283983558416367
v 0.175000000000001 4.44089209850063e-16 0.291469603776932
v 0.187500000000001 4.44089209850063e-16 0.298604637384415
v 0.200000000000001 4.44089209850063e-16 0.305412381887436
v 0.212500000000001 4.44089209850063e-16 0.31214514374733
v 0.225000000000001 4.44089209850063e-16 0.319247096776962
v 0.237500000000001 4.44089209850063e-16 0.327125042676926
v 0.250000000000001 4.44089209850063e-16 0.335852235555649
v 0.262500000000001 4.44089209850063e-16 0.345288127660751
v 0.275000000000001 4.44089209850063e-16 0.355015009641647
v 0.287500000000001 4.44089209850063e-16 0.364630997180939
v 0.300000000000001 4.44089209850063e-16 0.373668879270554
v 0.312500000000001 4.44089209850063e-16 0.382018774747849
v 0.325000000000001 4.44089209850063e-16 0.389937967061996
v 0.337500000000001 4.44089209850063e-16 0.397878706455231
v 0.350000000000001 4.44089209850063e-16 0.406298071146011
v 0.362500000000001 4.44089209850063e-16 0.415244817733765
v 0.375000000000001 4.44089209850063e-16 0.424274265766144
v 0.387500000000001 4.44089209850063e-16 0.432814449071884
v 0.400000000000001 4.44089209850063e-16 0.440827339887619
v 0.412500000000001 4.44089209850063e-16 0.448807805776596
v 0.425000000000001 4.44089209850063e-16 0.457405775785446
v 0.437500000000001 4.44089209850063e-16 0.467009454965591
v 0.450000000000001 4.44089209850063e-16 0.477569401264191
v 0.462500000000001 4.44089209850063e-16 0.488880544900894
v 0.475000000000001 4.44089209850063e-16 0.500669419765472
v 0.487500000000001 4.44089209850063e-16 0.512705147266388
v 0.500000000000001 4.44089209850063e-16 0.524793922901154
v -0.5 0.0125000000000004 0.343033313751221
v -0.4875 0.0125000000000004 0.33506652712822
v -0.475 0.0125000000000004 0.326854109764099
v -0.4625 0.0125000000000004 0.318534761667252
v -0.45 0.0125000000000004 0.310222208499908
v -0.4375 0.0125000000000004 0.301979303359985
v -0.425 0.0125000000000004 0.293837696313858
v -0.4125 0.0125000000000004 0.285826981067657
v -0.4 0.0125000000000004 0.278036028146744
v -0.3875 0.0125000000000004 0.270326673984528
v -0.375 0.0125000000000004 0.262523680925369
v -0.3625 0.0125000000000004 0.254580020904541
v -0.35 0.0125000000000004 0.246417477726936
v -0.3375 0.0125000000000004 0.238155469298363
v -0.325 0.0125000000000004 0.229900047183037
v -0.3125 0.0125000000000004 0.221926689147949
v -0.3 0.0125000000000004 0.214628502726555
v -0.2875 0.0125000000000004 0.208049520850182
v -0.275 0.0125000000000004 0.202353343367577
v -0.2625 0.0125000000000004 0.197491437196732
v -0.25 0.0125000000000004 0.193282023072243
v -0.2375 0.0125000000000004 0.189548924565315
v -0.225 0.0125000000000004 0.18615984916687
v -0.2125 0.0125000000000004 0.182958275079727
v -0.2 0.0125000000000004 0.179859295487404
v -0.1875 0.0125000000000004 0.176935628056526
v -0.175 0.0125000000000004 0.17427359521389
v -0.1625 0.0125000000000004 0.172124698758125
v -0.15 0.0125000000000004 0.170530006289482
v -0.1375 0.0125000000000004 0.169531509280205
v -0.125 0.0125000000000004 0.169189453125
v -0.1125 0.0125000000000004 0.169442057609558
v -0.0999999999999996 0.0125000000000004 0.170218378305435
v -0.0874999999999996 0.0125000000000004 0.171544298529625
v -0.0749999999999996 0.0125000000000004 0.173494607210159
v -0.0624999999999996 0.0125000000000004 0.176171377301216
v -0.0499999999999996 0.0125000000000004 0.179378643631935
v -0.0374999999999996 0.0125000000000004 0.183050200343132
v -0.0249999999999996 0.0125000000000004 0.187195926904678
v -0.0124999999999996 0.0125000000000004 0.191860184073448
v 4.44089209850063e-16 0.0125000000000004 0.197014719247818
v 0.0125000000000004 0.0125000000000004 0.202619269490242
v 0.0250000000000005 0.0125000000000004 0.208572030067444
v 0.0375000000000005 0.0125000000000004 0.214850097894669
v 0.0500000000000005 0.0125000000000004 0.221416145563126
v 0.0625000000000004 0.0125000000000004 0.228298425674438
v 0.0750000000000005 0.0125000000000004 0.235373616218567
v 0.0875000000000006 0.0125000000000004 0.242616131901741
v 0.100000000000001 0.0125000000000004 0.24997515976429
v 0.1125 0.0125000000000004 0.257414072751999
v 0.125000000000001 0.0125000000000004 0.264880239963531
v 0.137500000000001 0.0125000000000004 0.27237543463707
v 0.150000000000001 0.0125000000000004 0.279809176921844
v 0.162500000000001 0.0125000000000004 0.287087649106979
v 0.175000000000001 0.0125000000000004 0.294116854667664
v 0.187500000000001 0.0125000000000004 0.300775200128555
v 0.200000000000001 0.0125000000000004 0.307142943143845
v 0.212500000000001 0.0125000000000004 0.313529938459396
v 0.225000000000001 0.0125000000000004 0.320230454206467
v 0.237500000000001 0.0125000000000004 0.327688664197922
v 0.250000000000001 0.0125000000000004 0.335934996604919
v 0.262500000000001 0.0125000000000004 0.344882011413574
v 0.275000000000001 0.0125000000000004 0.354177474975586
v 0.287500000000001 0.0125000000000004 0.363441646099091
v 0.300000000000001 0.0125000000000004 0.372313618659973
v 0.312500000000001 0.0125000000000004 0.380710601806641
v 0.325000000000001 0.0125000000000004 0.38879668712616
v 0.337500000000001 0.0125000000000004 0.396891117095947
v 0.350000000000001 0.0125000000000004 0.405253618955612
v 0.362500000000001 0.0125000000000004 0.413864344358444
v 0.375000000000001 0.0125000000000004 0.422487586736679
v 0.387500000000001 0.0125000000000004 0.430814266204834
v 0.400000000000001 0.0125000000000004 0.438994735479355
v 0.412500000000001 0.0125000000000004 0.447499364614487
v 0.425000000000001 0.0125000000000004 0.456844717264175
v 0.437500000000001 0.0125000000000004 0.467288464307785
v 0.450000000000001 0.0125000000000004 0.478642523288727
v 0.462500000000001 0.0125000000000004 0.490596354007721
v 0.475000000000001 0.0125000000000004 0.502850353717804
v 0.487500000000001 0.0125000000000004 0.515110909938812
v 0.500000000000001 0.0125000000000004 0.527198374271393
v -0.5 0.0250000000000005 0.346878260374069
v -0.4875 0.0250000000000005 0.338883340358734
v -0.475 0.0250000000000005 0.330495417118073
v -0.4625 0.0250000000000005 0.322036623954773
v -0.45 0.0250000000000005 0.31356605887413
v -0.4375 0.0250000000000005 0.305309772491455
v -0.425 0.0250000000000005 0.29730287194252
v -0.4125 0.0250000000000005 0.289631515741348
v -0.4 0.0250000000000005 0.282314598560333
v -0.3875 0.0250000000000005 0.275245755910873
v -0.375 0.0250000000000005 0.268318444490433
v -0.3625 0.0250000000000005 0.261294811964035
v -0.35 0.0250000000000005 0.254093319177628
v -0.3375 0.0250000000000005 0.246750146150589
v -0.325 0.0250000000000005 0.239374235272408
v -0.3125 0.0250000000000005 0.232151508331299
v -0.3 0.0250000000000005 0.225317478179932
v -0.2875 0.0250000000000005 0.219126731157303
v -0.275 0.0250000000000005 0.213698908686638
v -0.2625 0.0250000000000005 0.20901170372963
v -0.25 0.0250000000000005 0.205043584108353
v -0.2375 0.0250000000000005 0.201596841216087
v -0.225 0.0250000000000005 0.198556214570999
v -0.2125 0.0250000000000005 0.195754155516624
v -0.2 0.0250000000000005 0.19306081533432
v -0.1875 0.0250000000000005 0.190500885248184
v -0.175 0.0250000000000005 0.188136696815491
v -0.1625 0.0250000000000005 0.186130449175835
v -0.15 0.0250000000000005 0.184595569968224
v -0.1375 0.0250000000000005 0.183517977595329
v -0.125 0.0250000000000005 0.182948365807533
v -0.1125 0.0250000000000005 0.182937175035477
v -0.0999999999999996 0.0250000000000005 0.183409169316292
v -0.0874999999999996 0.0250000000000005 0.184335798025131
v -0.0749999999999996 0.0250000000000005 0.185778170824051
v -0.0624999999999996 0.0250000000000005 0.187866628170013
v -0.0499999999999996 0.0250000000000005 0.190578937530518
v -0.0374999999999996 0.0250000000000005 0.193772986531258
v -0.0249999999999996 0.0250000000000005 0.197424560785294
v -0.0124999999999996 0.0250000000000005 0.20153184235096
v 4.44089209850063e-16 0.0250000000000005 0.206139758229256
v 0.0125000000000004 0.0250000000000005 0.21120996773243
v 0.0250000000000005 0.0250000000000005 0.216682344675064
v 0.0375000000000005 0.0250000000000005 0.222512647509575
v 0.0500000000000005 0.0250000000000005 0.228613719344139
v 0.0625000000000004 0.0250000000000005 0.234972819685936
v 0.0750000000000005 0.0250000000000005 0.24165777862072
v 0.0875000000000006 0.0250000000000005 0.248530820012093
v 0.100000000000001 0.0250000000000005 0.255507856607437
v 0.1125 0.0250000000000005 0.262545675039291
v 0.125000000000001 0.0250000000000005 0.269633859395981
v 0.137500000000001 0.0250000000000005 0.276723444461823
v 0.150000000000001 0.0250000000000005 0.283703297376633
v 0.162500000000001 0.0250000000000005 0.290500313043594
v 0.175000000000001 0.0250000000000005 0.297046512365341
v 0.187500000000001 0.0250000000000005 0.303264230489731
v 0.200000000000001 0.0250000000000005 0.309234440326691
v 0.212500000000001 0.0250000000000005 0.315276712179184
v 0.225000000000001 0.0250000000000005 0.32164791226387
v 0.237500000000001 0.0250000000000005 0.328711599111557
v 0.250000000000001 0.0250000000000005 0.336574405431747
v 0.262500000000001 0.0250000000000005 0.345112413167953
v 0.275000000000001 0.0250000000000005 0.354028910398483
v 0.287500000000001 0.0250000000000005 0.362988948822021
v 0.300000000000001 0.0250000000000005 0.371765851974487
v 0.312500000000001 0.0250000000000005 0.3802590072155
v 0.325000000000001 0.0250000000000005 0.388538539409637
v 0.337500000000001 0.0250000000000005 0.396791517734528
v 0.350000000000001 0.0250000000000005 0.405100107192993
v 0.362500000000001 0.0250000000000005 0.413408368825912
v 0.375000000000001 0.0250000000000005 0.421631067991257
v 0.387500000000001 0.0250000000000005 0.429699897766113
v 0.400000000000001 0.0250000000000005 0.437895208597183
v 0.412500000000001 0.0250000000000005 0.446633070707321
v 0.425000000000001 0.0250000000000005 0.456351757049561
v 0.437500000000001 0.0250000000000005 0.467259705066681
v 0.450000000000001 0.0250000000000005 0.479129552841187
v 0.462500000000001 0.0250000000000005 0.491549551486969
v 0.475000000000001 0.0250000000000005 0.504131615161896
v 0.487500000000001 0.0250000000000005 0.516533374786377
v 0.500000000000001 0.0250000000000005 0.528540253639221
v -0.5 0.0375000000000005 0.350440353155136
v -0.4875 0.0375000000000005 0.342712074518204
v -0.475 0.0375000000000005 0.334560990333557
v -0.4625 0.0375000000000005 0.326142936944962
v -0.45 0.0375000000000005 0.317748367786407
v -0.4375 0.0375000000000005 0.309570610523224
v -0.425 0.0375000000000005 0.301734119653702
v -0.4125 0.0375000000000005 0.29430490732193
v -0.4 0.0375000000000005 0.287414222955704
v -0.3875 0.0375000000000005 0.280887216329575
v -0.375 0.0375000000000005 0.274572908878326
v -0.3625 0.0375000000000005 0.26833301782608
v -0.35 0.0375000000000005 0.262037843465805
v -0.3375 0.0375000000000005 0.25562110543251
v -0.325 0.0375000000000005 0.249086603522301
v -0.3125 0.0375000000000005 0.242514178156853
v -0.3 0.0375000000000005 0.23621740937233
v -0.2875 0.0375000000000005 0.230387166142464
v -0.275 0.0375000000000005 0.225168749690056
v -0.2625 0.0375000000000005 0.220640331506729
v -0.25 0.0375000000000005 0.216834783554077
v -0.2375 0.0375000000000005 0.21363539993763
v -0.225 0.0375000000000005 0.210862919688225
v -0.2125 0.0375000000000005 0.208350762724876
v -0.2 0.0375000000000005 0.20601712167263
v -0.1875 0.0375000000000005 0.203822061419487
v -0.175 0.0375000000000005 0.201729491353035
v -0.1625 0.0375000000000005 0.199922427535057
v -0.15 0.0375000000000005 0.198526099324226
v -0.1375 0.0375000000000005 0.197467520833015
v -0.125 0.0375000000000005 0.196778938174248
v -0.1125 0.0375000000000005 0.196554720401764
v -0.0999999999999996 0.0375000000000005 0.196779474616051
v -0.0874999999999996 0.0375000000000005 0.197401344776154
v -0.0749999999999996 0.0375000000000005 0.198450550436974
v -0.0624999999999996 0.0375000000000005 0.200028881430626
v -0.0499999999999996 0.0375000000000005 0.20215268433094
v -0.0374999999999996 0.0375000000000005 0.204821705818176
v -0.0249999999999996 0.0375000000000005 0.207951590418816
v -0.0124999999999996 0.0375000000000005 0.211528643965721
v 4.44089209850063e-16 0.0375000000000005 0.215570166707039
v 0.0125000000000004 0.0375000000000005 0.220104768872261
v 0.0250000000000005 0.0375000000000005 0.225081562995911
v 0.0375000000000005 0.0375000000000005 0.230428501963615
v 0.0500000000000005 0.0375000000000005 0.236085653305054
v 0.0625000000000004 0.0375000000000005 0.241998955607414
v 0.0750000000000005 0.0375000000000005 0.248197838664055
v 0.0875000000000006 0.0375000000000005 0.25469109416008
v 0.100000000000001 0.0375000000000005 0.261308819055557
v 0.1125 0.0375000000000005 0.268000364303589
v 0.125000000000001 0.0375000000000005 0.274705082178116
v 0.137500000000001 0.0375000000000005 0.281375139951706
v 0.150000000000001 0.0375000000000005 0.287944048643112
v 0.162500000000001 0.0375000000000005 0.294303327798843
v 0.175000000000001 0.0375000000000005 0.300408005714417
v 0.187500000000001 0.0375000000000005 0.306192725896835
v 0.200000000000001 0.0375000000000005 0.311786204576492
v 0.212500000000001 0.0375000000000005 0.317487418651581
v 0.225000000000001 0.0375000000000005 0.323556363582611
v 0.237500000000001 0.0375000000000005 0.330322861671448
v 0.250000000000001 0.0375000000000005 0.337838262319565
v 0.262500000000001 0.0375000000000005 0.346042782068253
v 0.275000000000001 0.0375000000000005 0.354651510715485
v 0.287500000000001 0.0375000000000005 0.3634053170681
v 0.300000000000001 0.0375000000000005 0.372153431177139
v 0.312500000000001 0.0375000000000005 0.380768299102783
v 0.325000000000001 0.0375000000000005 0.389227598905563
v 0.337500000000001 0.0375000000000005 0.397550195455551
v 0.350000000000001 0.0375000000000005 0.405740737915039
v 0.362500000000001 0.0375000000000005 0.413755506277084
v 0.375000000000001 0.0375000000000005 0.421595245599747
v 0.387500000000001 0.0375000000000005 0.429432243108749
v 0.400000000000001 0.0375000000000005 0.437503159046173
v 0.412500000000001 0.0375000000000005 0.446230500936508
v 0.425000000000001 0.0375000000000005 0.456032246351242
v 0.437500000000001 0.0375000000000005 0.467102766036987
v 0.450000000000001 0.0375000000000005 0.479198068380356
v 0.462500000000001 0.0375000000000005 0.491878807544708
v 0.475000000000001 0.0375000000000005 0.50466126203537
v 0.487500000000001 0.0375000000000005 0.517125487327576
v 0.500000000000001 0.0375000000000005 0.528984785079956
v -0.5 0.0500000000000005 0.354065626859665
v -0.4875 0.0500000000000005 0.346892803907394
v -0.475 0.0500000000000005 0.339111179113388
v -0.4625 0.0500000000000005 0.3309406042099
v -0.45 0.0500000000000005 0.322717070579529
v -0.4375 0.0500000000000005 0.314677357673645
v -0.425 0.0500000000000005 0.306967586278915
v -0.4125 0.0500000000000005 0.299746125936508
v -0.4 0.0500000000000005 0.293171048164368
v -0.3875 0.0500000000000005 0.287050008773804
v -0.375 0.0500000000000005 0.281277865171432
v -0.3625 0.0500000000000005 0.275721222162247
v -0.35 0.0500000000000005 0.270244240760803
v -0.3375 0.0500000000000005 0.264636397361755
v -0.325 0.0500000000000005 0.25885996222496
v -0.3125 0.0500000000000005 0.252948969602585
v -0.3 0.0500000000000005 0.247160315513611
v -0.2875 0.0500000000000005 0.241704940795898
v -0.275 0.0500000000000005 0.236699625849724
v -0.2625 0.0500000000000005 0.23229007422924
v -0.25 0.0500000000000005 0.228571563959122
v -0.2375 0.0500000000000005 0.225550726056099
v -0.225 0.0500000000000005 0.223005369305611
v -0.2125 0.0500000000000005 0.220761060714722
v -0.2 0.0500000000000005 0.21868734061718
v -0.1875 0.0500000000000005 0.216810390353203
v -0.175 0.0500000000000005 0.214996457099915
v -0.1625 0.0500000000000005 0.213388487696648
v -0.15 0.0500000000000005 0.212114855647087
v -0.1375 0.0500000000000005 0.211121037602425
v -0.125 0.0500000000000005 0.210445165634155
v -0.1125 0.0500000000000005 0.210115000605583
v -0.0999999999999996 0.0500000000000005 0.210141763091087
v -0.0874999999999996 0.0500000000000005 0.210540249943733
v -0.0749999999999996 0.0500000000000005 0.21127949655056
v -0.0624999999999996 0.0500000000000005 0.21240322291851
v -0.0499999999999996 0.0500000000000005 0.214043378829956
v -0.0374999999999996 0.0500000000000005 0.216156154870987
v -0.0249999999999996 0.0500000000000005 0.218759059906006
v -0.0124999999999996 0.0500000000000005 0.221798568964005
v 4.44089209850063e-16 0.0500000000000005 0.22527027130127
v 0.0125000000000004 0.0500000000000005 0.229256868362427
v 0.0250000000000005 0.0500000000000005 0.233691692352295
v 0.0375000000000005 0.0500000000000005 0.238591104745865
v 0.0500000000000005 0.0500000000000005 0.243818521499634
v 0.0625000000000004 0.0500000000000005 0.249327465891838
v 0.0750000000000005 0.0500000000000005 0.255078017711639
v 0.0875000000000006 0.0500000000000005 0.261103361845016
v 0.100000000000001 0.0500000000000005 0.267373532056808
v 0.1125 0.0500000000000005 0.273744404315948
v 0.125000000000001 0.0500000000000005 0.280103415250778
v 0.137500000000001 0.0500000000000005 0.28640028834343
v 0.150000000000001 0.0500000000000005 0.292553633451462
v 0.162500000000001 0.0500000000000005 0.298510789871216
v 0.175000000000001 0.0500000000000005 0.304208010435104
v 0.187500000000001 0.0500000000000005 0.309651106595993
v 0.200000000000001 0.0500000000000005 0.314966291189194
v 0.212500000000001 0.0500000000000005 0.320355892181396
v 0.225000000000001 0.0500000000000005 0.326156914234161
v 0.237500000000001 0.0500000000000005 0.332629680633545
v 0.250000000000001 0.0500000000000005 0.339843839406967
v 0.262500000000001 0.0500000000000005 0.347790092229843
v 0.275000000000001 0.0500000000000005 0.356186479330063
v 0.287500000000001 0.0500000000000005 0.364829272031784
v 0.300000000000001 0.0500000000000005 0.373605072498322
v 0.312500000000001 0.0500000000000005 0.382299870252609
v 0.325000000000001 0.0500000000000005 0.390816777944565
v 0.337500000000001 0.0500000000000005 0.399080723524094
v 0.350000000000001 0.0500000000000005 0.407059997320175
v 0.362500000000001 0.0500000000000005 0.414752393960953
v 0.375000000000001 0.0500000000000005 0.422277182340622
v 0.387500000000001 0.0500000000000005 0.429841905832291
v 0.400000000000001 0.0500000000000005 0.437732368707657
v 0.412500000000001 0.0500000000000005 0.446331262588501
v 0.425000000000001 0.0500000000000005 0.456049650907516
v 0.437500000000001 0.0500000000000005 0.467036694288254
v 0.450000000000001 0.0500000000000005 0.479096710681915
v 0.462500000000001 0.0500000000000005 0.491803079843521
v 0.475000000000001 0.0500000000000005 0.504612863063812
v 0.487500000000001 0.0500000000000005 0.517023324966431
v 0.500000000000001 0.0500000000000005 0.52866792678833
v -0.5 0.0625000000000004 0.358004510402679
v -0.4875 0.0625000000000004 0.351464003324509
v -0.475 0.0625000000000004 0.344158500432968
v -0.4625 0.0625000000000004 0.336392402648926
v -0.45 0.0625000000000004 0.328433007001877
v -0.4375 0.0625000000000004 0.32058110833168
v -0.425 0.0625000000000004 0.313055902719498
v -0.4125 0.0625000000000004 0.306019127368927
v -0.4 0.0625000000000004 0.299588829278946
v -0.3875 0.0625000000000004 0.293751537799835
v -0.375 0.0625000000000004 0.288407832384109
v -0.3625 0.0625000000000004 0.283463716506958
v -0.35 0.0625000000000004 0.278665453195572
v -0.3375 0.0625000000000004 0.273767620325089
v -0.325 0.0625000000000004 0.268685311079025
v -0.3125 0.0625000000000004 0.263383001089096
v -0.3 0.0625000000000004 0.258133262395859
v -0.2875 0.0625000000000004 0.253016740083694
v -0.275 0.0625000000000004 0.248212799429893
v -0.2625 0.0625000000000004 0.24391496181488
v -0.25 0.0625000000000004 0.240266367793083
v -0.2375 0.0625000000000004 0.237335443496704
v -0.225 0.0625000000000004 0.23496150970459
v -0.2125 0.0625000000000004 0.232948258519173
v -0.2 0.0625000000000004 0.23109669983387
v -0.1875 0.0625000000000004 0.229459568858147
v -0.175 0.0625000000000004 0.22789092361927
v -0.1625 0.0625000000000004 0.226451426744461
v -0.15 0.0625000000000004 0.22528438270092
v -0.1375 0.0625000000000004 0.224394083023071
v -0.125 0.0625000000000004 0.223753124475479
v -0.1125 0.0625000000000004 0.223403453826904
v -0.0999999999999996 0.0625000000000004 0.223335608839989
v -0.0874999999999996 0.0625000000000004 0.223572880029678
v -0.0749999999999996 0.0625000000000004 0.224079206585884
v -0.0624999999999996 0.0625000000000004 0.224864587187767
v -0.0499999999999996 0.0625000000000004 0.226008132100105
v -0.0374999999999996 0.0625000000000004 0.227646976709366
v -0.0249999999999996 0.0625000000000004 0.229700490832329
v -0.0124999999999996 0.0625000000000004 0.232223853468895
v 4.44089209850063e-16 0.0625000000000004 0.235176399350166
v 0.0125000000000004 0.0625000000000004 0.238574489951134
v 0.0250000000000005 0.0625000000000004 0.242513298988342
v 0.0375000000000005 0.0625000000000004 0.246934324502945
v 0.0500000000000005 0.0625000000000004 0.251724928617477
v 0.0625000000000004 0.0625000000000004 0.256864160299301
v 0.0750000000000005 0.0625000000000004 0.262240022420883
v 0.0875000000000006 0.0625000000000004 0.267857134342194
v 0.100000000000001 0.0625000000000004 0.273745268583298
v 0.1125 0.0625000000000004 0.279790282249451
v 0.125000000000001 0.0625000000000004 0.285821288824081
v 0.137500000000001 0.0625000000000004 0.291776567697525
v 0.150000000000001 0.0625000000000004 0.297590404748917
v 0.162500000000001 0.0625000000000004 0.303171724081039
v 0.175000000000001 0.0625000000000004 0.308512181043625
v 0.187500000000001 0.0625000000000004 0.313665211200714
v 0.200000000000001 0.0625000000000004 0.318713277578354
v 0.212500000000001 0.0625000000000004 0.323892593383789
v 0.225000000000001 0.0625000000000004 0.329514116048813
v 0.237500000000001 0.0625000000000004 0.33575901389122
v 0.250000000000001 0.0625000000000004 0.342787742614746
v 0.262500000000001 0.0625000000000004 0.350548475980759
v 0.275000000000001 0.0625000000000004 0.358840554952621
v 0.287500000000001 0.0625000000000004 0.367451667785645
v 0.300000000000001 0.0625000000000004 0.376196354627609
v 0.312500000000001 0.0625000000000004 0.384857147932053
v 0.325000000000001 0.0625000000000004 0.393260627985001
v 0.337500000000001 0.0625000000000004 0.401317089796066
v 0.350000000000001 0.0625000000000004 0.408997505903244
v 0.362500000000001 0.0625000000000004 0.416380703449249
v 0.375000000000001 0.0625000000000004 0.423591524362564
v 0.387500000000001 0.0625000000000004 0.430914700031281
v 0.400000000000001 0.0625000000000004 0.43861111998558
v 0.412500000000001 0.0625000000000004 0.447055727243423
v 0.425000000000001 0.0625000000000004 0.456570595502853
v 0.437500000000001 0.0625000000000004 0.467284500598907
v 0.450000000000001 0.0625000000000004 0.479059785604477
v 0.462500000000001 0.0625000000000004 0.491524904966354
v 0.475000000000001 0.0625000000000004 0.5041384100914
v 0.487500000000001 0.0625000000000004 0.51634281873703
v 0.500000000000001 0.0625000000000004 0.527683436870575
v -0.5 0.0750000000000005 0.362448543310165
v -0.4875 0.0750000000000005 0.356504499912262
v -0.475 0.0750000000000005 0.349712073802948
v -0.4625 0.0750000000000005 0.342346280813217
v -0.45 0.0750000000000005 0.334699302911758
v -0.4375 0.0750000000000005 0.327068299055099
v -0.425 0.0750000000000005 0.319698244333267
v -0.4125 0.0750000000000005 0.312816470861435
v -0.4 0.0750000000000005 0.306560963392258
v -0.3875 0.0750000000000005 0.300993084907532
v -0.375 0.0750000000000005 0.296050995588303
v -0.3625 0.0750000000000005 0.291574329137802
v -0.35 0.0750000000000005 0.287288755178452
v -0.3375 0.0750000000000005 0.283020734786987
v -0.325 0.0750000000000005 0.278519839048386
v -0.3125 0.0750000000000005 0.273847162723541
v -0.3 0.0750000000000005 0.269076257944107
v -0.2875 0.0750000000000005 0.264289140701294
v -0.275 0.0750000000000005 0.25968873500824
v -0.2625 0.0750000000000005 0.255501747131348
v -0.25 0.0750000000000005 0.251894533634186
v -0.2375 0.0750000000000005 0.249009370803833
v -0.225 0.0750000000000005 0.246748805046082
v -0.2125 0.0750000000000005 0.244897753000259
v -0.2 0.0750000000000005 0.243271932005882
v -0.1875 0.0750000000000005 0.241801455616951
v -0.175 0.0750000000000005 0.240436360239983
v -0.1625 0.0750000000000005 0.239141851663589
v -0.15 0.0750000000000005 0.238063246011734
v -0.1375 0.0750000000000005 0.237227901816368
v -0.125 0.0750000000000005 0.236640140414238
v -0.1125 0.0750000000000005 0.236304208636284
v -0.0999999999999996 0.0750000000000005 0.236240386962891
v -0.0874999999999996 0.0750000000000005 0.236365705728531
v -0.0749999999999996 0.0750000000000005 0.236708626151085
v -0.0624999999999996 0.0750000000000005 0.237237811088562
v -0.0499999999999996 0.0750000000000005 0.238021567463875
v -0.0374999999999996 0.0750000000000005 0.239163085818291
v -0.0249999999999996 0.0750000000000005 0.240719988942146
v -0.0124999999999996 0.0750000000000005 0.242733478546143
v 4.44089209850063e-16 0.0750000000000005 0.245200023055077
v 0.0125000000000004 0.0750000000000005 0.248104676604271
v 0.0250000000000005 0.0750000000000005 0.251508384943008
v 0.0375000000000005 0.0750000000000005 0.255446046590805
v 0.0500000000000005 0.0750000000000005 0.259826749563217
v 0.0625000000000004 0.0750000000000005 0.264586120843887
v 0.0750000000000005 0.0750000000000005 0.269643545150757
v 0.0875000000000006 0.0750000000000005 0.274950802326202
v 0.100000000000001 0.0750000000000005 0.28047576546669
v 0.1125 0.0750000000000005 0.286158114671707
v 0.125000000000001 0.0750000000000005 0.291888296604156
v 0.137500000000001 0.0750000000000005 0.297541707754135
v 0.150000000000001 0.0750000000000005 0.303034842014313
v 0.162500000000001 0.0750000000000005 0.308311611413956
v 0.175000000000001 0.0750000000000005 0.313389748334885
v 0.187500000000001 0.0750000000000005 0.318274557590485
v 0.200000000000001 0.0750000000000005 0.323099941015244
v 0.212500000000001 0.0750000000000005 0.328113198280334
v 0.225000000000001 0.0750000000000005 0.333622694015503
v 0.237500000000001 0.0750000000000005 0.339802592992783
v 0.250000000000001 0.0750000000000005 0.346759468317032
v 0.262500000000001 0.0750000000000005 0.354406982660294
v 0.275000000000001 0.0750000000000005 0.362656980752945
v 0.287500000000001 0.0750000000000005 0.371224105358124
v 0.300000000000001 0.0750000000000005 0.379843175411224
v 0.312500000000001 0.0750000000000005 0.388314664363861
v 0.325000000000001 0.0750000000000005 0.396453082561493
v 0.337500000000001 0.0750000000000005 0.40417805314064
v 0.350000000000001 0.0750000000000005 0.411513239145279
v 0.362500000000001 0.0750000000000005 0.418568134307861
v 0.375000000000001 0.0750000000000005 0.425512880086899
v 0.387500000000001 0.0750000000000005 0.432635217905045
v 0.400000000000001 0.0750000000000005 0.440191477537155
v 0.412500000000001 0.0750000000000005 0.448462873697281
v 0.425000000000001 0.0750000000000005 0.457708418369293
v 0.437500000000001 0.0750000000000005 0.46803092956543
v 0.450000000000001 0.0750000000000005 0.479325860738754
v 0.462500000000001 0.0750000000000005 0.49128794670105
v 0.475000000000001 0.0750000000000005 0.503446698188782
v 0.487500000000001 0.0750000000000005 0.515232503414154
v 0.500000000000001 0.0750000000000005 0.526174664497375
v -0.5 0.0875000000000006 0.367201238870621
v -0.4875 0.0875000000000006 0.361870855093002
v -0.475 0.0875000000000006 0.355570256710052
v -0.4625 0.0875000000000006 0.348575443029404
v -0.45 0.0875000000000006 0.341269791126251
v -0.4375 0.0875000000000006 0.333856254816055
v -0.425 0.0875000000000006 0.326658695936203
v -0.4125 0.0875000000000006 0.319941252470016
v -0.4 0.0875000000000006 0.313875585794449
v -0.3875 0.0875000000000006 0.308559954166412
v -0.375 0.0875000000000006 0.303959757089615
v -0.3625 0.0875000000000006 0.299901813268661
v -0.35 0.0875000000000006 0.296105951070786
v -0.3375 0.0875000000000006 0.292360663414001
v -0.325 0.0875000000000006 0.288472026586533
v -0.3125 0.0875000000000006 0.284366369247437
v -0.3 0.0875000000000006 0.280024379491806
v -0.2875 0.0875000000000006 0.275550305843353
v -0.275 0.0875000000000006 0.271161645650864
v -0.2625 0.0875000000000006 0.267082929611206
v -0.25 0.0875000000000006 0.26350012421608
v -0.2375 0.0875000000000006 0.260584652423859
v -0.225 0.0875000000000006 0.258385241031647
v -0.2125 0.0875000000000006 0.25664821267128
v -0.2 0.0875000000000006 0.25519648194313
v -0.1875 0.0875000000000006 0.253903210163116
v -0.175 0.0875000000000006 0.252686947584152
v -0.1625 0.0875000000000006 0.25152799487114
v -0.15 0.0875000000000006 0.250492215156555
v -0.1375 0.0875000000000006 0.249685600399971
v -0.125 0.0875000000000006 0.24912403523922
v -0.1125 0.0875000000000006 0.248820886015892
v -0.0999999999999996 0.0875000000000006 0.248763084411621
v -0.0874999999999996 0.0875000000000006 0.24889063835144
v -0.0749999999999996 0.0875000000000006 0.249094247817993
v -0.0624999999999996 0.0875000000000006 0.249449893832207
v -0.0499999999999996 0.0875000000000006 0.249969825148582
v -0.0374999999999996 0.0875000000000006 0.250738352537155
v -0.0249999999999996 0.0875000000000006 0.251826822757721
v -0.0124999999999996 0.0875000000000006 0.253298580646515
v 4.44089209850063e-16 0.0875000000000006 0.25529208779335
v 0.0125000000000004 0.0875000000000006 0.25774297118187
v 0.0250000000000005 0.0875000000000006 0.26066181063652
v 0.0375000000000005 0.0875000000000006 0.264124602079391
v 0.0500000000000005 0.0875000000000006 0.268113613128662
v 0.0625000000000004 0.0875000000000006 0.27251660823822
v 0.0750000000000005 0.0875000000000006 0.277243137359619
v 0.0875000000000006 0.0875000000000006 0.28228971362114
v 0.100000000000001 0.0875000000000006 0.287548631429672
v 0.1125 0.0875000000000006 0.292922645807266
v 0.125000000000001 0.0875000000000006 0.298323690891266
v 0.137500000000001 0.0875000000000006 0.303681910037994
v 0.150000000000001 0.0875000000000006 0.308915704488754
v 0.162500000000001 0.0875000000000006 0.313980013132095
v 0.175000000000001 0.0875000000000006 0.31880322098732
v 0.187500000000001 0.0875000000000006 0.323476999998093
v 0.200000000000001 0.0875000000000006 0.328156441450119
v 0.212500000000001 0.0875000000000006 0.333090871572495
v 0.225000000000001 0.0875000000000006 0.338581770658493
v 0.237500000000001 0.0875000000000006 0.344783455133438
v 0.250000000000001 0.0875000000000006 0.351747661828995
v 0.262500000000001 0.0875000000000006 0.359386771917343
v 0.275000000000001 0.0875000000000006 0.367551565170288
v 0.287500000000001 0.0875000000000006 0.375972747802734
v 0.300000000000001 0.0875000000000006 0.384360045194626
v 0.312500000000001 0.0875000000000006 0.392498880624771
v 0.325000000000001 0.0875000000000006 0.400239318609238
v 0.337500000000001 0.0875000000000006 0.407549440860748
v 0.350000000000001 0.0875000000000006 0.414523422718048
v 0.362500000000001 0.0875000000000006 0.421273440122604
v 0.375000000000001 0.0875000000000006 0.428022593259811
v 0.387500000000001 0.0875000000000006 0.435019701719284
v 0.400000000000001 0.0875000000000006 0.442457675933838
v 0.412500000000001 0.0875000000000006 0.450557380914688
v 0.425000000000001 0.0875000000000006 0.459502369165421
v 0.437500000000001 0.0875000000000006 0.469360738992691
v 0.450000000000001 0.0875000000000006 0.480045288801193
v 0.462500000000001 0.0875000000000006 0.491317093372345
v 0.475000000000001 0.0875000000000006 0.502796292304993
v 0.487500000000001 0.0875000000000006 0.513957858085632
v 0.500000000000001 0.0875000000000006 0.52436637878418
v -0.5 0.100000000000001 0.372099548578262
v -0.4875 0.100000000000001 0.367281049489975
v -0.475 0.100000000000001 0.361452788114548
v -0.4625 0.100000000000001 0.354898303747177
v -0.45 0.100000000000001 0.347881227731705
v -0.4375 0.100000000000001 0.340714305639267
v -0.425 0.100000000000001 0.3337342441082
v -0.4125 0.100000000000001 0.327183216810226
v -0.4 0.100000000000001 0.321301758289337
v -0.3875 0.100000000000001 0.316232115030289
v -0.375 0.100000000000001 0.311935633420944
v -0.3625 0.100000000000001 0.308262795209885
v -0.35 0.100000000000001 0.304936021566391
v -0.3375 0.100000000000001 0.301744908094406
v -0.325 0.100000000000001 0.298441082239151
v -0.3125 0.100000000000001 0.294854938983917
v -0.3 0.100000000000001 0.290941417217255
v -0.2875 0.100000000000001 0.286802589893341
v -0.275 0.100000000000001 0.282639235258102
v -0.2625 0.100000000000001 0.278673738241196
v -0.25 0.100000000000001 0.275112718343735
v -0.2375 0.100000000000001 0.272156327962875
v -0.225 0.100000000000001 0.269917190074921
v -0.2125 0.100000000000001 0.268220484256744
v -0.2 0.100000000000001 0.266886919736862
v -0.1875 0.100000000000001 0.265745878219604
v -0.175 0.100000000000001 0.264666944742203
v -0.1625 0.100000000000001 0.263633072376251
v -0.15 0.100000000000001 0.262654155492783
v -0.1375 0.100000000000001 0.261822909116745
v -0.125 0.100000000000001 0.261245459318161
v -0.1125 0.100000000000001 0.260927647352219
v -0.0999999999999996 0.100000000000001 0.260865211486816
v -0.0874999999999996 0.100000000000001 0.260996311903
v -0.0749999999999996 0.100000000000001 0.261215627193451
v -0.0624999999999996 0.100000000000001 0.261441200971603
v -0.0499999999999996 0.100000000000001 0.261768519878387
v -0.0374999999999996 0.100000000000001 0.262241810560226
v -0.0249999999999996 0.100000000000001 0.26294669508934
v -0.0124999999999996 0.100000000000001 0.263991594314575
v 4.44089209850063e-16 0.100000000000001 0.265460878610611
v 0.0125000000000004 0.100000000000001 0.26746392250061
v 0.0250000000000005 0.100000000000001 0.269935488700867
v 0.0375000000000005 0.100000000000001 0.272951751947403
v 0.0500000000000005 0.100000000000001 0.276600062847137
v 0.0625000000000004 0.100000000000001 0.280647099018097
v 0.0750000000000005 0.100000000000001 0.285080850124359
v 0.0875000000000006 0.100000000000001 0.289842337369919
v 0.100000000000001 0.100000000000001 0.294871866703033
v 0.1125 0.100000000000001 0.300005733966827
v 0.125000000000001 0.100000000000001 0.305170953273773
v 0.137500000000001 0.100000000000001 0.310271888971329
v 0.150000000000001 0.100000000000001 0.315288126468658
v 0.162500000000001 0.100000000000001 0.320118933916092
v 0.175000000000001 0.100000000000001 0.324750989675522
v 0.187500000000001 0.100000000000001 0.329277694225311
v 0.200000000000001 0.100000000000001 0.333901733160019
v 0.212500000000001 0.100000000000001 0.33885532617569
v 0.225000000000001 0.100000000000001 0.344378292560577
v 0.237500000000001 0.100000000000001 0.35064622759819
v 0.250000000000001 0.100000000000001 0.357668608427048
v 0.262500000000001 0.100000000000001 0.365320265293121
v 0.275000000000001 0.100000000000001 0.373369544744492
v 0.287500000000001 0.100000000000001 0.381513625383377
v 0.300000000000001 0.100000000000001 0.38950702548027
v 0.312500000000001 0.100000000000001 0.397189378738403
v 0.325000000000001 0.100000000000001 0.4044508934021
v 0.337500000000001 0.100000000000001 0.41134449839592
v 0.350000000000001 0.100000000000001 0.417965978384018
v 0.362500000000001 0.100000000000001 0.424476593732834
v 0.375000000000001 0.100000000000001 0.431075006723404
v 0.387500000000001 0.100000000000001 0.437965214252472
v 0.400000000000001 0.100000000000001 0.44529515504837
v 0.412500000000001 0.100000000000001 0.453217655420303
v 0.425000000000001 0.100000000000001 0.461848348379135
v 0.437500000000001 0.100000000000001 0.471212118864059
v 0.450000000000001 0.100000000000001 0.481239527463913
v 0.462500000000001 0.100000000000001 0.491741091012955
v 0.475000000000001 0.100000000000001 0.502399623394012
v 0.487500000000001 0.100000000000001 0.512788474559784
v 0.500000000000001 0.100000000000001 0.522549629211426
v -0.5 0.1125 0.377009004354477
v -0.4875 0.1125 0.37256070971489
v -0.475 0.1125 0.367154896259308
v -0.4625 0.1125 0.36098924279213
v -0.45 0.1125 0.354307860136032
v -0.4375 0.1125 0.347420126199722
v -0.425 0.1125 0.340702593326569
v -0.4125 0.1125 0.334374248981476
v -0.4 0.1125 0.328703939914703
v -0.3875 0.1125 0.323873966932297
v -0.375 0.1125 0.319881051778793
v -0.3625 0.1125 0.316560029983521
v -0.35 0.1125 0.313687145709991
v -0.3375 0.1125 0.311027735471725
v -0.325 0.1125 0.308260411024094
v -0.3125 0.1125 0.305227279663086
v -0.3 0.1125 0.301782429218292
v -0.2875 0.1125 0.298008054494858
v -0.275 0.1125 0.294109553098679
v -0.2625 0.1125 0.290288984775543
v -0.25 0.1125 0.286764532327652
v -0.2375 0.1125 0.283773273229599
v -0.225 0.1125 0.281430810689926
v -0.2125 0.1125 0.279691576957703
v -0.2 0.1125 0.278413385152817
v -0.1875 0.1125 0.277377724647522
v -0.175 0.1125 0.276425510644913
v -0.1625 0.1125 0.27547499537468
v -0.15 0.1125 0.274558514356613
v -0.1375 0.1125 0.273703545331955
v -0.125 0.1125 0.273096054792404
v -0.1125 0.1125 0.272717446088791
v -0.0999999999999996 0.1125 0.272613108158112
v -0.0874999999999996 0.1125 0.272748053073883
v -0.0749999999999996 0.1125 0.272982060909271
v -0.0624999999999996 0.1125 0.273195087909698
v -0.0499999999999996 0.1125 0.273386090993881
v -0.0374999999999996 0.1125 0.27365455031395
v -0.0249999999999996 0.1125 0.274016678333282
v -0.0124999999999996 0.1125 0.274686098098755
v 4.44089209850063e-16 0.1125 0.275705099105835
v 0.0125000000000004 0.1125 0.277242511510849
v 0.0250000000000005 0.1125 0.279314547777176
v 0.0375000000000005 0.1125 0.281918048858643
v 0.0500000000000005 0.1125 0.285179823637009
v 0.0625000000000004 0.1125 0.288940399885178
v 0.0750000000000005 0.1125 0.293102890253067
v 0.0875000000000006 0.1125 0.297664612531662
v 0.100000000000001 0.1125 0.302484273910522
v 0.1125 0.1125 0.307436883449554
v 0.125000000000001 0.1125 0.312419861555099
v 0.137500000000001 0.1125 0.317342489957809
v 0.150000000000001 0.1125 0.322125405073166
v 0.162500000000001 0.1125 0.326760470867157
v 0.175000000000001 0.1125 0.331245243549347
v 0.187500000000001 0.1125 0.335709095001221
v 0.200000000000001 0.1125 0.340327113866806
v 0.212500000000001 0.1125 0.345337718725204
v 0.225000000000001 0.1125 0.350979894399643
v 0.237500000000001 0.1125 0.357362359762192
v 0.250000000000001 0.1125 0.364400297403336
v 0.262500000000001 0.1125 0.371963620185852
v 0.275000000000001 0.1125 0.379772841930389
v 0.287500000000001 0.1125 0.387524425983429
v 0.300000000000001 0.1125 0.395021557807922
v 0.312500000000001 0.1125 0.402169048786163
v 0.325000000000001 0.1125 0.408944994211197
v 0.337500000000001 0.1125 0.415436565876007
v 0.350000000000001 0.1125 0.421752750873566
v 0.362500000000001 0.1125 0.428044617176056
v 0.375000000000001 0.1125 0.434516876935959
v 0.387500000000001 0.1125 0.441310703754425
v 0.400000000000001 0.1125 0.448534578084946
v 0.412500000000001 0.1125 0.456265658140182
v 0.425000000000001 0.1125 0.464567184448242
v 0.437500000000001 0.1125 0.473446667194366
v 0.450000000000001 0.1125 0.482817471027374
v 0.462500000000001 0.1125 0.492527812719345
v 0.475000000000001 0.1125 0.502346634864807
v 0.487500000000001 0.1125 0.511937320232391
v 0.500000000000001 0.1125 0.520987808704376
v -0.5 0.125000000000001 0.381827920675278
v -0.4875 0.125000000000001 0.377655386924744
v -0.475 0.125000000000001 0.372555375099182
v -0.4625 0.125000000000001 0.366705715656281
v -0.45 0.125000000000001 0.360357999801636
v -0.4375 0.125000000000001 0.353817671537399
v -0.425 0.125000000000001 0.347375482320786
v -0.4125 0.125000000000001 0.341349005699158
v -0.4 0.125000000000001 0.335967928171158
v -0.3875 0.125000000000001 0.331381410360336
v -0.375 0.125000000000001 0.327665537595749
v -0.3625 0.125000000000001 0.32469853758812
v -0.35 0.125000000000001 0.322252064943314
v -0.3375 0.125000000000001 0.320060640573502
v -0.325 0.125000000000001 0.317839533090591
v -0.3125 0.125000000000001 0.315378099679947
v -0.3 0.125000000000001 0.312481284141541
v -0.2875 0.125000000000001 0.309150844812393
v -0.275 0.125000000000001 0.305555552244186
v -0.2625 0.125000000000001 0.301939576864243
v -0.25 0.125000000000001 0.298490107059479
v -0.2375 0.125000000000001 0.295463353395462
v -0.225 0.125000000000001 0.293030947446823
v -0.2125 0.125000000000001 0.291184097528458
v -0.2 0.125000000000001 0.289857745170593
v -0.1875 0.125000000000001 0.288871616125107
v -0.175 0.125000000000001 0.288019508123398
v -0.1625 0.125000000000001 0.287131488323212
v -0.15 0.125000000000001 0.286259293556213
v -0.1375 0.125000000000001 0.285406589508057
v -0.125 0.125000000000001 0.284734576940536
v -0.1125 0.125000000000001 0.28431224822998
v -0.0999999999999996 0.125000000000001 0.284152656793594
v -0.0874999999999996 0.125000000000001 0.284235954284668
v -0.0749999999999996 0.125000000000001 0.284478008747101
v -0.0624999999999996 0.125000000000001 0.284694820642471
v -0.0499999999999996 0.125000000000001 0.284846365451813
v -0.0374999999999996 0.125000000000001 0.284958571195602
v -0.0249999999999996 0.125000000000001 0.285080760717392
v -0.0124999999999996 0.125000000000001 0.285360157489777
v 4.44089209850063e-16 0.125000000000001 0.286012500524521
v 0.0125000000000004 0.125000000000001 0.28709465265274
v 0.0250000000000005 0.125000000000001 0.288744658231735
v 0.0375000000000005 0.125000000000001 0.290987342596054
v 0.0500000000000005 0.125000000000001 0.293892592191696
v 0.0625000000000004 0.125000000000001 0.297371357679367
v 0.0750000000000005 0.125000000000001 0.30134317278862
v 0.0875000000000006 0.125000000000001 0.305748760700226
v 0.100000000000001 0.125000000000001 0.310455232858658
v 0.1125 0.125000000000001 0.315284758806229
v 0.125000000000001 0.125000000000001 0.320155560970306
v 0.137500000000001 0.125000000000001 0.324913769960403
v 0.150000000000001 0.125000000000001 0.329527378082275
v 0.162500000000001 0.125000000000001 0.333996713161469
v 0.175000000000001 0.125000000000001 0.33838078379631
v 0.187500000000001 0.125000000000001 0.342794150114059
v 0.200000000000001 0.125000000000001 0.347431272268295
v 0.212500000000001 0.125000000000001 0.352512568235397
v 0.225000000000001 0.125000000000001 0.358285903930664
v 0.237500000000001 0.125000000000001 0.364719241857529
v 0.250000000000001 0.125000000000001 0.371691703796387
v 0.262500000000001 0.125000000000001 0.379030793905258
v 0.275000000000001 0.125000000000001 0.386461138725281
v 0.287500000000001 0.125000000000001 0.393727511167526
v 0.300000000000001 0.125000000000001 0.400696843862534
v 0.312500000000001 0.125000000000001 0.407316744327545
v 0.325000000000001 0.125000000000001 0.413631647825241
v 0.337500000000001 0.125000000000001 0.419739872217178
v 0.350000000000001 0.125000000000001 0.425775051116943
v 0.362500000000001 0.125000000000001 0.43188950419426
v 0.375000000000001 0.125000000000001 0.438250303268433
v 0.387500000000001 0.125000000000001 0.444939225912094
v 0.400000000000001 0.125000000000001 0.452024608850479
v 0.412500000000001 0.125000000000001 0.459548771381378
v 0.425000000000001 0.125000000000001 0.467512607574463
v 0.437500000000001 0.125000000000001 0.475899666547775
v 0.450000000000001 0.125000000000001 0.484641939401627
v 0.462500000000001 0.125000000000001 0.493617981672287
v 0.475000000000001 0.125000000000001 0.502645492553711
v 0.487500000000001 0.125000000000001 0.511467278003693
v 0.500000000000001 0.125000000000001 0.519835591316223
v -0.5 0.137500000000001 0.386628419160843
v -0.4875 0.137500000000001 0.382569253444672
v -0.475 0.137500000000001 0.377673506736755
v -0.4625 0.137500000000001 0.372091829776764
v -0.45 0.137500000000001 0.366085141897202
v -0.4375 0.137500000000001 0.359873861074448
v -0.425 0.137500000000001 0.353778690099716
v -0.4125 0.137500000000001 0.348058879375458
v -0.4 0.137500000000001 0.342969715595245
v -0.3875 0.137500000000001 0.338663905858994
v -0.375 0.137500000000001 0.335215657949448
v -0.3625 0.137500000000001 0.33258455991745
v -0.35 0.137500000000001 0.330535233020782
v -0.3375 0.137500000000001 0.328820675611496
v -0.325 0.137500000000001 0.327143102884293
v -0.3125 0.137500000000001 0.325257867574692
v -0.3 0.137500000000001 0.32295760512352
v -0.2875 0.137500000000001 0.320173561573029
v -0.275 0.137500000000001 0.316982120275497
v -0.2625 0.137500000000001 0.313605457544327
v -0.25 0.137500000000001 0.310274690389633
v -0.2375 0.137500000000001 0.307253658771515
v -0.225 0.137500000000001 0.304721385240555
v -0.2125 0.137500000000001 0.302774667739868
v -0.2 0.137500000000001 0.301366835832596
v -0.1875 0.137500000000001 0.300352334976196
v -0.175 0.137500000000001 0.299532622098923
v -0.1625 0.137500000000001 0.298732131719589
v -0.15 0.137500000000001 0.297873497009277
v -0.1375 0.137500000000001 0.297018498182297
v -0.125 0.137500000000001 0.296263426542282
v -0.1125 0.137500000000001 0.295768946409225
v -0.0999999999999996 0.137500000000001 0.295549303293228
v -0.0874999999999996 0.137500000000001 0.295569717884064
v -0.0749999999999996 0.137500000000001 0.295770853757858
v -0.0624999999999996 0.137500000000001 0.295976310968399
v -0.0499999999999996 0.137500000000001 0.296108782291412
v -0.0374999999999996 0.137500000000001 0.296107858419418
v -0.0249999999999996 0.137500000000001 0.296015083789825
v -0.0124999999999996 0.137500000000001 0.296012610197067
v 4.44089209850063e-16 0.137500000000001 0.296282738447189
v 0.0125000000000004 0.137500000000001 0.296970099210739
v 0.0250000000000005 0.137500000000001 0.298236340284348
v 0.0375000000000005 0.137500000000001 0.300153464078903
v 0.0500000000000005 0.137500000000001 0.302751868963242
v 0.0625000000000004 0.137500000000001 0.306030988693237
v 0.0750000000000005 0.137500000000001 0.309892147779465
v 0.0875000000000006 0.137500000000001 0.31423756480217
v 0.100000000000001 0.137500000000001 0.318861782550812
v 0.1125 0.137500000000001 0.323651939630508
v 0.125000000000001 0.137500000000001 0.328441292047501
v 0.137500000000001 0.137500000000001 0.333111733198166
v 0.150000000000001 0.137500000000001 0.33760792016983
v 0.162500000000001 0.137500000000001 0.341918081045151
v 0.175000000000001 0.137500000000001 0.346164762973785
v 0.187500000000001 0.137500000000001 0.350521266460419
v 0.200000000000001 0.137500000000001 0.355187177658081
v 0.212500000000001 0.137500000000001 0.360351324081421
v 0.225000000000001 0.137500000000001 0.366178721189499
v 0.237500000000001 0.137500000000001 0.372565805912018
v 0.250000000000001 0.137500000000001 0.379368305206299
v 0.262500000000001 0.137500000000001 0.38637837767601
v 0.275000000000001 0.137500000000001 0.393329441547394
v 0.287500000000001 0.137500000000001 0.400047272443771
v 0.300000000000001 0.137500000000001 0.406449794769287
v 0.312500000000001 0.137500000000001 0.412552028894424
v 0.325000000000001 0.137500000000001 0.418440729379654
v 0.337500000000001 0.137500000000001 0.424225002527237
v 0.350000000000001 0.137500000000001 0.430030196905136
v 0.362500000000001 0.137500000000001 0.435979127883911
v 0.375000000000001 0.137500000000001 0.442206203937531
v 0.387500000000001 0.137500000000001 0.448773384094238
v 0.400000000000001 0.137500000000001 0.455686569213867
v 0.412500000000001 0.137500000000001 0.462959378957748
v 0.425000000000001 0.137500000000001 0.470574110746384
v 0.437500000000001 0.137500000000001 0.478490740060806
v 0.450000000000001 0.137500000000001 0.486639410257339
v 0.462500000000001 0.137500000000001 0.494948297739029
v 0.475000000000001 0.137500000000001 0.503262341022491
v 0.487500000000001 0.137500000000001 0.511391997337341
v 0.500000000000001 0.137500000000001 0.51913970708847
v -0.5 0.150000000000001 0.391540020704269
v -0.4875 0.150000000000001 0.387482851743698
v -0.475 0.150000000000001 0.382703900337219
v -0.4625 0.150000000000001 0.377334326505661
v -0.45 0.150000000000001 0.371573060750961
v -0.4375 0.150000000000001 0.365679651498795
v -0.425 0.150000000000001 0.359912306070328
v -0.4125 0.150000000000001 0.354518800973892
v -0.4 0.150000000000001 0.349713027477264
v -0.3875 0.150000000000001 0.345701664686203
v -0.375 0.150000000000001 0.342545330524445
v -0.3625 0.150000000000001 0.340223848819733
v -0.35 0.150000000000001 0.338545799255371
v -0.3375 0.150000000000001 0.337275266647339
v -0.325 0.150000000000001 0.336152344942093
v -0.3125 0.150000000000001 0.334842950105667
v -0.3 0.150000000000001 0.333172768354416
v -0.2875 0.150000000000001 0.330989450216293
v -0.275 0.150000000000001 0.328294605016708
v -0.2625 0.150000000000001 0.325252711772919
v -0.25 0.150000000000001 0.322110891342163
v -0.2375 0.150000000000001 0.319151252508163
v -0.225 0.150000000000001 0.316545695066452
v -0.2125 0.150000000000001 0.314475208520889
v -0.2 0.150000000000001 0.312946557998657
v -0.1875 0.150000000000001 0.311873346567154
v -0.175 0.150000000000001 0.311050593852997
v -0.1625 0.150000000000001 0.31030461192131
v -0.15 0.150000000000001 0.309507429599762
v -0.1375 0.150000000000001 0.308644026517868
v -0.125 0.150000000000001 0.307849496603012
v -0.1125 0.150000000000001 0.307236880064011
v -0.0999999999999996 0.150000000000001 0.306910246610641
v -0.0874999999999996 0.150000000000001 0.306851804256439
v -0.0749999999999996 0.150000000000001 0.306974858045578
v -0.0624999999999996 0.150000000000001 0.307127237319946
v -0.0499999999999996 0.150000000000001 0.307177275419235
v -0.0374999999999996 0.150000000000001 0.307070821523666
v -0.0249999999999996 0.150000000000001 0.306809335947037
v -0.0124999999999996 0.150000000000001 0.306567162275314
v 4.44089209850063e-16 0.150000000000001 0.306532055139542
v 0.0125000000000004 0.150000000000001 0.306858628988266
v 0.0250000000000005 0.150000000000001 0.307815849781036
v 0.0375000000000005 0.150000000000001 0.309491783380508
v 0.0500000000000005 0.150000000000001 0.311894595623016
v 0.0625000000000004 0.150000000000001 0.31506410241127
v 0.0750000000000005 0.150000000000001 0.318893730640411
v 0.0875000000000006 0.150000000000001 0.323237419128418
v 0.100000000000001 0.150000000000001 0.327873885631561
v 0.1125 0.150000000000001 0.332616299390793
v 0.125000000000001 0.150000000000001 0.337320774793625
v 0.137500000000001 0.150000000000001 0.341859310865402
v 0.150000000000001 0.150000000000001 0.346198469400406
v 0.162500000000001 0.150000000000001 0.350366175174713
v 0.175000000000001 0.150000000000001 0.354509770870209
v 0.187500000000001 0.150000000000001 0.358831614255905
v 0.200000000000001 0.150000000000001 0.363508403301239
v 0.212500000000001 0.150000000000001 0.368717104196548
v 0.225000000000001 0.150000000000001 0.374489367008209
v 0.237500000000001 0.150000000000001 0.380719065666199
v 0.250000000000001 0.150000000000001 0.3872190117836
v 0.262500000000001 0.150000000000001 0.393771559000015
v 0.275000000000001 0.150000000000001 0.4001804292202
v 0.287500000000001 0.150000000000001 0.406330406665802
v 0.300000000000001 0.150000000000001 0.412189304828644
v 0.312500000000001 0.150000000000001 0.417808622121811
v 0.325000000000001 0.150000000000001 0.423312872648239
v 0.337500000000001 0.150000000000001 0.42881914973259
v 0.350000000000001 0.150000000000001 0.434415817260742
v 0.362500000000001 0.150000000000001 0.440220177173615
v 0.375000000000001 0.150000000000001 0.446295469999313
v 0.387500000000001 0.150000000000001 0.452702730894089
v 0.400000000000001 0.150000000000001 0.459419071674347
v 0.412500000000001 0.150000000000001 0.466414988040924
v 0.425000000000001 0.150000000000001 0.473657578229904
v 0.437500000000001 0.150000000000001 0.481124401092529
v 0.450000000000001 0.150000000000001 0.488749802112579
v 0.462500000000001 0.150000000000001 0.496458351612091
v 0.475000000000001 0.150000000000001 0.50415962934494
v 0.487500000000001 0.150000000000001 0.511703193187714
v 0.500000000000001 0.150000000000001 0.518920421600342
v -0.5 0.162500000000001 0.396695584058762
v -0.4875 0.162500000000001 0.392527312040329
v -0.475 0.162500000000001 0.387781590223312
v -0.4625 0.162500000000001 0.38253578543663
v -0.45 0.162500000000001 0.376971453428268
v -0.4375 0.162500000000001 0.371336072683334
v -0.425 0.162500000000001 0.365879982709885
v -0.4125 0.162500000000001 0.360804200172424
v -0.4 0.162500000000001 0.356309413909912
v -0.3875 0.162500000000001 0.352564573287964
v -0.375 0.162500000000001 0.349688410758972
v -0.3625 0.162500000000001 0.347649663686752
v -0.35 0.162500000000001 0.346322149038315
v -0.3375 0.162500000000001 0.345487385988235
v -0.325 0.162500000000001 0.344864100217819
v -0.3125 0.162500000000001 0.344134479761124
v -0.3 0.162500000000001 0.34309121966362
v -0.2875 0.162500000000001 0.341537535190582
v -0.275 0.162500000000001 0.339410364627838
v -0.2625 0.162500000000001 0.336803644895554
v -0.25 0.162500000000001 0.333938270807266
v -0.2375 0.162500000000001 0.331092298030853
v -0.225 0.162500000000001 0.328494310379028
v -0.2125 0.162500000000001 0.326310843229294
v -0.2 0.162500000000001 0.324644058942795
v -0.1875 0.162500000000001 0.323476612567902
v -0.175 0.162500000000001 0.3226258456707
v -0.1625 0.162500000000001 0.3218934237957
v -0.15 0.162500000000001 0.321137487888336
v -0.1375 0.162500000000001 0.320310235023499
v -0.125 0.162500000000001 0.319496065378189
v -0.1125 0.162500000000001 0.318808883428574
v -0.0999999999999996 0.162500000000001 0.318361431360245
v -0.0874999999999996 0.162500000000001 0.318172931671143
v -0.0749999999999996 0.162500000000001 0.318160742521286
v -0.0624999999999996 0.162500000000001 0.318173140287399
v -0.0499999999999996 0.162500000000001 0.318113297224045
v -0.0374999999999996 0.162500000000001 0.317857265472412
v -0.0249999999999996 0.162500000000001 0.317493438720703
v -0.0124999999999996 0.162500000000001 0.317086756229401
v 4.44089209850063e-16 0.162500000000001 0.316834449768066
v 0.0125000000000004 0.162500000000001 0.316967815160751
v 0.0250000000000005 0.162500000000001 0.317683815956116
v 0.0375000000000005 0.162500000000001 0.31920513510704
v 0.0500000000000005 0.162500000000001 0.321544528007507
v 0.0625000000000004 0.162500000000001 0.324750065803528
v 0.0750000000000005 0.162500000000001 0.328633934259415
v 0.0875000000000006 0.162500000000001 0.332984536886215
v 0.100000000000001 0.162500000000001 0.337605327367783
v 0.1125 0.162500000000001 0.342280179262161
v 0.125000000000001 0.162500000000001 0.346841752529144
v 0.137500000000001 0.162500000000001 0.351181775331497
v 0.150000000000001 0.162500000000001 0.355305582284927
v 0.162500000000001 0.162500000000001 0.359307914972305
v 0.175000000000001 0.162500000000001 0.363346695899963
v 0.187500000000001 0.162500000000001 0.367612928152084
v 0.200000000000001 0.162500000000001 0.372291326522827
v 0.212500000000001 0.162500000000001 0.377448111772537
v 0.225000000000001 0.162500000000001 0.383044064044952
v 0.237500000000001 0.162500000000001 0.388977944850922
v 0.250000000000001 0.162500000000001 0.395053535699844
v 0.262500000000001 0.162500000000001 0.401089519262314
v 0.275000000000001 0.162500000000001 0.406929582357407
v 0.287500000000001 0.162500000000001 0.412524938583374
v 0.300000000000001 0.162500000000001 0.417879790067673
v 0.312500000000001 0.162500000000001 0.42307248711586
v 0.325000000000001 0.162500000000001 0.428222179412842
v 0.337500000000001 0.162500000000001 0.433451741933823
v 0.350000000000001 0.162500000000001 0.43885001540184
v 0.362500000000001 0.162500000000001 0.444494158029556
v 0.375000000000001 0.162500000000001 0.450414419174194
v 0.387500000000001 0.162500000000001 0.456632614135742
v 0.400000000000001 0.162500000000001 0.463130086660385
v 0.412500000000001 0.162500000000001 0.469846099615097
v 0.425000000000001 0.162500000000001 0.476737976074219
v 0.437500000000001 0.162500000000001 0.483779817819595
v 0.450000000000001 0.162500000000001 0.490935623645782
v 0.462500000000001 0.162500000000001 0.498130649328232
v 0.475000000000001 0.162500000000001 0.505303800106049
v 0.487500000000001 0.162500000000001 0.512362062931061
v 0.500000000000001 0.162500000000001 0.519152641296387
v -0.5 0.175000000000001 0.402188509702682
v -0.4875 0.175000000000001 0.39786097407341
v -0.475 0.175000000000001 0.393068760633469
v -0.4625 0.175000000000001 0.387891292572021
v -0.45 0.175000000000001 0.382481098175049
v -0.4375 0.175000000000001 0.377043098211288
v -0.425 0.175000000000001 0.371854424476624
v -0.4125 0.175000000000001 0.367072016000748
v -0.4 0.175000000000001 0.362861543893814
v -0.3875 0.175000000000001 0.35938373208046
v -0.375 0.175000000000001 0.356747061014175
v -0.3625 0.175000000000001 0.354963004589081
v -0.35 0.175000000000001 0.353937298059464
v -0.3375 0.175000000000001 0.353494852781296
v -0.325 0.175000000000001 0.353312164545059
v -0.3125 0.175000000000001 0.353135168552399
v -0.3 0.175000000000001 0.352702587842941
v -0.2875 0.175000000000001 0.351795196533203
v -0.275 0.175000000000001 0.350276291370392
v -0.2625 0.175000000000001 0.348177909851074
v -0.25 0.175000000000001 0.34569177031517
v -0.2375 0.175000000000001 0.343049854040146
v -0.225 0.175000000000001 0.340503543615341
v -0.2125 0.175000000000001 0.338270425796509
v -0.2 0.175000000000001 0.336500227451324
v -0.1875 0.175000000000001 0.335235059261322
v -0.175 0.175000000000001 0.334341287612915
v -0.1625 0.175000000000001 0.333616554737091
v -0.15 0.175000000000001 0.332897901535034
v -0.1375 0.175000000000001 0.332112044095993
v -0.125 0.175000000000001 0.331281334161758
v -0.1125 0.175000000000001 0.330525726079941
v -0.0999999999999996 0.175000000000001 0.329954952001572
v -0.0874999999999996 0.175000000000001 0.329591572284698
v -0.0749999999999996 0.175000000000001 0.329382091760635
v -0.0624999999999996 0.175000000000001 0.329215943813324
v -0.0499999999999996 0.175000000000001 0.328980088233948
v -0.0374999999999996 0.175000000000001 0.328642666339874
v -0.0249999999999996 0.175000000000001 0.328191846609116
v -0.0124999999999996 0.175000000000001 0.327717304229736
v 4.44089209850063e-16 0.175000000000001 0.327392190694809
v 0.0125000000000004 0.175000000000001 0.327481478452682
v 0.0250000000000005 0.175000000000001 0.32815882563591
v 0.0375000000000005 0.175000000000001 0.329646229743958
v 0.0500000000000005 0.175000000000001 0.332135260105133
v 0.0625000000000004 0.175000000000001 0.335438519716263
v 0.0750000000000005 0.175000000000001 0.339385062456131
v 0.0875000000000006 0.175000000000001 0.343729436397552
v 0.100000000000001 0.175000000000001 0.348223775625229
v 0.1125 0.175000000000001 0.352696985006332
v 0.125000000000001 0.175000000000001 0.357000261545181
v 0.137500000000001 0.175000000000001 0.361053466796875
v 0.150000000000001 0.175000000000001 0.364909499883652
v 0.162500000000001 0.175000000000001 0.368713825941086
v 0.175000000000001 0.175000000000001 0.372625857591629
v 0.187500000000001 0.175000000000001 0.376816034317017
v 0.200000000000001 0.175000000000001 0.381400555372238
v 0.212500000000001 0.175000000000001 0.386393785476685
v 0.225000000000001 0.175000000000001 0.39172101020813
v 0.237500000000001 0.175000000000001 0.397251665592194
v 0.250000000000001 0.175000000000001 0.402834892272949
v 0.262500000000001 0.175000000000001 0.408298313617706
v 0.275000000000001 0.175000000000001 0.413564741611481
v 0.287500000000001 0.175000000000001 0.418625175952911
v 0.300000000000001 0.175000000000001 0.423514515161514
v 0.312500000000001 0.175000000000001 0.428312063217163
v 0.325000000000001 0.175000000000001 0.433138936758041
v 0.337500000000001 0.175000000000001 0.438100069761276
v 0.350000000000001 0.175000000000001 0.443279892206192
v 0.362500000000001 0.175000000000001 0.448744684457779
v 0.375000000000001 0.175000000000001 0.454492777585983
v 0.387500000000001 0.175000000000001 0.460515797138214
v 0.400000000000001 0.175000000000001 0.466764211654663
v 0.412500000000001 0.175000000000001 0.473204612731934
v 0.425000000000001 0.175000000000001 0.479777574539185
v 0.437500000000001 0.175000000000001 0.486441820859909
v 0.450000000000001 0.175000000000001 0.493172466754913
v 0.462500000000001 0.175000000000001 0.499934285879135
v 0.475000000000001 0.175000000000001 0.506669938564301
v 0.487500000000001 0.175000000000001 0.513329803943634
v 0.500000000000001 0.175000000000001 0.519782960414886
v -0.5 0.187500000000001 0.408146947622299
v -0.4875 0.187500000000001 0.40363022685051
v -0.475 0.187500000000001 0.398754447698593
v -0.4625 0.187500000000001 0.393593698740005
v -0.45 0.187500000000001 0.388290196657181
v -0.4375 0.187500000000001 0.383030831813812
v -0.425 0.187500000000001 0.378026932477951
v -0.4125 0.187500000000001 0.373487323522568
v -0.4 0.187500000000001 0.369510352611542
v -0.3875 0.187500000000001 0.366268992424011
v -0.375 0.187500000000001 0.363838583230972
v -0.3625 0.187500000000001 0.362264782190323
v -0.35 0.187500000000001 0.361499756574631
v -0.3375 0.187500000000001 0.361365407705307
v -0.325 0.187500000000001 0.361582815647125
v -0.3125 0.187500000000001 0.361882925033569
v -0.3 0.187500000000001 0.36201810836792
v -0.2875 0.187500000000001 0.361742585897446
v -0.275 0.187500000000001 0.360856622457504
v -0.2625 0.187500000000001 0.359322994947433
v -0.25 0.187500000000001 0.357268363237381
v -0.2375 0.187500000000001 0.354911297559738
v -0.225 0.187500000000001 0.352497220039368
v -0.2125 0.187500000000001 0.350295782089233
v -0.2 0.187500000000001 0.348481148481369
v -0.1875 0.187500000000001 0.3471300303936
v -0.175 0.187500000000001 0.346200942993164
v -0.1625 0.187500000000001 0.345485001802444
v -0.15 0.187500000000001 0.344803899526596
v -0.1375 0.187500000000001 0.344072431325912
v -0.125 0.187500000000001 0.343277186155319
v -0.1125 0.187500000000001 0.342474669218063
v -0.0999999999999996 0.187500000000001 0.341772139072418
v -0.0874999999999996 0.187500000000001 0.341204255819321
v -0.0749999999999996 0.187500000000001 0.340742081403732
v -0.0624999999999996 0.187500000000001 0.340322583913803
v -0.0499999999999996 0.187500000000001 0.339942395687103
v -0.0374999999999996 0.187500000000001 0.33954268693924
v -0.0249999999999996 0.187500000000001 0.339149683713913
v -0.0124999999999996 0.187500000000001 0.338776260614395
v 4.44089209850063e-16 0.187500000000001 0.338569134473801
v 0.0125000000000004 0.187500000000001 0.338774442672729
v 0.0250000000000005 0.187500000000001 0.339617967605591
v 0.0375000000000005 0.187500000000001 0.341300576925278
v 0.0500000000000005 0.187500000000001 0.343930214643478
v 0.0625000000000004 0.187500000000001 0.347328960895538
v 0.0750000000000005 0.187500000000001 0.351267874240875
v 0.0875000000000006 0.187500000000001 0.355493277311325
v 0.100000000000001 0.187500000000001 0.359748810529709
v 0.1125 0.187500000000001 0.363852918148041
v 0.125000000000001 0.187500000000001 0.36773744225502
v 0.137500000000001 0.187500000000001 0.37140479683876
v 0.150000000000001 0.187500000000001 0.374949216842651
v 0.162500000000001 0.187500000000001 0.378518581390381
v 0.175000000000001 0.187500000000001 0.382266283035278
v 0.187500000000001 0.187500000000001 0.386320441961288
v 0.200000000000001 0.187500000000001 0.39071524143219
v 0.212500000000001 0.187500000000001 0.395447671413422
v 0.225000000000001 0.187500000000001 0.400411128997803
v 0.237500000000001 0.187500000000001 0.405478060245514
v 0.250000000000001 0.187500000000001 0.41050124168396
v 0.262500000000001 0.187500000000001 0.415386766195297
v 0.275000000000001 0.187500000000001 0.420099496841431
v 0.287500000000001 0.187500000000001 0.424643188714981
v 0.300000000000001 0.187500000000001 0.429081499576569
v 0.312500000000001 0.187500000000001 0.433500200510025
v 0.325000000000001 0.187500000000001 0.438002496957779
v 0.337500000000001 0.187500000000001 0.442698568105698
v 0.350000000000001 0.187500000000001 0.447666257619858
v 0.362500000000001 0.187500000000001 0.452938169240952
v 0.375000000000001 0.187500000000001 0.458494991064072
v 0.387500000000001 0.187500000000001 0.464304536581039
v 0.400000000000001 0.187500000000001 0.470315545797348
v 0.412500000000001 0.187500000000001 0.476472675800323
v 0.425000000000001 0.187500000000001 0.482741683721542
v 0.437500000000001 0.187500000000001 0.489075481891632
v 0.450000000000001 0.187500000000001 0.495448797941208
v 0.462500000000001 0.187500000000001 0.501850724220276
v 0.475000000000001 0.187500000000001 0.508238196372986
v 0.487500000000001 0.187500000000001 0.514578640460968
v 0.500000000000001 0.187500000000001 0.520767331123352
v -0.5 0.200000000000001 0.41466161608696
v -0.4875 0.200000000000001 0.409946352243423
v -0.475 0.200000000000001 0.404959589242935
v -0.4625 0.200000000000001 0.399783849716187
v -0.45 0.200000000000001 0.394536584615707
v -0.4375 0.200000000000001 0.389399826526642
v -0.425 0.200000000000001 0.384543389081955
v -0.4125 0.200000000000001 0.380168169736862
v -0.4 0.200000000000001 0.376385182142258
v -0.3875 0.200000000000001 0.373328775167465
v -0.375 0.200000000000001 0.371070772409439
v -0.3625 0.200000000000001 0.369652718305588
v -0.35 0.200000000000001 0.369086682796478
v -0.3375 0.200000000000001 0.369195610284805
v -0.325 0.200000000000001 0.369735926389694
v -0.3125 0.200000000000001 0.370458960533142
v -0.3 0.200000000000001 0.37109312415123
v -0.2875 0.200000000000001 0.371395319700241
v -0.275 0.200000000000001 0.371113955974579
v -0.2625 0.200000000000001 0.370153039693832
v -0.25 0.200000000000001 0.36857733130455
v -0.2375 0.200000000000001 0.366572678089142
v -0.225 0.200000000000001 0.364384531974792
v -0.2125 0.200000000000001 0.362270712852478
v -0.2 0.200000000000001 0.360489338636398
v -0.1875 0.200000000000001 0.359130680561066
v -0.175 0.200000000000001 0.3581702709198
v -0.1625 0.200000000000001 0.35747566819191
v -0.15 0.200000000000001 0.356861710548401
v -0.1375 0.200000000000001 0.356197386980057
v -0.125 0.200000000000001 0.355455130338669
v -0.1125 0.200000000000001 0.354654610157013
v -0.0999999999999996 0.200000000000001 0.353856116533279
v -0.0874999999999996 0.200000000000001 0.353077381849289
v -0.0749999999999996 0.200000000000001 0.352347940206528
v -0.0624999999999996 0.200000000000001 0.351668655872345
v -0.0499999999999996 0.200000000000001 0.351156324148178
v -0.0374999999999996 0.200000000000001 0.350813239812851
v -0.0249999999999996 0.200000000000001 0.350622564554214
v -0.0124999999999996 0.200000000000001 0.350556224584579
v 4.44089209850063e-16 0.200000000000001 0.350679934024811
v 0.0125000000000004 0.200000000000001 0.351190179586411
v 0.0250000000000005 0.200000000000001 0.352340906858444
v 0.0375000000000005 0.200000000000001 0.354317903518677
v 0.0500000000000005 0.200000000000001 0.35708075761795
v 0.0625000000000004 0.200000000000001 0.360487550497055
v 0.0750000000000005 0.200000000000001 0.3642957508564
v 0.0875000000000006 0.200000000000001 0.368215799331665
v 0.100000000000001 0.200000000000001 0.372027635574341
v 0.1125 0.200000000000001 0.375627428293228
v 0.125000000000001 0.200000000000001 0.378970921039581
v 0.137500000000001 0.200000000000001 0.382170647382736
v 0.150000000000001 0.200000000000001 0.385341167449951
v 0.162500000000001 0.200000000000001 0.388637363910675
v 0.175000000000001 0.200000000000001 0.392186492681503
v 0.187500000000001 0.200000000000001 0.396026819944382
v 0.200000000000001 0.200000000000001 0.400160878896713
v 0.212500000000001 0.200000000000001 0.404542654752731
v 0.225000000000001 0.200000000000001 0.409060001373291
v 0.237500000000001 0.200000000000001 0.41360005736351
v 0.250000000000001 0.200000000000001 0.418048352003098
v 0.262500000000001 0.200000000000001 0.422351747751236
v 0.275000000000001 0.200000000000001 0.426512092351913
v 0.287500000000001 0.200000000000001 0.43056184053421
v 0.300000000000001 0.200000000000001 0.434551924467087
v 0.312500000000001 0.200000000000001 0.438590288162231
v 0.325000000000001 0.200000000000001 0.442777156829834
v 0.337500000000001 0.200000000000001 0.447212219238281
v 0.350000000000001 0.200000000000001 0.451967149972916
v 0.362500000000001 0.200000000000001 0.457038074731827
v 0.375000000000001 0.200000000000001 0.462393671274185
v 0.387500000000001 0.200000000000001 0.467981249094009
v 0.400000000000001 0.200000000000001 0.473753184080124
v 0.412500000000001 0.200000000000001 0.479638665914536
v 0.425000000000001 0.200000000000001 0.485619992017746
v 0.437500000000001 0.200000000000001 0.491663604974747
v 0.450000000000001 0.200000000000001 0.497747242450714
v 0.462500000000001 0.200000000000001 0.503853738307953
v 0.475000000000001 0.200000000000001 0.509977757930756
v 0.487500000000001 0.200000000000001 0.516075789928436
v 0.500000000000001 0.200000000000001 0.522068679332733
v -0.5 0.212500000000001 0.421768397092819
v -0.4875 0.212500000000001 0.416856676340103
v -0.475 0.212500000000001 0.411752939224243
v -0.4625 0.212500000000001 0.406523436307907
v -0.45 0.212500000000001 0.401294529438019
v -0.4375 0.212500000000001 0.396228194236755
v -0.425 0.212500000000001 0.39148160815239
v -0.4125 0.212500000000001 0.387222141027451
v -0.4 0.212500000000001 0.383567810058594
v -0.3875 0.212500000000001 0.380655646324158
v -0.375 0.212500000000001 0.378527700901031
v -0.3625 0.212500000000001 0.37724494934082
v -0.35 0.212500000000001 0.376800388097763
v -0.3375 0.212500000000001 0.377082109451294
v -0.325 0.212500000000001 0.377863347530365
v -0.3125 0.212500000000001 0.378916710615158
v -0.3 0.212500000000001 0.379969567060471
v -0.2875 0.212500000000001 0.380757689476013
v -0.275 0.212500000000001 0.381033957004547
v -0.2625 0.212500000000001 0.380629628896713
v -0.25 0.212500000000001 0.379551738500595
v -0.2375 0.212500000000001 0.377955883741379
v -0.225 0.212500000000001 0.376046746969223
v -0.2125 0.212500000000001 0.374106973409653
v -0.2 0.212500000000001 0.372427761554718
v -0.1875 0.212500000000001 0.371112585067749
v -0.175 0.212500000000001 0.370185196399689
v -0.1625 0.212500000000001 0.369536131620407
v -0.15 0.212500000000001 0.36901381611824
v -0.1375 0.212500000000001 0.368453949689865
v -0.125 0.212500000000001 0.36779260635376
v -0.1125 0.212500000000001 0.367011189460754
v -0.0999999999999996 0.212500000000001 0.366133719682693
v -0.0874999999999996 0.212500000000001 0.36518007516861
v -0.0749999999999996 0.212500000000001 0.364203423261642
v -0.0624999999999996 0.212500000000001 0.363320410251617
v -0.0499999999999996 0.212500000000001 0.362787932157516
v -0.0374999999999996 0.212500000000001 0.362678617238998
v -0.0249999999999996 0.212500000000001 0.362895667552948
v -0.0124999999999996 0.212500000000001 0.363329410552979
v 4.44089209850063e-16 0.212500000000001 0.363946884870529
v 0.0125000000000004 0.212500000000001 0.364903330802917
v 0.0250000000000005 0.212500000000001 0.36639666557312
v 0.0375000000000005 0.212500000000001 0.368620365858078
v 0.0500000000000005 0.212500000000001 0.371454298496246
v 0.0625000000000004 0.212500000000001 0.374765008687973
v 0.0750000000000005 0.212500000000001 0.378287315368652
v 0.0875000000000006 0.212500000000001 0.381726026535034
v 0.100000000000001 0.212500000000001 0.384929090738297
v 0.1125 0.212500000000001 0.387852013111115
v 0.125000000000001 0.212500000000001 0.390583276748657
v 0.137500000000001 0.212500000000001 0.393272638320923
v 0.150000000000001 0.212500000000001 0.396052271127701
v 0.162500000000001 0.212500000000001 0.399049758911133
v 0.175000000000001 0.212500000000001 0.402303218841553
v 0.187500000000001 0.212500000000001 0.405856281518936
v 0.200000000000001 0.212500000000001 0.40965610742569
v 0.212500000000001 0.212500000000001 0.413599699735641
v 0.225000000000001 0.212500000000001 0.417615979909897
v 0.237500000000001 0.212500000000001 0.421590656042099
v 0.250000000000001 0.212500000000001 0.425451040267944
v 0.262500000000001 0.212500000000001 0.429181098937988
v 0.275000000000001 0.212500000000001 0.432795822620392
v 0.287500000000001 0.212500000000001 0.436338901519775
v 0.300000000000001 0.212500000000001 0.43988773226738
v 0.312500000000001 0.212500000000001 0.443547338247299
v 0.325000000000001 0.212500000000001 0.447426527738571
v 0.337500000000001 0.212500000000001 0.451616674661636
v 0.350000000000001 0.212500000000001 0.456154584884644
v 0.362500000000001 0.212500000000001 0.461019337177277
v 0.375000000000001 0.212500000000001 0.466166079044342
v 0.387500000000001 0.212500000000001 0.47153052687645
v 0.400000000000001 0.212500000000001 0.477062433958054
v 0.412500000000001 0.212500000000001 0.482701867818832
v 0.425000000000001 0.212500000000001 0.488418012857437
v 0.437500000000001 0.212500000000001 0.494209498167038
v 0.450000000000001 0.212500000000001 0.500052273273468
v 0.462500000000001 0.212500000000001 0.505939424037933
v 0.475000000000001 0.212500000000001 0.511855065822601
v 0.487500000000001 0.212500000000001 0.51777982711792
v 0.500000000000001 0.212500000000001 0.523642003536224
v -0.5 0.225000000000001 0.429468065500259
v -0.4875 0.225000000000001 0.424375534057617
v -0.475 0.225000000000001 0.419150650501251
v -0.4625 0.225000000000001 0.413853138685226
v -0.45 0.225000000000001 0.408603012561798
v -0.4375 0.225000000000001 0.403567612171173
v -0.425 0.225000000000001 0.398884207010269
v -0.4125 0.225000000000001 0.394695788621902
v -0.4 0.225000000000001 0.391141325235367
v -0.3875 0.225000000000001 0.388309687376022
v -0.375 0.225000000000001 0.38628426194191
v -0.3625 0.225000000000001 0.385099917650223
v -0.35 0.225000000000001 0.384727209806442
v -0.3375 0.225000000000001 0.385099530220032
v -0.325 0.225000000000001 0.386040419340134
v -0.3125 0.225000000000001 0.387323468923569
v -0.3 0.225000000000001 0.388705909252167
v -0.2875 0.225000000000001 0.389893144369125
v -0.275 0.225000000000001 0.390633016824722
v -0.2625 0.225000000000001 0.390737533569336
v -0.25 0.225000000000001 0.390157729387283
v -0.2375 0.225000000000001 0.388987690210342
v -0.225 0.225000000000001 0.387403935194016
v -0.2125 0.225000000000001 0.385718077421188
v -0.2 0.225000000000001 0.384179502725601
v -0.1875 0.225000000000001 0.382960319519043
v -0.175 0.225000000000001 0.382096022367477
v -0.1625 0.225000000000001 0.381535053253174
v -0.15 0.225000000000001 0.381104379892349
v -0.1375 0.225000000000001 0.380672991275787
v -0.125 0.225000000000001 0.380132734775543
v -0.1125 0.225000000000001 0.37942036986351
v -0.0999999999999996 0.225000000000001 0.378508597612381
v -0.0874999999999996 0.225000000000001 0.377396404743195
v -0.0749999999999996 0.225000000000001 0.376224756240845
v -0.0624999999999996 0.225000000000001 0.375248968601227
v -0.0499999999999996 0.225000000000001 0.374810546636581
v -0.0374999999999996 0.225000000000001 0.375111907720566
v -0.0249999999999996 0.225000000000001 0.375946968793869
v -0.0124999999999996 0.225000000000001 0.377066314220428
v 4.44089209850063e-16 0.225000000000001 0.378319412469864
v 0.0125000000000004 0.225000000000001 0.379778116941452
v 0.0250000000000005 0.225000000000001 0.381616175174713
v 0.0375000000000005 0.225000000000001 0.383959293365479
v 0.0500000000000005 0.225000000000001 0.386785954236984
v 0.0625000000000004 0.225000000000001 0.389851957559586
v 0.0750000000000005 0.225000000000001 0.392908722162247
v 0.0875000000000006 0.225000000000001 0.395719736814499
v 0.100000000000001 0.225000000000001 0.398182153701782
v 0.1125 0.225000000000001 0.400354593992233
v 0.125000000000001 0.225000000000001 0.402419090270996
v 0.137500000000001 0.225000000000001 0.404565185308456
v 0.150000000000001 0.225000000000001 0.406937807798386
v 0.162500000000001 0.225000000000001 0.40957173705101
v 0.175000000000001 0.225000000000001 0.41248607635498
v 0.187500000000001 0.225000000000001 0.41568586230278
v 0.200000000000001 0.225000000000001 0.419090092182159
v 0.212500000000001 0.225000000000001 0.422564953565598
v 0.225000000000001 0.225000000000001 0.426021009683609
v 0.237500000000001 0.225000000000001 0.429413467645645
v 0.250000000000001 0.225000000000001 0.432691633701324
v 0.262500000000001 0.225000000000001 0.435848325490952
v 0.275000000000001 0.225000000000001 0.438910096883774
v 0.287500000000001 0.225000000000001 0.441941738128662
v 0.300000000000001 0.225000000000001 0.445044606924057
v 0.312500000000001 0.225000000000001 0.448345750570297
v 0.325000000000001 0.225000000000001 0.451936066150665
v 0.337500000000001 0.225000000000001 0.4558966755867
v 0.350000000000001 0.225000000000001 0.460228443145752
v 0.362500000000001 0.225000000000001 0.46488744020462
v 0.375000000000001 0.225000000000001 0.469817399978638
v 0.387500000000001 0.225000000000001 0.47495499253273
v 0.400000000000001 0.225000000000001 0.480252325534821
v 0.412500000000001 0.225000000000001 0.485658228397369
v 0.425000000000001 0.225000000000001 0.491144478321075
v 0.437500000000001 0.225000000000001 0.496717661619186
v 0.450000000000001 0.225000000000001 0.502370655536652
v 0.462500000000001 0.225000000000001 0.508087277412415
v 0.475000000000001 0.225000000000001 0.51385909318924
v 0.487500000000001 0.225000000000001 0.519659101963043
v 0.500000000000001 0.225000000000001 0.525440573692322
v -0.5 0.237500000000001 0.437733262777328
v -0.4875 0.237500000000001 0.432479470968246
v -0.475 0.237500000000001 0.427140712738037
v -0.4625 0.237500000000001 0.421773582696915
v -0.45 0.237500000000001 0.416489452123642
v -0.4375 0.237500000000001 0.411444425582886
v -0.425 0.237500000000001 0.406786531209946
v -0.4125 0.237500000000001 0.402629196643829
v -0.4 0.237500000000001 0.399129301309586
v -0.3875 0.237500000000001 0.396359175443649
v -0.375 0.237500000000001 0.394403636455536
v -0.3625 0.237500000000001 0.393264502286911
v -0.35 0.237500000000001 0.392920792102814
v -0.3375 0.237500000000001 0.393317133188248
v -0.325 0.237500000000001 0.394334495067596
v -0.3125 0.237500000000001 0.395762205123901
v -0.3 0.237500000000001 0.397361397743225
v -0.2875 0.237500000000001 0.398853629827499
v -0.275 0.237500000000001 0.399977058172226
v -0.2625 0.237500000000001 0.400510132312775
v -0.25 0.237500000000001 0.400386542081833
v -0.2375 0.237500000000001 0.399634033441544
v -0.225 0.237500000000001 0.39841228723526
v -0.2125 0.237500000000001 0.397013276815414
v -0.2 0.237500000000001 0.395655125379562
v -0.1875 0.237500000000001 0.394560724496841
v -0.175 0.237500000000001 0.393777459859848
v -0.1625 0.237500000000001 0.393296360969543
v -0.15 0.237500000000001 0.39296618103981
v -0.1375 0.237500000000001 0.392675012350082
v -0.125 0.237500000000001 0.392291009426117
v -0.1125 0.237500000000001 0.391698509454727
v -0.0999999999999996 0.237500000000001 0.390811115503311
v -0.0874999999999996 0.237500000000001 0.389626026153564
v -0.0749999999999996 0.237500000000001 0.388339132070541
v -0.0624999999999996 0.237500000000001 0.387367069721222
v -0.0499999999999996 0.237500000000001 0.387170076370239
v -0.0374999999999996 0.237500000000001 0.388031750917435
v -0.0249999999999996 0.237500000000001 0.389645904302597
v -0.0124999999999996 0.237500000000001 0.391582936048508
v 4.44089209850063e-16 0.237500000000001 0.39352560043335
v 0.0125000000000004 0.237500000000001 0.395461410284042
v 0.0250000000000005 0.237500000000001 0.397552341222763
v 0.0375000000000005 0.237500000000001 0.399958699941635
v 0.0500000000000005 0.237500000000001 0.40262833237648
v 0.0625000000000004 0.237500000000001 0.405327886343002
v 0.0750000000000005 0.237500000000001 0.40780845284462
v 0.0875000000000006 0.237500000000001 0.409886747598648
v 0.100000000000001 0.237500000000001 0.411531358957291
v 0.1125 0.237500000000001 0.412921994924545
v 0.125000000000001 0.237500000000001 0.4143046438694
v 0.137500000000001 0.237500000000001 0.4159095287323
v 0.150000000000001 0.237500000000001 0.417819112539291
v 0.162500000000001 0.237500000000001 0.420061588287354
v 0.175000000000001 0.237500000000001 0.422635078430176
v 0.187500000000001 0.237500000000001 0.425453633069992
v 0.200000000000001 0.237500000000001 0.428428739309311
v 0.212500000000001 0.237500000000001 0.431400746107101
v 0.225000000000001 0.237500000000001 0.434288591146469
v 0.237500000000001 0.237500000000001 0.437095254659653
v 0.250000000000001 0.237500000000001 0.439773559570312
v 0.262500000000001 0.237500000000001 0.44233176112175
v 0.275000000000001 0.237500000000001 0.444822132587433
v 0.287500000000001 0.237500000000001 0.447339922189713
v 0.300000000000001 0.237500000000001 0.450016021728516
v 0.312500000000001 0.237500000000001 0.452977269887924
v 0.325000000000001 0.237500000000001 0.456314712762833
v 0.337500000000001 0.237500000000001 0.460056126117706
v 0.350000000000001 0.237500000000001 0.464183956384659
v 0.362500000000001 0.237500000000001 0.468642711639404
v 0.375000000000001 0.237500000000001 0.473360747098923
v 0.387500000000001 0.237500000000001 0.478274822235107
v 0.400000000000001 0.237500000000001 0.48334151506424
v 0.412500000000001 0.237500000000001 0.488527208566666
v 0.425000000000001 0.237500000000001 0.493812084197998
v 0.437500000000001 0.237500000000001 0.499197870492935
v 0.450000000000001 0.237500000000001 0.504698514938354
v 0.462500000000001 0.237500000000001 0.510292291641235
v 0.475000000000001 0.237500000000001 0.515962243080139
v 0.487500000000001 0.237500000000001 0.521685123443604
v 0.500000000000001 0.237500000000001 0.527421653270721
v -0.5 0.250000000000001 0.446516245603561
v -0.4875 0.250000000000001 0.441125392913818
v -0.475 0.250000000000001 0.435687154531479
v -0.4625 0.250000000000001 0.430253714323044
v -0.45 0.250000000000001 0.424933344125748
v -0.4375 0.250000000000001 0.41986283659935
v -0.425 0.250000000000001 0.415196806192398
v -0.4125 0.250000000000001 0.41105118393898
v -0.4 0.250000000000001 0.407558739185333
v -0.3875 0.250000000000001 0.404837131500244
v -0.375 0.250000000000001 0.402909755706787
v -0.3625 0.250000000000001 0.401774019002914
v -0.35 0.250000000000001 0.401430040597916
v -0.3375 0.250000000000001 0.401816844940186
v -0.325 0.250000000000001 0.402836620807648
v -0.3125 0.250000000000001 0.404316514730453
v -0.3 0.250000000000001 0.406026273965836
v -0.2875 0.250000000000001 0.407706946134567
v -0.275 0.250000000000001 0.409111469984055
v -0.2625 0.250000000000001 0.4099982380867
v -0.25 0.250000000000001 0.410259455442429
v -0.2375 0.250000000000001 0.409887403249741
v -0.225 0.250000000000001 0.409042656421661
v -0.2125 0.250000000000001 0.407944768667221
v -0.2 0.250000000000001 0.406817734241486
v -0.1875 0.250000000000001 0.405853092670441
v -0.175 0.250000000000001 0.405135720968246
v -0.1625 0.250000000000001 0.404714792966843
v -0.15 0.250000000000001 0.404481142759323
v -0.1375 0.250000000000001 0.4043288230896
v -0.125 0.250000000000001 0.404120922088623
v -0.1125 0.250000000000001 0.403713703155518
v -0.0999999999999996 0.250000000000001 0.402945011854172
v -0.0874999999999996 0.250000000000001 0.401771277189255
v -0.0749999999999996 0.250000000000001 0.400462955236435
v -0.0624999999999996 0.250000000000001 0.399605005979538
v -0.0499999999999996 0.250000000000001 0.399826735258102
v -0.0374999999999996 0.250000000000001 0.401374787092209
v -0.0249999999999996 0.250000000000001 0.403861612081528
v -0.0124999999999996 0.250000000000001 0.406621515750885
v 4.44089209850063e-16 0.250000000000001 0.409189701080322
v 0.0125000000000004 0.250000000000001 0.411499589681625
v 0.0250000000000005 0.250000000000001 0.413745790719986
v 0.0375000000000005 0.250000000000001 0.416110426187515
v 0.0500000000000005 0.250000000000001 0.418548107147217
v 0.0625000000000004 0.250000000000001 0.420811027288437
v 0.0750000000000005 0.250000000000001 0.422671288251877
v 0.0875000000000006 0.250000000000001 0.423942625522614
v 0.100000000000001 0.250000000000001 0.424738168716431
v 0.1125 0.250000000000001 0.425334364175797
v 0.125000000000001 0.250000000000001 0.42604398727417
v 0.137500000000001 0.250000000000001 0.427087634801865
v 0.150000000000001 0.250000000000001 0.428533762693405
v 0.162500000000001 0.250000000000001 0.430394411087036
v 0.175000000000001 0.250000000000001 0.43261843919754
v 0.187500000000001 0.250000000000001 0.435057878494263
v 0.200000000000001 0.250000000000001 0.437586396932602
v 0.212500000000001 0.250000000000001 0.440047949552536
v 0.225000000000001 0.250000000000001 0.442370712757111
v 0.237500000000001 0.250000000000001 0.444566577672958
v 0.250000000000001 0.250000000000001 0.446620672941208
v 0.262500000000001 0.250000000000001 0.448566347360611
v 0.275000000000001 0.250000000000001 0.450492709875107
v 0.287500000000001 0.250000000000001 0.452523052692413
v 0.300000000000001 0.250000000000001 0.454807668924332
v 0.312500000000001 0.250000000000001 0.457461506128311
v 0.325000000000001 0.250000000000001 0.460564345121384
v 0.337500000000001 0.250000000000001 0.464105904102325
v 0.350000000000001 0.250000000000001 0.468034267425537
v 0.362500000000001 0.250000000000001 0.472285002470016
v 0.375000000000001 0.250000000000001 0.476791948080063
v 0.387500000000001 0.250000000000001 0.48148900270462
v 0.400000000000001 0.250000000000001 0.486333578824997
v 0.412500000000001 0.250000000000001 0.491315990686417
v 0.425000000000001 0.250000000000001 0.496421009302139
v 0.437500000000001 0.250000000000001 0.50165730714798
v 0.450000000000001 0.250000000000001 0.507033288478851
v 0.462500000000001 0.250000000000001 0.512538135051727
v 0.475000000000001 0.250000000000001 0.518150568008423
v 0.487500000000001 0.250000000000001 0.523842036724091
v 0.500000000000001 0.250000000000001 0.529567837715149
v -0.5 0.262500000000001 0.455758184194565
v -0.4875 0.262500000000001 0.45025697350502
v -0.475 0.262500000000001 0.444740355014801
v -0.4625 0.262500000000001 0.439253896474838
v -0.45 0.262500000000001 0.433898270130157
v -0.4375 0.262500000000001 0.428799241781235
v -0.425 0.262500000000001 0.424115031957626
v -0.4125 0.262500000000001 0.419958204030991
v -0.4 0.262500000000001 0.416460126638412
v -0.3875 0.262500000000001 0.413753986358643
v -0.375 0.262500000000001 0.411826282739639
v -0.3625 0.262500000000001 0.410669714212418
v -0.35 0.262500000000001 0.410300403833389
v -0.3375 0.262500000000001 0.410655170679092
v -0.325 0.262500000000001 0.411621868610382
v -0.3125 0.262500000000001 0.413077890872955
v -0.3 0.262500000000001 0.414801806211472
v -0.2875 0.262500000000001 0.416557550430298
v -0.275 0.262500000000001 0.418120115995407
v -0.2625 0.262500000000001 0.419251829385757
v -0.25 0.262500000000001 0.419822424650192
v -0.2375 0.262500000000001 0.419804006814957
v -0.225 0.262500000000001 0.419311732053757
v -0.2125 0.262500000000001 0.418521791696548
v -0.2 0.262500000000001 0.417626768350601
v -0.1875 0.262500000000001 0.416795939207077
v -0.175 0.262500000000001 0.416147798299789
v -0.1625 0.262500000000001 0.41576361656189
v -0.15 0.262500000000001 0.415596306324005
v -0.1375 0.262500000000001 0.415577977895737
v -0.125 0.262500000000001 0.415584564208984
v -0.1125 0.262500000000001 0.415417671203613
v -0.0999999999999996 0.262500000000001 0.414860159158707
v -0.0874999999999996 0.262500000000001 0.413813680410385
v -0.0749999999999996 0.262500000000001 0.412595331668854
v -0.0624999999999996 0.262500000000001 0.411974906921387
v -0.0499999999999996 0.262500000000001 0.412717163562775
v -0.0374999999999996 0.262500000000001 0.415036022663116
v -0.0249999999999996 0.262500000000001 0.418397814035416
v -0.0124999999999996 0.262500000000001 0.421886265277863
v 4.44089209850063e-16 0.262500000000001 0.424924582242966
v 0.0125000000000004 0.262500000000001 0.427453815937042
v 0.0250000000000005 0.262500000000001 0.429747313261032
v 0.0375000000000005 0.262500000000001 0.431978136301041
v 0.0500000000000005 0.262500000000001 0.434160321950912
v 0.0625000000000004 0.262500000000001 0.436009854078293
v 0.0750000000000005 0.262500000000001 0.437218874692917
v 0.0875000000000006 0.262500000000001 0.437679588794708
v 0.100000000000001 0.262500000000001 0.437591552734375
v 0.1125 0.262500000000001 0.437380403280258
v 0.125000000000001 0.262500000000001 0.437412738800049
v 0.137500000000001 0.262500000000001 0.43790140748024
v 0.150000000000001 0.262500000000001 0.438913643360138
v 0.162500000000001 0.262500000000001 0.440419882535934
v 0.175000000000001 0.262500000000001 0.442318290472031
v 0.187500000000001 0.262500000000001 0.444421589374542
v 0.200000000000001 0.262500000000001 0.44651660323143
v 0.212500000000001 0.262500000000001 0.448460400104523
v 0.225000000000001 0.262500000000001 0.450193881988525
v 0.237500000000001 0.262500000000001 0.451751440763474
v 0.250000000000001 0.262500000000001 0.453173249959946
v 0.262500000000001 0.262500000000001 0.454514890909195
v 0.275000000000001 0.262500000000001 0.455898582935333
v 0.287500000000001 0.262500000000001 0.457482904195786
v 0.300000000000001 0.262500000000001 0.459417194128036
v 0.312500000000001 0.262500000000001 0.461809694766998
v 0.325000000000001 0.262500000000001 0.464687019586563
v 0.337500000000001 0.262500000000001 0.468026369810104
v 0.350000000000001 0.262500000000001 0.471764296293259
v 0.362500000000001 0.262500000000001 0.475814253091812
v 0.375000000000001 0.262500000000001 0.4801025390625
v 0.387500000000001 0.262500000000001 0.484584242105484
v 0.400000000000001 0.262500000000001 0.489229500293732
v 0.412500000000001 0.262500000000001 0.49402904510498
v 0.425000000000001 0.262500000000001 0.498983860015869
v 0.437500000000001 0.262500000000001 0.504096269607544
v 0.450000000000001 0.262500000000001 0.50937694311142
v 0.462500000000001 0.262500000000001 0.514825522899628
v 0.475000000000001 0.262500000000001 0.520413339138031
v 0.487500000000001 0.262500000000001 0.526104390621185
v 0.500000000000001 0.262500000000001 0.531852066516876
v -0.5 0.275000000000001 0.465390264987946
v -0.4875 0.275000000000001 0.459809631109238
v -0.475 0.275000000000001 0.454237848520279
v -0.4625 0.275000000000001 0.448719799518585
v -0.45 0.275000000000001 0.443339884281158
v -0.4375 0.275000000000001 0.4382184445858
v -0.425 0.275000000000001 0.433513969182968
v -0.4125 0.275000000000001 0.429343193769455
v -0.4 0.275000000000001 0.42583104968071
v -0.3875 0.275000000000001 0.423110246658325
v -0.375 0.275000000000001 0.421166270971298
v -0.3625 0.275000000000001 0.419990211725235
v -0.35 0.275000000000001 0.419569492340088
v -0.3375 0.275000000000001 0.419868558645248
v -0.325 0.275000000000001 0.420755475759506
v -0.3125 0.275000000000001 0.42213049530983
v -0.3 0.275000000000001 0.423783779144287
v -0.2875 0.275000000000001 0.425516337156296
v -0.275 0.275000000000001 0.427117347717285
v -0.2625 0.275000000000001 0.428373903036118
v -0.25 0.275000000000001 0.429154604673386
v -0.2375 0.275000000000001 0.429438829421997
v -0.225 0.275000000000001 0.429268896579742
v -0.2125 0.275000000000001 0.428791850805283
v -0.2 0.275000000000001 0.4281285405159
v -0.1875 0.275000000000001 0.427431970834732
v -0.175 0.275000000000001 0.426849663257599
v -0.1625 0.275000000000001 0.426493644714355
v -0.15 0.275000000000001 0.426374673843384
v -0.1375 0.275000000000001 0.426486313343048
v -0.125 0.275000000000001 0.426713198423386
v -0.1125 0.275000000000001 0.426838785409927
v -0.0999999999999996 0.275000000000001 0.426583498716354
v -0.0874999999999996 0.275000000000001 0.425793796777725
v -0.0749999999999996 0.275000000000001 0.424795240163803
v -0.0624999999999996 0.275000000000001 0.424494117498398
v -0.0499999999999996 0.275000000000001 0.425792187452316
v -0.0374999999999996 0.275000000000001 0.428871154785156
v -0.0249999999999996 0.275000000000001 0.432986348867416
v -0.0124999999999996 0.275000000000001 0.437043488025665
v 4.44089209850063e-16 0.275000000000001 0.44036865234375
v 0.0125000000000004 0.275000000000001 0.44299641251564
v 0.0250000000000005 0.275000000000001 0.445242017507553
v 0.0375000000000005 0.275000000000001 0.447323799133301
v 0.0500000000000005 0.275000000000001 0.449245452880859
v 0.0625000000000004 0.275000000000001 0.450658053159714
v 0.0750000000000005 0.275000000000001 0.451192766427994
v 0.0875000000000006 0.275000000000001 0.450779438018799
v 0.100000000000001 0.275000000000001 0.449775069952011
v 0.1125 0.275000000000001 0.448743253946304
v 0.125000000000001 0.275000000000001 0.448116779327393
v 0.137500000000001 0.275000000000001 0.448105245828629
v 0.150000000000001 0.275000000000001 0.44874382019043
v 0.162500000000001 0.275000000000001 0.449991852045059
v 0.175000000000001 0.275000000000001 0.451660633087158
v 0.187500000000001 0.275000000000001 0.453473329544067
v 0.200000000000001 0.275000000000001 0.455164164304733
v 0.212500000000001 0.275000000000001 0.456560045480728
v 0.225000000000001 0.275000000000001 0.457667917013168
v 0.237500000000001 0.275000000000001 0.458578497171402
v 0.250000000000001 0.275000000000001 0.459369331598282
v 0.262500000000001 0.275000000000001 0.460126638412476
v 0.275000000000001 0.275000000000001 0.461006373167038
v 0.287500000000001 0.275000000000001 0.462199032306671
v 0.300000000000001 0.275000000000001 0.463839918375015
v 0.312500000000001 0.275000000000001 0.465997993946075
v 0.325000000000001 0.275000000000001 0.468676656484604
v 0.337500000000001 0.275000000000001 0.471820592880249
v 0.350000000000001 0.275000000000001 0.475354194641113
v 0.362500000000001 0.275000000000001 0.479202657938004
v 0.375000000000001 0.275000000000001 0.483286768198013
v 0.387500000000001 0.275000000000001 0.487567722797394
v 0.400000000000001 0.275000000000001 0.49202761054039
v 0.412500000000001 0.275000000000001 0.496671974658966
v 0.425000000000001 0.275000000000001 0.501500725746155
v 0.437500000000001 0.275000000000001 0.506519973278046
v 0.450000000000001 0.275000000000001 0.511740624904633
v 0.462500000000001 0.275000000000001 0.517157554626465
v 0.475000000000001 0.275000000000001 0.522745788097382
v 0.487500000000001 0.275000000000001 0.528465449810028
v 0.500000000000001 0.275000000000001 0.534251868724823
v -0.5 0.287500000000001 0.475336283445358
v -0.4875 0.287500000000001 0.469709783792496
v -0.475 0.287500000000001 0.464111894369125
v -0.4625 0.287500000000001 0.458584994077682
v -0.45 0.287500000000001 0.453201591968536
v -0.4375 0.287500000000001 0.448075294494629
v -0.425 0.287500000000001 0.443362474441528
v -0.4125 0.287500000000001 0.439177662134171
v -0.4 0.287500000000001 0.435659229755402
v -0.3875 0.287500000000001 0.432905584573746
v -0.375 0.287500000000001 0.430929332971573
v -0.3625 0.287500000000001 0.429723829030991
v -0.35 0.287500000000001 0.429270029067993
v -0.3375 0.287500000000001 0.429489135742188
v -0.325 0.287500000000001 0.430294662714005
v -0.3125 0.287500000000001 0.431550413370132
v -0.3 0.287500000000001 0.433073729276657
v -0.2875 0.287500000000001 0.4346863925457
v -0.275 0.287500000000001 0.436209410429001
v -0.2625 0.287500000000001 0.437469780445099
v -0.25 0.287500000000001 0.438362509012222
v -0.2375 0.287500000000001 0.438861757516861
v -0.225 0.287500000000001 0.438975244760513
v -0.2125 0.287500000000001 0.438802242279053
v -0.2 0.287500000000001 0.438380211591721
v -0.1875 0.287500000000001 0.437844187021255
v -0.175 0.287500000000001 0.43734285235405
v -0.1625 0.287500000000001 0.437020778656006
v -0.15 0.287500000000001 0.436942100524902
v -0.1375 0.287500000000001 0.437155336141586
v -0.125 0.287500000000001 0.437592029571533
v -0.1125 0.287500000000001 0.438041061162949
v -0.0999999999999996 0.287500000000001 0.438177585601807
v -0.0874999999999996 0.287500000000001 0.437750101089478
v -0.0749999999999996 0.287500000000001 0.437078952789307
v -0.0624999999999996 0.287500000000001 0.437146008014679
v -0.0499999999999996 0.287500000000001 0.438983529806137
v -0.0374999999999996 0.287500000000001 0.442726522684097
v -0.0249999999999996 0.287500000000001 0.447432607412338
v -0.0124999999999996 0.287500000000001 0.451869070529938
v 4.44089209850063e-16 0.287500000000001 0.455329030752182
v 0.0125000000000004 0.287500000000001 0.457897901535034
v 0.0250000000000005 0.287500000000001 0.459994792938232
v 0.0375000000000005 0.287500000000001 0.461899191141129
v 0.0500000000000005 0.287500000000001 0.463580429553986
v 0.0625000000000004 0.287500000000001 0.464566916227341
v 0.0750000000000005 0.287500000000001 0.464397668838501
v 0.0875000000000006 0.287500000000001 0.463052004575729
v 0.100000000000001 0.287500000000001 0.4610695540905
v 0.1125 0.287500000000001 0.45919069647789
v 0.125000000000001 0.287500000000001 0.457911163568497
v 0.137500000000001 0.287500000000001 0.457450121641159
v 0.150000000000001 0.287500000000001 0.457841157913208
v 0.162500000000001 0.287500000000001 0.45898848772049
v 0.175000000000001 0.287500000000001 0.460577100515366
v 0.187500000000001 0.287500000000001 0.462159693241119
v 0.200000000000001 0.287500000000001 0.463411241769791
v 0.212500000000001 0.287500000000001 0.464214563369751
v 0.225000000000001 0.287500000000001 0.464647680521011
v 0.237500000000001 0.287500000000001 0.464911460876465
v 0.250000000000001 0.287500000000001 0.465111166238785
v 0.262500000000001 0.287500000000001 0.465346544981003
v 0.275000000000001 0.287500000000001 0.465792417526245
v 0.287500000000001 0.287500000000001 0.466646760702133
v 0.300000000000001 0.287500000000001 0.468038946390152
v 0.312500000000001 0.287500000000001 0.469999641180038
v 0.325000000000001 0.287500000000001 0.472497791051865
v 0.337500000000001 0.287500000000001 0.475455015897751
v 0.350000000000001 0.287500000000001 0.478783428668976
v 0.362500000000001 0.287500000000001 0.482421964406967
v 0.375000000000001 0.287500000000001 0.486313164234161
v 0.387500000000001 0.287500000000001 0.490416377782822
v 0.400000000000001 0.287500000000001 0.494721800088882
v 0.412500000000001 0.287500000000001 0.499237060546875
v 0.425000000000001 0.287500000000001 0.503972113132477
v 0.437500000000001 0.287500000000001 0.508934140205383
v 0.450000000000001 0.287500000000001 0.514124572277069
v 0.462500000000001 0.287500000000001 0.519537448883057
v 0.475000000000001 0.287500000000001 0.525150418281555
v 0.487500000000001 0.287500000000001 0.530913472175598
v 0.500000000000001 0.287500000000001 0.536748230457306
v -0.5 0.300000000000001 0.485532581806183
v -0.4875 0.300000000000001 0.479879766702652
v -0.475 0.300000000000001 0.474285513162613
v -0.4625 0.300000000000001 0.468776911497116
v -0.45 0.300000000000001 0.46341535449028
v -0.4375 0.300000000000001 0.458313763141632
v -0.425 0.300000000000001 0.453607171773911
v -0.4125 0.300000000000001 0.449432611465454
v -0.4 0.300000000000001 0.445905685424805
v -0.3875 0.300000000000001 0.443118870258331
v -0.375 0.300000000000001 0.441117435693741
v -0.3625 0.300000000000001 0.439882010221481
v -0.35 0.300000000000001 0.439392775297165
v -0.3375 0.300000000000001 0.43956333398819
v -0.325 0.300000000000001 0.440272480249405
v -0.3125 0.300000000000001 0.441394090652466
v -0.3 0.300000000000001 0.442741304636002
v -0.2875 0.300000000000001 0.444155514240265
v -0.275 0.300000000000001 0.445494025945663
v -0.2625 0.300000000000001 0.446638107299805
v -0.25 0.300000000000001 0.447522461414337
v -0.2375 0.300000000000001 0.448140859603882
v -0.225 0.300000000000001 0.448478698730469
v -0.2125 0.300000000000001 0.448573410511017
v -0.2 0.300000000000001 0.448407649993896
v -0.1875 0.300000000000001 0.448072582483292
v -0.175 0.300000000000001 0.447698682546616
v -0.1625 0.300000000000001 0.447443306446075
v -0.15 0.300000000000001 0.447422325611115
v -0.1375 0.300000000000001 0.447727024555206
v -0.125 0.300000000000001 0.448334693908691
v -0.1125 0.300000000000001 0.449071496725082
v -0.0999999999999996 0.300000000000001 0.449612706899643
v -0.0874999999999996 0.300000000000001 0.449639707803726
v -0.0749999999999996 0.300000000000001 0.449400424957275
v -0.0624999999999996 0.300000000000001 0.449909657239914
v -0.0499999999999996 0.300000000000001 0.452289491891861
v -0.0374999999999996 0.300000000000001 0.456564247608185
v -0.0249999999999996 0.300000000000001 0.461633026599884
v -0.0124999999999996 0.300000000000001 0.466177225112915
v 4.44089209850063e-16 0.300000000000001 0.469511419534683
v 0.0125000000000004 0.300000000000001 0.471815168857574
v 0.0250000000000005 0.300000000000001 0.473679155111313
v 0.0375000000000005 0.300000000000001 0.47543677687645
v 0.0500000000000005 0.300000000000001 0.476970583200455
v 0.0625000000000004 0.300000000000001 0.477624386548996
v 0.0750000000000005 0.300000000000001 0.476779073476791
v 0.0875000000000006 0.300000000000001 0.474438279867172
v 0.100000000000001 0.300000000000001 0.471391677856445
v 0.1125 0.300000000000001 0.468613386154175
v 0.125000000000001 0.300000000000001 0.46671661734581
v 0.137500000000001 0.300000000000001 0.465930283069611
v 0.150000000000001 0.300000000000001 0.466262638568878
v 0.162500000000001 0.300000000000001 0.467500686645508
v 0.175000000000001 0.300000000000001 0.469144642353058
v 0.187500000000001 0.300000000000001 0.470520973205566
v 0.200000000000001 0.300000000000001 0.471208870410919
v 0.212500000000001 0.300000000000001 0.471222698688507
v 0.225000000000001 0.300000000000001 0.470931053161621
v 0.237500000000001 0.300000000000001 0.470591068267822
v 0.250000000000001 0.300000000000001 0.470284074544907
v 0.262500000000001 0.300000000000001 0.470090121030807
v 0.275000000000001 0.300000000000001 0.470189869403839
v 0.287500000000001 0.300000000000001 0.470784664154053
v 0.300000000000001 0.300000000000001 0.471984475851059
v 0.312500000000001 0.300000000000001 0.473778814077377
v 0.325000000000001 0.300000000000001 0.476107209920883
v 0.337500000000001 0.300000000000001 0.478878825902939
v 0.350000000000001 0.300000000000001 0.482013434171677
v 0.362500000000001 0.300000000000001 0.485451698303223
v 0.375000000000001 0.300000000000001 0.489161789417267
v 0.387500000000001 0.300000000000001 0.493113666772842
v 0.400000000000001 0.300000000000001 0.497298151254654
v 0.412500000000001 0.300000000000001 0.501725673675537
v 0.425000000000001 0.300000000000001 0.506404221057892
v 0.437500000000001 0.300000000000001 0.511339128017426
v 0.450000000000001 0.300000000000001 0.516535580158234
v 0.462500000000001 0.300000000000001 0.521974980831146
v 0.475000000000001 0.300000000000001 0.527627885341644
v 0.487500000000001 0.300000000000001 0.533441543579102
v 0.500000000000001 0.300000000000001 0.539328098297119
v -0.5 0.312500000000001 0.495900720357895
v -0.4875 0.312500000000001 0.490253746509552
v -0.475 0.312500000000001 0.484684079885483
v -0.4625 0.312500000000001 0.479217261075974
v -0.45 0.312500000000001 0.473908960819244
v -0.4375 0.312500000000001 0.468857437372208
v -0.425 0.312500000000001 0.464190006256104
v -0.4125 0.312500000000001 0.460045903921127
v -0.4 0.312500000000001 0.456517904996872
v -0.3875 0.312500000000001 0.453709423542023
v -0.375 0.312500000000001 0.451691150665283
v -0.3625 0.312500000000001 0.450445890426636
v -0.35 0.312500000000001 0.449928611516953
v -0.3375 0.312500000000001 0.450064957141876
v -0.325 0.312500000000001 0.450705498456955
v -0.3125 0.312500000000001 0.4516781270504
v -0.3 0.312500000000001 0.452824890613556
v -0.2875 0.312500000000001 0.453986614942551
v -0.275 0.312500000000001 0.455042839050293
v -0.2625 0.312500000000001 0.455942720174789
v -0.25 0.312500000000001 0.456678628921509
v -0.2375 0.312500000000001 0.457292765378952
v -0.225 0.312500000000001 0.457767397165298
v -0.2125 0.312500000000001 0.458071291446686
v -0.2 0.312500000000001 0.458163946866989
v -0.1875 0.312500000000001 0.458058893680573
v -0.175 0.312500000000001 0.4578857421875
v -0.1625 0.312500000000001 0.457781702280045
v -0.15 0.312500000000001 0.457894623279572
v -0.1375 0.312500000000001 0.458314508199692
v -0.125 0.312500000000001 0.459048479795456
v -0.1125 0.312500000000001 0.459984868764877
v -0.0999999999999996 0.312500000000001 0.460875809192657
v -0.0874999999999996 0.312500000000001 0.461436569690704
v -0.0749999999999996 0.312500000000001 0.461927324533463
v -0.0624999999999996 0.312500000000001 0.463223189115524
v -0.0499999999999996 0.312500000000001 0.466221630573273
v -0.0374999999999996 0.312500000000001 0.470707893371582
v -0.0249999999999996 0.312500000000001 0.475599020719528
v -0.0124999999999996 0.312500000000001 0.47969189286232
v 4.44089209850063e-16 0.312500000000001 0.48248216509819
v 0.0125000000000004 0.312500000000001 0.48431071639061
v 0.0250000000000005 0.312500000000001 0.485939413309097
v 0.0375000000000005 0.312500000000001 0.487700372934341
v 0.0500000000000005 0.312500000000001 0.489255040884018
v 0.0625000000000004 0.312500000000001 0.489722341299057
v 0.0750000000000005 0.312500000000001 0.488319486379623
v 0.0875000000000006 0.312500000000001 0.485052406787872
v 0.100000000000001 0.312500000000001 0.480946063995361
v 0.1125 0.312500000000001 0.477291733026505
v 0.125000000000001 0.312500000000001 0.474914044141769
v 0.137500000000001 0.312500000000001 0.474095582962036
v 0.150000000000001 0.312500000000001 0.474740266799927
v 0.162500000000001 0.312500000000001 0.476407438516617
v 0.175000000000001 0.312500000000001 0.478190898895264
v 0.187500000000001 0.312500000000001 0.479069799184799
v 0.200000000000001 0.312500000000001 0.478666692972183
v 0.212500000000001 0.312500000000001 0.477486699819565
v 0.225000000000001 0.312500000000001 0.476337045431137
v 0.237500000000001 0.312500000000001 0.475464880466461
v 0.250000000000001 0.312500000000001 0.474770843982697
v 0.262500000000001 0.312500000000001 0.474262803792953
v 0.275000000000001 0.312500000000001 0.474136263132095
v 0.287500000000001 0.312500000000001 0.474568843841553
v 0.300000000000001 0.312500000000001 0.475626200437546
v 0.312500000000001 0.312500000000001 0.47728043794632
v 0.325000000000001 0.312500000000001 0.479454100131989
v 0.337500000000001 0.312500000000001 0.482058763504028
v 0.350000000000001 0.312500000000001 0.485016405582428
v 0.362500000000001 0.312500000000001 0.488278359174728
v 0.375000000000001 0.312500000000001 0.491828173398972
v 0.387500000000001 0.312500000000001 0.495655983686447
v 0.400000000000001 0.312500000000001 0.49975523352623
v 0.412500000000001 0.312500000000001 0.504133522510529
v 0.425000000000001 0.312500000000001 0.508796870708466
v 0.437500000000001 0.312500000000001 0.513749718666077
v 0.450000000000001 0.312500000000001 0.518982648849487
v 0.462500000000001 0.312500000000001 0.524475038051605
v 0.475000000000001 0.312500000000001 0.530180215835571
v 0.487500000000001 0.312500000000001 0.536048352718353
v 0.500000000000001 0.312500000000001 0.541987836360931
v -0.5 0.325000000000001 0.506367623806
v -0.4875 0.325000000000001 0.500748991966248
v -0.475 0.325000000000001 0.495227634906769
v -0.4625 0.325000000000001 0.489829152822495
v -0.45 0.325000000000001 0.48460379242897
v -0.4375 0.325000000000001 0.479629993438721
v -0.425 0.325000000000001 0.475039780139923
v -0.4125 0.325000000000001 0.470937222242355
v -0.4 0.325000000000001 0.46743306517601
v -0.3875 0.325000000000001 0.464622795581818
v -0.375 0.325000000000001 0.462601989507675
v -0.3625 0.325000000000001 0.461359649896622
v -0.35 0.325000000000001 0.4608413875103
v -0.3375 0.325000000000001 0.460956394672394
v -0.325 0.325000000000001 0.461544990539551
v -0.3125 0.325000000000001 0.462402164936066
v -0.3 0.325000000000001 0.463325023651123
v -0.2875 0.325000000000001 0.464197367429733
v -0.275 0.325000000000001 0.464876651763916
v -0.2625 0.325000000000001 0.465395539999008
v -0.25 0.325000000000001 0.465824574232101
v -0.2375 0.325000000000001 0.46627351641655
v -0.225 0.325000000000001 0.466746896505356
v -0.2125 0.325000000000001 0.46717569231987
v -0.2 0.325000000000001 0.467459261417389
v -0.1875 0.325000000000001 0.467604219913483
v -0.175 0.325000000000001 0.467711299657822
v -0.1625 0.325000000000001 0.467897802591324
v -0.15 0.325000000000001 0.468300491571426
v -0.1375 0.325000000000001 0.468978226184845
v -0.125 0.325000000000001 0.469927132129669
v -0.1125 0.325000000000001 0.471111446619034
v -0.0999999999999996 0.325000000000001 0.472412675619125
v -0.0874999999999996 0.325000000000001 0.473861753940582
v -0.0749999999999996 0.325000000000001 0.475978583097458
v -0.0624999999999996 0.325000000000001 0.4791519343853
v -0.0499999999999996 0.325000000000001 0.482817620038986
v -0.0374999999999996 0.325000000000001 0.486307233572006
v -0.0249999999999996 0.325000000000001 0.489482134580612
v -0.0124999999999996 0.325000000000001 0.491943269968033
v 4.44089209850063e-16 0.325000000000001 0.493535190820694
v 0.0125000000000004 0.325000000000001 0.494749277830124
v 0.0250000000000005 0.325000000000001 0.496318817138672
v 0.0375000000000005 0.325000000000001 0.498347848653793
v 0.0500000000000005 0.325000000000001 0.500164151191711
v 0.0625000000000004 0.325000000000001 0.50068587064743
v 0.0750000000000005 0.325000000000001 0.499002069234848
v 0.0875000000000006 0.325000000000001 0.495162010192871
v 0.100000000000001 0.325000000000001 0.490395992994308
v 0.1125 0.325000000000001 0.486374378204346
v 0.125000000000001 0.325000000000001 0.48426166176796
v 0.137500000000001 0.325000000000001 0.484352648258209
v 0.150000000000001 0.325000000000001 0.486275404691696
v 0.162500000000001 0.325000000000001 0.488923758268356
v 0.175000000000001 0.325000000000001 0.490570276975632
v 0.187500000000001 0.325000000000001 0.489760547876358
v 0.200000000000001 0.325000000000001 0.4867222905159
v 0.212500000000001 0.325000000000001 0.483231782913208
v 0.225000000000001 0.325000000000001 0.480806171894073
v 0.237500000000001 0.325000000000001 0.479423820972443
v 0.250000000000001 0.325000000000001 0.478502720594406
v 0.262500000000001 0.325000000000001 0.477846205234528
v 0.275000000000001 0.325000000000001 0.477610319852829
v 0.287500000000001 0.325000000000001 0.477954477071762
v 0.300000000000001 0.325000000000001 0.478924095630646
v 0.312500000000001 0.325000000000001 0.480471134185791
v 0.325000000000001 0.325000000000001 0.482515066862106
v 0.337500000000001 0.325000000000001 0.484969109296799
v 0.350000000000001 0.325000000000001 0.487775713205338
v 0.362500000000001 0.325000000000001 0.490894377231598
v 0.375000000000001 0.325000000000001 0.494320958852768
v 0.387500000000001 0.325000000000001 0.498061567544937
v 0.400000000000001 0.325000000000001 0.502114236354828
v 0.412500000000001 0.325000000000001 0.506481170654297
v 0.425000000000001 0.325000000000001 0.511165380477905
v 0.437500000000001 0.325000000000001 0.516167163848877
v 0.450000000000001 0.325000000000001 0.521462619304657
v 0.462500000000001 0.325000000000001 0.527019917964935
v 0.475000000000001 0.325000000000001 0.532793045043945
v 0.487500000000001 0.325000000000001 0.538716614246368
v 0.500000000000001 0.325000000000001 0.544717907905579
v -0.5 0.337500000000001 0.516876697540283
v -0.4875 0.337500000000001 0.511288106441498
v -0.475 0.337500000000001 0.505834519863129
v -0.4625 0.337500000000001 0.500525176525116
v -0.45 0.337500000000001 0.495400667190552
v -0.4375 0.337500000000001 0.490547180175781
v -0.425 0.337500000000001 0.486049890518188
v -0.4125 0.337500000000001 0.482013136148453
v -0.4 0.337500000000001 0.478562265634537
v -0.3875 0.337500000000001 0.475788563489914
v -0.375 0.337500000000001 0.473779767751694
v -0.3625 0.337500000000001 0.472554981708527
v -0.35 0.337500000000001 0.472059786319733
v -0.3375 0.337500000000001 0.472172975540161
v -0.325 0.337500000000001 0.472719013690948
v -0.3125 0.337500000000001 0.473483890295029
v -0.3 0.337500000000001 0.474210262298584
v -0.2875 0.337500000000001 0.474736899137497
v -0.275 0.337500000000001 0.474956035614014
v -0.2625 0.337500000000001 0.474951267242432
v -0.25 0.337500000000001 0.474894434213638
v -0.2375 0.337500000000001 0.47497946023941
v -0.225 0.337500000000001 0.475240796804428
v -0.2125 0.337500000000001 0.475620120763779
v -0.2 0.337500000000001 0.476001113653183
v -0.1875 0.337500000000001 0.476358503103256
v -0.175 0.337500000000001 0.476785898208618
v -0.1625 0.337500000000001 0.477408021688461
v -0.15 0.337500000000001 0.478362292051315
v -0.1375 0.337500000000001 0.479721158742905
v -0.125 0.337500000000001 0.481473982334137
v -0.1125 0.337500000000001 0.483630239963531
v -0.0999999999999996 0.337500000000001 0.486347109079361
v -0.0874999999999996 0.337500000000001 0.490382671356201
v -0.0749999999999996 0.337500000000001 0.496820271015167
v -0.0624999999999996 0.337500000000001 0.504042625427246
v -0.0499999999999996 0.337500000000001 0.507172763347626
v -0.0374999999999996 0.337500000000001 0.505714535713196
v -0.0249999999999996 0.337500000000001 0.503415107727051
v -0.0124999999999996 0.337500000000001 0.502059459686279
v 4.44089209850063e-16 0.337500000000001 0.501624226570129
v 0.0125000000000004 0.337500000000001 0.502231538295746
v 0.0250000000000005 0.337500000000001 0.504088521003723
v 0.0375000000000005 0.337500000000001 0.506761074066162
v 0.0500000000000005 0.337500000000001 0.509175717830658
v 0.0625000000000004 0.337500000000001 0.510123729705811
v 0.0750000000000005 0.337500000000001 0.508814513683319
v 0.0875000000000006 0.337500000000001 0.505459785461426
v 0.100000000000001 0.337500000000001 0.501527547836304
v 0.1125 0.337500000000001 0.499192088842392
v 0.125000000000001 0.337500000000001 0.500011265277863
v 0.137500000000001 0.337500000000001 0.503866791725159
v 0.150000000000001 0.337500000000001 0.509214818477631
v 0.162500000000001 0.337500000000001 0.513381600379944
v 0.175000000000001 0.337500000000001 0.513220012187958
v 0.187500000000001 0.337500000000001 0.507173836231232
v 0.200000000000001 0.337500000000001 0.49758106470108
v 0.212500000000001 0.337500000000001 0.489212721586227
v 0.225000000000001 0.337500000000001 0.484586089849472
v 0.237500000000001 0.337500000000001 0.482553631067276
v 0.250000000000001 0.337500000000001 0.481483191251755
v 0.262500000000001 0.337500000000001 0.480818808078766
v 0.275000000000001 0.337500000000001 0.480612367391586
v 0.287500000000001 0.337500000000001 0.480971336364746
v 0.300000000000001 0.337500000000001 0.481910794973373
v 0.312500000000001 0.337500000000001 0.483371496200562
v 0.325000000000001 0.337500000000001 0.485301584005356
v 0.337500000000001 0.337500000000001 0.487629234790802
v 0.350000000000001 0.337500000000001 0.49030813574791
v 0.362500000000001 0.337500000000001 0.493317514657974
v 0.375000000000001 0.337500000000001 0.496658951044083
v 0.387500000000001 0.337500000000001 0.500345647335052
v 0.400000000000001 0.337500000000001 0.504389047622681
v 0.412500000000001 0.337500000000001 0.508780002593994
v 0.425000000000001 0.337500000000001 0.513518750667572
v 0.437500000000001 0.337500000000001 0.518591582775116
v 0.450000000000001 0.337500000000001 0.523969113826752
v 0.462500000000001 0.337500000000001 0.529604017734528
v 0.475000000000001 0.337500000000001 0.535453259944916
v 0.487500000000001 0.337500000000001 0.541444718837738
v 0.500000000000001 0.337500000000001 0.547506034374237
v -0.5 0.350000000000001 0.527389228343964
v -0.4875 0.350000000000001 0.521813333034515
v -0.475 0.350000000000001 0.516434192657471
v -0.4625 0.350000000000001 0.511220633983612
v -0.45 0.350000000000001 0.506222367286682
v -0.4375 0.350000000000001 0.501486837863922
v -0.425 0.350000000000001 0.497104465961456
v -0.4125 0.350000000000001 0.493170469999313
v -0.4 0.350000000000001 0.489797204732895
v -0.3875 0.350000000000001 0.487087219953537
v -0.375 0.350000000000001 0.485116958618164
v -0.3625 0.350000000000001 0.483929842710495
v -0.35 0.350000000000001 0.483467489480972
v -0.3375 0.350000000000001 0.48359751701355
v -0.325 0.350000000000001 0.484124630689621
v -0.3125 0.350000000000001 0.484795868396759
v -0.3 0.350000000000001 0.485334128141403
v -0.2875 0.350000000000001 0.485500305891037
v -0.275 0.350000000000001 0.485169649124146
v -0.2625 0.350000000000001 0.484499782323837
v -0.25 0.350000000000001 0.483768284320831
v -0.2375 0.350000000000001 0.483229547739029
v -0.225 0.350000000000001 0.483017593622208
v -0.2125 0.350000000000001 0.483105033636093
v -0.2 0.350000000000001 0.483392328023911
v -0.1875 0.350000000000001 0.483848571777344
v -0.175 0.350000000000001 0.484573572874069
v -0.1625 0.350000000000001 0.4857457280159
v -0.15 0.350000000000001 0.487626522779465
v -0.1375 0.350000000000001 0.490488827228546
v -0.125 0.350000000000001 0.494600117206573
v -0.1125 0.350000000000001 0.500298678874969
v -0.0999999999999996 0.350000000000001 0.508337914943695
v -0.0874999999999996 0.350000000000001 0.52052766084671
v -0.0749999999999996 0.350000000000001 0.538139820098877
v -0.0624999999999996 0.350000000000001 0.553257167339325
v -0.0499999999999996 0.350000000000001 0.550429821014404
v -0.0374999999999996 0.350000000000001 0.533622920513153
v -0.0249999999999996 0.350000000000001 0.518506705760956
v -0.0124999999999996 0.350000000000001 0.510012447834015
v 4.44089209850063e-16 0.350000000000001 0.506549656391144
v 0.0125000000000004 0.350000000000001 0.506533086299896
v 0.0250000000000005 0.350000000000001 0.508960545063019
v 0.0375000000000005 0.350000000000001 0.512595117092133
v 0.0500000000000005 0.350000000000001 0.515952050685883
v 0.0625000000000004 0.350000000000001 0.517877042293549
v 0.0750000000000005 0.350000000000001 0.518068969249725
v 0.0875000000000006 0.350000000000001 0.517399847507477
v 0.100000000000001 0.350000000000001 0.518164277076721
v 0.1125 0.350000000000001 0.523705899715424
v 0.125000000000001 0.350000000000001 0.535635650157928
v 0.137500000000001 0.350000000000001 0.550720453262329
v 0.150000000000001 0.350000000000001 0.563017666339874
v 0.162500000000001 0.350000000000001 0.566922187805176
v 0.175000000000001 0.350000000000001 0.558498859405518
v 0.187500000000001 0.350000000000001 0.538212716579437
v 0.200000000000001 0.350000000000001 0.51392787694931
v 0.212500000000001 0.350000000000001 0.496225088834763
v 0.225000000000001 0.350000000000001 0.488041967153549
v 0.237500000000001 0.350000000000001 0.485084027051926
v 0.250000000000001 0.350000000000001 0.483893215656281
v 0.262500000000001 0.350000000000001 0.483323305845261
v 0.275000000000001 0.350000000000001 0.483249634504318
v 0.287500000000001 0.350000000000001 0.483691662549973
v 0.300000000000001 0.350000000000001 0.484647959470749
v 0.312500000000001 0.350000000000001 0.486060917377472
v 0.325000000000001 0.350000000000001 0.487892538309097
v 0.337500000000001 0.350000000000001 0.490109741687775
v 0.350000000000001 0.350000000000001 0.492679446935654
v 0.362500000000001 0.350000000000001 0.495600312948227
v 0.375000000000001 0.350000000000001 0.49889013171196
v 0.387500000000001 0.350000000000001 0.502555191516876
v 0.400000000000001 0.350000000000001 0.506619036197662
v 0.412500000000001 0.350000000000001 0.511063396930695
v 0.425000000000001 0.350000000000001 0.515877068042755
v 0.437500000000001 0.350000000000001 0.521042227745056
v 0.450000000000001 0.350000000000001 0.526507139205933
v 0.462500000000001 0.350000000000001 0.532227218151093
v 0.475000000000001 0.350000000000001 0.538166105747223
v 0.487500000000001 0.350000000000001 0.544224381446838
v 0.500000000000001 0.350000000000001 0.550325095653534
v -0.5 0.362500000000001 0.537871181964874
v -0.4875 0.362500000000001 0.532320201396942
v -0.475 0.362500000000001 0.526968419551849
v -0.4625 0.362500000000001 0.521858394145966
v -0.45 0.362500000000001 0.516970098018646
v -0.4375 0.362500000000001 0.512352466583252
v -0.425 0.362500000000001 0.508095264434814
v -0.4125 0.362500000000001 0.504282891750336
v -0.4 0.362500000000001 0.501013457775116
v -0.3875 0.362500000000001 0.49838525056839
v -0.375 0.362500000000001 0.496474742889404
v -0.3625 0.362500000000001 0.4953433573246
v -0.35 0.362500000000001 0.494917690753937
v -0.3375 0.362500000000001 0.495070934295654
v -0.325 0.362500000000001 0.495582401752472
v -0.3125 0.362500000000001 0.496161133050919
v -0.3 0.362500000000001 0.496487617492676
v -0.2875 0.362500000000001 0.496266841888428
v -0.275 0.362500000000001 0.495341449975967
v -0.2625 0.362500000000001 0.493866980075836
v -0.25 0.362500000000001 0.492243498563766
v -0.2375 0.362500000000001 0.490823954343796
v -0.225 0.362500000000001 0.489849179983139
v -0.2125 0.362500000000001 0.489354908466339
v -0.2 0.362500000000001 0.48927441239357
v -0.1875 0.362500000000001 0.489603132009506
v -0.175 0.362500000000001 0.490473479032516
v -0.1625 0.362500000000001 0.492208063602448
v -0.15 0.362500000000001 0.495417207479477
v -0.1375 0.362500000000001 0.501018166542053
v -0.125 0.362500000000001 0.510356843471527
v -0.1125 0.362500000000001 0.525351524353027
v -0.0999999999999996 0.362500000000001 0.549012124538422
v -0.0874999999999996 0.362500000000001 0.586465537548065
v -0.0749999999999996 0.362500000000001 0.63926374912262
v -0.0624999999999996 0.362500000000001 0.672306954860687
v -0.0499999999999996 0.362500000000001 0.637847721576691
v -0.0374999999999996 0.362500000000001 0.578124940395355
v -0.0249999999999996 0.362500000000001 0.538593113422394
v -0.0124999999999996 0.362500000000001 0.519280791282654
v 4.44089209850063e-16 0.362500000000001 0.511675238609314
v 0.0125000000000004 0.362500000000001 0.510656952857971
v 0.0250000000000005 0.362500000000001 0.513499081134796
v 0.0375000000000005 0.362500000000001 0.518049895763397
v 0.0500000000000005 0.362500000000001 0.522432386875153
v 0.0625000000000004 0.362500000000001 0.525716185569763
v 0.0750000000000005 0.362500000000001 0.52853262424469
v 0.0875000000000006 0.362500000000001 0.533489406108856
v 0.100000000000001 0.362500000000001 0.546044826507568
v 0.1125 0.362500000000001 0.573993623256683
v 0.125000000000001 0.362500000000001 0.616843223571777
v 0.137500000000001 0.362500000000001 0.657346963882446
v 0.150000000000001 0.362500000000001 0.679341495037079
v 0.162500000000001 0.362500000000001 0.673399865627289
v 0.175000000000001 0.362500000000001 0.639114141464233
v 0.187500000000001 0.362500000000001 0.585948884487152
v 0.200000000000001 0.362500000000001 0.534805178642273
v 0.212500000000001 0.362500000000001 0.503644645214081
v 0.225000000000001 0.362500000000001 0.491225332021713
v 0.237500000000001 0.362500000000001 0.487303227186203
v 0.250000000000001 0.362500000000001 0.486021339893341
v 0.262500000000001 0.362500000000001 0.485618591308594
v 0.275000000000001 0.362500000000001 0.4857317507267
v 0.287500000000001 0.362500000000001 0.486285507678986
v 0.300000000000001 0.362500000000001 0.487264961004257
v 0.312500000000001 0.362500000000001 0.488635361194611
v 0.325000000000001 0.362500000000001 0.490384876728058
v 0.337500000000001 0.362500000000001 0.492495149374008
v 0.350000000000001 0.362500000000001 0.494980543851852
v 0.362500000000001 0.362500000000001 0.497839897871017
v 0.375000000000001 0.362500000000001 0.501094579696655
v 0.387500000000001 0.362500000000001 0.504753410816193
v 0.400000000000001 0.362500000000001 0.508858680725098
v 0.412500000000001 0.362500000000001 0.513371229171753
v 0.425000000000001 0.362500000000001 0.518274426460266
v 0.437500000000001 0.362500000000001 0.523531377315521
v 0.450000000000001 0.362500000000001 0.529087841510773
v 0.462500000000001 0.362500000000001 0.534907758235931
v 0.475000000000001 0.362500000000001 0.54091876745224
v 0.487500000000001 0.362500000000001 0.547027766704559
v 0.500000000000001 0.362500000000001 0.553164303302765
v -0.5 0.375000000000001 0.548289477825165
v -0.4875 0.375000000000001 0.542760074138641
v -0.475 0.375000000000001 0.537445902824402
v -0.4625 0.375000000000001 0.532373249530792
v -0.45 0.375000000000001 0.527575075626373
v -0.4375 0.375000000000001 0.523066341876984
v -0.425 0.375000000000001 0.518923938274384
v -0.4125 0.375000000000001 0.515227437019348
v -0.4 0.375000000000001 0.512066543102264
v -0.3875 0.375000000000001 0.509534001350403
v -0.375 0.375000000000001 0.507699608802795
v -0.3625 0.375000000000001 0.506616711616516
v -0.35 0.375000000000001 0.506224632263184
v -0.3375 0.375000000000001 0.506389737129211
v -0.325 0.375000000000001 0.506867170333862
v -0.3125 0.375000000000001 0.507333755493164
v -0.3 0.375000000000001 0.507422685623169
v -0.2875 0.375000000000001 0.506765425205231
v -0.275 0.375000000000001 0.505193531513214
v -0.2625 0.375000000000001 0.502825915813446
v -0.25 0.375000000000001 0.500111877918243
v -0.2375 0.375000000000001 0.497583359479904
v -0.225 0.375000000000001 0.495570957660675
v -0.2125 0.375000000000001 0.494195282459259
v -0.2 0.375000000000001 0.493439495563507
v -0.1875 0.375000000000001 0.493328481912613
v -0.175 0.375000000000001 0.494067341089249
v -0.1625 0.375000000000001 0.496175974607468
v -0.15 0.375000000000001 0.500830829143524
v -0.1375 0.375000000000001 0.510219871997833
v -0.125 0.375000000000001 0.528165996074677
v -0.1125 0.375000000000001 0.561277985572815
v -0.0999999999999996 0.375000000000001 0.621865928173065
v -0.0874999999999996 0.375000000000001 0.72614586353302
v -0.0749999999999996 0.375000000000001 0.845868527889252
v -0.0624999999999996 0.375000000000001 0.865477681159973
v -0.0499999999999996 0.375000000000001 0.749217212200165
v -0.0374999999999996 0.375000000000001 0.631284415721893
v -0.0249999999999996 0.375000000000001 0.567953944206238
v -0.0124999999999996 0.375000000000001 0.538262724876404
v 4.44089209850063e-16 0.375000000000001 0.525798738002777
v 0.0125000000000004 0.375000000000001 0.522761285305023
v 0.0250000000000005 0.375000000000001 0.52506685256958
v 0.0375000000000005 0.375000000000001 0.529759883880615
v 0.0500000000000005 0.375000000000001 0.534621179103851
v 0.0625000000000004 0.375000000000001 0.539028644561768
v 0.0750000000000005 0.375000000000001 0.544923186302185
v 0.0875000000000006 0.375000000000001 0.557678282260895
v 0.100000000000001 0.375000000000001 0.588577091693878
v 0.1125 0.375000000000001 0.652462422847748
v 0.125000000000001 0.375000000000001 0.741483867168427
v 0.137500000000001 0.375000000000001 0.817547261714935
v 0.150000000000001 0.375000000000001 0.850063323974609
v 0.162500000000001 0.375000000000001 0.822016894817352
v 0.175000000000001 0.375000000000001 0.740751326084137
v 0.187500000000001 0.375000000000001 0.637004315853119
v 0.200000000000001 0.375000000000001 0.552451848983765
v 0.212500000000001 0.375000000000001 0.509141743183136
v 0.225000000000001 0.375000000000001 0.493847191333771
v 0.237500000000001 0.375000000000001 0.489395916461945
v 0.250000000000001 0.375000000000001 0.488148421049118
v 0.262500000000001 0.375000000000001 0.487950325012207
v 0.275000000000001 0.375000000000001 0.488244444131851
v 0.287500000000001 0.375000000000001 0.488895654678345
v 0.300000000000001 0.375000000000001 0.489883869886398
v 0.312500000000001 0.375000000000001 0.491207897663116
v 0.325000000000001 0.375000000000001 0.492875725030899
v 0.337500000000001 0.375000000000001 0.4948990046978
v 0.350000000000001 0.375000000000001 0.497301310300827
v 0.362500000000001 0.375000000000001 0.500111520290375
v 0.375000000000001 0.375000000000001 0.503349304199219
v 0.387500000000001 0.375000000000001 0.507026970386505
v 0.400000000000001 0.375000000000001 0.511174201965332
v 0.412500000000001 0.375000000000001 0.515750586986542
v 0.425000000000001 0.375000000000001 0.520739376544952
v 0.437500000000001 0.375000000000001 0.526091516017914
v 0.450000000000001 0.375000000000001 0.53173553943634
v 0.462500000000001 0.375000000000001 0.537635624408722
v 0.475000000000001 0.375000000000001 0.543698787689209
v 0.487500000000001 0.375000000000001 0.549847602844238
v 0.500000000000001 0.375000000000001 0.556013107299805
v -0.5 0.387500000000001 0.558629989624023
v -0.4875 0.387500000000001 0.55311506986618
v -0.475 0.387500000000001 0.547823488712311
v -0.4625 0.387500000000001 0.542767703533173
v -0.45 0.387500000000001 0.537999868392944
v -0.4375 0.387500000000001 0.533563792705536
v -0.425 0.387500000000001 0.529507279396057
v -0.4125 0.387500000000001 0.525903165340424
v -0.4 0.387500000000001 0.522835671901703
v -0.3875 0.387500000000001 0.520384430885315
v -0.375 0.387500000000001 0.518617570400238
v -0.3625 0.387500000000001 0.517561912536621
v -0.35 0.387500000000001 0.5171839594841
v -0.3375 0.387500000000001 0.517327845096588
v -0.325 0.387500000000001 0.517731845378876
v -0.3125 0.387500000000001 0.518040180206299
v -0.3 0.387500000000001 0.51784211397171
v -0.2875 0.387500000000001 0.516715466976166
v -0.275 0.387500000000001 0.514422595500946
v -0.2625 0.387500000000001 0.511101424694061
v -0.25 0.387500000000001 0.50722074508667
v -0.2375 0.387500000000001 0.503412067890167
v -0.225 0.387500000000001 0.500169157981873
v -0.2125 0.387500000000001 0.497680485248566
v -0.2 0.387500000000001 0.495979130268097
v -0.1875 0.387500000000001 0.495121538639069
v -0.175 0.387500000000001 0.495362102985382
v -0.1625 0.387500000000001 0.497436851263046
v -0.15 0.387500000000001 0.503040134906769
v -0.1375 0.387500000000001 0.515769183635712
v -0.125 0.387500000000001 0.542887091636658
v -0.1125 0.387500000000001 0.599477291107178
v -0.0999999999999996 0.387500000000001 0.714632928371429
v -0.0874999999999996 0.387500000000001 0.887798130512238
v -0.0749999999999996 0.387500000000001 1.01516962051392
v -0.0624999999999996 0.387500000000001 0.998496830463409
v -0.0499999999999996 0.387500000000001 0.853066146373749
v -0.0374999999999996 0.387500000000001 0.712959945201874
v -0.0249999999999996 0.387500000000001 0.63173645734787
v -0.0124999999999996 0.387500000000001 0.590245068073273
v 4.44089209850063e-16 0.387500000000001 0.570298194885254
v 0.0125000000000004 0.387500000000001 0.56256514787674
v 0.0250000000000005 0.387500000000001 0.561904609203339
v 0.0375000000000005 0.387500000000001 0.564465582370758
v 0.0500000000000005 0.387500000000001 0.567562758922577
v 0.0625000000000004 0.387500000000001 0.571255028247833
v 0.0750000000000005 0.387500000000001 0.579274594783783
v 0.0875000000000006 0.387500000000001 0.599811017513275
v 0.100000000000001 0.387500000000001 0.648496747016907
v 0.1125 0.387500000000001 0.744870603084564
v 0.125000000000001 0.387500000000001 0.873340308666229
v 0.137500000000001 0.387500000000001 0.965367317199707
v 0.150000000000001 0.387500000000001 0.973546147346497
v 0.162500000000001 0.387500000000001 0.904422402381897
v 0.175000000000001 0.387500000000001 0.790285229682922
v 0.187500000000001 0.387500000000001 0.659798979759216
v 0.200000000000001 0.387500000000001 0.558287501335144
v 0.212500000000001 0.387500000000001 0.51112312078476
v 0.225000000000001 0.387500000000001 0.495744943618774
v 0.237500000000001 0.387500000000001 0.491472810506821
v 0.250000000000001 0.387500000000001 0.490436941385269
v 0.262500000000001 0.387500000000001 0.490437805652618
v 0.275000000000001 0.387500000000001 0.490874618291855
v 0.287500000000001 0.387500000000001 0.491587460041046
v 0.300000000000001 0.387500000000001 0.492564290761948
v 0.312500000000001 0.387500000000001 0.493840306997299
v 0.325000000000001 0.387500000000001 0.495434761047363
v 0.337500000000001 0.387500000000001 0.497384458780289
v 0.350000000000001 0.387500000000001 0.499724626541138
v 0.362500000000001 0.387500000000001 0.502500057220459
v 0.375000000000001 0.387500000000001 0.505729913711548
v 0.387500000000001 0.387500000000001 0.509429275989532
v 0.400000000000001 0.387500000000001 0.51362419128418
v 0.412500000000001 0.387500000000001 0.518270194530487
v 0.425000000000001 0.387500000000001 0.523324429988861
v 0.437500000000001 0.387500000000001 0.528742730617523
v 0.450000000000001 0.387500000000001 0.534455955028534
v 0.462500000000001 0.387500000000001 0.540410816669464
v 0.475000000000001 0.387500000000001 0.546507358551025
v 0.487500000000001 0.387500000000001 0.55267995595932
v 0.500000000000001 0.387500000000001 0.558859765529633
v -0.5 0.400000000000001 0.568917453289032
v -0.4875 0.400000000000001 0.563387632369995
v -0.475 0.400000000000001 0.558082759380341
v -0.4625 0.400000000000001 0.553025960922241
v -0.45 0.400000000000001 0.548250496387482
v -0.4375 0.400000000000001 0.543829381465912
v -0.425 0.400000000000001 0.539804100990295
v -0.4125 0.400000000000001 0.536247253417969
v -0.4 0.400000000000001 0.533228516578674
v -0.3875 0.400000000000001 0.530822694301605
v -0.375 0.400000000000001 0.529083907604218
v -0.3625 0.400000000000001 0.52801913022995
v -0.35 0.400000000000001 0.527606606483459
v -0.3375 0.400000000000001 0.527673065662384
v -0.325 0.400000000000001 0.527945518493652
v -0.3125 0.400000000000001 0.52802962064743
v -0.3 0.400000000000001 0.527485013008118
v -0.2875 0.400000000000001 0.525834202766418
v -0.275 0.400000000000001 0.522801101207733
v -0.2625 0.400000000000001 0.51850813627243
v -0.25 0.400000000000001 0.513467609882355
v -0.2375 0.400000000000001 0.508380830287933
v -0.225 0.400000000000001 0.503863036632538
v -0.2125 0.400000000000001 0.500171482563019
v -0.2 0.400000000000001 0.497395426034927
v -0.1875 0.400000000000001 0.495603322982788
v -0.175 0.400000000000001 0.495059102773666
v -0.1625 0.400000000000001 0.496539175510406
v -0.15 0.400000000000001 0.501932859420776
v -0.1375 0.400000000000001 0.515471518039703
v -0.125 0.400000000000001 0.546324074268341
v -0.1125 0.400000000000001 0.615762174129486
v -0.0999999999999996 0.400000000000001 0.761813163757324
v -0.0874999999999996 0.400000000000001 0.948864102363586
v -0.0749999999999996 0.400000000000001 1.05691170692444
v -0.0624999999999996 0.400000000000001 1.0586416721344
v -0.0499999999999996 0.400000000000001 0.980568587779999
v -0.0374999999999996 0.400000000000001 0.881251752376556
v -0.0249999999999996 0.400000000000001 0.802160739898682
v -0.0124999999999996 0.400000000000001 0.750818431377411
v 4.44089209850063e-16 0.400000000000001 0.719576954841614
v 0.0125000000000004 0.400000000000001 0.70076447725296
v 0.0250000000000005 0.400000000000001 0.689187943935394
v 0.0375000000000005 0.400000000000001 0.680462539196014
v 0.0500000000000005 0.400000000000001 0.671945571899414
v 0.0625000000000004 0.400000000000001 0.665617227554321
v 0.0750000000000005 0.400000000000001 0.668850362300873
v 0.0875000000000006 0.400000000000001 0.693826675415039
v 0.100000000000001 0.400000000000001 0.759296476840973
v 0.1125 0.400000000000001 0.878533363342285
v 0.125000000000001 0.400000000000001 0.999472796916962
v 0.137500000000001 0.400000000000001 1.03368508815765
v 0.150000000000001 0.400000000000001 0.984217464923859
v 0.162500000000001 0.400000000000001 0.885039746761322
v 0.175000000000001 0.400000000000001 0.768934369087219
v 0.187500000000001 0.400000000000001 0.646582782268524
v 0.200000000000001 0.400000000000001 0.55199807882309
v 0.212500000000001 0.400000000000001 0.510374367237091
v 0.225000000000001 0.400000000000001 0.497211456298828
v 0.237500000000001 0.400000000000001 0.493604570627213
v 0.250000000000001 0.400000000000001 0.492852777242661
v 0.262500000000001 0.400000000000001 0.493026345968246
v 0.275000000000001 0.400000000000001 0.49356484413147
v 0.287500000000001 0.400000000000001 0.494326919317245
v 0.300000000000001 0.400000000000001 0.495311588048935
v 0.312500000000001 0.400000000000001 0.49655681848526
v 0.325000000000001 0.400000000000001 0.498103708028793
v 0.337500000000001 0.400000000000001 0.500004947185516
v 0.350000000000001 0.400000000000001 0.502310216426849
v 0.362500000000001 0.400000000000001 0.505062758922577
v 0.375000000000001 0.400000000000001 0.508295059204102
v 0.387500000000001 0.400000000000001 0.512028634548187
v 0.400000000000001 0.400000000000001 0.516268134117126
v 0.412500000000001 0.400000000000001 0.520957469940186
v 0.425000000000001 0.400000000000001 0.526055514812469
v 0.437500000000001 0.400000000000001 0.531512439250946
v 0.450000000000001 0.400000000000001 0.537264764308929
v 0.462500000000001 0.400000000000001 0.54324072599411
v 0.475000000000001 0.400000000000001 0.549348950386047
v 0.487500000000001 0.400000000000001 0.555528938770294
v 0.500000000000001 0.400000000000001 0.561709880828857
v -0.5 0.412500000000001 0.579203486442566
v -0.4875 0.412500000000001 0.573631703853607
v -0.475 0.412500000000001 0.568280339241028
v -0.4625 0.412500000000001 0.563181817531586
v -0.45 0.412500000000001 0.558370769023895
v -0.4375 0.412500000000001 0.553901672363281
v -0.425 0.412500000000001 0.549849510192871
v -0.4125 0.412500000000001 0.546261787414551
v -0.4 0.412500000000001 0.543227851390839
v -0.3875 0.412500000000001 0.540798366069794
v -0.375 0.412500000000001 0.539022445678711
v -0.3625 0.412500000000001 0.537895143032074
v -0.35 0.412500000000001 0.537366330623627
v -0.3375 0.412500000000001 0.537283003330231
v -0.325 0.412500000000001 0.537347733974457
v -0.3125 0.412500000000001 0.537132561206818
v -0.3 0.412500000000001 0.536182403564453
v -0.2875 0.412500000000001 0.533967971801758
v -0.275 0.412500000000001 0.530203402042389
v -0.2625 0.412500000000001 0.525008738040924
v -0.25 0.412500000000001 0.518929421901703
v -0.2375 0.412500000000001 0.512728691101074
v -0.225 0.412500000000001 0.507071733474731
v -0.2125 0.412500000000001 0.502304494380951
v -0.2 0.412500000000001 0.498525530099869
v -0.1875 0.412500000000001 0.495807737112045
v -0.175 0.412500000000001 0.494369596242905
v -0.1625 0.412500000000001 0.494886606931686
v -0.15 0.412500000000001 0.499016761779785
v -0.1375 0.412500000000001 0.510391116142273
v -0.125 0.412500000000001 0.536891400814056
v -0.1125 0.412500000000001 0.597307741641998
v -0.0999999999999996 0.412500000000001 0.728543937206268
v -0.0874999999999996 0.412500000000001 0.904463768005371
v -0.0749999999999996 0.412500000000001 1.00370681285858
v -0.0624999999999996 0.412500000000001 1.02340114116669
v -0.0499999999999996 0.412500000000001 1.01881337165833
v -0.0374999999999996 0.412500000000001 1.00851619243622
v -0.0249999999999996 0.412500000000001 0.998049378395081
v -0.0124999999999996 0.412500000000001 0.990895092487335
v 4.44089209850063e-16 0.412500000000001 0.983082115650177
v 0.0125000000000004 0.412500000000001 0.968994557857513
v 0.0250000000000005 0.412500000000001 0.946986138820648
v 0.0375000000000005 0.412500000000001 0.917662918567657
v 0.0500000000000005 0.412500000000001 0.883950650691986
v 0.0625000000000004 0.412500000000001 0.853920578956604
v 0.0750000000000005 0.412500000000001 0.84001487493515
v 0.0875000000000006 0.412500000000001 0.856090366840363
v 0.100000000000001 0.412500000000001 0.910990715026855
v 0.1125 0.412500000000001 0.983389317989349
v 0.125000000000001 0.412500000000001 1.01658999919891
v 0.137500000000001 0.412500000000001 0.994321286678314
v 0.150000000000001 0.412500000000001 0.926081836223602
v 0.162500000000001 0.412500000000001 0.82395213842392
v 0.175000000000001 0.412500000000001 0.721034228801727
v 0.187500000000001 0.412500000000001 0.614424705505371
v 0.200000000000001 0.412500000000001 0.539935708045959
v 0.212500000000001 0.412500000000001 0.508658230304718
v 0.225000000000001 0.412500000000001 0.498610585927963
v 0.237500000000001 0.412500000000001 0.495805948972702
v 0.250000000000001 0.412500000000001 0.495292633771896
v 0.262500000000001 0.412500000000001 0.495586305856705
v 0.275000000000001 0.412500000000001 0.496211260557175
v 0.287500000000001 0.412500000000001 0.497042387723923
v 0.300000000000001 0.412500000000001 0.498075097799301
v 0.312500000000001 0.412500000000001 0.499342173337936
v 0.325000000000001 0.412500000000001 0.500897109508514
v 0.337500000000001 0.412500000000001 0.502798199653625
v 0.350000000000001 0.412500000000001 0.505101382732391
v 0.362500000000001 0.412500000000001 0.507856488227844
v 0.375000000000001 0.412500000000001 0.511108100414276
v 0.387500000000001 0.412500000000001 0.514862954616547
v 0.400000000000001 0.412500000000001 0.519123256206512
v 0.412500000000001 0.412500000000001 0.523836612701416
v 0.425000000000001 0.412500000000001 0.528952777385712
v 0.437500000000001 0.412500000000001 0.534425795078278
v 0.450000000000001 0.412500000000001 0.540183782577515
v 0.462500000000001 0.412500000000001 0.546141803264618
v 0.475000000000001 0.412500000000001 0.552233338356018
v 0.487500000000001 0.412500000000001 0.55838942527771
v 0.500000000000001 0.412500000000001 0.564549028873444
v -0.5 0.425000000000001 0.589489758014679
v -0.4875 0.425000000000001 0.583857476711273
v -0.475 0.425000000000001 0.578433811664581
v -0.4625 0.425000000000001 0.573255360126495
v -0.45 0.425000000000001 0.568366467952728
v -0.4375 0.425000000000001 0.563818097114563
v -0.425 0.425000000000001 0.559666514396667
v -0.4125 0.425000000000001 0.555994510650635
v -0.4 0.425000000000001 0.552859306335449
v -0.3875 0.425000000000001 0.550328552722931
v -0.375 0.425000000000001 0.548437058925629
v -0.3625 0.425000000000001 0.54716819524765
v -0.35 0.425000000000001 0.546449184417725
v -0.3375 0.425000000000001 0.54612398147583
v -0.325 0.425000000000001 0.54588657617569
v -0.3125 0.425000000000001 0.54530256986618
v -0.3 0.425000000000001 0.543881416320801
v -0.2875 0.425000000000001 0.541098117828369
v -0.275 0.425000000000001 0.536664962768555
v -0.2625 0.425000000000001 0.530723035335541
v -0.25 0.425000000000001 0.523838520050049
v -0.2375 0.425000000000001 0.516815006732941
v -0.225 0.425000000000001 0.510336995124817
v -0.2125 0.425000000000001 0.504768311977386
v -0.2 0.425000000000001 0.500256836414337
v -0.1875 0.425000000000001 0.496843546628952
v -0.175 0.425000000000001 0.494687229394913
v -0.1625 0.425000000000001 0.494294255971909
v -0.15 0.425000000000001 0.496851205825806
v -0.1375 0.425000000000001 0.504803001880646
v -0.125 0.425000000000001 0.523133873939514
v -0.1125 0.425000000000001 0.562783658504486
v -0.0999999999999996 0.425000000000001 0.648085713386536
v -0.0874999999999996 0.425000000000001 0.789510250091553
v -0.0749999999999996 0.425000000000001 0.906018257141113
v -0.0624999999999996 0.425000000000001 0.940609931945801
v -0.0499999999999996 0.425000000000001 0.943519294261932
v -0.0374999999999996 0.425000000000001 0.956884980201721
v -0.0249999999999996 0.425000000000001 0.979566752910614
v -0.0124999999999996 0.425000000000001 1.00431728363037
v 4.44089209850063e-16 0.425000000000001 1.02464532852173
v 0.0125000000000004 0.425000000000001 1.03510177135468
v 0.0250000000000005 0.425000000000001 1.03390669822693
v 0.0375000000000005 0.425000000000001 1.02177298069
v 0.0500000000000005 0.425000000000001 0.99991911649704
v 0.0625000000000004 0.425000000000001 0.970963299274445
v 0.0750000000000005 0.425000000000001 0.942340493202209
v 0.0875000000000006 0.425000000000001 0.926867485046387
v 0.100000000000001 0.425000000000001 0.932782173156738
v 0.1125 0.425000000000001 0.949627876281738
v 0.125000000000001 0.425000000000001 0.951321303844452
v 0.137500000000001 0.425000000000001 0.914404809474945
v 0.150000000000001 0.425000000000001 0.837770581245422
v 0.162500000000001 0.425000000000001 0.748896777629852
v 0.175000000000001 0.425000000000001 0.660920262336731
v 0.187500000000001 0.425000000000001 0.577897608280182
v 0.200000000000001 0.425000000000001 0.528132617473602
v 0.212500000000001 0.425000000000001 0.507241368293762
v 0.225000000000001 0.425000000000001 0.500127077102661
v 0.237500000000001 0.425000000000001 0.498027175664902
v 0.250000000000001 0.425000000000001 0.497681677341461
v 0.262500000000001 0.425000000000001 0.498046159744263
v 0.275000000000001 0.425000000000001 0.498764663934708
v 0.287500000000001 0.425000000000001 0.499709695577621
v 0.300000000000001 0.425000000000001 0.500842213630676
v 0.312500000000001 0.425000000000001 0.502195656299591
v 0.325000000000001 0.425000000000001 0.503822565078735
v 0.337500000000001 0.425000000000001 0.505781352519989
v 0.350000000000001 0.425000000000001 0.508125483989716
v 0.362500000000001 0.425000000000001 0.510905921459198
v 0.375000000000001 0.425000000000001 0.51416951417923
v 0.387500000000001 0.425000000000001 0.51794022321701
v 0.400000000000001 0.425000000000001 0.522209107875824
v 0.412500000000001 0.425000000000001 0.526928067207336
v 0.425000000000001 0.425000000000001 0.532045900821686
v 0.437500000000001 0.425000000000001 0.53749942779541
v 0.450000000000001 0.425000000000001 0.543224334716797
v 0.462500000000001 0.425000000000001 0.54913055896759
v 0.475000000000001 0.425000000000001 0.555156469345093
v 0.487500000000001 0.425000000000001 0.561259686946869
v 0.500000000000001 0.425000000000001 0.567380249500275
v -0.5 0.437500000000001 0.59983092546463
v -0.4875 0.437500000000001 0.59412282705307
v -0.475 0.437500000000001 0.588603615760803
v -0.4625 0.437500000000001 0.58331710100174
v -0.45 0.437500000000001 0.578310906887054
v -0.4375 0.437500000000001 0.573637723922729
v -0.425 0.437500000000001 0.569344460964203
v -0.4125 0.437500000000001 0.56550407409668
v -0.4 0.437500000000001 0.562204539775848
v -0.3875 0.437500000000001 0.559493958950043
v -0.375 0.437500000000001 0.5573970079422
v -0.3625 0.437500000000001 0.555900275707245
v -0.35 0.437500000000001 0.554905414581299
v -0.3375 0.437500000000001 0.554255902767181
v -0.325 0.437500000000001 0.55362331867218
v -0.3125 0.437500000000001 0.552598237991333
v -0.3 0.437500000000001 0.550676167011261
v -0.2875 0.437500000000001 0.547351062297821
v -0.275 0.437500000000001 0.542364299297333
v -0.2625 0.437500000000001 0.535885989665985
v -0.25 0.437500000000001 0.528506577014923
v -0.2375 0.437500000000001 0.521014392375946
v -0.225 0.437500000000001 0.514107048511505
v -0.2125 0.437500000000001 0.508147895336151
v -0.2 0.437500000000001 0.503282964229584
v -0.1875 0.437500000000001 0.499554544687271
v -0.175 0.437500000000001 0.497047990560532
v -0.1625 0.437500000000001 0.496107637882233
v -0.15 0.437500000000001 0.49746161699295
v -0.1375 0.437500000000001 0.502477526664734
v -0.125 0.437500000000001 0.513637721538544
v -0.1125 0.437500000000001 0.535486102104187
v -0.0999999999999996 0.437500000000001 0.577571034431458
v -0.0874999999999996 0.437500000000001 0.653934895992279
v -0.0749999999999996 0.437500000000001 0.755774915218353
v -0.0624999999999996 0.437500000000001 0.835297405719757
v -0.0499999999999996 0.437500000000001 0.870697021484375
v -0.0374999999999996 0.437500000000001 0.889553070068359
v -0.0249999999999996 0.437500000000001 0.914074540138245
v -0.0124999999999996 0.437500000000001 0.944231688976288
v 4.44089209850063e-16 0.437500000000001 0.972632527351379
v 0.0125000000000004 0.437500000000001 0.992560029029846
v 0.0250000000000005 0.437500000000001 1.00025820732117
v 0.0375000000000005 0.437500000000001 0.994306743144989
v 0.0500000000000005 0.437500000000001 0.973597228527069
v 0.0625000000000004 0.437500000000001 0.937425255775452
v 0.0750000000000005 0.437500000000001 0.89110654592514
v 0.0875000000000006 0.437500000000001 0.849931538105011
v 0.100000000000001 0.437500000000001 0.827642917633057
v 0.1125 0.437500000000001 0.821234703063965
v 0.125000000000001 0.437500000000001 0.809791564941406
v 0.137500000000001 0.437500000000001 0.774933516979218
v 0.150000000000001 0.437500000000001 0.720383822917938
v 0.162500000000001 0.437500000000001 0.660882771015167
v 0.175000000000001 0.437500000000001 0.598675072193146
v 0.187500000000001 0.437500000000001 0.548420131206512
v 0.200000000000001 0.437500000000001 0.519741475582123
v 0.212500000000001 0.437500000000001 0.506803691387177
v 0.225000000000001 0.437500000000001 0.501939117908478
v 0.237500000000001 0.437500000000001 0.500346601009369
v 0.250000000000001 0.437500000000001 0.500086426734924
v 0.262500000000001 0.437500000000001 0.500503957271576
v 0.275000000000001 0.437500000000001 0.501326382160187
v 0.287500000000001 0.437500000000001 0.502406895160675
v 0.300000000000001 0.437500000000001 0.50368732213974
v 0.312500000000001 0.437500000000001 0.505180180072784
v 0.325000000000001 0.437500000000001 0.506932258605957
v 0.337500000000001 0.437500000000001 0.508981943130493
v 0.350000000000001 0.437500000000001 0.511388182640076
v 0.362500000000001 0.437500000000001 0.514210402965546
v 0.375000000000001 0.437500000000001 0.517495453357697
v 0.387500000000001 0.437500000000001 0.52127879858017
v 0.400000000000001 0.437500000000001 0.525539517402649
v 0.412500000000001 0.437500000000001 0.53023761510849
v 0.425000000000001 0.437500000000001 0.535315692424774
v 0.437500000000001 0.437500000000001 0.54071307182312
v 0.450000000000001 0.437500000000001 0.54636687040329
v 0.462500000000001 0.437500000000001 0.552193343639374
v 0.475000000000001 0.437500000000001 0.558139026165009
v 0.487500000000001 0.437500000000001 0.564153790473938
v 0.500000000000001 0.437500000000001 0.570205390453339
v -0.5 0.450000000000001 0.610273957252502
v -0.4875 0.450000000000001 0.604493081569672
v -0.475 0.450000000000001 0.598869919776917
v -0.4625 0.450000000000001 0.593453526496887
v -0.45 0.450000000000001 0.58830451965332
v -0.4375 0.450000000000001 0.583464741706848
v -0.425 0.450000000000001 0.578992605209351
v -0.4125 0.450000000000001 0.574949383735657
v -0.4 0.450000000000001 0.571407735347748
v -0.3875 0.450000000000001 0.56844824552536
v -0.375 0.450000000000001 0.566076457500458
v -0.3625 0.450000000000001 0.564263463020325
v -0.35 0.450000000000001 0.562917470932007
v -0.3375 0.450000000000001 0.561857163906097
v -0.325 0.450000000000001 0.560757756233215
v -0.3125 0.450000000000001 0.559218525886536
v -0.3 0.450000000000001 0.556779861450195
v -0.2875 0.450000000000001 0.552962779998779
v -0.275 0.450000000000001 0.547561645507812
v -0.2625 0.450000000000001 0.54078209400177
v -0.25 0.450000000000001 0.533213078975677
v -0.2375 0.450000000000001 0.525621831417084
v -0.225 0.450000000000001 0.518680989742279
v -0.2125 0.450000000000001 0.512744843959808
v -0.2 0.450000000000001 0.507934987545013
v -0.1875 0.450000000000001 0.504267752170563
v -0.175 0.450000000000001 0.501803338527679
v -0.1625 0.450000000000001 0.500745892524719
v -0.15 0.450000000000001 0.501452445983887
v -0.1375 0.450000000000001 0.504539668560028
v -0.125 0.450000000000001 0.510954201221466
v -0.1125 0.450000000000001 0.522046029567719
v -0.0999999999999996 0.450000000000001 0.540326774120331
v -0.0874999999999996 0.450000000000001 0.570420265197754
v -0.0749999999999996 0.450000000000001 0.617337644100189
v -0.0624999999999996 0.450000000000001 0.678657174110413
v -0.0499999999999996 0.450000000000001 0.74001133441925
v -0.0374999999999996 0.450000000000001 0.789828658103943
v -0.0249999999999996 0.450000000000001 0.829531311988831
v -0.0124999999999996 0.450000000000001 0.863458633422852
v 4.44089209850063e-16 0.450000000000001 0.891644477844238
v 0.0125000000000004 0.450000000000001 0.910214066505432
v 0.0250000000000005 0.450000000000001 0.913537919521332
v 0.0375000000000005 0.450000000000001 0.897264897823334
v 0.0500000000000005 0.450000000000001 0.860235631465912
v 0.0625000000000004 0.450000000000001 0.80728816986084
v 0.0750000000000005 0.450000000000001 0.752193212509155
v 0.0875000000000006 0.450000000000001 0.710279583930969
v 0.100000000000001 0.450000000000001 0.686512589454651
v 0.1125 0.450000000000001 0.675249934196472
v 0.125000000000001 0.450000000000001 0.665825545787811
v 0.137500000000001 0.450000000000001 0.648457944393158
v 0.150000000000001 0.450000000000001 0.62139505147934
v 0.162500000000001 0.450000000000001 0.588999569416046
v 0.175000000000001 0.450000000000001 0.556662380695343
v 0.187500000000001 0.450000000000001 0.531497120857239
v 0.200000000000001 0.450000000000001 0.51584404706955
v 0.212500000000001 0.450000000000001 0.507826268672943
v 0.225000000000001 0.450000000000001 0.504363715648651
v 0.237500000000001 0.450000000000001 0.503031075000763
v 0.250000000000001 0.450000000000001 0.502761006355286
v 0.262500000000001 0.450000000000001 0.503193318843842
v 0.275000000000001 0.450000000000001 0.504094004631042
v 0.287500000000001 0.450000000000001 0.505303561687469
v 0.300000000000001 0.450000000000001 0.506747722625732
v 0.312500000000001 0.450000000000001 0.508402109146118
v 0.325000000000001 0.450000000000001 0.510288417339325
v 0.337500000000001 0.450000000000001 0.5124431848526
v 0.350000000000001 0.450000000000001 0.514925420284271
v 0.362500000000001 0.450000000000001 0.517794728279114
v 0.375000000000001 0.450000000000001 0.521098911762238
v 0.387500000000001 0.450000000000001 0.524877488613129
v 0.400000000000001 0.450000000000001 0.529107749462128
v 0.412500000000001 0.450000000000001 0.533755242824554
v 0.425000000000001 0.450000000000001 0.538762807846069
v 0.437500000000001 0.450000000000001 0.544068217277527
v 0.450000000000001 0.450000000000001 0.549608170986176
v 0.462500000000001 0.450000000000001 0.555321514606476
v 0.475000000000001 0.450000000000001 0.561157166957855
v 0.487500000000001 0.450000000000001 0.567075610160828
v 0.500000000000001 0.450000000000001 0.573042213916779
v -0.5 0.462500000000001 0.62087744474411
v -0.4875 0.462500000000001 0.615030229091644
v -0.475 0.462500000000001 0.609310269355774
v -0.4625 0.462500000000001 0.603767156600952
v -0.45 0.462500000000001 0.59845632314682
v -0.4375 0.462500000000001 0.593432128429413
v -0.425 0.462500000000001 0.588750064373016
v -0.4125 0.462500000000001 0.584474742412567
v -0.4 0.462500000000001 0.580671966075897
v -0.3875 0.462500000000001 0.577400207519531
v -0.375 0.462500000000001 0.574696063995361
v -0.3625 0.462500000000001 0.572508990764618
v -0.35 0.462500000000001 0.570731341838837
v -0.3375 0.462500000000001 0.569180309772491
v -0.325 0.462500000000001 0.567559659481049
v -0.3125 0.462500000000001 0.565462410449982
v -0.3 0.462500000000001 0.562488734722137
v -0.2875 0.462500000000001 0.55823141336441
v -0.275 0.462500000000001 0.55254852771759
v -0.2625 0.462500000000001 0.545674264431
v -0.25 0.462500000000001 0.538188934326172
v -0.2375 0.462500000000001 0.530818521976471
v -0.225 0.462500000000001 0.52417927980423
v -0.2125 0.462500000000001 0.518588542938232
v -0.2 0.462500000000001 0.514135360717773
v -0.1875 0.462500000000001 0.51081919670105
v -0.175 0.462500000000001 0.508658587932587
v -0.1625 0.462500000000001 0.507728219032288
v -0.15 0.462500000000001 0.50812554359436
v -0.1375 0.462500000000001 0.510001540184021
v -0.125 0.462500000000001 0.513501286506653
v -0.1125 0.462500000000001 0.51883190870285
v -0.0999999999999996 0.462500000000001 0.526575565338135
v -0.0874999999999996 0.462500000000001 0.538271546363831
v -0.0749999999999996 0.462500000000001 0.556678414344788
v -0.0624999999999996 0.462500000000001 0.584519386291504
v -0.0499999999999996 0.462500000000001 0.620539784431458
v -0.0374999999999996 0.462500000000001 0.658434510231018
v -0.0249999999999996 0.462500000000001 0.692383766174316
v -0.0124999999999996 0.462500000000001 0.720068395137787
v 4.44089209850063e-16 0.462500000000001 0.740579545497894
v 0.0125000000000004 0.462500000000001 0.751966178417206
v 0.0250000000000005 0.462500000000001 0.750756442546844
v 0.0375000000000005 0.462500000000001 0.734738290309906
v 0.0500000000000005 0.462500000000001 0.70662647485733
v 0.0625000000000004 0.462500000000001 0.674881458282471
v 0.0750000000000005 0.462500000000001 0.648830831050873
v 0.0875000000000006 0.462500000000001 0.632152080535889
v 0.100000000000001 0.462500000000001 0.622669875621796
v 0.1125 0.462500000000001 0.61587929725647
v 0.125000000000001 0.462500000000001 0.607180297374725
v 0.137500000000001 0.462500000000001 0.59359484910965
v 0.150000000000001 0.462500000000001 0.575695037841797
v 0.162500000000001 0.462500000000001 0.556686580181122
v 0.175000000000001 0.462500000000001 0.539375722408295
v 0.187500000000001 0.462500000000001 0.525727272033691
v 0.200000000000001 0.462500000000001 0.516198813915253
v 0.212500000000001 0.462500000000001 0.510569393634796
v 0.225000000000001 0.462500000000001 0.507714211940765
v 0.237500000000001 0.462500000000001 0.506386935710907
v 0.250000000000001 0.462500000000001 0.506022393703461
v 0.262500000000001 0.462500000000001 0.506392180919647
v 0.275000000000001 0.462500000000001 0.507316052913666
v 0.287500000000001 0.462500000000001 0.508622109889984
v 0.300000000000001 0.462500000000001 0.510200083255768
v 0.312500000000001 0.462500000000001 0.511990368366241
v 0.325000000000001 0.462500000000001 0.513997375965118
v 0.337500000000001 0.462500000000001 0.51624858379364
v 0.350000000000001 0.462500000000001 0.51879358291626
v 0.362500000000001 0.462500000000001 0.521688461303711
v 0.375000000000001 0.462500000000001 0.524988293647766
v 0.387500000000001 0.462500000000001 0.528733253479004
v 0.400000000000001 0.462500000000001 0.532904624938965
v 0.412500000000001 0.462500000000001 0.537466824054718
v 0.425000000000001 0.462500000000001 0.542369782924652
v 0.437500000000001 0.462500000000001 0.54755026102066
v 0.450000000000001 0.462500000000001 0.552948296070099
v 0.462500000000001 0.462500000000001 0.558521807193756
v 0.475000000000001 0.462500000000001 0.564224660396576
v 0.487500000000001 0.462500000000001 0.570030987262726
v 0.500000000000001 0.462500000000001 0.575916051864624
v -0.5 0.475000000000001 0.631695687770844
v -0.4875 0.475000000000001 0.625806450843811
v -0.475 0.475000000000001 0.620004951953888
v -0.4625 0.475000000000001 0.614346206188202
v -0.45 0.475000000000001 0.608886659145355
v -0.4375 0.475000000000001 0.603676319122314
v -0.425 0.475000000000001 0.598784148693085
v -0.4125 0.475000000000001 0.594269454479218
v -0.4 0.475000000000001 0.590189456939697
v -0.3875 0.475000000000001 0.586596131324768
v -0.375 0.475000000000001 0.583504319190979
v -0.3625 0.475000000000001 0.580897748470306
v -0.35 0.475000000000001 0.578644514083862
v -0.3375 0.475000000000001 0.576551079750061
v -0.325 0.475000000000001 0.574349105358124
v -0.3125 0.475000000000001 0.571659088134766
v -0.3 0.475000000000001 0.568146646022797
v -0.2875 0.475000000000001 0.56348717212677
v -0.275 0.475000000000001 0.557620048522949
v -0.2625 0.475000000000001 0.55080384016037
v -0.25 0.475000000000001 0.543597638607025
v -0.2375 0.475000000000001 0.536660969257355
v -0.225 0.475000000000001 0.530531883239746
v -0.2125 0.475000000000001 0.525480449199677
v -0.2 0.475000000000001 0.521547317504883
v -0.1875 0.475000000000001 0.518696963787079
v -0.175 0.475000000000001 0.516884386539459
v -0.1625 0.475000000000001 0.51605224609375
v -0.15 0.475000000000001 0.516144752502441
v -0.1375 0.475000000000001 0.51705926656723
v -0.125 0.475000000000001 0.518655955791473
v -0.1125 0.475000000000001 0.520899295806885
v -0.0999999999999996 0.475000000000001 0.524188935756683
v -0.0874999999999996 0.475000000000001 0.529687106609344
v -0.0749999999999996 0.475000000000001 0.539332211017609
v -0.0624999999999996 0.475000000000001 0.554929912090302
v -0.0499999999999996 0.475000000000001 0.576087117195129
v -0.0374999999999996 0.475000000000001 0.599481046199799
v -0.0249999999999996 0.475000000000001 0.62093061208725
v -0.0124999999999996 0.475000000000001 0.637966752052307
v 4.44089209850063e-16 0.475000000000001 0.649815380573273
v 0.0125000000000004 0.475000000000001 0.656053006649017
v 0.0250000000000005 0.475000000000001 0.656119763851166
v 0.0375000000000005 0.475000000000001 0.650030553340912
v 0.0500000000000005 0.475000000000001 0.639638900756836
v 0.0625000000000004 0.475000000000001 0.628639221191406
v 0.0750000000000005 0.475000000000001 0.620339214801788
v 0.0875000000000006 0.475000000000001 0.615413129329681
v 0.100000000000001 0.475000000000001 0.611908733844757
v 0.1125 0.475000000000001 0.606857776641846
v 0.125000000000001 0.475000000000001 0.597679793834686
v 0.137500000000001 0.475000000000001 0.583591759204865
v 0.150000000000001 0.475000000000001 0.56674998998642
v 0.162500000000001 0.475000000000001 0.550695896148682
v 0.175000000000001 0.475000000000001 0.537524104118347
v 0.187500000000001 0.475000000000001 0.527426481246948
v 0.200000000000001 0.475000000000001 0.519997775554657
v 0.212500000000001 0.475000000000001 0.515105962753296
v 0.225000000000001 0.475000000000001 0.512231290340424
v 0.237500000000001 0.475000000000001 0.510673642158508
v 0.250000000000001 0.475000000000001 0.510099112987518
v 0.262500000000001 0.475000000000001 0.510328352451324
v 0.275000000000001 0.475000000000001 0.511207044124603
v 0.287500000000001 0.475000000000001 0.512546062469482
v 0.300000000000001 0.475000000000001 0.514198958873749
v 0.312500000000001 0.475000000000001 0.516080796718597
v 0.325000000000001 0.475000000000001 0.518166542053223
v 0.337500000000001 0.475000000000001 0.520469963550568
v 0.350000000000001 0.475000000000001 0.523038804531097
v 0.362500000000001 0.475000000000001 0.525923371315002
v 0.375000000000001 0.475000000000001 0.529183864593506
v 0.387500000000001 0.475000000000001 0.532856166362762
v 0.400000000000001 0.475000000000001 0.536929428577423
v 0.412500000000001 0.475000000000001 0.5413698554039
v 0.425000000000001 0.475000000000001 0.546128928661346
v 0.437500000000001 0.475000000000001 0.551148593425751
v 0.450000000000001 0.475000000000001 0.55638188123703
v 0.462500000000001 0.475000000000001 0.561788380146027
v 0.475000000000001 0.475000000000001 0.567348837852478
v 0.487500000000001 0.475000000000001 0.573035717010498
v 0.500000000000001 0.475000000000001 0.578835189342499
v -0.5 0.487500000000001 0.642786741256714
v -0.4875 0.487500000000001 0.636884033679962
v -0.475 0.487500000000001 0.631031036376953
v -0.4625 0.487500000000001 0.625286757946014
v -0.45 0.487500000000001 0.619709670543671
v -0.4375 0.487500000000001 0.61434942483902
v -0.425 0.487500000000001 0.60926216840744
v -0.4125 0.487500000000001 0.604516863822937
v -0.4 0.487500000000001 0.600168406963348
v -0.3875 0.487500000000001 0.596253335475922
v -0.375 0.487500000000001 0.592782914638519
v -0.3625 0.487500000000001 0.589718043804169
v -0.35 0.487500000000001 0.586961984634399
v -0.3375 0.487500000000001 0.584300935268402
v -0.325 0.487500000000001 0.581479072570801
v -0.3125 0.487500000000001 0.57817268371582
v -0.3 0.487500000000001 0.57410591840744
v -0.2875 0.487500000000001 0.569066345691681
v -0.275 0.487500000000001 0.563055455684662
v -0.2625 0.487500000000001 0.556370377540588
v -0.25 0.487500000000001 0.549532532691956
v -0.2375 0.487500000000001 0.543122053146362
v -0.225 0.487500000000001 0.537588119506836
v -0.2125 0.487500000000001 0.533131897449493
v -0.2 0.487500000000001 0.529730379581451
v -0.1875 0.487500000000001 0.527270257472992
v -0.175 0.487500000000001 0.52563488483429
v -0.1625 0.487500000000001 0.524675309658051
v -0.15 0.487500000000001 0.524242877960205
v -0.1375 0.487500000000001 0.524196147918701
v -0.125 0.487500000000001 0.524406433105469
v -0.1125 0.487500000000001 0.524966657161713
v -0.0999999999999996 0.487500000000001 0.526476681232452
v -0.0874999999999996 0.487500000000001 0.530176758766174
v -0.0749999999999996 0.487500000000001 0.537592351436615
v -0.0624999999999996 0.487500000000001 0.549837231636047
v -0.0499999999999996 0.487500000000001 0.566403806209564
v -0.0374999999999996 0.487500000000001 0.584980607032776
v -0.0249999999999996 0.487500000000001 0.602431058883667
v -0.0124999999999996 0.487500000000001 0.616503715515137
v 4.44089209850063e-16 0.487500000000001 0.626392662525177
v 0.0125000000000004 0.487500000000001 0.632149994373322
v 0.0250000000000005 0.487500000000001 0.634181439876556
v 0.0375000000000005 0.487500000000001 0.633041024208069
v 0.0500000000000005 0.487500000000001 0.629729032516479
v 0.0625000000000004 0.487500000000001 0.625852882862091
v 0.0750000000000005 0.487500000000001 0.622933208942413
v 0.0875000000000006 0.487500000000001 0.621147215366364
v 0.100000000000001 0.487500000000001 0.618961155414581
v 0.1125 0.487500000000001 0.61394739151001
v 0.125000000000001 0.487500000000001 0.604162991046906
v 0.137500000000001 0.487500000000001 0.589414536952972
v 0.150000000000001 0.487500000000001 0.572170734405518
v 0.162500000000001 0.487500000000001 0.556079030036926
v 0.175000000000001 0.487500000000001 0.543310344219208
v 0.187500000000001 0.487500000000001 0.533607184886932
v 0.200000000000001 0.487500000000001 0.526351392269135
v 0.212500000000001 0.487500000000001 0.521278202533722
v 0.225000000000001 0.487500000000001 0.518000721931458
v 0.237500000000001 0.487500000000001 0.516042411327362
v 0.250000000000001 0.487500000000001 0.515153110027313
v 0.262500000000001 0.487500000000001 0.515168011188507
v 0.275000000000001 0.487500000000001 0.515921294689178
v 0.287500000000001 0.487500000000001 0.517212688922882
v 0.300000000000001 0.487500000000001 0.518866956233978
v 0.312500000000001 0.487500000000001 0.520768344402313
v 0.325000000000001 0.487500000000001 0.522869944572449
v 0.337500000000001 0.487500000000001 0.525170028209686
v 0.350000000000001 0.487500000000001 0.527707457542419
v 0.362500000000001 0.487500000000001 0.530530631542206
v 0.375000000000001 0.487500000000001 0.533701717853546
v 0.387500000000001 0.487500000000001 0.537260234355927
v 0.400000000000001 0.487500000000001 0.541191697120667
v 0.412500000000001 0.487500000000001 0.545471489429474
v 0.425000000000001 0.487500000000001 0.550048291683197
v 0.437500000000001 0.487500000000001 0.554878294467926
v 0.450000000000001 0.487500000000001 0.559926688671112
v 0.462500000000001 0.487500000000001 0.565161406993866
v 0.475000000000001 0.487500000000001 0.570564210414886
v 0.487500000000001 0.487500000000001 0.576128900051117
v 0.500000000000001 0.487500000000001 0.581847548484802
v -0.5 0.500000000000001 0.654198408126831
v -0.4875 0.500000000000001 0.648318231105804
v -0.475 0.500000000000001 0.642464101314545
v -0.4625 0.500000000000001 0.636687278747559
v -0.45 0.500000000000001 0.631037890911102
v -0.4375 0.500000000000001 0.625571250915527
v -0.425 0.500000000000001 0.62034022808075
v -0.4125 0.500000000000001 0.615402340888977
v -0.4 0.500000000000001 0.610821187496185
v -0.3875 0.500000000000001 0.606617510318756
v -0.375 0.500000000000001 0.602786540985107
v -0.3625 0.500000000000001 0.599278390407562
v -0.35 0.500000000000001 0.595988690853119
v -0.3375 0.500000000000001 0.59274035692215
v -0.325 0.500000000000001 0.589268267154694
v -0.3125 0.500000000000001 0.585322976112366
v -0.3 0.500000000000001 0.580687403678894
v -0.2875 0.500000000000001 0.575260818004608
v -0.275 0.500000000000001 0.569107472896576
v -0.2625 0.500000000000001 0.562551081180573
v -0.25 0.500000000000001 0.556071937084198
v -0.2375 0.500000000000001 0.550168633460999
v -0.225 0.500000000000001 0.545190751552582
v -0.2125 0.500000000000001 0.541244029998779
v -0.2 0.500000000000001 0.538238048553467
v -0.1875 0.500000000000001 0.535970389842987
v -0.175 0.500000000000001 0.534243702888489
v -0.1625 0.500000000000001 0.532864332199097
v -0.15 0.500000000000001 0.531678438186646
v -0.1375 0.500000000000001 0.530642747879028
v -0.125 0.500000000000001 0.529793918132782
v -0.1125 0.500000000000001 0.529462933540344
v -0.0999999999999996 0.500000000000001 0.530445575714111
v -0.0874999999999996 0.500000000000001 0.533946931362152
v -0.0749999999999996 0.500000000000001 0.541160762310028
v -0.0624999999999996 0.500000000000001 0.552775681018829
v -0.0499999999999996 0.500000000000001 0.568284928798676
v -0.0374999999999996 0.500000000000001 0.585976719856262
v -0.0249999999999996 0.500000000000001 0.603259205818176
v -0.0124999999999996 0.500000000000001 0.617916524410248
v 4.44089209850063e-16 0.500000000000001 0.628847062587738
v 0.0125000000000004 0.500000000000001 0.635971069335938
v 0.0250000000000005 0.500000000000001 0.639823436737061
v 0.0375000000000005 0.500000000000001 0.641069710254669
v 0.0500000000000005 0.500000000000001 0.640450179576874
v 0.0625000000000004 0.500000000000001 0.638841092586517
v 0.0750000000000005 0.500000000000001 0.637147128582001
v 0.0875000000000006 0.500000000000001 0.63546097278595
v 0.100000000000001 0.500000000000001 0.63259357213974
v 0.1125 0.500000000000001 0.62663459777832
v 0.125000000000001 0.500000000000001 0.615974903106689
v 0.137500000000001 0.500000000000001 0.600577473640442
v 0.150000000000001 0.500000000000001 0.582770764827728
v 0.162500000000001 0.500000000000001 0.566087126731873
v 0.175000000000001 0.500000000000001 0.552680134773254
v 0.187500000000001 0.500000000000001 0.542369067668915
v 0.200000000000001 0.500000000000001 0.534534156322479
v 0.212500000000001 0.500000000000001 0.528843998908997
v 0.225000000000001 0.500000000000001 0.524974048137665
v 0.237500000000001 0.500000000000001 0.522532165050507
v 0.250000000000001 0.500000000000001 0.521264791488647
v 0.262500000000001 0.500000000000001 0.521006524562836
v 0.275000000000001 0.500000000000001 0.521563947200775
v 0.287500000000001 0.500000000000001 0.522731244564056
v 0.300000000000001 0.500000000000001 0.52429860830307
v 0.312500000000001 0.500000000000001 0.526134073734283
v 0.325000000000001 0.500000000000001 0.528171241283417
v 0.337500000000001 0.500000000000001 0.530396103858948
v 0.350000000000001 0.500000000000001 0.532835960388184
v 0.362500000000001 0.500000000000001 0.535538613796234
v 0.375000000000001 0.500000000000001 0.538570046424866
v 0.387500000000001 0.500000000000001 0.541960537433624
v 0.400000000000001 0.500000000000001 0.545706868171692
v 0.412500000000001 0.500000000000001 0.549781084060669
v 0.425000000000001 0.500000000000001 0.554144561290741
v 0.437500000000001 0.500000000000001 0.558764159679413
v 0.450000000000001 0.500000000000001 0.563612759113312
v 0.462500000000001 0.500000000000001 0.56866854429245
v 0.475000000000001 0.500000000000001 0.573927342891693
v 0.487500000000001 0.500000000000001 0.579383194446564
v 0.500000000000001 0.500000000000001 0.585030853748322
f 1 2 82
f 82 83 163
f 163 164 244
f 244 245 325
f 325 326 406
f 406 407 487
f 487 488 568
f 568 569 649
f 649 650 730
f 730 731 811
f 811 812 892
f 892 893 973
f 973 974 1054
f 1054 1055 1135
f 1135 1136 1216
f 1216 1217 1297
f 1297 1298 1378
f 1378 1379 1459
f 1459 1460 1540
f 1540 1541 1621
f 1621 1622 1702
f 1702 1703 1783
f 1783 1784 1864
f 1864 1865 1945
f 1945 1946 2026
f 2026 2027 2107
f 2107 2108 2188
f 2188 2189 2269
f 2269 2270 2350
f 2350 2351 2431
f 2431 2432 2512
f 2512 2513 2593
f 2593 2594 2674
f 2674 2675 2755
f 2755 2756 2836
f 2836 2837 2917
f 2917 2918 2998
f 2998 2999 3079
f 3079 3080 3160
f 3160 3161 3241
f 3241 3242 3322
f 3322 3323 3403
f 3403 3404 3484
f 3484 3485 3565
f 3565 3566 3646
f 3646 3647 3727
f 3727 3728 3808
f 3808 3809 3889
f 3889 3890 3970
f 3970 3971 4051
f 4051 4052 4132
f 4132 4133 4213
f 4213 4214 4294
f 4294 4295 4375
f 4375 4376 4456
f 4456 4457 4537
f 4537 4538 4618
f 4618 4619 4699
f 4699 4700 4780
f 4780 4781 4861
f 4861 4862 4942
f 4942 4943 5023
f 5023 5024 5104
f 5104 5105 5185
f 5185 5186 5266
f 5266 5267 5347
f 5347 5348 5428
f 5428 5429 5509
f 5509 5510 5590
f 5590 5591 5671
f 5671 5672 5752
f 5752 5753 5833
f 5833 5834 5914
f 5914 5915 5995
f 5995 5996 6076
f 6076 6077 6157
f 6157 6158 6238
f 6238 6239 6319
f 6319 6320 6400
f 6400 6401 6481
f 2 3 83
f 83 84 164
f 164 165 245
f 245 246 326
f 326 327 407
f 407 408 488
f 488 489 569
f 569 570 650
f 650 651 731
f 731 732 812
f 812 813 893
f 893 894 974
f 974 975 1055
f 1055 1056 1136
f 1136 1137 1217
f 1217 1218 1298
f 1298 1299 1379
f 1379 1380 1460
f 1460 1461 1541
f 1541 1542 1622
f 1622 1623 1703
f 1703 1704 1784
f 1784 1785 1865
f 1865 1866 1946
f 1946 1947 2027
f 2027 2028 2108
f 2108 2109 2189
f 2189 2190 2270
f 2270 2271 2351
f 2351 2352 2432
f 2432 2433 2513
f 2513 2514 2594
f 2594 2595 2675
f 2675 2676 2756
f 2756 2757 2837
f 2837 2838 2918
f 2918 2919 2999
f 2999 3000 3080
f 3080 3081 3161
f 3161 3162 3242
f 3242 3243 3323
f 3323 3324 3404
f 3404 3405 3485
f 3485 3486 3566
f 3566 3567 3647
f 3647 3648 3728
f 3728 3729 3809
f 3809 3810 3890
f 3890 3891 3971
f 3971 3972 4052
f 4052 4053 4133
f 4133 4134 4214
f 4214 4215 4295
f 4295 4296 4376
f 4376 4377 4457
f 4457 4458 4538
f 4538 4539 4619
f 4619 4620 4700
f 4700 4701 4781
f 4781 4782 4862
f 4862 4863 4943
f 4943 4944 5024
f 5024 5025 5105
f 5105 5106 5186
f 5186 5187 5267
f 5267 5268 5348
f 5348 5349 5429
f 5429 5430 5510
f 5510 5511 5591
f 5591 5592 5672
f 5672 5673 5753
f 5753 5754 5834
f 5834 5835 5915
f 5915 5916 5996
f 5996 5997 6077
f 6077 6078 6158
f 6158 6159 6239
f 6239 6240 6320
f 6320 6321 6401
f 6401 6402 6482
f 3 4 84
f 84 85 165
f 165 166 246
f 246 247 327
f 327 328 408
f 408 409 489
f 489 490 570
f 570 571 651
f 651 652 732
f 732 733 813
f 813 814 894
f 894 895 975
f 975 976 1056
f 1056 1057 1137
f 1137 1138 1218
f 1218 1219 1299
f 1299 1300 1380
f 1380 1381 1461
f 1461 1462 1542
f 1542 1543 1623
f 1623 1624 1704
f 1704 1705 1785
f 1785 1786 1866
f 1866 1867 1947
f 1947 1948 2028
f 2028 2029 2109
f 2109 2110 2190
f 2190 2191 2271
f 2271 2272 2352
f 2352 2353 2433
f 2433 2434 2514
f 2514 2515 2595
f 2595 2596 2676
f 2676 2677 2757
f 2757 2758 2838
f 2838 2839 2919
f 2919 2920 3000
f 3000 3001 3081
f 3081 3082 3162
f 3162 3163 3243
f 3243 3244 3324
f 3324 3325 3405
f 3405 3406 3486
f 3486 3487 3567
f 3567 3568 3648
f 3648 3649 3729
f 3729 3730 3810
f 3810 3811 3891
f 3891 3892 3972
f 3972 3973 4053
f 4053 4054 4134
f 4134 4135 4215
f 4215 4216 4296
f 4296 4297 4377
f 4377 4378 4458
f 4458 4459 4539
f 4539 4540 4620
f 4620 4621 4701
f 4701 4702 4782
f 4782 4783 4863
f 4863 4864 4944
f 4944 4945 5025
f 5025 5026 5106
f 5106 5107 5187
f 5187 5188 5268
f 5268 5269 5349
f 5349 5350 5430
f 5430 5431 5511
f 5511 5512 5592
f 5592 5593 5673
f 5673 5674 5754
f 5754 5755 5835
f 5835 5836 5916
f 5916 5917 5997
f 5997 5998 6078
f 6078 6079 6159
f 6159 6160 6240
f 6240 6241 6321
f 6321 6322 6402
f 6402 6403 6483
f 4 5 85
f 85 86 166
f 166 167 247
f 247 248 328
f 328 329 409
f 409 410 490
f 490 491 571
f 571 572 652
f 652 653 733
f 733 734 814
f 814 815 895
f 895 896 976
f 976 977 1057
f 1057 1058 1138
f 1138 1139 1219
f 1219 1220 1300
f 1300 1301 1381
f 1381 1382 1462
f 1462 1463 1543
f 1543 1544 1624
f 1624 1625 1705
f 1705 1706 1786
f 1786 1787 1867
f 1867 1868 1948
f 1948 1949 2029
f 2029 2030 2110
f 2110 2111 2191
f 2191 2192 2272
f 2272 2273 2353
f 2353 2354 2434
f 2434 2435 2515
f 2515 2516 2596
f 2596 2597 2677
f 2677 2678 2758
f 2758 2759 2839
f 2839 2840 2920
f 2920 2921 3001
f 3001 3002 3082
f 3082 3083 3163
f 3163 3164 3244
f 3244 3245 3325
f 3325 3326 3406
f 3406 3407 3487
f 3487 3488 3568
f 3568 3569 3649
f 3649 3650 3730
f 3730 3731 3811
f 3811 3812 3892
f 3892 3893 3973
f 3973 3974 4054
f 4054 4055 4135
f 4135 4136 4216
f 4216 4217 4297
f 4297 4298 4378
f 4378 4379 4459
f 4459 4460 4540
f 4540 4541 4621
f 4621 4622 4702
f 4702 4703 4783
f 4783 4784 4864
f 4864 4865 4945
f 4945 4946 5026
f 5026 5027 5107
f 5107 5108 5188
f 5188 5189 5269
f 5269 5270 5350
f 5350 5351 5431
f 5431 5432 5512
f 5512 5513 5593
f 5593 5594 5674
f 5674 5675 5755
f 5755 5756 5836
f 5836 5837 5917
f 5917 5918 5998
f 5998 5999 6079
f 6079 6080 6160
f 6160 6161 6241
f 6241 6242 6322
f 6322 6323 6403
f 6403 6404 6484
f 5 6 86
f 86 87 167
f 167 168 248
f 248 249 329
f 329 330 410
f 410 411 491
f 491 492 572
f 572 573 653
f 653 654 734
f 734 735 815
f 815 816 896
f 896 897 977
f 977 978 1058
f 1058 1059 1139
f 1139 1140 1220
f 1220 1221 1301
f 1301 1302 1382
f 1382 1383 1463
f 1463 1464 1544
f 1544 1545 1625
f 1625 1626 1706
f 1706 1707 1787
f 1787 1788 1868
f 1868 1869 1949
f 1949 1950 2030
f 2030 2031 2111
f 2111 2112 2192
f 2192 2193 2273
f 2273 2274 2354
f 2354 2355 2435
f 2435 2436 2516
f 2516 2517 2597
f 2597 2598 2678
f 2678 2679 2759
f 2759 2760 2840
f 2840 2841 2921
f 2921 2922 3002
f 3002 3003 3083
f 3083 3084 3164
f 3164 3165 3245
f 3245 3246 3326
f 3326 3327 3407
f 3407 3408 3488
f 3488 3489 3569
f 3569 3570 3650
f 3650 3651 3731
f 3731 3732 3812
f 3812 3813 3893
f 3893 3894 3974
f 3974 3975 4055
f 4055 4056 4136
f 4136 4137 4217
f 4217 4218 4298
f 4298 4299 4379
f 4379 4380 4460
f 4460 4461 4541
f 4541 4542 4622
f 4622 4623 4703
f 4703 4704 4784
f 4784 4785 4865
f 4865 4866 4946
f 4946 4947 5027
f 5027 5028 5108
f 5108 5109 5189
f 5189 5190 5270
f 5270 5271 5351
f 5351 5352 5432
f 5432 5433 5513
f 5513 5514 5594
f 5594 5595 5675
f 5675 5676 5756
f 5756 5757 5837
f 5837 5838 5918
f 5918 5919 5999
f 5999 6000 6080
f 6080 6081 6161
f 6161 6162 6242
f 6242 6243 6323
f 6323 6324 6404
f 6404 6405 6485
f 6 7 87
f 87 88 168
f 168 169 249
f 249 250 330
f 330 331 411
f 411 412 492
f 492 493 573
f 573 574 654
f 654 655 735
f 735 736 816
f 816 817 897
f 897 898 978
f 978 979 1059
f 1059 1060 1140
f 1140 1141 1221
f 1221 1222 1302
f 1302 1303 1383
f 1383 1384 1464
f 1464 1465 1545
f 1545 1546 1626
f 1626 1627 1707
f 1707 1708 1788
f 1788 1789 1869
f 1869 1870 1950
f 1950 1951 2031
f 2031 2032 2112
f 2112 2113 2193
f 2193 2194 2274
f 2274 2275 2355
f 2355 2356 2436
f 2436 2437 2517
f 2517 2518 2598
f 2598 2599 2679
f 2679 2680 2760
f 2760 2761 2841
f 2841 2842 2922
f 2922 2923 3003
f 3003 3004 3084
f 3084 3085 3165
f 3165 3166 3246
f 3246 3247 3327
f 3327 3328 3408
f 3408 3409 3489
f 3489 3490 3570
f 3570 3571 3651
f 3651 3652 3732
f 3732 3733 3813
f 3813 3814 3894
f 3894 3895 3975
f 3975 3976 4056
f 4056 4057 4137
f 4137 4138 4218
f 4218 4219 4299
f 4299 4300 4380
f 4380 4381 4461
f 4461 4462 4542
f 4542 4543 4623
f 4623 4624 4704
f 4704 4705 4785
f 4785 4786 4866
f 4866 4867 4947
f 4947 4948 5028
f 5028 5029 5109
f 5109 5110 5190
f 5190 5191 5271
f 5271 5272 5352
f 5352 5353 5433
f 5433 5434 5514
f 5514 5515 5595
f 5595 5596 5676
f 5676 5677 5757
f 5757 5758 5838
f 5838 5839 5919
f 5919 5920 6000
f 6000 6001 6081
f 6081 6082 6162
f 6162 6163 6243
f 6243 6244 6324
f 6324 6325 6405
f 6405 6406 6486
f 7 8 88
f 88 89 169
f 169 170 250
f 250 251 331
f 331 332 412
f 412 413 493
f 493 494 574
f 574 575 655
f 655 656 736
f 736 737 817
f 817 818 898
f 898 899 979
f 979 980 1060
f 1060 1061 1141
f 1141 1142 1222
f 1222 1223 1303
f 1303 1304 1384
f 1384 1385 1465
f 1465 1466 1546
f 1546 1547 1627
f 1627 1628 1708
f 1708 1709 1789
f 1789 1790 1870
f 1870 1871 1951
f 1951 1952 2032
f 2032 2033 2113
f 2113 2114 2194
f 2194 2195 2275
f 2275 2276 2356
f 2356 2357 2437
f 2437 2438 2518
f 2518 2519 2599
f 2599 2600 2680
f 2680 2681 2761
f 2761 2762 2842
f 2842 2843 2923
f 2923 2924 3004
f 3004 3005 3085
f 3085 3086 3166
f 3166 3167 3247
f 3247 3248 3328
f 3328 3329 3409
f 3409 3410 3490
f 3490 3491 3571
f 3571 3572 3652
f 3652 3653 3733
f 3733 3734 3814
f 3814 3815 3895
f 3895 3896 3976
f 3976 3977 4057
f 4057 4058 4138
f 4138 4139 4219
f 4219 4220 4300
f 4300 4301 4381
f 4381 4382 4462
f 4462 4463 4543
f 4543 4544 4624
f 4624 4625 4705
f 4705 4706 4786
f 4786 4787 4867
f 4867 4868 4948
f 4948 4949 5029
f 5029 5030 5110
f 5110 5111 5191
f 5191 5192 5272
f 5272 5273 5353
f 5353 5354 5434
f 5434 5435 5515
f 5515 5516 5596
f 5596 5597 5677
f 5677 5678 5758
f 5758 5759 5839
f 5839 5840 5920
f 5920 5921 6001
f 6001 6002 6082
f 6082 6083 6163
f 6163 6164 6244
f 6244 6245 6325
f 6325 6326 6406
f 6406 6407 6487
f 8 9 89
f 89 90 170
f 170 171 251
f 251 252 332
f 332 333 413
f 413 414 494
f 494 495 575
f 575 576 656
f 656 657 737
f 737 738 818
f 818 819 899
f 899 900 980
f 980 981 1061
f 1061 1062 1142
f 1142 1143 1223
f 1223 1224 1304
f 1304 1305 1385
f 1385 1386 1466
f 1466 1467 1547
f 1547 1548 1628
f 1628 1629 1709
f 1709 1710 1790
f 1790 1791 1871
f 1871 1872 1952
f 1952 1953 2033
f 2033 2034 2114
f 2114 2115 2195
f 2195 2196 2276
f 2276 2277 2357
f 2357 2358 2438
f 2438 2439 2519
f 2519 2520 2600
f 2600 2601 2681
f 2681 2682 2762
f 2762 2763 2843
f 2843 2844 2924
f 2924 2925 3005
f 3005 3006 3086
f 3086 3087 3167
f 3167 3168 3248
f 3248 3249 3329
f 3329 3330 3410
f 3410 3411 3491
f 3491 3492 3572
f 3572 3573 3653
f 3653 3654 3734
f 3734 3735 3815
f 3815 3816 3896
f 3896 3897 3977
f 3977 3978 4058
f 4058 4059 4139
f 4139 4140 4220
f 4220 4221 4301
f 4301 4302 4382
f 4382 4383 4463
f 4463 4464 4544
f 4544 4545 4625
f 4625 4626 4706
f 4706 4707 4787
f 4787 4788 4868
f 4868 4869 4949
f 4949 4950 5030
f 5030 5031 5111
f 5111 5112 5192
f 5192 5193 5273
f 5273 5274 5354
f 5354 5355 5435
f 5435 5436 5516
f 5516 5517 5597
f 5597 5598 5678
f 5678 5679 5759
f 5759 5760 5840
f 5840 5841 5921
f 5921 5922 6002
f 6002 6003 6083
f 6083 6084 6164
f 6164 6165 6245
f 6245 6246 6326
f 6326 6327 6407
f 6407 6408 6488
f 9 10 90
f 90 91 171
f 171 172 252
f 252 253 333
f 333 334 414
f 414 415 495
f 495 496 576
f 576 577 657
f 657 658 738
f 738 739 819
f 819 820 900
f 900 901 981
f 981 982 1062
f 1062 1063 1143
f 1143 1144 1224
f 1224 1225 1305
f 1305 1306 1386
f 1386 1387 1467
f 1467 1468 1548
f 1548 1549 1629
f 1629 1630 1710
f 1710 1711 1791
f 1791 1792 1872
f 1872 1873 1953
f 1953 1954 2034
f 2034 2035 2115
f 2115 2116 2196
f 2196 2197 2277
f 2277 2278 2358
f 2358 2359 2439
f 2439 2440 2520
f 2520 2521 2601
f 2601 2602 2682
f 2682 2683 2763
f 2763 2764 2844
f 2844 2845 2925
f 2925 2926 3006
f 3006 3007 3087
f 3087 3088 3168
f 3168 3169 3249
f 3249 3250 3330
f 3330 3331 3411
f 3411 3412 3492
f 3492 3493 3573
f 3573 3574 3654
f 3654 3655 3735
f 3735 3736 3816
f 3816 3817 3897
f 3897 3898 3978
f 3978 3979 4059
f 4059 4060 4140
f 4140 4141 4221
f 4221 4222 4302
f 4302 4303 4383
f 4383 4384 4464
f 4464 4465 4545
f 4545 4546 4626
f 4626 4627 4707
f 4707 4708 4788
f 4788 4789 4869
f 4869 4870 4950
f 4950 4951 5031
f 5031 5032 5112
f 5112 5113 5193
f 5193 5194 5274
f 5274 5275 5355
f 5355 5356 5436
f 5436 5437 5517
f 5517 5518 5598
f 5598 5599 5679
f 5679 5680 5760
f 5760 5761 5841
f 5841 5842 5922
f 5922 5923 6003
f 6003 6004 6084
f 6084 6085 6165
f 6165 6166 6246
f 6246 6247 6327
f 6327 6328 6408
f 6408 6409 6489
f 10 11 91
f 91 92 172
f 172 173 253
f 253 254 334
f 334 335 415
f 415 416 496
f 496 497 577
f 577 578 658
f 658 659 739
f 739 740 820
f 820 821 901
f 901 902 982
f 982 983 1063
f 1063 1064 1144
f 1144 1145 1225
f 1225 1226 1306
f 1306 1307 1387
f 1387 1388 1468
f 1468 1469 1549
f 1549 1550 1630
f 1630 1631 1711
f 1711 1712 1792
f 1792 1793 1873
f 1873 1874 1954
f 1954 1955 2035
f 2035 2036 2116
f 2116 2117 2197
f 2197 2198 2278
f 2278 2279 2359
f 2359 2360 2440
f 2440 2441 2521
f 2521 2522 2602
f 2602 2603 2683
f 2683 2684 2764
f 2764 2765 2845
f 2845 2846 2926
f 2926 2927 3007
f 3007 3008 3088
f 3088 3089 3169
f 3169 3170 3250
f 3250 3251 3331
f 3331 3332 3412
f 3412 3413 3493
f 3493 3494 3574
f 3574 3575 3655
f 3655 3656 3736
f 3736 3737 3817
f 3817 3818 3898
f 3898 3899 3979
f 3979 3980 4060
f 4060 4061 4141
f 4141 4142 4222
f 4222 4223 4303
f 4303 4304 4384
f 4384 4385 4465
f 4465 4466 4546
f 4546 4547 4627
f 4627 4628 4708
f 4708 4709 4789
f 4789 4790 4870
f 4870 4871 4951
f 4951 4952 5032
f 5032 5033 5113
f 5113 5114 5194
f 5194 5195 5275
f 5275 5276 5356
f 5356 5357 5437
f 5437 5438 5518
f 5518 5519 5599
f 5599 5600 5680
f 5680 5681 5761
f 5761 5762 5842
f 5842 5843 5923
f 5923 5924 6004
f 6004 6005 6085
f 6085 6086 6166
f 6166 6167 6247
f 6247 6248 6328
f 6328 6329 6409
f 6409 6410 6490
f 11 12 92
f 92 93 173
f 173 174 254
f 254 255 335
f 335 336 416
f 416 417 497
f 497 498 578
f 578 579 659
f 659 660 740
f 740 741 821
f 821 822 902
f 902 903 983
f 983 984 1064
f 1064 1065 1145
f 1145 1146 1226
f 1226 1227 1307
f 1307 1308 1388
f 1388 1389 1469
f 1469 1470 1550
f 1550 1551 1631
f 1631 1632 1712
f 1712 1713 1793
f 1793 1794 1874
f 1874 1875 1955
f 1955 1956 2036
f 2036 2037 2117
f 2117 2118 2198
f 2198 2199 2279
f 2279 2280 2360
f 2360 2361 2441
f 2441 2442 2522
f 2522 2523 2603
f 2603 2604 2684
f 2684 2685 2765
f 2765 2766 2846
f 2846 2847 2927
f 2927 2928 3008
f 3008 3009 3089
f 3089 3090 3170
f 3170 3171 3251
f 3251 3252 3332
f 3332 3333 3413
f 3413 3414 3494
f 3494 3495 3575
f 3575 3576 3656
f 3656 3657 3737
f 3737 3738 3818
f 3818 3819 3899
f 3899 3900 3980
f 3980 3981 4061
f 4061 4062 4142
f 4142 4143 4223
f 4223 4224 4304
f 4304 4305 4385
f 4385 4386 4466
f 4466 4467 4547
f 4547 4548 4628
f 4628 4629 4709
f 4709 4710 4790
f 4790 4791 4871
f 4871 4872 4952
f 4952 4953 5033
f 5033 5034 5114
f 5114 5115 5195
f 5195 5196 5276
f 5276 5277 5357
f 5357 5358 5438
f 5438 5439 5519
f 5519 5520 5600
f 5600 5601 5681
f 5681 5682 5762
f 5762 5763 5843
f 5843 5844 5924
f 5924 5925 6005
f 6005 6006 6086
f 6086 6087 6167
f 6167 6168 6248
f 6248 6249 6329
f 6329 6330 6410
f 6410 6411 6491
f 12 13 93
f 93 94 174
f 174 175 255
f 255 256 336
f 336 337 417
f 417 418 498
f 498 499 579
f 579 580 660
f 660 661 741
f 741 742 822
f 822 823 903
f 903 904 984
f 984 985 1065
f 1065 1066 1146
f 1146 1147 1227
f 1227 1228 1308
f 1308 1309 1389
f 1389 1390 1470
f 1470 1471 1551
f 1551 1552 1632
f 1632 1633 1713
f 1713 1714 1794
f 1794 1795 1875
f 1875 1876 1956
f 1956 1957 2037
f 2037 2038 2118
f 2118 2119 2199
f 2199 2200 2280
f 2280 2281 2361
f 2361 2362 2442
f 2442 2443 2523
f 2523 2524 2604
f 2604 2605 2685
f 2685 2686 2766
f 2766 2767 2847
f 2847 2848 2928
f 2928 2929 3009
f 3009 3010 3090
f 3090 3091 3171
f 3171 3172 3252
f 3252 3253 3333
f 3333 3334 3414
f 3414 3415 3495
f 3495 3496 3576
f 3576 3577 3657
f 3657 3658 3738
f 3738 3739 3819
f 3819 3820 3900
f 3900 3901 3981
f 3981 3982 4062
f 4062 4063 4143
f 4143 4144 4224
f 4224 4225 4305
f 4305 4306 4386
f 4386 4387 4467
f 4467 4468 4548
f 4548 4549 4629
f 4629 4630 4710
f 4710 4711 4791
f 4791 4792 4872
f 4872 4873 4953
f 4953 4954 5034
f 5034 5035 5115
f 5115 5116 5196
f 5196 5197 5277
f 5277 5278 5358
f 5358 5359 5439
f 5439 5440 5520
f 5520 5521 5601
f 5601 5602 5682
f 5682 5683 5763
f 5763 5764 5844
f 5844 5845 5925
f 5925 5926 6006
f 6006 6007 6087
f 6087 6088 6168
f 6168 6169 6249
f 6249 6250 6330
f 6330 6331 6411
f 6411 6412 6492
f 13 14 94
f 94 95 175
f 175 176 256
f 256 257 337
f 337 338 418
f 418 419 499
f 499 500 580
f 580 581 661
f 661 662 742
f 742 743 823
f 823 824 904
f 904 905 985
f 985 986 1066
f 1066 1067 1147
f 1147 1148 1228
f 1228 1229 1309
f 1309 1310 1390
f 1390 1391 1471
f 1471 1472 1552
f 1552 1553 1633
f 1633 1634 1714
f 1714 1715 1795
f 1795 1796 1876
f 1876 1877 1957
f 1957 1958 2038
f 2038 2039 2119
f 2119 2120 2200
f 2200 2201 2281
f 2281 2282 2362
f 2362 2363 2443
f 2443 2444 2524
f 2524 2525 2605
f 2605 2606 2686
f 2686 2687 2767
f 2767 2768 2848
f 2848 2849 2929
f 2929 2930 3010
f 3010 3011 3091
f 3091 3092 3172
f 3172 3173 3253
f 3253 3254 3334
f 3334 3335 3415
f 3415 3416 3496
f 3496 3497 3577
f 3577 3578 3658
f 3658 3659 3739
f 3739 3740 3820
f 3820 3821 3901
f 3901 3902 3982
f 3982 3983 4063
f 4063 4064 4144
f 4144 4145 4225
f 4225 4226 4306
f 4306 4307 4387
f 4387 4388 4468
f 4468 4469 4549
f 4549 4550 4630
f 4630 4631 4711
f 4711 4712 4792
f 4792 4793 4873
f 4873 4874 4954
f 4954 4955 5035
f 5035 5036 5116
f 5116 5117 5197
f 5197 5198 5278
f 5278 5279 5359
f 5359 5360 5440
f 5440 5441 5521
f 5521 5522 5602
f 5602 5603 5683
f 5683 5684 5764
f 5764 5765 5845
f 5845 5846 5926
f 5926 5927 6007
f 6007 6008 6088
f 6088 6089 6169
f 6169 6170 6250
f 6250 6251 6331
f 6331 6332 6412
f 6412 6413 6493
f 14 15 95
f 95 96 176
f 176 177 257
f 257 258 338
f 338 339 419
f 419 420 500
f 500 501 581
f 581 582 662
f 662 663 743
f 743 744 824
f 824 825 905
f 905 906 986
f 986 987 1067
f 1067 1068 1148
f 1148 1149 1229
f 1229 1230 1310
f 1310 1311 1391
f 1391 1392 1472
f 1472 1473 1553
f 1553 1554 1634
f 1634 1635 1715
f 1715 1716 1796
f 1796 1797 1877
f 1877 1878 1958
f 1958 1959 2039
f 2039 2040 2120
f 2120 2121 2201
f 2201 2202 2282
f 2282 2283 2363
f 2363 2364 2444
f 2444 2445 2525
f 2525 2526 2606
f 2606 2607 2687
f 2687 2688 2768
f 2768 2769 2849
f 2849 2850 2930
f 2930 2931 3011
f 3011 3012 3092
f 3092 3093 3173
f 3173 3174 3254
f 3254 3255 3335
f 3335 3336 3416
f 3416 3417 3497
f 3497 3498 3578
f 3578 3579 3659
f 3659 3660 3740
f 3740 3741 3821
f 3821 3822 3902
f 3902 3903 3983
f 3983 3984 4064
f 4064 4065 4145
f 4145 4146 4226
f 4226 4227 4307
f 4307 4308 4388
f 4388 4389 4469
f 4469 4470 4550
f 4550 4551 4631
f 4631 4632 4712
f 4712 4713 4793
f 4793 4794 4874
f 4874 4875 4955
f 4955 4956 5036
f 5036 5037 5117
f 5117 5118 5198
f 5198 5199 5279
f 5279 5280 5360
f 5360 5361 5441
f 5441 5442 5522
f 5522 5523 5603
f 5603 5604 5684
f 5684 5685 5765
f 5765 5766 5846
f 5846 5847 5927
f 5927 5928 6008
f 6008 6009 6089
f 6089 6090 6170
f 6170 6171 6251
f 6251 6252 6332
f 6332 6333 6413
f 6413 6414 6494
f 15 16 96
f 96 97 177
f 177 178 258
f 258 259 339
f 339 340 420
f 420 421 501
f 501 502 582
f 582 583 663
f 663 664 744
f 744 745 825
f 825 826 906
f 906 907 987
f 987 988 1068
f 1068 1069 1149
f 1149 1150 1230
f 1230 1231 1311
f 1311 1312 1392
f 1392 1393 1473
f 1473 1474 1554
f 1554 1555 1635
f 1635 1636 1716
f 1716 1717 1797
f 1797 1798 1878
f 1878 1879 1959
f 1959 1960 2040
f 2040 2041 2121
f 2121 2122 2202
f 2202 2203 2283
f 2283 2284 2364
f 2364 2365 2445
f 2445 2446 2526
f 2526 2527 2607
f 2607 2608 2688
f 2688 2689 2769
f 2769 2770 2850
f 2850 2851 2931
f 2931 2932 3012
f 3012 3013 3093
f 3093 3094 3174
f 3174 3175 3255
f 3255 3256 3336
f 3336 3337 3417
f 3417 3418 3498
f 3498 3499 3579
f 3579 3580 3660
f 3660 3661 3741
f 3741 3742 3822
f 3822 3823 3903
f 3903 3904 3984
f 3984 3985 4065
f 4065 4066 4146
f 4146 4147 4227
f 4227 4228 4308
f 4308 4309 4389
f 4389 4390 4470
f 4470 4471 4551
f 4551 4552 4632
f 4632 4633 4713
f 4713 4714 4794
f 4794 4795 4875
f 4875 4876 4956
f 4956 4957 5037
f 5037 5038 5118
f 5118 5119 5199
f 5199 5200 5280
f 5280 5281 5361
f 5361 5362 5442
f 5442 5443 5523
f 5523 5524 5604
f 5604 5605 5685
f 5685 5686 5766
f 5766 5767 5847
f 5847 5848 5928
f 5928 5929 6009
f 6009 6010 6090
f 6090 6091 6171
f 6171 6172 6252
f 6252 6253 6333
f 6333 6334 6414
f 6414 6415 6495
f 16 17 97
f 97 98 178
f 178 179 259
f 259 260 340
f 340 341 421
f 421 422 502
f 502 503 583
f 583 584 664
f 664 665 745
f 745 746 826
f 826 827 907
f 907 908 988
f 988 989 1069
f 1069 1070 1150
f 1150 1151 1231
f 1231 1232 1312
f 1312 1313 1393
f 1393 1394 1474
f 1474 1475 1555
f 1555 1556 1636
f 1636 1637 1717
f 1717 1718 1798
f 1798 1799 1879
f 1879 1880 1960
f 1960 1961 2041
f 2041 2042 2122
f 2122 2123 2203
f 2203 2204 2284
f 2284 2285 2365
f 2365 2366 2446
f 2446 2447 2527
f 2527 2528 2608
f 2608 2609 2689
f 2689 2690 2770
f 2770 2771 2851
f 2851 2852 2932
f 2932 2933 3013
f 3013 3014 3094
f 3094 3095 3175
f 3175 3176 3256
f 3256 3257 3337
f 3337 3338 3418
f 3418 3419 3499
f 3499 3500 3580
f 3580 3581 3661
f 3661 3662 3742
f 3742 3743 3823
f 3823 3824 3904
f 3904 3905 3985
f 3985 3986 4066
f 4066 4067 4147
f 4147 4148 4228
f 4228 4229 4309
f 4309 4310 4390
f 4390 4391 4471
f 4471 4472 4552
f 4552 4553 4633
f 4633 4634 4714
f 4714 4715 4795
f 4795 4796 4876
f 4876 4877 4957
f 4957 4958 5038
f 5038 5039 5119
f 5119 5120 5200
f 5200 5201 5281
f 5281 5282 5362
f 5362 5363 5443
f 5443 5444 5524
f 5524 5525 5605
f 5605 5606 5686
f 5686 5687 5767
f 5767 5768 5848
f 5848 5849 5929
f 5929 5930 6010
f 6010 6011 6091
f 6091 6092 6172
f 6172 6173 6253
f 6253 6254 6334
f 6334 6335 6415
f 6415 6416 6496
f 17 18 98
f 98 99 179
f 179 180 260
f 260 261 341
f 341 342 422
f 422 423 503
f 503 504 584
f 584 585 665
f 665 666 746
f 746 747 827
f 827 828 908
f 908 909 989
f 989 990 1070
f 1070 1071 1151
f 1151 1152 1232
f 1232 1233 1313
f 1313 1314 1394
f 1394 1395 1475
f 1475 1476 1556
f 1556 1557 1637
f 1637 1638 1718
f 1718 1719 1799
f 1799 1800 1880
f 1880 1881 1961
f 1961 1962 2042
f 2042 2043 2123
f 2123 2124 2204
f 2204 2205 2285
f 2285 2286 2366
f 2366 2367 2447
f 2447 2448 2528
f 2528 2529 2609
f 2609 2610 2690
f 2690 2691 2771
f 2771 2772 2852
f 2852 2853 2933
f 2933 2934 3014
f 3014 3015 3095
f 3095 3096 3176
f 3176 3177 3257
f 3257 3258 3338
f 3338 3339 3419
f 3419 3420 3500
f 3500 3501 3581
f 3581 3582 3662
f 3662 3663 3743
f 3743 3744 3824
f 3824 3825 3905
f 3905 3906 3986
f 3986 3987 4067
f 4067 4068 4148
f 4148 4149 4229
f 4229 4230 4310
f 4310 4311 4391
f 4391 4392 4472
f 4472 4473 4553
f 4553 4554 4634
f 4634 4635 4715
f 4715 4716 4796
f 4796 4797 4877
f 4877 4878 4958
f 4958 4959 5039
f 5039 5040 5120
f 5120 5121 5201
f 5201 5202 5282
f 5282 5283 5363
f 5363 5364 5444
f 5444 5445 5525
f 5525 5526 5606
f 5606 5607 5687
f 5687 5688 5768
f 5768 5769 5849
f 5849 5850 5930
f 5930 5931 6011
f 6011 6012 6092
f 6092 6093 6173
f 6173 6174 6254
f 6254 6255 6335
f 6335 6336 6416
f 6416 6417 6497
f 18 19 99
f 99 100 180
f 180 181 261
f 261 262 342
f 342 343 423
f 423 424 504
f 504 505 585
f 585 586 666
f 666 667 747
f 747 748 828
f 828 829 909
f 909 910 990
f 990 991 1071
f 1071 1072 1152
f 1152 1153 1233
f 1233 1234 1314
f 1314 1315 1395
f 1395 1396 1476
f 1476 1477 1557
f 1557 1558 1638
f 1638 1639 1719
f 1719 1720 1800
f 1800 1801 1881
f 1881 1882 1962
f 1962 1963 2043
f 2043 2044 2124
f 2124 2125 2205
f 2205 2206 2286
f 2286 2287 2367
f 2367 2368 2448
f 2448 2449 2529
f 2529 2530 2610
f 2610 2611 2691
f 2691 2692 2772
f 2772 2773 2853
f 2853 2854 2934
f 2934 2935 3015
f 3015 3016 3096
f 3096 3097 3177
f 3177 3178 3258
f 3258 3259 3339
f 3339 3340 3420
f 3420 3421 3501
f 3501 3502 3582
f 3582 3583 3663
f 3663 3664 3744
f 3744 3745 3825
f 3825 3826 3906
f 3906 3907 3987
f 3987 3988 4068
f 4068 4069 4149
f 4149 4150 4230
f 4230 4231 4311
f 4311 4312 4392
f 4392 4393 4473
f 4473 4474 4554
f 4554 4555 4635
f 4635 4636 4716
f 4716 4717 4797
f 4797 4798 4878
f 4878 4879 4959
f 4959 4960 5040
f 5040 5041 5121
f 5121 5122 5202
f 5202 5203 5283
f 5283 5284 5364
f 5364 5365 5445
f 5445 5446 5526
f 5526 5527 5607
f 5607 5608 5688
f 5688 5689 5769
f 5769 5770 5850
f 5850 5851 5931
f 5931 5932 6012
f 6012 6013 6093
f 6093 6094 6174
f 6174 6175 6255
f 6255 6256 6336
f 6336 6337 6417
f 6417 6418 6498
f 19 20 100
f 100 101 181
f 181 182 262
f 262 263 343
f 343 344 424
f 424 425 505
f 505 506 586
f 586 587 667
f 667 668 748
f 748 749 829
f 829 830 910
f 910 911 991
f 991 992 1072
f 1072 1073 1153
f 1153 1154 1234
f 1234 1235 1315
f 1315 1316 1396
f 1396 1397 1477
f 1477 1478 1558
f 1558 1559 1639
f 1639 1640 1720
f 1720 1721 1801
f 1801 1802 1882
f 1882 1883 1963
f 1963 1964 2044
f 2044 2045 2125
f 2125 2126 2206
f 2206 2207 2287
f 2287 2288 2368
f 2368 2369 2449
f 2449 2450 2530
f 2530 2531 2611
f 2611 2612 2692
f 2692 2693 2773
f 2773 2774 2854
f 2854 2855 2935
f 2935 2936 3016
f 3016 3017 3097
f 3097 3098 3178
f 3178 3179 3259
f 3259 3260 3340
f 3340 3341 3421
f 3421 3422 3502
f 3502 3503 3583
f 3583 3584 3664
f 3664 3665 3745
f 3745 3746 3826
f 3826 3827 3907
f 3907 3908 3988
f 3988 3989 4069
f 4069 4070 4150
f 4150 4151 4231
f 4231 4232 4312
f 4312 4313 4393
f 4393 4394 4474
f 4474 4475 4555
f 4555 4556 4636
f 4636 4637 4717
f 4717 4718 4798
f 4798 4799 4879
f 4879 4880 4960
f 4960 4961 5041
f 5041 5042 5122
f 5122 5123 5203
f 5203 5204 5284
f 5284 5285 5365
f 5365 5366 5446
f 5446 5447 5527
f 5527 5528 5608
f 5608 5609 5689
f 5689 5690 5770
f 5770 5771 5851
f 5851 5852 5932
f 5932 5933 6013
f 6013 6014 6094
f 6094 6095 6175
f 6175 6176 6256
f 6256 6257 6337
f 6337 6338 6418
f 6418 6419 6499
f 20 21 101
f 101 102 182
f 182 183 263
f 263 264 344
f 344 345 425
f 425 426 506
f 506 507 587
f 587 588 668
f 668 669 749
f 749 750 830
f 830 831 911
f 911 912 992
f 992 993 1073
f 1073 1074 1154
f 1154 1155 1235
f 1235 1236 1316
f 1316 1317 1397
f 1397 1398 1478
f 1478 1479 1559
f 1559 1560 1640
f 1640 1641 1721
f 1721 1722 1802
f 1802 1803 1883
f 1883 1884 1964
f 1964 1965 2045
f 2045 2046 2126
f 2126 2127 2207
f 2207 2208 2288
f 2288 2289 2369
f 2369 2370 2450
f 2450 2451 2531
f 2531 2532 2612
f 2612 2613 2693
f 2693 2694 2774
f 2774 2775 2855
f 2855 2856 2936
f 2936 2937 3017
f 3017 3018 3098
f 3098 3099 3179
f 3179 3180 3260
f 3260 3261 3341
f 3341 3342 3422
f 3422 3423 3503
f 3503 3504 3584
f 3584 3585 3665
f 3665 3666 3746
f 3746 3747 3827
f 3827 3828 3908
f 3908 3909 3989
f 3989 3990 4070
f 4070 4071 4151
f 4151 4152 4232
f 4232 4233 4313
f 4313 4314 4394
f 4394 4395 4475
f 4475 4476 4556
f 4556 4557 4637
f 4637 4638 4718
f 4718 4719 4799
f 4799 4800 4880
f 4880 4881 4961
f 4961 4962 5042
f 5042 5043 5123
f 5123 5124 5204
f 5204 5205 5285
f 5285 5286 5366
f 5366 5367 5447
f 5447 5448 5528
f 5528 5529 5609
f 5609 5610 5690
f 5690 5691 5771
f 5771 5772 5852
f 5852 5853 5933
f 5933 5934 6014
f 6014 6015 6095
f 6095 6096 6176
f 6176 6177 6257
f 6257 6258 6338
f 6338 6339 6419
f 6419 6420 6500
f 21 22 102
f 102 103 183
f 183 184 264
f 264 265 345
f 345 346 426
f 426 427 507
f 507 508 588
f 588 589 669
f 669 670 750
f 750 751 831
f 831 832 912
f 912 913 993
f 993 994 1074
f 1074 1075 1155
f 1155 1156 1236
f 1236 1237 1317
f 1317 1318 1398
f 1398 1399 1479
f 1479 1480 1560
f 1560 1561 1641
f 1641 1642 1722
f 1722 1723 1803
f 1803 1804 1884
f 1884 1885 1965
f 1965 1966 2046
f 2046 2047 2127
f 2127 2128 2208
f 2208 2209 2289
f 2289 2290 2370
f 2370 2371 2451
f 2451 2452 2532
f 2532 2533 2613
f 2613 2614 2694
f 2694 2695 2775
f 2775 2776 2856
f 2856 2857 2937
f 2937 2938 3018
f 3018 3019 3099
f 3099 3100 3180
f 3180 3181 3261
f 3261 3262 3342
f 3342 3343 3423
f 3423 3424 3504
f 3504 3505 3585
f 3585 3586 3666
f 3666 3667 3747
f 3747 3748 3828
f 3828 3829 3909
f 3909 3910 3990
f 3990 3991 4071
f 4071 4072 4152
f 4152 4153 4233
f 4233 4234 4314
f 4314 4315 4395
f 4395 4396 4476
f 4476 4477 4557
f 4557 4558 4638
f 4638 4639 4719
f 4719 4720 4800
f 4800 4801 4881
f 4881 4882 4962
f 4962 4963 5043
f 5043 5044 5124
f 5124 5125 5205
f 5205 5206 5286
f 5286 5287 5367
f 5367 5368 5448
f 5448 5449 5529
f 5529 5530 5610
f 5610 5611 5691
f 5691 5692 5772
f 5772 5773 5853
f 5853 5854 5934
f 5934 5935 6015
f 6015 6016 6096
f 6096 6097 6177
f 6177 6178 6258
f 6258 6259 6339
f 6339 6340 6420
f 6420 6421 6501
f 22 23 103
f 103 104 184
f 184 185 265
f 265 266 346
f 346 347 427
f 427 428 508
f 508 509 589
f 589 590 670
f 670 671 751
f 751 752 832
f 832 833 913
f 913 914 994
f 994 995 1075
f 1075 1076 1156
f 1156 1157 1237
f 1237 1238 1318
f 1318 1319 1399
f 1399 1400 1480
f 1480 1481 1561
f 1561 1562 1642
f 1642 1643 1723
f 1723 1724 1804
f 1804 1805 1885
f 1885 1886 1966
f 1966 1967 2047
f 2047 2048 2128
f 2128 2129 2209
f 2209 2210 2290
f 2290 2291 2371
f 2371 2372 2452
f 2452 2453 2533
f 2533 2534 2614
f 2614 2615 2695
f 2695 2696 2776
f 2776 2777 2857
f 2857 2858 2938
f 2938 2939 3019
f 3019 3020 3100
f 3100 3101 3181
f 3181 3182 3262
f 3262 3263 3343
f 3343 3344 3424
f 3424 3425 3505
f 3505 3506 3586
f 3586 3587 3667
f 3667 3668 3748
f 3748 3749 3829
f 3829 3830 3910
f 3910 3911 3991
f 3991 3992 4072
f 4072 4073 4153
f 4153 4154 4234
f 4234 4235 4315
f 4315 4316 4396
f 4396 4397 4477
f 4477 4478 4558
f 4558 4559 4639
f 4639 4640 4720
f 4720 4721 4801
f 4801 4802 4882
f 4882 4883 4963
f 4963 4964 5044
f 5044 5045 5125
f 5125 5126 5206
f 5206 5207 5287
f 5287 5288 5368
f 5368 5369 5449
f 5449 5450 5530
f 5530 5531 5611
f 5611 5612 5692
f 5692 5693 5773
f 5773 5774 5854
f 5854 5855 5935
f 5935 5936 6016
f 6016 6017 6097
f 6097 6098 6178
f 6178 6179 6259
f 6259 6260 6340
f 6340 6341 6421
f 6421 6422 6502
f 23 24 104
f 104 105 185
f 185 186 266
f 266 267 347
f 347 348 428
f 428 429 509
f 509 510 590
f 590 591 671
f 671 672 752
f 752 753 833
f 833 834 914
f 914 915 995
f 995 996 1076
f 1076 1077 1157
f 1157 1158 1238
f 1238 1239 1319
f 1319 1320 1400
f 1400 1401 1481
f 1481 1482 1562
f 1562 1563 1643
f 1643 1644 1724
f 1724 1725 1805
f 1805 1806 1886
f 1886 1887 1967
f 1967 1968 2048
f 2048 2049 2129
f 2129 2130 2210
f 2210 2211 2291
f 2291 2292 2372
f 2372 2373 2453
f 2453 2454 2534
f 2534 2535 2615
f 2615 2616 2696
f 2696 2697 2777
f 2777 2778 2858
f 2858 2859 2939
f 2939 2940 3020
f 3020 3021 3101
f 3101 3102 3182
f 3182 3183 3263
f 3263 3264 3344
f 3344 3345 3425
f 3425 3426 3506
f 3506 3507 3587
f 3587 3588 3668
f 3668 3669 3749
f 3749 3750 3830
f 3830 3831 3911
f 3911 3912 3992
f 3992 3993 4073
f 4073 4074 4154
f 4154 4155 4235
f 4235 4236 4316
f 4316 4317 4397
f 4397 4398 4478
f 4478 4479 4559
f 4559 4560 4640
f 4640 4641 4721
f 4721 4722 4802
f 4802 4803 4883
f 4883 4884 4964
f 4964 4965 5045
f 5045 5046 5126
f 5126 5127 5207
f 5207 5208 5288
f 5288 5289 5369
f 5369 5370 5450
f 5450 5451 5531
f 5531 5532 5612
f 5612 5613 5693
f 5693 5694 5774
f 5774 5775 5855
f 5855 5856 5936
f 5936 5937 6017
f 6017 6018 6098
f 6098 6099 6179
f 6179 6180 6260
f 6260 6261 6341
f 6341 6342 6422
f 6422 6423 6503
f 24 25 105
f 105 106 186
f 186 187 267
f 267 268 348
f 348 349 429
f 429 430 510
f 510 511 591
f 591 592 672
f 672 673 753
f 753 754 834
f 834 835 915
f 915 916 996
f 996 997 1077
f 1077 1078 1158
f 1158 1159 1239
f 1239 1240 1320
f 1320 1321 1401
f 1401 1402 1482
f 1482 1483 1563
f 1563 1564 1644
f 1644 1645 1725
f 1725 1726 1806
f 1806 1807 1887
f 1887 1888 1968
f 1968 1969 2049
f 2049 2050 2130
f 2130 2131 2211
f 2211 2212 2292
f 2292 2293 2373
f 2373 2374 2454
f 2454 2455 2535
f 2535 2536 2616
f 2616 2617 2697
f 2697 2698 2778
f 2778 2779 2859
f 2859 2860 2940
f 2940 2941 3021
f 3021 3022 3102
f 3102 3103 3183
f 3183 3184 3264
f 3264 3265 3345
f 3345 3346 3426
f 3426 3427 3507
f 3507 3508 3588
f 3588 3589 3669
f 3669 3670 3750
f 3750 3751 3831
f 3831 3832 3912
f 3912 3913 3993
f 3993 3994 4074
f 4074 4075 4155
f 4155 4156 4236
f 4236 4237 4317
f 4317 4318 4398
f 4398 4399 4479
f 4479 4480 4560
f 4560 4561 4641
f 4641 4642 4722
f 4722 4723 4803
f 4803 4804 4884
f 4884 4885 4965
f 4965 4966 5046
f 5046 5047 5127
f 5127 5128 5208
f 5208 5209 5289
f 5289 5290 5370
f 5370 5371 5451
f 5451 5452 5532
f 5532 5533 5613
f 5613 5614 5694
f 5694 5695 5775
f 5775 5776 5856
f 5856 5857 5937
f 5937 5938 6018
f 6018 6019 6099
f 6099 6100 6180
f 6180 6181 6261
f 6261 6262 6342
f 6342 6343 6423
f 6423 6424 6504
f 25 26 106
f 106 107 187
f 187 188 268
f 268 269 349
f 349 350 430
f 430 431 511
f 511 512 592
f 592 593 673
f 673 674 754
f 754 755 835
f 835 836 916
f 916 917 997
f 997 998 1078
f 1078 1079 1159
f 1159 1160 1240
f 1240 1241 1321
f 1321 1322 1402
f 1402 1403 1483
f 1483 1484 1564
f 1564 1565 1645
f 1645 1646 1726
f 1726 1727 1807
f 1807 1808 1888
f 1888 1889 1969
f 1969 1970 2050
f 2050 2051 2131
f 2131 2132 2212
f 2212 2213 2293
f 2293 2294 2374
f 2374 2375 2455
f 2455 2456 2536
f 2536 2537 2617
f 2617 2618 2698
f 2698 2699 2779
f 2779 2780 2860
f 2860 2861 2941
f 2941 2942 3022
f 3022 3023 3103
f 3103 3104 3184
f 3184 3185 3265
f 3265 3266 3346
f 3346 3347 3427
f 3427 3428 3508
f 3508 3509 3589
f 3589 3590 3670
f 3670 3671 3751
f 3751 3752 3832
f 3832 3833 3913
f 3913 3914 3994
f 3994 3995 4075
f 4075 4076 4156
f 4156 4157 4237
f 4237 4238 4318
f 4318 4319 4399
f 4399 4400 4480
f 4480 4481 4561
f 4561 4562 4642
f 4642 4643 4723
f 4723 4724 4804
f 4804 4805 4885
f 4885 4886 4966
f 4966 4967 5047
f 5047 5048 5128
f 5128 5129 5209
f 5209 5210 5290
f 5290 5291 5371
f 5371 5372 5452
f 5452 5453 5533
f 5533 5534 5614
f 5614 5615 5695
f 5695 5696 5776
f 5776 5777 5857
f 5857 5858 5938
f 5938 5939 6019
f 6019 6020 6100
f 6100 6101 6181
f 6181 6182 6262
f 6262 6263 6343
f 6343 6344 6424
f 6424 6425 6505
f 26 27 107
f 107 108 188
f 188 189 269
f 269 270 350
f 350 351 431
f 431 432 512
f 512 513 593
f 593 594 674
f 674 675 755
f 755 756 836
f 836 837 917
f 917 918 998
f 998 999 1079
f 1079 1080 1160
f 1160 1161 1241
f 1241 1242 1322
f 1322 1323 1403
f 1403 1404 1484
f 1484 1485 1565
f 1565 1566 1646
f 1646 1647 1727
f 1727 1728 1808
f 1808 1809 1889
f 1889 1890 1970
f 1970 1971 2051
f 2051 2052 2132
f 2132 2133 2213
f 2213 2214 2294
f 2294 2295 2375
f 2375 2376 2456
f 2456 2457 2537
f 2537 2538 2618
f 2618 2619 2699
f 2699 2700 2780
f 2780 2781 2861
f 2861 2862 2942
f 2942 2943 3023
f 3023 3024 3104
f 3104 3105 3185
f 3185 3186 3266
f 3266 3267 3347
f 3347 3348 3428
f 3428 3429 3509
f 3509 3510 3590
f 3590 3591 3671
f 3671 3672 3752
f 3752 3753 3833
f 3833 3834 3914
f 3914 3915 3995
f 3995 3996 4076
f 4076 4077 4157
f 4157 4158 4238
f 4238 4239 4319
f 4319 4320 4400
f 4400 4401 4481
f 4481 4482 4562
f 4562 4563 4643
f 4643 4644 4724
f 4724 4725 4805
f 4805 4806 4886
f 4886 4887 4967
f 4967 4968 5048
f 5048 5049 5129
f 5129 5130 5210
f 5210 5211 5291
f 5291 5292 5372
f 5372 5373 5453
f 5453 5454 5534
f 5534 5535 5615
f 5615 5616 5696
f 5696 5697 5777
f 5777 5778 5858
f 5858 5859 5939
f 5939 5940 6020
f 6020 6021 6101
f 6101 6102 6182
f 6182 6183 6263
f 6263 6264 6344
f 6344 6345 6425
f 6425 6426 6506
f 27 28 108
f 108 109 189
f 189 190 270
f 270 271 351
f 351 352 432
f 432 433 513
f 513 514 594
f 594 595 675
f 675 676 756
f 756 757 837
f 837 838 918
f 918 919 999
f 999 1000 1080
f 1080 1081 1161
f 1161 1162 1242
f 1242 1243 1323
f 1323 1324 1404
f 1404 1405 1485
f 1485 1486 1566
f 1566 1567 1647
f 1647 1648 1728
f 1728 1729 1809
f 1809 1810 1890
f 1890 1891 1971
f 1971 1972 2052
f 2052 2053 2133
f 2133 2134 2214
f 2214 2215 2295
f 2295 2296 2376
f 2376 2377 2457
f 2457 2458 2538
f 2538 2539 2619
f 2619 2620 2700
f 2700 2701 2781
f 2781 2782 2862
f 2862 2863 2943
f 2943 2944 3024
f 3024 3025 3105
f 3105 3106 3186
f 3186 3187 3267
f 3267 3268 3348
f 3348 3349 3429
f 3429 3430 3510
f 3510 3511 3591
f 3591 3592 3672
f 3672 3673 3753
f 3753 3754 3834
f 3834 3835 3915
f 3915 3916 3996
f 3996 3997 4077
f 4077 4078 4158
f 4158 4159 4239
f 4239 4240 4320
f 4320 4321 4401
f 4401 4402 4482
f 4482 4483 4563
f 4563 4564 4644
f 4644 4645 4725
f 4725 4726 4806
f 4806 4807 4887
f 4887 4888 4968
f 4968 4969 5049
f 5049 5050 5130
f 5130 5131 5211
f 5211 5212 5292
f 5292 5293 5373
f 5373 5374 5454
f 5454 5455 5535
f 5535 5536 5616
f 5616 5617 5697
f 5697 5698 5778
f 5778 5779 5859
f 5859 5860 5940
f 5940 5941 6021
f 6021 6022 6102
f 6102 6103 6183
f 6183 6184 6264
f 6264 6265 6345
f 6345 6346 6426
f 6426 6427 6507
f 28 29 109
f 109 110 190
f 190 191 271
f 271 272 352
f 352 353 433
f 433 434 514
f 514 515 595
f 595 596 676
f 676 677 757
f 757 758 838
f 838 839 919
f 919 920 1000
f 1000 1001 1081
f 1081 1082 1162
f 1162 1163 1243
f 1243 1244 1324
f 1324 1325 1405
f 1405 1406 1486
f 1486 1487 1567
f 1567 1568 1648
f 1648 1649 1729
f 1729 1730 1810
f 1810 1811 1891
f 1891 1892 1972
f 1972 1973 2053
f 2053 2054 2134
f 2134 2135 2215
f 2215 2216 2296
f 2296 2297 2377
f 2377 2378 2458
f 2458 2459 2539
f 2539 2540 2620
f 2620 2621 2701
f 2701 2702 2782
f 2782 2783 2863
f 2863 2864 2944
f 2944 2945 3025
f 3025 3026 3106
f 3106 3107 3187
f 3187 3188 3268
f 3268 3269 3349
f 3349 3350 3430
f 3430 3431 3511
f 3511 3512 3592
f 3592 3593 3673
f 3673 3674 3754
f 3754 3755 3835
f 3835 3836 3916
f 3916 3917 3997
f 3997 3998 4078
f 4078 4079 4159
f 4159 4160 4240
f 4240 4241 4321
f 4321 4322 4402
f 4402 4403 4483
f 4483 4484 4564
f 4564 4565 4645
f 4645 4646 4726
f 4726 4727 4807
f 4807 4808 4888
f 4888 4889 4969
f 4969 4970 5050
f 5050 5051 5131
f 5131 5132 5212
f 5212 5213 5293
f 5293 5294 5374
f 5374 5375 5455
f 5455 5456 5536
f 5536 5537 5617
f 5617 5618 5698
f 5698 5699 5779
f 5779 5780 5860
f 5860 5861 5941
f 5941 5942 6022
f 6022 6023 6103
f 6103 6104 6184
f 6184 6185 6265
f 6265 6266 6346
f 6346 6347 6427
f 6427 6428 6508
f 29 30 110
f 110 111 191
f 191 192 272
f 272 273 353
f 353 354 434
f 434 435 515
f 515 516 596
f 596 597 677
f 677 678 758
f 758 759 839
f 839 840 920
f 920 921 1001
f 1001 1002 1082
f 1082 1083 1163
f 1163 1164 1244
f 1244 1245 1325
f 1325 1326 1406
f 1406 1407 1487
f 1487 1488 1568
f 1568 1569 1649
f 1649 1650 1730
f 1730 1731 1811
f 1811 1812 1892
f 1892 1893 1973
f 1973 1974 2054
f 2054 2055 2135
f 2135 2136 2216
f 2216 2217 2297
f 2297 2298 2378
f 2378 2379 2459
f 2459 2460 2540
f 2540 2541 2621
f 2621 2622 2702
f 2702 2703 2783
f 2783 2784 2864
f 2864 2865 2945
f 2945 2946 3026
f 3026 3027 3107
f 3107 3108 3188
f 3188 3189 3269
f 3269 3270 3350
f 3350 3351 3431
f 3431 3432 3512
f 3512 3513 3593
f 3593 3594 3674
f 3674 3675 3755
f 3755 3756 3836
f 3836 3837 3917
f 3917 3918 3998
f 3998 3999 4079
f 4079 4080 4160
f 4160 4161 4241
f 4241 4242 4322
f 4322 4323 4403
f 4403 4404 4484
f 4484 4485 4565
f 4565 4566 4646
f 4646 4647 4727
f 4727 4728 4808
f 4808 4809 4889
f 4889 4890 4970
f 4970 4971 5051
f 5051 5052 5132
f 5132 5133 5213
f 5213 5214 5294
f 5294 5295 5375
f 5375 5376 5456
f 5456 5457 5537
f 5537 5538 5618
f 5618 5619 5699
f 5699 5700 5780
f 5780 5781 5861
f 5861 5862 5942
f 5942 5943 6023
f 6023 6024 6104
f 6104 6105 6185
f 6185 6186 6266
f 6266 6267 6347
f 6347 6348 6428
f 6428 6429 6509
f 30 31 111
f 111 112 192
f 192 193 273
f 273 274 354
f 354 355 435
f 435 436 516
f 516 517 597
f 597 598 678
f 678 679 759
f 759 760 840
f 840 841 921
f 921 922 1002
f 1002 1003 1083
f 1083 1084 1164
f 1164 1165 1245
f 1245 1246 1326
f 1326 1327 1407
f 1407 1408 1488
f 1488 1489 1569
f 1569 1570 1650
f 1650 1651 1731
f 1731 1732 1812
f 1812 1813 1893
f 1893 1894 1974
f 1974 1975 2055
f 2055 2056 2136
f 2136 2137 2217
f 2217 2218 2298
f 2298 2299 2379
f 2379 2380 2460
f 2460 2461 2541
f 2541 2542 2622
f 2622 2623 2703
f 2703 2704 2784
f 2784 2785 2865
f 2865 2866 2946
f 2946 2947 3027
f 3027 3028 3108
f 3108 3109 3189
f 3189 3190 3270
f 3270 3271 3351
f 3351 3352 3432
f 3432 3433 3513
f 3513 3514 3594
f 3594 3595 3675
f 3675 3676 3756
f 3756 3757 3837
f 3837 3838 3918
f 3918 3919 3999
f 3999 4000 4080
f 4080 4081 4161
f 4161 4162 4242
f 4242 4243 4323
f 4323 4324 4404
f 4404 4405 4485
f 4485 4486 4566
f 4566 4567 4647
f 4647 4648 4728
f 4728 4729 4809
f 4809 4810 4890
f 4890 4891 4971
f 4971 4972 5052
f 5052 5053 5133
f 5133 5134 5214
f 5214 5215 5295
f 5295 5296 5376
f 5376 5377 5457
f 5457 5458 5538
f 5538 5539 5619
f 5619 5620 5700
f 5700 5701 5781
f 5781 5782 5862
f 5862 5863 5943
f 5943 5944 6024
f 6024 6025 6105
f 6105 6106 6186
f 6186 6187 6267
f 6267 6268 6348
f 6348 6349 6429
f 6429 6430 6510
f 31 32 112
f 112 113 193
f 193 194 274
f 274 275 355
f 355 356 436
f 436 437 517
f 517 518 598
f 598 599 679
f 679 680 760
f 760 761 841
f 841 842 922
f 922 923 1003
f 1003 1004 1084
f 1084 1085 1165
f 1165 1166 1246
f 1246 1247 1327
f 1327 1328 1408
f 1408 1409 1489
f 1489 1490 1570
f 1570 1571 1651
f 1651 1652 1732
f 1732 1733 1813
f 1813 1814 1894
f 1894 1895 1975
f 1975 1976 2056
f 2056 2057 2137
f 2137 2138 2218
f 2218 2219 2299
f 2299 2300 2380
f 2380 2381 2461
f 2461 2462 2542
f 2542 2543 2623
f 2623 2624 2704
f 2704 2705 2785
f 2785 2786 2866
f 2866 2867 2947
f 2947 2948 3028
f 3028 3029 3109
f 3109 3110 3190
f 3190 3191 3271
f 3271 3272 3352
f 3352 3353 3433
f 3433 3434 3514
f 3514 3515 3595
f 3595 3596 3676
f 3676 3677 3757
f 3757 3758 3838
f 3838 3839 3919
f 3919 3920 4000
f 4000 4001 4081
f 4081 4082 4162
f 4162 4163 4243
f 4243 4244 4324
f 4324 4325 4405
f 4405 4406 4486
f 4486 4487 4567
f 4567 4568 4648
f 4648 4649 4729
f 4729 4730 4810
f 4810 4811 4891
f 4891 4892 4972
f 4972 4973 5053
f 5053 5054 5134
f 5134 5135 5215
f 5215 5216 5296
f 5296 5297 5377
f 5377 5378 5458
f 5458 5459 5539
f 5539 5540 5620
f 5620 5621 5701
f 5701 5702 5782
f 5782 5783 5863
f 5863 5864 5944
f 5944 5945 6025
f 6025 6026 6106
f 6106 6107 6187
f 6187 6188 6268
f 6268 6269 6349
f 6349 6350 6430
f 6430 6431 6511
f 32 33 113
f 113 114 194
f 194 195 275
f 275 276 356
f 356 357 437
f 437 438 518
f 518 519 599
f 599 600 680
f 680 681 761
f 761 762 842
f 842 843 923
f 923 924 1004
f 1004 1005 1085
f 1085 1086 1166
f 1166 1167 1247
f 1247 1248 1328
f 1328 1329 1409
f 1409 1410 1490
f 1490 1491 1571
f 1571 1572 1652
f 1652 1653 1733
f 1733 1734 1814
f 1814 1815 1895
f 1895 1896 1976
f 1976 1977 2057
f 2057 2058 2138
f 2138 2139 2219
f 2219 2220 2300
f 2300 2301 2381
f 2381 2382 2462
f 2462 2463 2543
f 2543 2544 2624
f 2624 2625 2705
f 2705 2706 2786
f 2786 2787 2867
f 2867 2868 2948
f 2948 2949 3029
f 3029 3030 3110
f 3110 3111 3191
f 3191 3192 3272
f 3272 3273 3353
f 3353 3354 3434
f 3434 3435 3515
f 3515 3516 3596
f 3596 3597 3677
f 3677 3678 3758
f 3758 3759 3839
f 3839 3840 3920
f 3920 3921 4001
f 4001 4002 4082
f 4082 4083 4163
f 4163 4164 4244
f 4244 4245 4325
f 4325 4326 4406
f 4406 4407 4487
f 4487 4488 4568
f 4568 4569 4649
f 4649 4650 4730
f 4730 4731 4811
f 4811 4812 4892
f 4892 4893 4973
f 4973 4974 5054
f 5054 5055 5135
f 5135 5136 5216
f 5216 5217 5297
f 5297 5298 5378
f 5378 5379 5459
f 5459 5460 5540
f 5540 5541 5621
f 5621 5622 5702
f 5702 5703 5783
f 5783 5784 5864
f 5864 5865 5945
f 5945 5946 6026
f 6026 6027 6107
f 6107 6108 6188
f 6188 6189 6269
f 6269 6270 6350
f 6350 6351 6431
f 6431 6432 6512
f 33 34 114
f 114 115 195
f 195 196 276
f 276 277 357
f 357 358 438
f 438 439 519
f 519 520 600
f 600 601 681
f 681 682 762
f 762 763 843
f 843 844 924
f 924 925 1005
f 1005 1006 1086
f 1086 1087 1167
f 1167 1168 1248
f 1248 1249 1329
f 1329 1330 1410
f 1410 1411 1491
f 1491 1492 1572
f 1572 1573 1653
f 1653 1654 1734
f 1734 1735 1815
f 1815 1816 1896
f 1896 1897 1977
f 1977 1978 2058
f 2058 2059 2139
f 2139 2140 2220
f 2220 2221 2301
f 2301 2302 2382
f 2382 2383 2463
f 2463 2464 2544
f 2544 2545 2625
f 2625 2626 2706
f 2706 2707 2787
f 2787 2788 2868
f 2868 2869 2949
f 2949 2950 3030
f 3030 3031 3111
f 3111 3112 3192
f 3192 3193 3273
f 3273 3274 3354
f 3354 3355 3435
f 3435 3436 3516
f 3516 3517 3597
f 3597 3598 3678
f 3678 3679 3759
f 3759 3760 3840
f 3840 3841 3921
f 3921 3922 4002
f 4002 4003 4083
f 4083 4084 4164
f 4164 4165 4245
f 4245 4246 4326
f 4326 4327 4407
f 4407 4408 4488
f 4488 4489 4569
f 4569 4570 4650
f 4650 4651 4731
f 4731 4732 4812
f 4812 4813 4893
f 4893 4894 4974
f 4974 4975 5055
f 5055 5056 5136
f 5136 5137 5217
f 5217 5218 5298
f 5298 5299 5379
f 5379 5380 5460
f 5460 5461 5541
f 5541 5542 5622
f 5622 5623 5703
f 5703 5704 5784
f 5784 5785 5865
f 5865 5866 5946
f 5946 5947 6027
f 6027 6028 6108
f 6108 6109 6189
f 6189 6190 6270
f 6270 6271 6351
f 6351 6352 6432
f 6432 6433 6513
f 34 35 115
f 115 116 196
f 196 197 277
f 277 278 358
f 358 359 439
f 439 440 520
f 520 521 601
f 601 602 682
f 682 683 763
f 763 764 844
f 844 845 925
f 925 926 1006
f 1006 1007 1087
f 1087 1088 1168
f 1168 1169 1249
f 1249 1250 1330
f 1330 1331 1411
f 1411 1412 1492
f 1492 1493 1573
f 1573 1574 1654
f 1654 1655 1735
f 1735 1736 1816
f 1816 1817 1897
f 1897 1898 1978
f 1978 1979 2059
f 2059 2060 2140
f 2140 2141 2221
f 2221 2222 2302
f 2302 2303 2383
f 2383 2384 2464
f 2464 2465 2545
f 2545 2546 2626
f 2626 2627 2707
f 2707 2708 2788
f 2788 2789 2869
f 2869 2870 2950
f 2950 2951 3031
f 3031 3032 3112
f 3112 3113 3193
f 3193 3194 3274
f 3274 3275 3355
f 3355 3356 3436
f 3436 3437 3517
f 3517 3518 3598
f 3598 3599 3679
f 3679 3680 3760
f 3760 3761 3841
f 3841 3842 3922
f 3922 3923 4003
f 4003 4004 4084
f 4084 4085 4165
f 4165 4166 4246
f 4246 4247 4327
f 4327 4328 4408
f 4408 4409 4489
f 4489 4490 4570
f 4570 4571 4651
f 4651 4652 4732
f 4732 4733 4813
f 4813 4814 4894
f 4894 4895 4975
f 4975 4976 5056
f 5056 5057 5137
f 5137 5138 5218
f 5218 5219 5299
f 5299 5300 5380
f 5380 5381 5461
f 5461 5462 5542
f 5542 5543 5623
f 5623 5624 5704
f 5704 5705 5785
f 5785 5786 5866
f 5866 5867 5947
f 5947 5948 6028
f 6028 6029 6109
f 6109 6110 6190
f 6190 6191 6271
f 6271 6272 6352
f 6352 6353 6433
f 6433 6434 6514
f 35 36 116
f 116 117 197
f 197 198 278
f 278 279 359
f 359 360 440
f 440 441 521
f 521 522 602
f 602 603 683
f 683 684 764
f 764 765 845
f 845 846 926
f 926 927 1007
f 1007 1008 1088
f 1088 1089 1169
f 1169 1170 1250
f 1250 1251 1331
f 1331 1332 1412
f 1412 1413 1493
f 1493 1494 1574
f 1574 1575 1655
f 1655 1656 1736
f 1736 1737 1817
f 1817 1818 1898
f 1898 1899 1979
f 1979 1980 2060
f 2060 2061 2141
f 2141 2142 2222
f 2222 2223 2303
f 2303 2304 2384
f 2384 2385 2465
f 2465 2466 2546
f 2546 2547 2627
f 2627 2628 2708
f 2708 2709 2789
f 2789 2790 2870
f 2870 2871 2951
f 2951 2952 3032
f 3032 3033 3113
f 3113 3114 3194
f 3194 3195 3275
f 3275 3276 3356
f 3356 3357 3437
f 3437 3438 3518
f 3518 3519 3599
f 3599 3600 3680
f 3680 3681 3761
f 3761 3762 3842
f 3842 3843 3923
f 3923 3924 4004
f 4004 4005 4085
f 4085 4086 4166
f 4166 4167 4247
f 4247 4248 4328
f 4328 4329 4409
f 4409 4410 4490
f 4490 4491 4571
f 4571 4572 4652
f 4652 4653 4733
f 4733 4734 4814
f 4814 4815 4895
f 4895 4896 4976
f 4976 4977 5057
f 5057 5058 5138
f 5138 5139 5219
f 5219 5220 5300
f 5300 5301 5381
f 5381 5382 5462
f 5462 5463 5543
f 5543 5544 5624
f 5624 5625 5705
f 5705 5706 5786
f 5786 5787 5867
f 5867 5868 5948
f 5948 5949 6029
f 6029 6030 6110
f 6110 6111 6191
f 6191 6192 6272
f 6272 6273 6353
f 6353 6354 6434
f 6434 6435 6515
f 36 37 117
f 117 118 198
f 198 199 279
f 279 280 360
f 360 361 441
f 441 442 522
f 522 523 603
f 603 604 684
f 684 685 765
f 765 766 846
f 846 847 927
f 927 928 1008
f 1008 1009 1089
f 1089 1090 1170
f 1170 1171 1251
f 1251 1252 1332
f 1332 1333 1413
f 1413 1414 1494
f 1494 1495 1575
f 1575 1576 1656
f 1656 1657 1737
f 1737 1738 1818
f 1818 1819 1899
f 1899 1900 1980
f 1980 1981 2061
f 2061 2062 2142
f 2142 2143 2223
f 2223 2224 2304
f 2304 2305 2385
f 2385 2386 2466
f 2466 2467 2547
f 2547 2548 2628
f 2628 2629 2709
f 2709 2710 2790
f 2790 2791 2871
f 2871 2872 2952
f 2952 2953 3033
f 3033 3034 3114
f 3114 3115 3195
f 3195 3196 3276
f 3276 3277 3357
f 3357 3358 3438
f 3438 3439 3519
f 3519 3520 3600
f 3600 3601 3681
f 3681 3682 3762
f 3762 3763 3843
f 3843 3844 3924
f 3924 3925 4005
f 4005 4006 4086
f 4086 4087 4167
f 4167 4168 4248
f 4248 4249 4329
f 4329 4330 4410
f 4410 4411 4491
f 4491 4492 4572
f 4572 4573 4653
f 4653 4654 4734
f 4734 4735 4815
f 4815 4816 4896
f 4896 4897 4977
f 4977 4978 5058
f 5058 5059 5139
f 5139 5140 5220
f 5220 5221 5301
f 5301 5302 5382
f 5382 5383 5463
f 5463 5464 5544
f 5544 5545 5625
f 5625 5626 5706
f 5706 5707 5787
f 5787 5788 5868
f 5868 5869 5949
f 5949 5950 6030
f 6030 6031 6111
f 6111 6112 6192
f 6192 6193 6273
f 6273 6274 6354
f 6354 6355 6435
f 6435 6436 6516
f 37 38 118
f 118 119 199
f 199 200 280
f 280 281 361
f 361 362 442
f 442 443 523
f 523 524 604
f 604 605 685
f 685 686 766
f 766 767 847
f 847 848 928
f 928 929 1009
f 1009 1010 1090
f 1090 1091 1171
f 1171 1172 1252
f 1252 1253 1333
f 1333 1334 1414
f 1414 1415 1495
f 1495 1496 1576
f 1576 1577 1657
f 1657 1658 1738
f 1738 1739 1819
f 1819 1820 1900
f 1900 1901 1981
f 1981 1982 2062
f 2062 2063 2143
f 2143 2144 2224
f 2224 2225 2305
f 2305 2306 2386
f 2386 2387 2467
f 2467 2468 2548
f 2548 2549 2629
f 2629 2630 2710
f 2710 2711 2791
f 2791 2792 2872
f 2872 2873 2953
f 2953 2954 3034
f 3034 3035 3115
f 3115 3116 3196
f 3196 3197 3277
f 3277 3278 3358
f 3358 3359 3439
f 3439 3440 3520
f 3520 3521 3601
f 3601 3602 3682
f 3682 3683 3763
f 3763 3764 3844
f 3844 3845 3925
f 3925 3926 4006
f 4006 4007 4087
f 4087 4088 4168
f 4168 4169 4249
f 4249 4250 4330
f 4330 4331 4411
f 4411 4412 4492
f 4492 4493 4573
f 4573 4574 4654
f 4654 4655 4735
f 4735 4736 4816
f 4816 4817 4897
f 4897 4898 4978
f 4978 4979 5059
f 5059 5060 5140
f 5140 5141 5221
f 5221 5222 5302
f 5302 5303 5383
f 5383 5384 5464
f 5464 5465 5545
f 5545 5546 5626
f 5626 5627 5707
f 5707 5708 5788
f 5788 5789 5869
f 5869 5870 5950
f 5950 5951 6031
f 6031 6032 6112
f 6112 6113 6193
f 6193 6194 6274
f 6274 6275 6355
f 6355 6356 6436
f 6436 6437 6517
f 38 39 119
f 119 120 200
f 200 201 281
f 281 282 362
f 362 363 443
f 443 444 524
f 524 525 605
f 605 606 686
f 686 687 767
f 767 768 848
f 848 849 929
f 929 930 1010
f 1010 1011 1091
f 1091 1092 1172
f 1172 1173 1253
f 1253 1254 1334
f 1334 1335 1415
f 1415 1416 1496
f 1496 1497 1577
f 1577 1578 1658
f 1658 1659 1739
f 1739 1740 1820
f 1820 1821 1901
f 1901 1902 1982
f 1982 1983 2063
f 2063 2064 2144
f 2144 2145 2225
f 2225 2226 2306
f 2306 2307 2387
f 2387 2388 2468
f 2468 2469 2549
f 2549 2550 2630
f 2630 2631 2711
f 2711 2712 2792
f 2792 2793 2873
f 2873 2874 2954
f 2954 2955 3035
f 3035 3036 3116
f 3116 3117 3197
f 3197 3198 3278
f 3278 3279 3359
f 3359 3360 3440
f 3440 3441 3521
f 3521 3522 3602
f 3602 3603 3683
f 3683 3684 3764
f 3764 3765 3845
f 3845 3846 3926
f 3926 3927 4007
f 4007 4008 4088
f 4088 4089 4169
f 4169 4170 4250
f 4250 4251 4331
f 4331 4332 4412
f 4412 4413 4493
f 4493 4494 4574
f 4574 4575 4655
f 4655 4656 4736
f 4736 4737 4817
f 4817 4818 4898
f 4898 4899 4979
f 4979 4980 5060
f 5060 5061 5141
f 5141 5142 5222
f 5222 5223 5303
f 5303 5304 5384
f 5384 5385 5465
f 5465 5466 5546
f 5546 5547 5627
f 5627 5628 5708
f 5708 5709 5789
f 5789 5790 5870
f 5870 5871 5951
f 5951 5952 6032
f 6032 6033 6113
f 6113 6114 6194
f 6194 6195 6275
f 6275 6276 6356
f 6356 6357 6437
f 6437 6438 6518
f 39 40 120
f 120 121 201
f 201 202 282
f 282 283 363
f 363 364 444
f 444 445 525
f 525 526 606
f 606 607 687
f 687 688 768
f 768 769 849
f 849 850 930
f 930 931 1011
f 1011 1012 1092
f 1092 1093 1173
f 1173 1174 1254
f 1254 1255 1335
f 1335 1336 1416
f 1416 1417 1497
f 1497 1498 1578
f 1578 1579 1659
f 1659 1660 1740
f 1740 1741 1821
f 1821 1822 1902
f 1902 1903 1983
f 1983 1984 2064
f 2064 2065 2145
f 2145 2146 2226
f 2226 2227 2307
f 2307 2308 2388
f 2388 2389 2469
f 2469 2470 2550
f 2550 2551 2631
f 2631 2632 2712
f 2712 2713 2793
f 2793 2794 2874
f 2874 2875 2955
f 2955 2956 3036
f 3036 3037 3117
f 3117 3118 3198
f 3198 3199 3279
f 3279 3280 3360
f 3360 3361 3441
f 3441 3442 3522
f 3522 3523 3603
f 3603 3604 3684
f 3684 3685 3765
f 3765 3766 3846
f 3846 3847 3927
f 3927 3928 4008
f 4008 4009 4089
f 4089 4090 4170
f 4170 4171 4251
f 4251 4252 4332
f 4332 4333 4413
f 4413 4414 4494
f 4494 4495 4575
f 4575 4576 4656
f 4656 4657 4737
f 4737 4738 4818
f 4818 4819 4899
f 4899 4900 4980
f 4980 4981 5061
f 5061 5062 5142
f 5142 5143 5223
f 5223 5224 5304
f 5304 5305 5385
f 5385 5386 5466
f 5466 5467 5547
f 5547 5548 5628
f 5628 5629 5709
f 5709 5710 5790
f 5790 5791 5871
f 5871 5872 5952
f 5952 5953 6033
f 6033 6034 6114
f 6114 6115 6195
f 6195 6196 6276
f 6276 6277 6357
f 6357 6358 6438
f 6438 6439 6519
f 40 41 121
f 121 122 202
f 202 203 283
f 283 284 364
f 364 365 445
f 445 446 526
f 526 527 607
f 607 608 688
f 688 689 769
f 769 770 850
f 850 851 931
f 931 932 1012
f 1012 1013 1093
f 1093 1094 1174
f 1174 1175 1255
f 1255 1256 1336
f 1336 1337 1417
f 1417 1418 1498
f 1498 1499 1579
f 1579 1580 1660
f 1660 1661 1741
f 1741 1742 1822
f 1822 1823 1903
f 1903 1904 1984
f 1984 1985 2065
f 2065 2066 2146
f 2146 2147 2227
f 2227 2228 2308
f 2308 2309 2389
f 2389 2390 2470
f 2470 2471 2551
f 2551 2552 2632
f 2632 2633 2713
f 2713 2714 2794
f 2794 2795 2875
f 2875 2876 2956
f 2956 2957 3037
f 3037 3038 3118
f 3118 3119 3199
f 3199 3200 3280
f 3280 3281 3361
f 3361 3362 3442
f 3442 3443 3523
f 3523 3524 3604
f 3604 3605 3685
f 3685 3686 3766
f 3766 3767 3847
f 3847 3848 3928
f 3928 3929 4009
f 4009 4010 4090
f 4090 4091 4171
f 4171 4172 4252
f 4252 4253 4333
f 4333 4334 4414
f 4414 4415 4495
f 4495 4496 4576
f 4576 4577 4657
f 4657 4658 4738
f 4738 4739 4819
f 4819 4820 4900
f 4900 4901 4981
f 4981 4982 5062
f 5062 5063 5143
f 5143 5144 5224
f 5224 5225 5305
f 5305 5306 5386
f 5386 5387 5467
f 5467 5468 5548
f 5548 5549 5629
f 5629 5630 5710
f 5710 5711 5791
f 5791 5792 5872
f 5872 5873 5953
f 5953 5954 6034
f 6034 6035 6115
f 6115 6116 6196
f 6196 6197 6277
f 6277 6278 6358
f 6358 6359 6439
f 6439 6440 6520
f 41 42 122
f 122 123 203
f 203 204 284
f 284 285 365
f 365 366 446
f 446 447 527
f 527 528 608
f 608 609 689
f 689 690 770
f 770 771 851
f 851 852 932
f 932 933 1013
f 1013 1014 1094
f 1094 1095 1175
f 1175 1176 1256
f 1256 1257 1337
f 1337 1338 1418
f 1418 1419 1499
f 1499 1500 1580
f 1580 1581 1661
f 1661 1662 1742
f 1742 1743 1823
f 1823 1824 1904
f 1904 1905 1985
f 1985 1986 2066
f 2066 2067 2147
f 2147 2148 2228
f 2228 2229 2309
f 2309 2310 2390
f 2390 2391 2471
f 2471 2472 2552
f 2552 2553 2633
f 2633 2634 2714
f 2714 2715 2795
f 2795 2796 2876
f 2876 2877 2957
f 2957 2958 3038
f 3038 3039 3119
f 3119 3120 3200
f 3200 3201 3281
f 3281 3282 3362
f 3362 3363 3443
f 3443 3444 3524
f 3524 3525 3605
f 3605 3606 3686
f 3686 3687 3767
f 3767 3768 3848
f 3848 3849 3929
f 3929 3930 4010
f 4010 4011 4091
f 4091 4092 4172
f 4172 4173 4253
f 4253 4254 4334
f 4334 4335 4415
f 4415 4416 4496
f 4496 4497 4577
f 4577 4578 4658
f 4658 4659 4739
f 4739 4740 4820
f 4820 4821 4901
f 4901 4902 4982
f 4982 4983 5063
f 5063 5064 5144
f 5144 5145 5225
f 5225 5226 5306
f 5306 5307 5387
f 5387 5388 5468
f 5468 5469 5549
f 5549 5550 5630
f 5630 5631 5711
f 5711 5712 5792
f 5792 5793 5873
f 5873 5874 5954
f 5954 5955 6035
f 6035 6036 6116
f 6116 6117 6197
f 6197 6198 6278
f 6278 6279 6359
f 6359 6360 6440
f 6440 6441 6521
f 42 43 123
f 123 124 204
f 204 205 285
f 285 286 366
f 366 367 447
f 447 448 528
f 528 529 609
f 609 610 690
f 690 691 771
f 771 772 852
f 852 853 933
f 933 934 1014
f 1014 1015 1095
f 1095 1096 1176
f 1176 1177 1257
f 1257 1258 1338
f 1338 1339 1419
f 1419 1420 1500
f 1500 1501 1581
f 1581 1582 1662
f 1662 1663 1743
f 1743 1744 1824
f 1824 1825 1905
f 1905 1906 1986
f 1986 1987 2067
f 2067 2068 2148
f 2148 2149 2229
f 2229 2230 2310
f 2310 2311 2391
f 2391 2392 2472
f 2472 2473 2553
f 2553 2554 2634
f 2634 2635 2715
f 2715 2716 2796
f 2796 2797 2877
f 2877 2878 2958
f 2958 2959 3039
f 3039 3040 3120
f 3120 3121 3201
f 3201 3202 3282
f 3282 3283 3363
f 3363 3364 3444
f 3444 3445 3525
f 3525 3526 3606
f 3606 3607 3687
f 3687 3688 3768
f 3768 3769 3849
f 3849 3850 3930
f 3930 3931 4011
f 4011 4012 4092
f 4092 4093 4173
f 4173 4174 4254
f 4254 4255 4335
f 4335 4336 4416
f 4416 4417 4497
f 4497 4498 4578
f 4578 4579 4659
f 4659 4660 4740
f 4740 4741 4821
f 4821 4822 4902
f 4902 4903 4983
f 4983 4984 5064
f 5064 5065 5145
f 5145 5146 5226
f 5226 5227 5307
f 5307 5308 5388
f 5388 5389 5469
f 5469 5470 5550
f 5550 5551 5631
f 5631 5632 5712
f 5712 5713 5793
f 5793 5794 5874
f 5874 5875 5955
f 5955 5956 6036
f 6036 6037 6117
f 6117 6118 6198
f 6198 6199 6279
f 6279 6280 6360
f 6360 6361 6441
f 6441 6442 6522
f 43 44 124
f 124 125 205
f 205 206 286
f 286 287 367
f 367 368 448
f 448 449 529
f 529 530 610
f 610 611 691
f 691 692 772
f 772 773 853
f 853 854 934
f 934 935 1015
f 1015 1016 1096
f 1096 1097 1177
f 1177 1178 1258
f 1258 1259 1339
f 1339 1340 1420
f 1420 1421 1501
f 1501 1502 1582
f 1582 1583 1663
f 1663 1664 1744
f 1744 1745 1825
f 1825 1826 1906
f 1906 1907 1987
f 1987 1988 2068
f 2068 2069 2149
f 2149 2150 2230
f 2230 2231 2311
f 2311 2312 2392
f 2392 2393 2473
f 2473 2474 2554
f 2554 2555 2635
f 2635 2636 2716
f 2716 2717 2797
f 2797 2798 2878
f 2878 2879 2959
f 2959 2960 3040
f 3040 3041 3121
f 3121 3122 3202
f 3202 3203 3283
f 3283 3284 3364
f 3364 3365 3445
f 3445 3446 3526
f 3526 3527 3607
f 3607 3608 3688
f 3688 3689 3769
f 3769 3770 3850
f 3850 3851 3931
f 3931 3932 4012
f 4012 4013 4093
f 4093 4094 4174
f 4174 4175 4255
f 4255 4256 4336
f 4336 4337 4417
f 4417 4418 4498
f 4498 4499 4579
f 4579 4580 4660
f 4660 4661 4741
f 4741 4742 4822
f 4822 4823 4903
f 4903 4904 4984
f 4984 4985 5065
f 5065 5066 5146
f 5146 5147 5227
f 5227 5228 5308
f 5308 5309 5389
f 5389 5390 5470
f 5470 5471 5551
f 5551 5552 5632
f 5632 5633 5713
f 5713 5714 5794
f 5794 5795 5875
f 5875 5876 5956
f 5956 5957 6037
f 6037 6038 6118
f 6118 6119 6199
f 6199 6200 6280
f 6280 6281 6361
f 6361 6362 6442
f 6442 6443 6523
f 44 45 125
f 125 126 206
f 206 207 287
f 287 288 368
f 368 369 449
f 449 450 530
f 530 531 611
f 611 612 692
f 692 693 773
f 773 774 854
f 854 855 935
f 935 936 1016
f 1016 1017 1097
f 1097 1098 1178
f 1178 1179 1259
f 1259 1260 1340
f 1340 1341 1421
f 1421 1422 1502
f 1502 1503 1583
f 1583 1584 1664
f 1664 1665 1745
f 1745 1746 1826
f 1826 1827 1907
f 1907 1908 1988
f 1988 1989 2069
f 2069 2070 2150
f 2150 2151 2231
f 2231 2232 2312
f 2312 2313 2393
f 2393 2394 2474
f 2474 2475 2555
f 2555 2556 2636
f 2636 2637 2717
f 2717 2718 2798
f 2798 2799 2879
f 2879 2880 2960
f 2960 2961 3041
f 3041 3042 3122
f 3122 3123 3203
f 3203 3204 3284
f 3284 3285 3365
f 3365 3366 3446
f 3446 3447 3527
f 3527 3528 3608
f 3608 3609 3689
f 3689 3690 3770
f 3770 3771 3851
f 3851 3852 3932
f 3932 3933 4013
f 4013 4014 4094
f 4094 4095 4175
f 4175 4176 4256
f 4256 4257 4337
f 4337 4338 4418
f 4418 4419 4499
f 4499 4500 4580
f 4580 4581 4661
f 4661 4662 4742
f 4742 4743 4823
f 4823 4824 4904
f 4904 4905 4985
f 4985 4986 5066
f 5066 5067 5147
f 5147 5148 5228
f 5228 5229 5309
f 5309 5310 5390
f 5390 5391 5471
f 5471 5472 5552
f 5552 5553 5633
f 5633 5634 5714
f 5714 5715 5795
f 5795 5796 5876
f 5876 5877 5957
f 5957 5958 6038
f 6038 6039 6119
f 6119 6120 6200
f 6200 6201 6281
f 6281 6282 6362
f 6362 6363 6443
f 6443 6444 6524
f 45 46 126
f 126 127 207
f 207 208 288
f 288 289 369
f 369 370 450
f 450 451 531
f 531 532 612
f 612 613 693
f 693 694 774
f 774 775 855
f 855 856 936
f 936 937 1017
f 1017 1018 1098
f 1098 1099 1179
f 1179 1180 1260
f 1260 1261 1341
f 1341 1342 1422
f 1422 1423 1503
f 1503 1504 1584
f 1584 1585 1665
f 1665 1666 1746
f 1746 1747 1827
f 1827 1828 1908
f 1908 1909 1989
f 1989 1990 2070
f 2070 2071 2151
f 2151 2152 2232
f 2232 2233 2313
f 2313 2314 2394
f 2394 2395 2475
f 2475 2476 2556
f 2556 2557 2637
f 2637 2638 2718
f 2718 2719 2799
f 2799 2800 2880
f 2880 2881 2961
f 2961 2962 3042
f 3042 3043 3123
f 3123 3124 3204
f 3204 3205 3285
f 3285 3286 3366
f 3366 3367 3447
f 3447 3448 3528
f 3528 3529 3609
f 3609 3610 3690
f 3690 3691 3771
f 3771 3772 3852
f 3852 3853 3933
f 3933 3934 4014
f 4014 4015 4095
f 4095 4096 4176
f 4176 4177 4257
f 4257 4258 4338
f 4338 4339 4419
f 4419 4420 4500
f 4500 4501 4581
f 4581 4582 4662
f 4662 4663 4743
f 4743 4744 4824
f 4824 4825 4905
f 4905 4906 4986
f 4986 4987 5067
f 5067 5068 5148
f 5148 5149 5229
f 5229 5230 5310
f 5310 5311 5391
f 5391 5392 5472
f 5472 5473 5553
f 5553 5554 5634
f 5634 5635 5715
f 5715 5716 5796
f 5796 5797 5877
f 5877 5878 5958
f 5958 5959 6039
f 6039 6040 6120
f 6120 6121 6201
f 6201 6202 6282
f 6282 6283 6363
f 6363 6364 6444
f 6444 6445 6525
f 46 47 127
f 127 128 208
f 208 209 289
f 289 290 370
f 370 371 451
f 451 452 532
f 532 533 613
f 613 614 694
f 694 695 775
f 775 776 856
f 856 857 937
f 937 938 1018
f 1018 1019 1099
f 1099 1100 1180
f 1180 1181 1261
f 1261 1262 1342
f 1342 1343 1423
f 1423 1424 1504
f 1504 1505 1585
f 1585 1586 1666
f 1666 1667 1747
f 1747 1748 1828
f 1828 1829 1909
f 1909 1910 1990
f 1990 1991 2071
f 2071 2072 2152
f 2152 2153 2233
f 2233 2234 2314
f 2314 2315 2395
f 2395 2396 2476
f 2476 2477 2557
f 2557 2558 2638
f 2638 2639 2719
f 2719 2720 2800
f 2800 2801 2881
f 2881 2882 2962
f 2962 2963 3043
f 3043 3044 3124
f 3124 3125 3205
f 3205 3206 3286
f 3286 3287 3367
f 3367 3368 3448
f 3448 3449 3529
f 3529 3530 3610
f 3610 3611 3691
f 3691 3692 3772
f 3772 3773 3853
f 3853 3854 3934
f 3934 3935 4015
f 4015 4016 4096
f 4096 4097 4177
f 4177 4178 4258
f 4258 4259 4339
f 4339 4340 4420
f 4420 4421 4501
f 4501 4502 4582
f 4582 4583 4663
f 4663 4664 4744
f 4744 4745 4825
f 4825 4826 4906
f 4906 4907 4987
f 4987 4988 5068
f 5068 5069 5149
f 5149 5150 5230
f 5230 5231 5311
f 5311 5312 5392
f 5392 5393 5473
f 5473 5474 5554
f 5554 5555 5635
f 5635 5636 5716
f 5716 5717 5797
f 5797 5798 5878
f 5878 5879 5959
f 5959 5960 6040
f 6040 6041 6121
f 6121 6122 6202
f 6202 6203 6283
f 6283 6284 6364
f 6364 6365 6445
f 6445 6446 6526
f 47 48 128
f 128 129 209
f 209 210 290
f 290 291 371
f 371 372 452
f 452 453 533
f 533 534 614
f 614 615 695
f 695 696 776
f 776 777 857
f 857 858 938
f 938 939 1019
f 1019 1020 1100
f 1100 1101 1181
f 1181 1182 1262
f 1262 1263 1343
f 1343 1344 1424
f 1424 1425 1505
f 1505 1506 1586
f 1586 1587 1667
f 1667 1668 1748
f 1748 1749 1829
f 1829 1830 1910
f 1910 1911 1991
f 1991 1992 2072
f 2072 2073 2153
f 2153 2154 2234
f 2234 2235 2315
f 2315 2316 2396
f 2396 2397 2477
f 2477 2478 2558
f 2558 2559 2639
f 2639 2640 2720
f 2720 2721 2801
f 2801 2802 2882
f 2882 2883 2963
f 2963 2964 3044
f 3044 3045 3125
f 3125 3126 3206
f 3206 3207 3287
f 3287 3288 3368
f 3368 3369 3449
f 3449 3450 3530
f 3530 3531 3611
f 3611 3612 3692
f 3692 3693 3773
f 3773 3774 3854
f 3854 3855 3935
f 3935 3936 4016
f 4016 4017 4097
f 4097 4098 4178
f 4178 4179 4259
f 4259 4260 4340
f 4340 4341 4421
f 4421 4422 4502
f 4502 4503 4583
f 4583 4584 4664
f 4664 4665 4745
f 4745 4746 4826
f 4826 4827 4907
f 4907 4908 4988
f 4988 4989 5069
f 5069 5070 5150
f 5150 5151 5231
f 5231 5232 5312
f 5312 5313 5393
f 5393 5394 5474
f 5474 5475 5555
f 5555 5556 5636
f 5636 5637 5717
f 5717 5718 5798
f 5798 5799 5879
f 5879 5880 5960
f 5960 5961 6041
f 6041 6042 6122
f 6122 6123 6203
f 6203 6204 6284
f 6284 6285 6365
f 6365 6366 6446
f 6446 6447 6527
f 48 49 129
f 129 130 210
f 210 211 291
f 291 292 372
f 372 373 453
f 453 454 534
f 534 535 615
f 615 616 696
f 696 697 777
f 777 778 858
f 858 859 939
f 939 940 1020
f 1020 1021 1101
f 1101 1102 1182
f 1182 1183 1263
f 1263 1264 1344
f 1344 1345 1425
f 1425 1426 1506
f 1506 1507 1587
f 1587 1588 1668
f 1668 1669 1749
f 1749 1750 1830
f 1830 1831 1911
f 1911 1912 1992
f 1992 1993 2073
f 2073 2074 2154
f 2154 2155 2235
f 2235 2236 2316
f 2316 2317 2397
f 2397 2398 2478
f 2478 2479 2559
f 2559 2560 2640
f 2640 2641 2721
f 2721 2722 2802
f 2802 2803 2883
f 2883 2884 2964
f 2964 2965 3045
f 3045 3046 3126
f 3126 3127 3207
f 3207 3208 3288
f 3288 3289 3369
f 3369 3370 3450
f 3450 3451 3531
f 3531 3532 3612
f 3612 3613 3693
f 3693 3694 3774
f 3774 3775 3855
f 3855 3856 3936
f 3936 3937 4017
f 4017 4018 4098
f 4098 4099 4179
f 4179 4180 4260
f 4260 4261 4341
f 4341 4342 4422
f 4422 4423 4503
f 4503 4504 4584
f 4584 4585 4665
f 4665 4666 4746
f 4746 4747 4827
f 4827 4828 4908
f 4908 4909 4989
f 4989 4990 5070
f 5070 5071 5151
f 5151 5152 5232
f 5232 5233 5313
f 5313 5314 5394
f 5394 5395 5475
f 5475 5476 5556
f 5556 5557 5637
f 5637 5638 5718
f 5718 5719 5799
f 5799 5800 5880
f 5880 5881 5961
f 5961 5962 6042
f 6042 6043 6123
f 6123 6124 6204
f 6204 6205 6285
f 6285 6286 6366
f 6366 6367 6447
f 6447 6448 6528
f 49 50 130
f 130 131 211
f 211 212 292
f 292 293 373
f 373 374 454
f 454 455 535
f 535 536 616
f 616 617 697
f 697 698 778
f 778 779 859
f 859 860 940
f 940 941 1021
f 1021 1022 1102
f 1102 1103 1183
f 1183 1184 1264
f 1264 1265 1345
f 1345 1346 1426
f 1426 1427 1507
f 1507 1508 1588
f 1588 1589 1669
f 1669 1670 1750
f 1750 1751 1831
f 1831 1832 1912
f 1912 1913 1993
f 1993 1994 2074
f 2074 2075 2155
f 2155 2156 2236
f 2236 2237 2317
f 2317 2318 2398
f 2398 2399 2479
f 2479 2480 2560
f 2560 2561 2641
f 2641 2642 2722
f 2722 2723 2803
f 2803 2804 2884
f 2884 2885 2965
f 2965 2966 3046
f 3046 3047 3127
f 3127 3128 3208
f 3208 3209 3289
f 3289 3290 3370
f 3370 3371 3451
f 3451 3452 3532
f 3532 3533 3613
f 3613 3614 3694
f 3694 3695 3775
f 3775 3776 3856
f 3856 3857 3937
f 3937 3938 4018
f 4018 4019 4099
f 4099 4100 4180
f 4180 4181 4261
f 4261 4262 4342
f 4342 4343 4423
f 4423 4424 4504
f 4504 4505 4585
f 4585 4586 4666
f 4666 4667 4747
f 4747 4748 4828
f 4828 4829 4909
f 4909 4910 4990
f 4990 4991 5071
f 5071 5072 5152
f 5152 5153 5233
f 5233 5234 5314
f 5314 5315 5395
f 5395 5396 5476
f 5476 5477 5557
f 5557 5558 5638
f 5638 5639 5719
f 5719 5720 5800
f 5800 5801 5881
f 5881 5882 5962
f 5962 5963 6043
f 6043 6044 6124
f 6124 6125 6205
f 6205 6206 6286
f 6286 6287 6367
f 6367 6368 6448
f 6448 6449 6529
f 50 51 131
f 131 132 212
f 212 213 293
f 293 294 374
f 374 375 455
f 455 456 536
f 536 537 617
f 617 618 698
f 698 699 779
f 779 780 860
f 860 861 941
f 941 942 1022
f 1022 1023 1103
f 1103 1104 1184
f 1184 1185 1265
f 1265 1266 1346
f 1346 1347 1427
f 1427 1428 1508
f 1508 1509 1589
f 1589 1590 1670
f 1670 1671 1751
f 1751 1752 1832
f 1832 1833 1913
f 1913 1914 1994
f 1994 1995 2075
f 2075 2076 2156
f 2156 2157 2237
f 2237 2238 2318
f 2318 2319 2399
f 2399 2400 2480
f 2480 2481 2561
f 2561 2562 2642
f 2642 2643 2723
f 2723 2724 2804
f 2804 2805 2885
f 2885 2886 2966
f 2966 2967 3047
f 3047 3048 3128
f 3128 3129 3209
f 3209 3210 3290
f 3290 3291 3371
f 3371 3372 3452
f 3452 3453 3533
f 3533 3534 3614
f 3614 3615 3695
f 3695 3696 3776
f 3776 3777 3857
f 3857 3858 3938
f 3938 3939 4019
f 4019 4020 4100
f 4100 4101 4181
f 4181 4182 4262
f 4262 4263 4343
f 4343 4344 4424
f 4424 4425 4505
f 4505 4506 4586
f 4586 4587 4667
f 4667 4668 4748
f 4748 4749 4829
f 4829 4830 4910
f 4910 4911 4991
f 4991 4992 5072
f 5072 5073 5153
f 5153 5154 5234
f 5234 5235 5315
f 5315 5316 5396
f 5396 5397 5477
f 5477 5478 5558
f 5558 5559 5639
f 5639 5640 5720
f 5720 5721 5801
f 5801 5802 5882
f 5882 5883 5963
f 5963 5964 6044
f 6044 6045 6125
f 6125 6126 6206
f 6206 6207 6287
f 6287 6288 6368
f 6368 6369 6449
f 6449 6450 6530
f 51 52 132
f 132 133 213
f 213 214 294
f 294 295 375
f 375 376 456
f 456 457 537
f 537 538 618
f 618 619 699
f 699 700 780
f 780 781 861
f 861 862 942
f 942 943 1023
f 1023 1024 1104
f 1104 1105 1185
f 1185 1186 1266
f 1266 1267 1347
f 1347 1348 1428
f 1428 1429 1509
f 1509 1510 1590
f 1590 1591 1671
f 1671 1672 1752
f 1752 1753 1833
f 1833 1834 1914
f 1914 1915 1995
f 1995 1996 2076
f 2076 2077 2157
f 2157 2158 2238
f 2238 2239 2319
f 2319 2320 2400
f 2400 2401 2481
f 2481 2482 2562
f 2562 2563 2643
f 2643 2644 2724
f 2724 2725 2805
f 2805 2806 2886
f 2886 2887 2967
f 2967 2968 3048
f 3048 3049 3129
f 3129 3130 3210
f 3210 3211 3291
f 3291 3292 3372
f 3372 3373 3453
f 3453 3454 3534
f 3534 3535 3615
f 3615 3616 3696
f 3696 3697 3777
f 3777 3778 3858
f 3858 3859 3939
f 3939 3940 4020
f 4020 4021 4101
f 4101 4102 4182
f 4182 4183 4263
f 4263 4264 4344
f 4344 4345 4425
f 4425 4426 4506
f 4506 4507 4587
f 4587 4588 4668
f 4668 4669 4749
f 4749 4750 4830
f 4830 4831 4911
f 4911 4912 4992
f 4992 4993 5073
f 5073 5074 5154
f 5154 5155 5235
f 5235 5236 5316
f 5316 5317 5397
f 5397 5398 5478
f 5478 5479 5559
f 5559 5560 5640
f 5640 5641 5721
f 5721 5722 5802
f 5802 5803 5883
f 5883 5884 5964
f 5964 5965 6045
f 6045 6046 6126
f 6126 6127 6207
f 6207 6208 6288
f 6288 6289 6369
f 6369 6370 6450
f 6450 6451 6531
f 52 53 133
f 133 134 214
f 214 215 295
f 295 296 376
f 376 377 457
f 457 458 538
f 538 539 619
f 619 620 700
f 700 701 781
f 781 782 862
f 862 863 943
f 943 944 1024
f 1024 1025 1105
f 1105 1106 1186
f 1186 1187 1267
f 1267 1268 1348
f 1348 1349 1429
f 1429 1430 1510
f 1510 1511 1591
f 1591 1592 1672
f 1672 1673 1753
f 1753 1754 1834
f 1834 1835 1915
f 1915 1916 1996
f 1996 1997 2077
f 2077 2078 2158
f 2158 2159 2239
f 2239 2240 2320
f 2320 2321 2401
f 2401 2402 2482
f 2482 2483 2563
f 2563 2564 2644
f 2644 2645 2725
f 2725 2726 2806
f 2806 2807 2887
f 2887 2888 2968
f 2968 2969 3049
f 3049 3050 3130
f 3130 3131 3211
f 3211 3212 3292
f 3292 3293 3373
f 3373 3374 3454
f 3454 3455 3535
f 3535 3536 3616
f 3616 3617 3697
f 3697 3698 3778
f 3778 3779 3859
f 3859 3860 3940
f 3940 3941 4021
f 4021 4022 4102
f 4102 4103 4183
f 4183 4184 4264
f 4264 4265 4345
f 4345 4346 4426
f 4426 4427 4507
f 4507 4508 4588
f 4588 4589 4669
f 4669 4670 4750
f 4750 4751 4831
f 4831 4832 4912
f 4912 4913 4993
f 4993 4994 5074
f 5074 5075 5155
f 5155 5156 5236
f 5236 5237 5317
f 5317 5318 5398
f 5398 5399 5479
f 5479 5480 5560
f 5560 5561 5641
f 5641 5642 5722
f 5722 5723 5803
f 5803 5804 5884
f 5884 5885 5965
f 5965 5966 6046
f 6046 6047 6127
f 6127 6128 6208
f 6208 6209 6289
f 6289 6290 6370
f 6370 6371 6451
f 6451 6452 6532
f 53 54 134
f 134 135 215
f 215 216 296
f 296 297 377
f 377 378 458
f 458 459 539
f 539 540 620
f 620 621 701
f 701 702 782
f 782 783 863
f 863 864 944
f 944 945 1025
f 1025 1026 1106
f 1106 1107 1187
f 1187 1188 1268
f 1268 1269 1349
f 1349 1350 1430
f 1430 1431 1511
f 1511 1512 1592
f 1592 1593 1673
f 1673 1674 1754
f 1754 1755 1835
f 1835 1836 1916
f 1916 1917 1997
f 1997 1998 2078
f 2078 2079 2159
f 2159 2160 2240
f 2240 2241 2321
f 2321 2322 2402
f 2402 2403 2483
f 2483 2484 2564
f 2564 2565 2645
f 2645 2646 2726
f 2726 2727 2807
f 2807 2808 2888
f 2888 2889 2969
f 2969 2970 3050
f 3050 3051 3131
f 3131 3132 3212
f 3212 3213 3293
f 3293 3294 3374
f 3374 3375 3455
f 3455 3456 3536
f 3536 3537 3617
f 3617 3618 3698
f 3698 3699 3779
f 3779 3780 3860
f 3860 3861 3941
f 3941 3942 4022
f 4022 4023 4103
f 4103 4104 4184
f 4184 4185 4265
f 4265 4266 4346
f 4346 4347 4427
f 4427 4428 4508
f 4508 4509 4589
f 4589 4590 4670
f 4670 4671 4751
f 4751 4752 4832
f 4832 4833 4913
f 4913 4914 4994
f 4994 4995 5075
f 5075 5076 5156
f 5156 5157 5237
f 5237 5238 5318
f 5318 5319 5399
f 5399 5400 5480
f 5480 5481 5561
f 5561 5562 5642
f 5642 5643 5723
f 5723 5724 5804
f 5804 5805 5885
f 5885 5886 5966
f 5966 5967 6047
f 6047 6048 6128
f 6128 6129 6209
f 6209 6210 6290
f 6290 6291 6371
f 6371 6372 6452
f 6452 6453 6533
f 54 55 135
f 135 136 216
f 216 217 297
f 297 298 378
f 378 379 459
f 459 460 540
f 540 541 621
f 621 622 702
f 702 703 783
f 783 784 864
f 864 865 945
f 945 946 1026
f 1026 1027 1107
f 1107 1108 1188
f 1188 1189 1269
f 1269 1270 1350
f 1350 1351 1431
f 1431 1432 1512
f 1512 1513 1593
f 1593 1594 1674
f 1674 1675 1755
f 1755 1756 1836
f 1836 1837 1917
f 1917 1918 1998
f 1998 1999 2079
f 2079 2080 2160
f 2160 2161 2241
f 2241 2242 2322
f 2322 2323 2403
f 2403 2404 2484
f 2484 2485 2565
f 2565 2566 2646
f 2646 2647 2727
f 2727 2728 2808
f 2808 2809 2889
f 2889 2890 2970
f 2970 2971 3051
f 3051 3052 3132
f 3132 3133 3213
f 3213 3214 3294
f 3294 3295 3375
f 3375 3376 3456
f 3456 3457 3537
f 3537 3538 3618
f 3618 3619 3699
f 3699 3700 3780
f 3780 3781 3861
f 3861 3862 3942
f 3942 3943 4023
f 4023 4024 4104
f 4104 4105 4185
f 4185 4186 4266
f 4266 4267 4347
f 4347 4348 4428
f 4428 4429 4509
f 4509 4510 4590
f 4590 4591 4671
f 4671 4672 4752
f 4752 4753 4833
f 4833 4834 4914
f 4914 4915 4995
f 4995 4996 5076
f 5076 5077 5157
f 5157 5158 5238
f 5238 5239 5319
f 5319 5320 5400
f 5400 5401 5481
f 5481 5482 5562
f 5562 5563 5643
f 5643 5644 5724
f 5724 5725 5805
f 5805 5806 5886
f 5886 5887 5967
f 5967 5968 6048
f 6048 6049 6129
f 6129 6130 6210
f 6210 6211 6291
f 6291 6292 6372
f 6372 6373 6453
f 6453 6454 6534
f 55 56 136
f 136 137 217
f 217 218 298
f 298 299 379
f 379 380 460
f 460 461 541
f 541 542 622
f 622 623 703
f 703 704 784
f 784 785 865
f 865 866 946
f 946 947 1027
f 1027 1028 1108
f 1108 1109 1189
f 1189 1190 1270
f 1270 1271 1351
f 1351 1352 1432
f 1432 1433 1513
f 1513 1514 1594
f 1594 1595 1675
f 1675 1676 1756
f 1756 1757 1837
f 1837 1838 1918
f 1918 1919 1999
f 1999 2000 2080
f 2080 2081 2161
f 2161 2162 2242
f 2242 2243 2323
f 2323 2324 2404
f 2404 2405 2485
f 2485 2486 2566
f 2566 2567 2647
f 2647 2648 2728
f 2728 2729 2809
f 2809 2810 2890
f 2890 2891 2971
f 2971 2972 3052
f 3052 3053 3133
f 3133 3134 3214
f 3214 3215 3295
f 3295 3296 3376
f 3376 3377 3457
f 3457 3458 3538
f 3538 3539 3619
f 3619 3620 3700
f 3700 3701 3781
f 3781 3782 3862
f 3862 3863 3943
f 3943 3944 4024
f 4024 4025 4105
f 4105 4106 4186
f 4186 4187 4267
f 4267 4268 4348
f 4348 4349 4429
f 4429 4430 4510
f 4510 4511 4591
f 4591 4592 4672
f 4672 4673 4753
f 4753 4754 4834
f 4834 4835 4915
f 4915 4916 4996
f 4996 4997 5077
f 5077 5078 5158
f 5158 5159 5239
f 5239 5240 5320
f 5320 5321 5401
f 5401 5402 5482
f 5482 5483 5563
f 5563 5564 5644
f 5644 5645 5725
f 5725 5726 5806
f 5806 5807 5887
f 5887 5888 5968
f 5968 5969 6049
f 6049 6050 6130
f 6130 6131 6211
f 6211 6212 6292
f 6292 6293 6373
f 6373 6374 6454
f 6454 6455 6535
f 56 57 137
f 137 138 218
f 218 219 299
f 299 300 380
f 380 381 461
f 461 462 542
f 542 543 623
f 623 624 704
f 704 705 785
f 785 786 866
f 866 867 947
f 947 948 1028
f 1028 1029 1109
f 1109 1110 1190
f 1190 1191 1271
f 1271 1272 1352
f 1352 1353 1433
f 1433 1434 1514
f 1514 1515 1595
f 1595 1596 1676
f 1676 1677 1757
f 1757 1758 1838
f 1838 1839 1919
f 1919 1920 2000
f 2000 2001 2081
f 2081 2082 2162
f 2162 2163 2243
f 2243 2244 2324
f 2324 2325 2405
f 2405 2406 2486
f 2486 2487 2567
f 2567 2568 2648
f 2648 2649 2729
f 2729 2730 2810
f 2810 2811 2891
f 2891 2892 2972
f 2972 2973 3053
f 3053 3054 3134
f 3134 3135 3215
f 3215 3216 3296
f 3296 3297 3377
f 3377 3378 3458
f 3458 3459 3539
f 3539 3540 3620
f 3620 3621 3701
f 3701 3702 3782
f 3782 3783 3863
f 3863 3864 3944
f 3944 3945 4025
f 4025 4026 4106
f 4106 4107 4187
f 4187 4188 4268
f 4268 4269 4349
f 4349 4350 4430
f 4430 4431 4511
f 4511 4512 4592
f 4592 4593 4673
f 4673 4674 4754
f 4754 4755 4835
f 4835 4836 4916
f 4916 4917 4997
f 4997 4998 5078
f 5078 5079 5159
f 5159 5160 5240
f 5240 5241 5321
f 5321 5322 5402
f 5402 5403 5483
f 5483 5484 5564
f 5564 5565 5645
f 5645 5646 5726
f 5726 5727 5807
f 5807 5808 5888
f 5888 5889 5969
f 5969 5970 6050
f 6050 6051 6131
f 6131 6132 6212
f 6212 6213 6293
f 6293 6294 6374
f 6374 6375 6455
f 6455 6456 6536
f 57 58 138
f 138 139 219
f 219 220 300
f 300 301 381
f 381 382 462
f 462 463 543
f 543 544 624
f 624 625 705
f 705 706 786
f 786 787 867
f 867 868 948
f 948 949 1029
f 1029 1030 1110
f 1110 1111 1191
f 1191 1192 1272
f 1272 1273 1353
f 1353 1354 1434
f 1434 1435 1515
f 1515 1516 1596
f 1596 1597 1677
f 1677 1678 1758
f 1758 1759 1839
f 1839 1840 1920
f 1920 1921 2001
f 2001 2002 2082
f 2082 2083 2163
f 2163 2164 2244
f 2244 2245 2325
f 2325 2326 2406
f 2406 2407 2487
f 2487 2488 2568
f 2568 2569 2649
f 2649 2650 2730
f 2730 2731 2811
f 2811 2812 2892
f 2892 2893 2973
f 2973 2974 3054
f 3054 3055 3135
f 3135 3136 3216
f 3216 3217 3297
f 3297 3298 3378
f 3378 3379 3459
f 3459 3460 3540
f 3540 3541 3621
f 3621 3622 3702
f 3702 3703 3783
f 3783 3784 3864
f 3864 3865 3945
f 3945 3946 4026
f 4026 4027 4107
f 4107 4108 4188
f 4188 4189 4269
f 4269 4270 4350
f 4350 4351 4431
f 4431 4432 4512
f 4512 4513 4593
f 4593 4594 4674
f 4674 4675 4755
f 4755 4756 4836
f 4836 4837 4917
f 4917 4918 4998
f 4998 4999 5079
f 5079 5080 5160
f 5160 5161 5241
f 5241 5242 5322
f 5322 5323 5403
f 5403 5404 5484
f 5484 5485 5565
f 5565 5566 5646
f 5646 5647 5727
f 5727 5728 5808
f 5808 5809 5889
f 5889 5890 5970
f 5970 5971 6051
f 6051 6052 6132
f 6132 6133 6213
f 6213 6214 6294
f 6294 6295 6375
f 6375 6376 6456
f 6456 6457 6537
f 58 59 139
f 139 140 220
f 220 221 301
f 301 302 382
f 382 383 463
f 463 464 544
f 544 545 625
f 625 626 706
f 706 707 787
f 787 788 868
f 868 869 949
f 949 950 1030
f 1030 1031 1111
f 1111 1112 1192
f 1192 1193 1273
f 1273 1274 1354
f 1354 1355 1435
f 1435 1436 1516
f 1516 1517 1597
f 1597 1598 1678
f 1678 1679 1759
f 1759 1760 1840
f 1840 1841 1921
f 1921 1922 2002
f 2002 2003 2083
f 2083 2084 2164
f 2164 2165 2245
f 2245 2246 2326
f 2326 2327 2407
f 2407 2408 2488
f 2488 2489 2569
f 2569 2570 2650
f 2650 2651 2731
f 2731 2732 2812
f 2812 2813 2893
f 2893 2894 2974
f 2974 2975 3055
f 3055 3056 3136
f 3136 3137 3217
f 3217 3218 3298
f 3298 3299 3379
f 3379 3380 3460
f 3460 3461 3541
f 3541 3542 3622
f 3622 3623 3703
f 3703 3704 3784
f 3784 3785 3865
f 3865 3866 3946
f 3946 3947 4027
f 4027 4028 4108
f 4108 4109 4189
f 4189 4190 4270
f 4270 4271 4351
f 4351 4352 4432
f 4432 4433 4513
f 4513 4514 4594
f 4594 4595 4675
f 4675 4676 4756
f 4756 4757 4837
f 4837 4838 4918
f 4918 4919 4999
f 4999 5000 5080
f 5080 5081 5161
f 5161 5162 5242
f 5242 5243 5323
f 5323 5324 5404
f 5404 5405 5485
f 5485 5486 5566
f 5566 5567 5647
f 5647 5648 5728
f 5728 5729 5809
f 5809 5810 5890
f 5890 5891 5971
f 5971 5972 6052
f 6052 6053 6133
f 6133 6134 6214
f 6214 6215 6295
f 6295 6296 6376
f 6376 6377 6457
f 6457 6458 6538
f 59 60 140
f 140 141 221
f 221 222 302
f 302 303 383
f 383 384 464
f 464 465 545
f 545 546 626
f 626 627 707
f 707 708 788
f 788 789 869
f 869 870 950
f 950 951 1031
f 1031 1032 1112
f 1112 1113 1193
f 1193 1194 1274
f 1274 1275 1355
f 1355 1356 1436
f 1436 1437 1517
f 1517 1518 1598
f 1598 1599 1679
f 1679 1680 1760
f 1760 1761 1841
f 1841 1842 1922
f 1922 1923 2003
f 2003 2004 2084
f 2084 2085 2165
f 2165 2166 2246
f 2246 2247 2327
f 2327 2328 2408
f 2408 2409 2489
f 2489 2490 2570
f 2570 2571 2651
f 2651 2652 2732
f 2732 2733 2813
f 2813 2814 2894
f 2894 2895 2975
f 2975 2976 3056
f 3056 3057 3137
f 3137 3138 3218
f 3218 3219 3299
f 3299 3300 3380
f 3380 3381 3461
f 3461 3462 3542
f 3542 3543 3623
f 3623 3624 3704
f 3704 3705 3785
f 3785 3786 3866
f 3866 3867 3947
f 3947 3948 4028
f 4028 4029 4109
f 4109 4110 4190
f 4190 4191 4271
f 4271 4272 4352
f 4352 4353 4433
f 4433 4434 4514
f 4514 4515 4595
f 4595 4596 4676
f 4676 4677 4757
f 4757 4758 4838
f 4838 4839 4919
f 4919 4920 5000
f 5000 5001 5081
f 5081 5082 5162
f 5162 5163 5243
f 5243 5244 5324
f 5324 5325 5405
f 5405 5406 5486
f 5486 5487 5567
f 5567 5568 5648
f 5648 5649 5729
f 5729 5730 5810
f 5810 5811 5891
f 5891 5892 5972
f 5972 5973 6053
f 6053 6054 6134
f 6134 6135 6215
f 6215 6216 6296
f 6296 6297 6377
f 6377 6378 6458
f 6458 6459 6539
f 60 61 141
f 141 142 222
f 222 223 303
f 303 304 384
f 384 385 465
f 465 466 546
f 546 547 627
f 627 628 708
f 708 709 789
f 789 790 870
f 870 871 951
f 951 952 1032
f 1032 1033 1113
f 1113 1114 1194
f 1194 1195 1275
f 1275 1276 1356
f 1356 1357 1437
f 1437 1438 1518
f 1518 1519 1599
f 1599 1600 1680
f 1680 1681 1761
f 1761 1762 1842
f 1842 1843 1923
f 1923 1924 2004
f 2004 2005 2085
f 2085 2086 2166
f 2166 2167 2247
f 2247 2248 2328
f 2328 2329 2409
f 2409 2410 2490
f 2490 2491 2571
f 2571 2572 2652
f 2652 2653 2733
f 2733 2734 2814
f 2814 2815 2895
f 2895 2896 2976
f 2976 2977 3057
f 3057 3058 3138
f 3138 3139 3219
f 3219 3220 3300
f 3300 3301 3381
f 3381 3382 3462
f 3462 3463 3543
f 3543 3544 3624
f 3624 3625 3705
f 3705 3706 3786
f 3786 3787 3867
f 3867 3868 3948
f 3948 3949 4029
f 4029 4030 4110
f 4110 4111 4191
f 4191 4192 4272
f 4272 4273 4353
f 4353 4354 4434
f 4434 4435 4515
f 4515 4516 4596
f 4596 4597 4677
f 4677 4678 4758
f 4758 4759 4839
f 4839 4840 4920
f 4920 4921 5001
f 5001 5002 5082
f 5082 5083 5163
f 5163 5164 5244
f 5244 5245 5325
f 5325 5326 5406
f 5406 5407 5487
f 5487 5488 5568
f 5568 5569 5649
f 5649 5650 5730
f 5730 5731 5811
f 5811 5812 5892
f 5892 5893 5973
f 5973 5974 6054
f 6054 6055 6135
f 6135 6136 6216
f 6216 6217 6297
f 6297 6298 6378
f 6378 6379 6459
f 6459 6460 6540
f 61 62 142
f 142 143 223
f 223 224 304
f 304 305 385
f 385 386 466
f 466 467 547
f 547 548 628
f 628 629 709
f 709 710 790
f 790 791 871
f 871 872 952
f 952 953 1033
f 1033 1034 1114
f 1114 1115 1195
f 1195 1196 1276
f 1276 1277 1357
f 1357 1358 1438
f 1438 1439 1519
f 1519 1520 1600
f 1600 1601 1681
f 1681 1682 1762
f 1762 1763 1843
f 1843 1844 1924
f 1924 1925 2005
f 2005 2006 2086
f 2086 2087 2167
f 2167 2168 2248
f 2248 2249 2329
f 2329 2330 2410
f 2410 2411 2491
f 2491 2492 2572
f 2572 2573 2653
f 2653 2654 2734
f 2734 2735 2815
f 2815 2816 2896
f 2896 2897 2977
f 2977 2978 3058
f 3058 3059 3139
f 3139 3140 3220
f 3220 3221 3301
f 3301 3302 3382
f 3382 3383 3463
f 3463 3464 3544
f 3544 3545 3625
f 3625 3626 3706
f 3706 3707 3787
f 3787 3788 3868
f 3868 3869 3949
f 3949 3950 4030
f 4030 4031 4111
f 4111 4112 4192
f 4192 4193 4273
f 4273 4274 4354
f 4354 4355 4435
f 4435 4436 4516
f 4516 4517 4597
f 4597 4598 4678
f 4678 4679 4759
f 4759 4760 4840
f 4840 4841 4921
f 4921 4922 5002
f 5002 5003 5083
f 5083 5084 5164
f 5164 5165 5245
f 5245 5246 5326
f 5326 5327 5407
f 5407 5408 5488
f 5488 5489 5569
f 5569 5570 5650
f 5650 5651 5731
f 5731 5732 5812
f 5812 5813 5893
f 5893 5894 5974
f 5974 5975 6055
f 6055 6056 6136
f 6136 6137 6217
f 6217 6218 6298
f 6298 6299 6379
f 6379 6380 6460
f 6460 6461 6541
f 62 63 143
f 143 144 224
f 224 225 305
f 305 306 386
f 386 387 467
f 467 468 548
f 548 549 629
f 629 630 710
f 710 711 791
f 791 792 872
f 872 873 953
f 953 954 1034
f 1034 1035 1115
f 1115 1116 1196
f 1196 1197 1277
f 1277 1278 1358
f 1358 1359 1439
f 1439 1440 1520
f 1520 1521 1601
f 1601 1602 1682
f 1682 1683 1763
f 1763 1764 1844
f 1844 1845 1925
f 1925 1926 2006
f 2006 2007 2087
f 2087 2088 2168
f 2168 2169 2249
f 2249 2250 2330
f 2330 2331 2411
f 2411 2412 2492
f 2492 2493 2573
f 2573 2574 2654
f 2654 2655 2735
f 2735 2736 2816
f 2816 2817 2897
f 2897 2898 2978
f 2978 2979 3059
f 3059 3060 3140
f 3140 3141 3221
f 3221 3222 3302
f 3302 3303 3383
f 3383 3384 3464
f 3464 3465 3545
f 3545 3546 3626
f 3626 3627 3707
f 3707 3708 3788
f 3788 3789 3869
f 3869 3870 3950
f 3950 3951 4031
f 4031 4032 4112
f 4112 4113 4193
f 4193 4194 4274
f 4274 4275 4355
f 4355 4356 4436
f 4436 4437 4517
f 4517 4518 4598
f 4598 4599 4679
f 4679 4680 4760
f 4760 4761 4841
f 4841 4842 4922
f 4922 4923 5003
f 5003 5004 5084
f 5084 5085 5165
f 5165 5166 5246
f 5246 5247 5327
f 5327 5328 5408
f 5408 5409 5489
f 5489 5490 5570
f 5570 5571 5651
f 5651 5652 5732
f 5732 5733 5813
f 5813 5814 5894
f 5894 5895 5975
f 5975 5976 6056
f 6056 6057 6137
f 6137 6138 6218
f 6218 6219 6299
f 6299 6300 6380
f 6380 6381 6461
f 6461 6462 6542
f 63 64 144
f 144 145 225
f 225 226 306
f 306 307 387
f 387 388 468
f 468 469 549
f 549 550 630
f 630 631 711
f 711 712 792
f 792 793 873
f 873 874 954
f 954 955 1035
f 1035 1036 1116
f 1116 1117 1197
f 1197 1198 1278
f 1278 1279 1359
f 1359 1360 1440
f 1440 1441 1521
f 1521 1522 1602
f 1602 1603 1683
f 1683 1684 1764
f 1764 1765 1845
f 1845 1846 1926
f 1926 1927 2007
f 2007 2008 2088
f 2088 2089 2169
f 2169 2170 2250
f 2250 2251 2331
f 2331 2332 2412
f 2412 2413 2493
f 2493 2494 2574
f 2574 2575 2655
f 2655 2656 2736
f 2736 2737 2817
f 2817 2818 2898
f 2898 2899 2979
f 2979 2980 3060
f 3060 3061 3141
f 3141 3142 3222
f 3222 3223 3303
f 3303 3304 3384
f 3384 3385 3465
f 3465 3466 3546
f 3546 3547 3627
f 3627 3628 3708
f 3708 3709 3789
f 3789 3790 3870
f 3870 3871 3951
f 3951 3952 4032
f 4032 4033 4113
f 4113 4114 4194
f 4194 4195 4275
f 4275 4276 4356
f 4356 4357 4437
f 4437 4438 4518
f 4518 4519 4599
f 4599 4600 4680
f 4680 4681 4761
f 4761 4762 4842
f 4842 4843 4923
f 4923 4924 5004
f 5004 5005 5085
f 5085 5086 5166
f 5166 5167 5247
f 5247 5248 5328
f 5328 5329 5409
f 5409 5410 5490
f 5490 5491 5571
f 5571 5572 5652
f 5652 5653 5733
f 5733 5734 5814
f 5814 5815 5895
f 5895 5896 5976
f 5976 5977 6057
f 6057 6058 6138
f 6138 6139 6219
f 6219 6220 6300
f 6300 6301 6381
f 6381 6382 6462
f 6462 6463 6543
f 64 65 145
f 145 146 226
f 226 227 307
f 307 308 388
f 388 389 469
f 469 470 550
f 550 551 631
f 631 632 712
f 712 713 793
f 793 794 874
f 874 875 955
f 955 956 1036
f 1036 1037 1117
f 1117 1118 1198
f 1198 1199 1279
f 1279 1280 1360
f 1360 1361 1441
f 1441 1442 1522
f 1522 1523 1603
f 1603 1604 1684
f 1684 1685 1765
f 1765 1766 1846
f 1846 1847 1927
f 1927 1928 2008
f 2008 2009 2089
f 2089 2090 2170
f 2170 2171 2251
f 2251 2252 2332
f 2332 2333 2413
f 2413 2414 2494
f 2494 2495 2575
f 2575 2576 2656
f 2656 2657 2737
f 2737 2738 2818
f 2818 2819 2899
f 2899 2900 2980
f 2980 2981 3061
f 3061 3062 3142
f 3142 3143 3223
f 3223 3224 3304
f 3304 3305 3385
f 3385 3386 3466
f 3466 3467 3547
f 3547 3548 3628
f 3628 3629 3709
f 3709 3710 3790
f 3790 3791 3871
f 3871 3872 3952
f 3952 3953 4033
f 4033 4034 4114
f 4114 4115 4195
f 4195 4196 4276
f 4276 4277 4357
f 4357 4358 4438
f 4438 4439 4519
f 4519 4520 4600
f 4600 4601 4681
f 4681 4682 4762
f 4762 4763 4843
f 4843 4844 4924
f 4924 4925 5005
f 5005 5006 5086
f 5086 5087 5167
f 5167 5168 5248
f 5248 5249 5329
f 5329 5330 5410
f 5410 5411 5491
f 5491 5492 5572
f 5572 5573 5653
f 5653 5654 5734
f 5734 5735 5815
f 5815 5816 5896
f 5896 5897 5977
f 5977 5978 6058
f 6058 6059 6139
f 6139 6140 6220
f 6220 6221 6301
f 6301 6302 6382
f 6382 6383 6463
f 6463 6464 6544
f 65 66 146
f 146 147 227
f 227 228 308
f 308 309 389
f 389 390 470
f 470 471 551
f 551 552 632
f 632 633 713
f 713 714 794
f 794 795 875
f 875 876 956
f 956 957 1037
f 1037 1038 1118
f 1118 1119 1199
f 1199 1200 1280
f 1280 1281 1361
f 1361 1362 1442
f 1442 1443 1523
f 1523 1524 1604
f 1604 1605 1685
f 1685 1686 1766
f 1766 1767 1847
f 1847 1848 1928
f 1928 1929 2009
f 2009 2010 2090
f 2090 2091 2171
f 2171 2172 2252
f 2252 2253 2333
f 2333 2334 2414
f 2414 2415 2495
f 2495 2496 2576
f 2576 2577 2657
f 2657 2658 2738
f 2738 2739 2819
f 2819 2820 2900
f 2900 2901 2981
f 2981 2982 3062
f 3062 3063 3143
f 3143 3144 3224
f 3224 3225 3305
f 3305 3306 3386
f 3386 3387 3467
f 3467 3468 3548
f 3548 3549 3629
f 3629 3630 3710
f 3710 3711 3791
f 3791 3792 3872
f 3872 3873 3953
f 3953 3954 4034
f 4034 4035 4115
f 4115 4116 4196
f 4196 4197 4277
f 4277 4278 4358
f 4358 4359 4439
f 4439 4440 4520
f 4520 4521 4601
f 4601 4602 4682
f 4682 4683 4763
f 4763 4764 4844
f 4844 4845 4925
f 4925 4926 5006
f 5006 5007 5087
f 5087 5088 5168
f 5168 5169 5249
f 5249 5250 5330
f 5330 5331 5411
f 5411 5412 5492
f 5492 5493 5573
f 5573 5574 5654
f 5654 5655 5735
f 5735 5736 5816
f 5816 5817 5897
f 5897 5898 5978
f 5978 5979 6059
f 6059 6060 6140
f 6140 6141 6221
f 6221 6222 6302
f 6302 6303 6383
f 6383 6384 6464
f 6464 6465 6545
f 66 67 147
f 147 148 228
f 228 229 309
f 309 310 390
f 390 391 471
f 471 472 552
f 552 553 633
f 633 634 714
f 714 715 795
f 795 796 876
f 876 877 957
f 957 958 1038
f 1038 1039 1119
f 1119 1120 1200
f 1200 1201 1281
f 1281 1282 1362
f 1362 1363 1443
f 1443 1444 1524
f 1524 1525 1605
f 1605 1606 1686
f 1686 1687 1767
f 1767 1768 1848
f 1848 1849 1929
f 1929 1930 2010
f 2010 2011 2091
f 2091 2092 2172
f 2172 2173 2253
f 2253 2254 2334
f 2334 2335 2415
f 2415 2416 2496
f 2496 2497 2577
f 2577 2578 2658
f 2658 2659 2739
f 2739 2740 2820
f 2820 2821 2901
f 2901 2902 2982
f 2982 2983 3063
f 3063 3064 3144
f 3144 3145 3225
f 3225 3226 3306
f 3306 3307 3387
f 3387 3388 3468
f 3468 3469 3549
f 3549 3550 3630
f 3630 3631 3711
f 3711 3712 3792
f 3792 3793 3873
f 3873 3874 3954
f 3954 3955 4035
f 4035 4036 4116
f 4116 4117 4197
f 4197 4198 4278
f 4278 4279 4359
f 4359 4360 4440
f 4440 4441 4521
f 4521 4522 4602
f 4602 4603 4683
f 4683 4684 4764
f 4764 4765 4845
f 4845 4846 4926
f 4926 4927 5007
f 5007 5008 5088
f 5088 5089 5169
f 5169 5170 5250
f 5250 5251 5331
f 5331 5332 5412
f 5412 5413 5493
f 5493 5494 5574
f 5574 5575 5655
f 5655 5656 5736
f 5736 5737 5817
f 5817 5818 5898
f 5898 5899 5979
f 5979 5980 6060
f 6060 6061 6141
f 6141 6142 6222
f 6222 6223 6303
f 6303 6304 6384
f 6384 6385 6465
f 6465 6466 6546
f 67 68 148
f 148 149 229
f 229 230 310
f 310 311 391
f 391 392 472
f 472 473 553
f 553 554 634
f 634 635 715
f 715 716 796
f 796 797 877
f 877 878 958
f 958 959 1039
f 1039 1040 1120
f 1120 1121 1201
f 1201 1202 1282
f 1282 1283 1363
f 1363 1364 1444
f 1444 1445 1525
f 1525 1526 1606
f 1606 1607 1687
f 1687 1688 1768
f 1768 1769 1849
f 1849 1850 1930
f 1930 1931 2011
f 2011 2012 2092
f 2092 2093 2173
f 2173 2174 2254
f 2254 2255 2335
f 2335 2336 2416
f 2416 2417 2497
f 2497 2498 2578
f 2578 2579 2659
f 2659 2660 2740
f 2740 2741 2821
f 2821 2822 2902
f 2902 2903 2983
f 2983 2984 3064
f 3064 3065 3145
f 3145 3146 3226
f 3226 3227 3307
f 3307 3308 3388
f 3388 3389 3469
f 3469 3470 3550
f 3550 3551 3631
f 3631 3632 3712
f 3712 3713 3793
f 3793 3794 3874
f 3874 3875 3955
f 3955 3956 4036
f 4036 4037 4117
f 4117 4118 4198
f 4198 4199 4279
f 4279 4280 4360
f 4360 4361 4441
f 4441 4442 4522
f 4522 4523 4603
f 4603 4604 4684
f 4684 4685 4765
f 4765 4766 4846
f 4846 4847 4927
f 4927 4928 5008
f 5008 5009 5089
f 5089 5090 5170
f 5170 5171 5251
f 5251 5252 5332
f 5332 5333 5413
f 5413 5414 5494
f 5494 5495 5575
f 5575 5576 5656
f 5656 5657 5737
f 5737 5738 5818
f 5818 5819 5899
f 5899 5900 5980
f 5980 5981 6061
f 6061 6062 6142
f 6142 6143 6223
f 6223 6224 6304
f 6304 6305 6385
f 6385 6386 6466
f 6466 6467 6547
f 68 69 149
f 149 150 230
f 230 231 311
f 311 312 392
f 392 393 473
f 473 474 554
f 554 555 635
f 635 636 716
f 716 717 797
f 797 798 878
f 878 879 959
f 959 960 1040
f 1040 1041 1121
f 1121 1122 1202
f 1202 1203 1283
f 1283 1284 1364
f 1364 1365 1445
f 1445 1446 1526
f 1526 1527 1607
f 1607 1608 1688
f 1688 1689 1769
f 1769 1770 1850
f 1850 1851 1931
f 1931 1932 2012
f 2012 2013 2093
f 2093 2094 2174
f 2174 2175 2255
f 2255 2256 2336
f 2336 2337 2417
f 2417 2418 2498
f 2498 2499 2579
f 2579 2580 2660
f 2660 2661 2741
f 2741 2742 2822
f 2822 2823 2903
f 2903 2904 2984
f 2984 2985 3065
f 3065 3066 3146
f 3146 3147 3227
f 3227 3228 3308
f 3308 3309 3389
f 3389 3390 3470
f 3470 3471 3551
f 3551 3552 3632
f 3632 3633 3713
f 3713 3714 3794
f 3794 3795 3875
f 3875 3876 3956
f 3956 3957 4037
f 4037 4038 4118
f 4118 4119 4199
f 4199 4200 4280
f 4280 4281 4361
f 4361 4362 4442
f 4442 4443 4523
f 4523 4524 4604
f 4604 4605 4685
f 4685 4686 4766
f 4766 4767 4847
f 4847 4848 4928
f 4928 4929 5009
f 5009 5010 5090
f 5090 5091 5171
f 5171 5172 5252
f 5252 5253 5333
f 5333 5334 5414
f 5414 5415 5495
f 5495 5496 5576
f 5576 5577 5657
f 5657 5658 5738
f 5738 5739 5819
f 5819 5820 5900
f 5900 5901 5981
f 5981 5982 6062
f 6062 6063 6143
f 6143 6144 6224
f 6224 6225 6305
f 6305 6306 6386
f 6386 6387 6467
f 6467 6468 6548
f 69 70 150
f 150 151 231
f 231 232 312
f 312 313 393
f 393 394 474
f 474 475 555
f 555 556 636
f 636 637 717
f 717 718 798
f 798 799 879
f 879 880 960
f 960 961 1041
f 1041 1042 1122
f 1122 1123 1203
f 1203 1204 1284
f 1284 1285 1365
f 1365 1366 1446
f 1446 1447 1527
f 1527 1528 1608
f 1608 1609 1689
f 1689 1690 1770
f 1770 1771 1851
f 1851 1852 1932
f 1932 1933 2013
f 2013 2014 2094
f 2094 2095 2175
f 2175 2176 2256
f 2256 2257 2337
f 2337 2338 2418
f 2418 2419 2499
f 2499 2500 2580
f 2580 2581 2661
f 2661 2662 2742
f 2742 2743 2823
f 2823 2824 2904
f 2904 2905 2985
f 2985 2986 3066
f 3066 3067 3147
f 3147 3148 3228
f 3228 3229 3309
f 3309 3310 3390
f 3390 3391 3471
f 3471 3472 3552
f 3552 3553 3633
f 3633 3634 3714
f 3714 3715 3795
f 3795 3796 3876
f 3876 3877 3957
f 3957 3958 4038
f 4038 4039 4119
f 4119 4120 4200
f 4200 4201 4281
f 4281 4282 4362
f 4362 4363 4443
f 4443 4444 4524
f 4524 4525 4605
f 4605 4606 4686
f 4686 4687 4767
f 4767 4768 4848
f 4848 4849 4929
f 4929 4930 5010
f 5010 5011 5091
f 5091 5092 5172
f 5172 5173 5253
f 5253 5254 5334
f 5334 5335 5415
f 5415 5416 5496
f 5496 5497 5577
f 5577 5578 5658
f 5658 5659 5739
f 5739 5740 5820
f 5820 5821 5901
f 5901 5902 5982
f 5982 5983 6063
f 6063 6064 6144
f 6144 6145 6225
f 6225 6226 6306
f 6306 6307 6387
f 6387 6388 6468
f 6468 6469 6549
f 70 71 151
f 151 152 232
f 232 233 313
f 313 314 394
f 394 395 475
f 475 476 556
f 556 557 637
f 637 638 718
f 718 719 799
f 799 800 880
f 880 881 961
f 961 962 1042
f 1042 1043 1123
f 1123 1124 1204
f 1204 1205 1285
f 1285 1286 1366
f 1366 1367 1447
f 1447 1448 1528
f 1528 1529 1609
f 1609 1610 1690
f 1690 1691 1771
f 1771 1772 1852
f 1852 1853 1933
f 1933 1934 2014
f 2014 2015 2095
f 2095 2096 2176
f 2176 2177 2257
f 2257 2258 2338
f 2338 2339 2419
f 2419 2420 2500
f 2500 2501 2581
f 2581 2582 2662
f 2662 2663 2743
f 2743 2744 2824
f 2824 2825 2905
f 2905 2906 2986
f 2986 2987 3067
f 3067 3068 3148
f 3148 3149 3229
f 3229 3230 3310
f 3310 3311 3391
f 3391 3392 3472
f 3472 3473 3553
f 3553 3554 3634
f 3634 3635 3715
f 3715 3716 3796
f 3796 3797 3877
f 3877 3878 3958
f 3958 3959 4039
f 4039 4040 4120
f 4120 4121 4201
f 4201 4202 4282
f 4282 4283 4363
f 4363 4364 4444
f 4444 4445 4525
f 4525 4526 4606
f 4606 4607 4687
f 4687 4688 4768
f 4768 4769 4849
f 4849 4850 4930
f 4930 4931 5011
f 5011 5012 5092
f 5092 5093 5173
f 5173 5174 5254
f 5254 5255 5335
f 5335 5336 5416
f 5416 5417 5497
f 5497 5498 5578
f 5578 5579 5659
f 5659 5660 5740
f 5740 5741 5821
f 5821 5822 5902
f 5902 5903 5983
f 5983 5984 6064
f 6064 6065 6145
f 6145 6146 6226
f 6226 6227 6307
f 6307 6308 6388
f 6388 6389 6469
f 6469 6470 6550
f 71 72 152
f 152 153 233
f 233 234 314
f 314 315 395
f 395 396 476
f 476 477 557
f 557 558 638
f 638 639 719
f 719 720 800
f 800 801 881
f 881 882 962
f 962 963 1043
f 1043 1044 1124
f 1124 1125 1205
f 1205 1206 1286
f 1286 1287 1367
f 1367 1368 1448
f 1448 1449 1529
f 1529 1530 1610
f 1610 1611 1691
f 1691 1692 1772
f 1772 1773 1853
f 1853 1854 1934
f 1934 1935 2015
f 2015 2016 2096
f 2096 2097 2177
f 2177 2178 2258
f 2258 2259 2339
f 2339 2340 2420
f 2420 2421 2501
f 2501 2502 2582
f 2582 2583 2663
f 2663 2664 2744
f 2744 2745 2825
f 2825 2826 2906
f 2906 2907 2987
f 2987 2988 3068
f 3068 3069 3149
f 3149 3150 3230
f 3230 3231 3311
f 3311 3312 3392
f 3392 3393 3473
f 3473 3474 3554
f 3554 3555 3635
f 3635 3636 3716
f 3716 3717 3797
f 3797 3798 3878
f 3878 3879 3959
f 3959 3960 4040
f 4040 4041 4121
f 4121 4122 4202
f 4202 4203 4283
f 4283 4284 4364
f 4364 4365 4445
f 4445 4446 4526
f 4526 4527 4607
f 4607 4608 4688
f 4688 4689 4769
f 4769 4770 4850
f 4850 4851 4931
f 4931 4932 5012
f 5012 5013 5093
f 5093 5094 5174
f 5174 5175 5255
f 5255 5256 5336
f 5336 5337 5417
f 5417 5418 5498
f 5498 5499 5579
f 5579 5580 5660
f 5660 5661 5741
f 5741 5742 5822
f 5822 5823 5903
f 5903 5904 5984
f 5984 5985 6065
f 6065 6066 6146
f 6146 6147 6227
f 6227 6228 6308
f 6308 6309 6389
f 6389 6390 6470
f 6470 6471 6551
f 72 73 153
f 153 154 234
f 234 235 315
f 315 316 396
f 396 397 477
f 477 478 558
f 558 559 639
f 639 640 720
f 720 721 801
f 801 802 882
f 882 883 963
f 963 964 1044
f 1044 1045 1125
f 1125 1126 1206
f 1206 1207 1287
f 1287 1288 1368
f 1368 1369 1449
f 1449 1450 1530
f 1530 1531 1611
f 1611 1612 1692
f 1692 1693 1773
f 1773 1774 1854
f 1854 1855 1935
f 1935 1936 2016
f 2016 2017 2097
f 2097 2098 2178
f 2178 2179 2259
f 2259 2260 2340
f 2340 2341 2421
f 2421 2422 2502
f 2502 2503 2583
f 2583 2584 2664
f 2664 2665 2745
f 2745 2746 2826
f 2826 2827 2907
f 2907 2908 2988
f 2988 2989 3069
f 3069 3070 3150
f 3150 3151 3231
f 3231 3232 3312
f 3312 3313 3393
f 3393 3394 3474
f 3474 3475 3555
f 3555 3556 3636
f 3636 3637 3717
f 3717 3718 3798
f 3798 3799 3879
f 3879 3880 3960
f 3960 3961 4041
f 4041 4042 4122
f 4122 4123 4203
f 4203 4204 4284
f 4284 4285 4365
f 4365 4366 4446
f 4446 4447 4527
f 4527 4528 4608
f 4608 4609 4689
f 4689 4690 4770
f 4770 4771 4851
f 4851 4852 4932
f 4932 4933 5013
f 5013 5014 5094
f 5094 5095 5175
f 5175 5176 5256
f 5256 5257 5337
f 5337 5338 5418
f 5418 5419 5499
f 5499 5500 5580
f 5580 5581 5661
f 5661 5662 5742
f 5742 5743 5823
f 5823 5824 5904
f 5904 5905 5985
f 5985 5986 6066
f 6066 6067 6147
f 6147 6148 6228
f 6228 6229 6309
f 6309 6310 6390
f 6390 6391 6471
f 6471 6472 6552
f 73 74 154
f 154 155 235
f 235 236 316
f 316 317 397
f 397 398 478
f 478 479 559
f 559 560 640
f 640 641 721
f 721 722 802
f 802 803 883
f 883 884 964
f 964 965 1045
f 1045 1046 1126
f 1126 1127 1207
f 1207 1208 1288
f 1288 1289 1369
f 1369 1370 1450
f 1450 1451 1531
f 1531 1532 1612
f 1612 1613 1693
f 1693 1694 1774
f 1774 1775 1855
f 1855 1856 1936
f 1936 1937 2017
f 2017 2018 2098
f 2098 2099 2179
f 2179 2180 2260
f 2260 2261 2341
f 2341 2342 2422
f 2422 2423 2503
f 2503 2504 2584
f 2584 2585 2665
f 2665 2666 2746
f 2746 2747 2827
f 2827 2828 2908
f 2908 2909 2989
f 2989 2990 3070
f 3070 3071 3151
f 3151 3152 3232
f 3232 3233 3313
f 3313 3314 3394
f 3394 3395 3475
f 3475 3476 3556
f 3556 3557 3637
f 3637 3638 3718
f 3718 3719 3799
f 3799 3800 3880
f 3880 3881 3961
f 3961 3962 4042
f 4042 4043 4123
f 4123 4124 4204
f 4204 4205 4285
f 4285 4286 4366
f 4366 4367 4447
f 4447 4448 4528
f 4528 4529 4609
f 4609 4610 4690
f 4690 4691 4771
f 4771 4772 4852
f 4852 4853 4933
f 4933 4934 5014
f 5014 5015 5095
f 5095 5096 5176
f 5176 5177 5257
f 5257 5258 5338
f 5338 5339 5419
f 5419 5420 5500
f 5500 5501 5581
f 5581 5582 5662
f 5662 5663 5743
f 5743 5744 5824
f 5824 5825 5905
f 5905 5906 5986
f 5986 5987 6067
f 6067 6068 6148
f 6148 6149 6229
f 6229 6230 6310
f 6310 6311 6391
f 6391 6392 6472
f 6472 6473 6553
f 74 75 155
f 155 156 236
f 236 237 317
f 317 318 398
f 398 399 479
f 479 480 560
f 560 561 641
f 641 642 722
f 722 723 803
f 803 804 884
f 884 885 965
f 965 966 1046
f 1046 1047 1127
f 1127 1128 1208
f 1208 1209 1289
f 1289 1290 1370
f 1370 1371 1451
f 1451 1452 1532
f 1532 1533 1613
f 1613 1614 1694
f 1694 1695 1775
f 1775 1776 1856
f 1856 1857 1937
f 1937 1938 2018
f 2018 2019 2099
f 2099 2100 2180
f 2180 2181 2261
f 2261 2262 2342
f 2342 2343 2423
f 2423 2424 2504
f 2504 2505 2585
f 2585 2586 2666
f 2666 2667 2747
f 2747 2748 2828
f 2828 2829 2909
f 2909 2910 2990
f 2990 2991 3071
f 3071 3072 3152
f 3152 3153 3233
f 3233 3234 3314
f 3314 3315 3395
f 3395 3396 3476
f 3476 3477 3557
f 3557 3558 3638
f 3638 3639 3719
f 3719 3720 3800
f 3800 3801 3881
f 3881 3882 3962
f 3962 3963 4043
f 4043 4044 4124
f 4124 4125 4205
f 4205 4206 4286
f 4286 4287 4367
f 4367 4368 4448
f 4448 4449 4529
f 4529 4530 4610
f 4610 4611 4691
f 4691 4692 4772
f 4772 4773 4853
f 4853 4854 4934
f 4934 4935 5015
f 5015 5016 5096
f 5096 5097 5177
f 5177 5178 5258
f 5258 5259 5339
f 5339 5340 5420
f 5420 5421 5501
f 5501 5502 5582
f 5582 5583 5663
f 5663 5664 5744
f 5744 5745 5825
f 5825 5826 5906
f 5906 5907 5987
f 5987 5988 6068
f 6068 6069 6149
f 6149 6150 6230
f 6230 6231 6311
f 6311 6312 6392
f 6392 6393 6473
f 6473 6474 6554
f 75 76 156
f 156 157 237
f 237 238 318
f 318 319 399
f 399 400 480
f 480 481 561
f 561 562 642
f 642 643 723
f 723 724 804
f 804 805 885
f 885 886 966
f 966 967 1047
f 1047 1048 1128
f 1128 1129 1209
f 1209 1210 1290
f 1290 1291 1371
f 1371 1372 1452
f 1452 1453 1533
f 1533 1534 1614
f 1614 1615 1695
f 1695 1696 1776
f 1776 1777 1857
f 1857 1858 1938
f 1938 1939 2019
f 2019 2020 2100
f 2100 2101 2181
f 2181 2182 2262
f 2262 2263 2343
f 2343 2344 2424
f 2424 2425 2505
f 2505 2506 2586
f 2586 2587 2667
f 2667 2668 2748
f 2748 2749 2829
f 2829 2830 2910
f 2910 2911 2991
f 2991 2992 3072
f 3072 3073 3153
f 3153 3154 3234
f 3234 3235 3315
f 3315 3316 3396
f 3396 3397 3477
f 3477 3478 3558
f 3558 3559 3639
f 3639 3640 3720
f 3720 3721 3801
f 3801 3802 3882
f 3882 3883 3963
f 3963 3964 4044
f 4044 4045 4125
f 4125 4126 4206
f 4206 4207 4287
f 4287 4288 4368
f 4368 4369 4449
f 4449 4450 4530
f 4530 4531 4611
f 4611 4612 4692
f 4692 4693 4773
f 4773 4774 4854
f 4854 4855 4935
f 4935 4936 5016
f 5016 5017 5097
f 5097 5098 5178
f 5178 5179 5259
f 5259 5260 5340
f 5340 5341 5421
f 5421 5422 5502
f 5502 5503 5583
f 5583 5584 5664
f 5664 5665 5745
f 5745 5746 5826
f 5826 5827 5907
f 5907 5908 5988
f 5988 5989 6069
f 6069 6070 6150
f 6150 6151 6231
f 6231 6232 6312
f 6312 6313 6393
f 6393 6394 6474
f 6474 6475 6555
f 76 77 157
f 157 158 238
f 238 239 319
f 319 320 400
f 400 401 481
f 481 482 562
f 562 563 643
f 643 644 724
f 724 725 805
f 805 806 886
f 886 887 967
f 967 968 1048
f 1048 1049 1129
f 1129 1130 1210
f 1210 1211 1291
f 1291 1292 1372
f 1372 1373 1453
f 1453 1454 1534
f 1534 1535 1615
f 1615 1616 1696
f 1696 1697 1777
f 1777 1778 1858
f 1858 1859 1939
f 1939 1940 2020
f 2020 2021 2101
f 2101 2102 2182
f 2182 2183 2263
f 2263 2264 2344
f 2344 2345 2425
f 2425 2426 2506
f 2506 2507 2587
f 2587 2588 2668
f 2668 2669 2749
f 2749 2750 2830
f 2830 2831 2911
f 2911 2912 2992
f 2992 2993 3073
f 3073 3074 3154
f 3154 3155 3235
f 3235 3236 3316
f 3316 3317 3397
f 3397 3398 3478
f 3478 3479 3559
f 3559 3560 3640
f 3640 3641 3721
f 3721 3722 3802
f 3802 3803 3883
f 3883 3884 3964
f 3964 3965 4045
f 4045 4046 4126
f 4126 4127 4207
f 4207 4208 4288
f 4288 4289 4369
f 4369 4370 4450
f 4450 4451 4531
f 4531 4532 4612
f 4612 4613 4693
f 4693 4694 4774
f 4774 4775 4855
f 4855 4856 4936
f 4936 4937 5017
f 5017 5018 5098
f 5098 5099 5179
f 5179 5180 5260
f 5260 5261 5341
f 5341 5342 5422
f 5422 5423 5503
f 5503 5504 5584
f 5584 5585 5665
f 5665 5666 5746
f 5746 5747 5827
f 5827 5828 5908
f 5908 5909 5989
f 5989 5990 6070
f 6070 6071 6151
f 6151 6152 6232
f 6232 6233 6313
f 6313 6314 6394
f 6394 6395 6475
f 6475 6476 6556
f 77 78 158
f 158 159 239
f 239 240 320
f 320 321 401
f 401 402 482
f 482 483 563
f 563 564 644
f 644 645 725
f 725 726 806
f 806 807 887
f 887 888 968
f 968 969 1049
f 1049 1050 1130
f 1130 1131 1211
f 1211 1212 1292
f 1292 1293 1373
f 1373 1374 1454
f 1454 1455 1535
f 1535 1536 1616
f 1616 1617 1697
f 1697 1698 1778
f 1778 1779 1859
f 1859 1860 1940
f 1940 1941 2021
f 2021 2022 2102
f 2102 2103 2183
f 2183 2184 2264
f 2264 2265 2345
f 2345 2346 2426
f 2426 2427 2507
f 2507 2508 2588
f 2588 2589 2669
f 2669 2670 2750
f 2750 2751 2831
f 2831 2832 2912
f 2912 2913 2993
f 2993 2994 3074
f 3074 3075 3155
f 3155 3156 3236
f 3236 3237 3317
f 3317 3318 3398
f 3398 3399 3479
f 3479 3480 3560
f 3560 3561 3641
f 3641 3642 3722
f 3722 3723 3803
f 3803 3804 3884
f 3884 3885 3965
f 3965 3966 4046
f 4046 4047 4127
f 4127 4128 4208
f 4208 4209 4289
f 4289 4290 4370
f 4370 4371 4451
f 4451 4452 4532
f 4532 4533 4613
f 4613 4614 4694
f 4694 4695 4775
f 4775 4776 4856
f 4856 4857 4937
f 4937 4938 5018
f 5018 5019 5099
f 5099 5100 5180
f 5180 5181 5261
f 5261 5262 5342
f 5342 5343 5423
f 5423 5424 5504
f 5504 5505 5585
f 5585 5586 5666
f 5666 5667 5747
f 5747 5748 5828
f 5828 5829 5909
f 5909 5910 5990
f 5990 5991 6071
f 6071 6072 6152
f 6152 6153 6233
f 6233 6234 6314
f 6314 6315 6395
f 6395 6396 6476
f 6476 6477 6557
f 78 79 159
f 159 160 240
f 240 241 321
f 321 322 402
f 402 403 483
f 483 484 564
f 564 565 645
f 645 646 726
f 726 727 807
f 807 808 888
f 888 889 969
f 969 970 1050
f 1050 1051 1131
f 1131 1132 1212
f 1212 1213 1293
f 1293 1294 1374
f 1374 1375 1455
f 1455 1456 1536
f 1536 1537 1617
f 1617 1618 1698
f 1698 1699 1779
f 1779 1780 1860
f 1860 1861 1941
f 1941 1942 2022
f 2022 2023 2103
f 2103 2104 2184
f 2184 2185 2265
f 2265 2266 2346
f 2346 2347 2427
f 2427 2428 2508
f 2508 2509 2589
f 2589 2590 2670
f 2670 2671 2751
f 2751 2752 2832
f 2832 2833 2913
f 2913 2914 2994
f 2994 2995 3075
f 3075 3076 3156
f 3156 3157 3237
f 3237 3238 3318
f 3318 3319 3399
f 3399 3400 3480
f 3480 3481 3561
f 3561 3562 3642
f 3642 3643 3723
f 3723 3724 3804
f 3804 3805 3885
f 3885 3886 3966
f 3966 3967 4047
f 4047 4048 4128
f 4128 4129 4209
f 4209 4210 4290
f 4290 4291 4371
f 4371 4372 4452
f 4452 4453 4533
f 4533 4534 4614
f 4614 4615 4695
f 4695 4696 4776
f 4776 4777 4857
f 4857 4858 4938
f 4938 4939 5019
f 5019 5020 5100
f 5100 5101 5181
f 5181 5182 5262
f 5262 5263 5343
f 5343 5344 5424
f 5424 5425 5505
f 5505 5506 5586
f 5586 5587 5667
f 5667 5668 5748
f 5748 5749 5829
f 5829 5830 5910
f 5910 5911 5991
f 5991 5992 6072
f 6072 6073 6153
f 6153 6154 6234
f 6234 6235 6315
f 6315 6316 6396
f 6396 6397 6477
f 6477 6478 6558
f 79 80 160
f 160 161 241
f 241 242 322
f 322 323 403
f 403 404 484
f 484 485 565
f 565 566 646
f 646 647 727
f 727 728 808
f 808 809 889
f 889 890 970
f 970 971 1051
f 1051 1052 1132
f 1132 1133 1213
f 1213 1214 1294
f 1294 1295 1375
f 1375 1376 1456
f 1456 1457 1537
f 1537 1538 1618
f 1618 1619 1699
f 1699 1700 1780
f 1780 1781 1861
f 1861 1862 1942
f 1942 1943 2023
f 2023 2024 2104
f 2104 2105 2185
f 2185 2186 2266
f 2266 2267 2347
f 2347 2348 2428
f 2428 2429 2509
f 2509 2510 2590
f 2590 2591 2671
f 2671 2672 2752
f 2752 2753 2833
f 2833 2834 2914
f 2914 2915 2995
f 2995 2996 3076
f 3076 3077 3157
f 3157 3158 3238
f 3238 3239 3319
f 3319 3320 3400
f 3400 3401 3481
f 3481 3482 3562
f 3562 3563 3643
f 3643 3644 3724
f 3724 3725 3805
f 3805 3806 3886
f 3886 3887 3967
f 3967 3968 4048
f 4048 4049 4129
f 4129 4130 4210
f 4210 4211 4291
f 4291 4292 4372
f 4372 4373 4453
f 4453 4454 4534
f 4534 4535 4615
f 4615 4616 4696
f 4696 4697 4777
f 4777 4778 4858
f 4858 4859 4939
f 4939 4940 5020
f 5020 5021 5101
f 5101 5102 5182
f 5182 5183 5263
f 5263 5264 5344
f 5344 5345 5425
f 5425 5426 5506
f 5506 5507 5587
f 5587 5588 5668
f 5668 5669 5749
f 5749 5750 5830
f 5830 5831 5911
f 5911 5912 5992
f 5992 5993 6073
f 6073 6074 6154
f 6154 6155 6235
f 6235 6236 6316
f 6316 6317 6397
f 6397 6398 6478
f 6478 6479 6559
f 80 81 161
f 161 162 242
f 242 243 323
f 323 324 404
f 404 405 485
f 485 486 566
f 566 567 647
f 647 648 728
f 728 729 809
f 809 810 890
f 890 891 971
f 971 972 1052
f 1052 1053 1133
f 1133 1134 1214
f 1214 1215 1295
f 1295 1296 1376
f 1376 1377 1457
f 1457 1458 1538
f 1538 1539 1619
f 1619 1620 1700
f 1700 1701 1781
f 1781 1782 1862
f 1862 1863 1943
f 1943 1944 2024
f 2024 2025 2105
f 2105 2106 2186
f 2186 2187 2267
f 2267 2268 2348
f 2348 2349 2429
f 2429 2430 2510
f 2510 2511 2591
f 2591 2592 2672
f 2672 2673 2753
f 2753 2754 2834
f 2834 2835 2915
f 2915 2916 2996
f 2996 2997 3077
f 3077 3078 3158
f 3158 3159 3239
f 3239 3240 3320
f 3320 3321 3401
f 3401 3402 3482
f 3482 3483 3563
f 3563 3564 3644
f 3644 3645 3725
f 3725 3726 3806
f 3806 3807 3887
f 3887 3888 3968
f 3968 3969 4049
f 4049 4050 4130
f 4130 4131 4211
f 4211 4212 4292
f 4292 4293 4373
f 4373 4374 4454
f 4454 4455 4535
f 4535 4536 4616
f 4616 4617 4697
f 4697 4698 4778
f 4778 4779 4859
f 4859 4860 4940
f 4940 4941 5021
f 5021 5022 5102
f 5102 5103 5183
f 5183 5184 5264
f 5264 5265 5345
f 5345 5346 5426
f 5426 5427 5507
f 5507 5508 5588
f 5588 5589 5669
f 5669 5670 5750
f 5750 5751 5831
f 5831 5832 5912
f 5912 5913 5993
f 5993 5994 6074
f 6074 6075 6155
f 6155 6156 6236
f 6236 6237 6317
f 6317 6318 6398
f 6398 6399 6479
f 6479 6480 6560
f 83 82 2
f 164 163 83
f 245 244 164
f 326 325 245
f 407 406 326
f 488 487 407
f 569 568 488
f 650 649 569
f 731 730 650
f 812 811 731
f 893 892 812
f 974 973 893
f 1055 1054 974
f 1136 1135 1055
f 1217 1216 1136
f 1298 1297 1217
f 1379 1378 1298
f 1460 1459 1379
f 1541 1540 1460
f 1622 1621 1541
f 1703 1702 1622
f 1784 1783 1703
f 1865 1864 1784
f 1946 1945 1865
f 2027 2026 1946
f 2108 2107 2027
f 2189 2188 2108
f 2270 2269 2189
f 2351 2350 2270
f 2432 2431 2351
f 2513 2512 2432
f 2594 2593 2513
f 2675 2674 2594
f 2756 2755 2675
f 2837 2836 2756
f 2918 2917 2837
f 2999 2998 2918
f 3080 3079 2999
f 3161 3160 3080
f 3242 3241 3161
f 3323 3322 3242
f 3404 3403 3323
f 3485 3484 3404
f 3566 3565 3485
f 3647 3646 3566
f 3728 3727 3647
f 3809 3808 3728
f 3890 3889 3809
f 3971 3970 3890
f 4052 4051 3971
f 4133 4132 4052
f 4214 4213 4133
f 4295 4294 4214
f 4376 4375 4295
f 4457 4456 4376
f 4538 4537 4457
f 4619 4618 4538
f 4700 4699 4619
f 4781 4780 4700
f 4862 4861 4781
f 4943 4942 4862
f 5024 5023 4943
f 5105 5104 5024
f 5186 5185 5105
f 5267 5266 5186
f 5348 5347 5267
f 5429 5428 5348
f 5510 5509 5429
f 5591 5590 5510
f 5672 5671 5591
f 5753 5752 5672
f 5834 5833 5753
f 5915 5914 5834
f 5996 5995 5915
f 6077 6076 5996
f 6158 6157 6077
f 6239 6238 6158
f 6320 6319 6239
f 6401 6400 6320
f 6482 6481 6401
f 84 83 3
f 165 164 84
f 246 245 165
f 327 326 246
f 408 407 327
f 489 488 408
f 570 569 489
f 651 650 570
f 732 731 651
f 813 812 732
f 894 893 813
f 975 974 894
f 1056 1055 975
f 1137 1136 1056
f 1218 1217 1137
f 1299 1298 1218
f 1380 1379 1299
f 1461 1460 1380
f 1542 1541 1461
f 1623 1622 1542
f 1704 1703 1623
f 1785 1784 1704
f 1866 1865 1785
f 1947 1946 1866
f 2028 2027 1947
f 2109 2108 2028
f 2190 2189 2109
f 2271 2270 2190
f 2352 2351 2271
f 2433 2432 2352
f 2514 2513 2433
f 2595 2594 2514
f 2676 2675 2595
f 2757 2756 2676
f 2838 2837 2757
f 2919 2918 2838
f 3000 2999 2919
f 3081 3080 3000
f 3162 3161 3081
f 3243 3242 3162
f 3324 3323 3243
f 3405 3404 3324
f 3486 3485 3405
f 3567 3566 3486
f 3648 3647 3567
f 3729 3728 3648
f 3810 3809 3729
f 3891 3890 3810
f 3972 3971 3891
f 4053 4052 3972
f 4134 4133 4053
f 4215 4214 4134
f 4296 4295 4215
f 4377 4376 4296
f 4458 4457 4377
f 4539 4538 4458
f 4620 4619 4539
f 4701 4700 4620
f 4782 4781 4701
f 4863 4862 4782
f 4944 4943 4863
f 5025 5024 4944
f 5106 5105 5025
f 5187 5186 5106
f 5268 5267 5187
f 5349 5348 5268
f 5430 5429 5349
f 5511 5510 5430
f 5592 5591 5511
f 5673 5672 5592
f 5754 5753 5673
f 5835 5834 5754
f 5916 5915 5835
f 5997 5996 5916
f 6078 6077 5997
f 6159 6158 6078
f 6240 6239 6159
f 6321 6320 6240
f 6402 6401 6321
f 6483 6482 6402
f 85 84 4
f 166 165 85
f 247 246 166
f 328 327 247
f 409 408 328
f 490 489 409
f 571 570 490
f 652 651 571
f 733 732 652
f 814 813 733
f 895 894 814
f 976 975 895
f 1057 1056 976
f 1138 1137 1057
f 1219 1218 1138
f 1300 1299 1219
f 1381 1380 1300
f 1462 1461 1381
f 1543 1542 1462
f 1624 1623 1543
f 1705 1704 1624
f 1786 1785 1705
f 1867 1866 1786
f 1948 1947 1867
f 2029 2028 1948
f 2110 2109 2029
f 2191 2190 2110
f 2272 2271 2191
f 2353 2352 2272
f 2434 2433 2353
f 2515 2514 2434
f 2596 2595 2515
f 2677 2676 2596
f 2758 2757 2677
f 2839 2838 2758
f 2920 2919 2839
f 3001 3000 2920
f 3082 3081 3001
f 3163 3162 3082
f 3244 3243 3163
f 3325 3324 3244
f 3406 3405 3325
f 3487 3486 3406
f 3568 3567 3487
f 3649 3648 3568
f 3730 3729 3649
f 3811 3810 3730
f 3892 3891 3811
f 3973 3972 3892
f 4054 4053 3973
f 4135 4134 4054
f 4216 4215 4135
f 4297 4296 4216
f 4378 4377 4297
f 4459 4458 4378
f 4540 4539 4459
f 4621 4620 4540
f 4702 4701 4621
f 4783 4782 4702
f 4864 4863 4783
f 4945 4944 4864
f 5026 5025 4945
f 5107 5106 5026
f 5188 5187 5107
f 5269 5268 5188
f 5350 5349 5269
f 5431 5430 5350
f 5512 5511 5431
f 5593 5592 5512
f 5674 5673 5593
f 5755 5754 5674
f 5836 5835 5755
f 5917 5916 5836
f 5998 5997 5917
f 6079 6078 5998
f 6160 6159 6079
f 6241 6240 6160
f 6322 6321 6241
f 6403 6402 6322
f 6484 6483 6403
f 86 85 5
f 167 166 86
f 248 247 167
f 329 328 248
f 410 409 329
f 491 490 410
f 572 571 491
f 653 652 572
f 734 733 653
f 815 814 734
f 896 895 815
f 977 976 896
f 1058 1057 977
f 1139 1138 1058
f 1220 1219 1139
f 1301 1300 1220
f 1382 1381 1301
f 1463 1462 1382
f 1544 1543 1463
f 1625 1624 1544
f 1706 1705 1625
f 1787 1786 1706
f 1868 1867 1787
f 1949 1948 1868
f 2030 2029 1949
f 2111 2110 2030
f 2192 2191 2111
f 2273 2272 2192
f 2354 2353 2273
f 2435 2434 2354
f 2516 2515 2435
f 2597 2596 2516
f 2678 2677 2597
f 2759 2758 2678
f 2840 2839 2759
f 2921 2920 2840
f 3002 3001 2921
f 3083 3082 3002
f 3164 3163 3083
f 3245 3244 3164
f 3326 3325 3245
f 3407 3406 3326
f 3488 3487 3407
f 3569 3568 3488
f 3650 3649 3569
f 3731 3730 3650
f 3812 3811 3731
f 3893 3892 3812
f 3974 3973 3893
f 4055 4054 3974
f 4136 4135 4055
f 4217 4216 4136
f 4298 4297 4217
f 4379 4378 4298
f 4460 4459 4379
f 4541 4540 4460
f 4622 4621 4541
f 4703 4702 4622
f 4784 4783 4703
f 4865 4864 4784
f 4946 4945 4865
f 5027 5026 4946
f 5108 5107 5027
f 5189 5188 5108
f 5270 5269 5189
f 5351 5350 5270
f 5432 5431 5351
f 5513 5512 5432
f 5594 5593 5513
f 5675 5674 5594
f 5756 5755 5675
f 5837 5836 5756
f 5918 5917 5837
f 5999 5998 5918
f 6080 6079 5999
f 6161 6160 6080
f 6242 6241 6161
f 6323 6322 6242
f 6404 6403 6323
f 6485 6484 6404
f 87 86 6
f 168 167 87
f 249 248 168
f 330 329 249
f 411 410 330
f 492 491 411
f 573 572 492
f 654 653 573
f 735 734 654
f 816 815 735
f 897 896 816
f 978 977 897
f 1059 1058 978
f 1140 1139 1059
f 1221 1220 1140
f 1302 1301 1221
f 1383 1382 1302
f 1464 1463 1383
f 1545 1544 1464
f 1626 1625 1545
f 1707 1706 1626
f 1788 1787 1707
f 1869 1868 1788
f 1950 1949 1869
f 2031 2030 1950
f 2112 2111 2031
f 2193 2192 2112
f 2274 2273 2193
f 2355 2354 2274
f 2436 2435 2355
f 2517 2516 2436
f 2598 2597 2517
f 2679 2678 2598
f 2760 2759 2679
f 2841 2840 2760
f 2922 2921 2841
f 3003 3002 2922
f 3084 3083 3003
f 3165 3164 3084
f 3246 3245 3165
f 3327 3326 3246
f 3408 3407 3327
f 3489 3488 3408
f 3570 3569 3489
f 3651 3650 3570
f 3732 3731 3651
f 3813 3812 3732
f 3894 3893 3813
f 3975 3974 3894
f 4056 4055 3975
f 4137 4136 4056
f 4218 4217 4137
f 4299 4298 4218
f 4380 4379 4299
f 4461 4460 4380
f 4542 4541 4461
f 4623 4622 4542
f 4704 4703 4623
f 4785 4784 4704
f 4866 4865 4785
f 4947 4946 4866
f 5028 5027 4947
f 5109 5108 5028
f 5190 5189 5109
f 5271 5270 5190
f 5352 5351 5271
f 5433 5432 5352
f 5514 5513 5433
f 5595 5594 5514
f 5676 5675 5595
f 5757 5756 5676
f 5838 5837 5757
f 5919 5918 5838
f 6000 5999 5919
f 6081 6080 6000
f 6162 6161 6081
f 6243 6242 6162
f 6324 6323 6243
f 6405 6404 6324
f 6486 6485 6405
f 88 87 7
f 169 168 88
f 250 249 169
f 331 330 250
f 412 411 331
f 493 492 412
f 574 573 493
f 655 654 574
f 736 735 655
f 817 816 736
f 898 897 817
f 979 978 898
f 1060 1059 979
f 1141 1140 1060
f 1222 1221 1141
f 1303 1302 1222
f 1384 1383 1303
f 1465 1464 1384
f 1546 1545 1465
f 1627 1626 1546
f 1708 1707 1627
f 1789 1788 1708
f 1870 1869 1789
f 1951 1950 1870
f 2032 2031 1951
f 2113 2112 2032
f 2194 2193 2113
f 2275 2274 2194
f 2356 2355 2275
f 2437 2436 2356
f 2518 2517 2437
f 2599 2598 2518
f 2680 2679 2599
f 2761 2760 2680
f 2842 2841 2761
f 2923 2922 2842
f 3004 3003 2923
f 3085 3084 3004
f 3166 3165 3085
f 3247 3246 3166
f 3328 3327 3247
f 3409 3408 3328
f 3490 3489 3409
f 3571 3570 3490
f 3652 3651 3571
f 3733 3732 3652
f 3814 3813 3733
f 3895 3894 3814
f 3976 3975 3895
f 4057 4056 3976
f 4138 4137 4057
f 4219 4218 4138
f 4300 4299 4219
f 4381 4380 4300
f 4462 4461 4381
f 4543 4542 4462
f 4624 4623 4543
f 4705 4704 4624
f 4786 4785 4705
f 4867 4866 4786
f 4948 4947 4867
f 5029 5028 4948
f 5110 5109 5029
f 5191 5190 5110
f 5272 5271 5191
f 5353 5352 5272
f 5434 5433 5353
f 5515 5514 5434
f 5596 5595 5515
f 5677 5676 5596
f 5758 5757 5677
f 5839 5838 5758
f 5920 5919 5839
f 6001 6000 5920
f 6082 6081 6001
f 6163 6162 6082
f 6244 6243 6163
f 6325 6324 6244
f 6406 6405 6325
f 6487 6486 6406
f 89 88 8
f 170 169 89
f 251 250 170
f 332 331 251
f 413 412 332
f 494 493 413
f 575 574 494
f 656 655 575
f 737 736 656
f 818 817 737
f 899 898 818
f 980 979 899
f 1061 1060 980
f 1142 1141 1061
f 1223 1222 1142
f 1304 1303 1223
f 1385 1384 1304
f 1466 1465 1385
f 1547 1546 1466
f 1628 1627 1547
f 1709 1708 1628
f 1790 1789 1709
f 1871 1870 1790
f 1952 1951 1871
f 2033 2032 1952
f 2114 2113 2033
f 2195 2194 2114
f 2276 2275 2195
f 2357 2356 2276
f 2438 2437 2357
f 2519 2518 2438
f 2600 2599 2519
f 2681 2680 2600
f 2762 2761 2681
f 2843 2842 2762
f 2924 2923 2843
f 3005 3004 2924
f 3086 3085 3005
f 3167 3166 3086
f 3248 3247 3167
f 3329 3328 3248
f 3410 3409 3329
f 3491 3490 3410
f 3572 3571 3491
f 3653 3652 3572
f 3734 3733 3653
f 3815 3814 3734
f 3896 3895 3815
f 3977 3976 3896
f 4058 4057 3977
f 4139 4138 4058
f 4220 4219 4139
f 4301 4300 4220
f 4382 4381 4301
f 4463 4462 4382
f 4544 4543 4463
f 4625 4624 4544
f 4706 4705 4625
f 4787 4786 4706
f 4868 4867 4787
f 4949 4948 4868
f 5030 5029 4949
f 5111 5110 5030
f 5192 5191 5111
f 5273 5272 5192
f 5354 5353 5273
f 5435 5434 5354
f 5516 5515 5435
f 5597 5596 5516
f 5678 5677 5597
f 5759 5758 5678
f 5840 5839 5759
f 5921 5920 5840
f 6002 6001 5921
f 6083 6082 6002
f 6164 6163 6083
f 6245 6244 6164
f 6326 6325 6245
f 6407 6406 6326
f 6488 6487 6407
f 90 89 9
f 171 170 90
f 252 251 171
f 333 332 252
f 414 413 333
f 495 494 414
f 576 575 495
f 657 656 576
f 738 737 657
f 819 818 738
f 900 899 819
f 981 980 900
f 1062 1061 981
f 1143 1142 1062
f 1224 1223 1143
f 1305 1304 1224
f 1386 1385 1305
f 1467 1466 1386
f 1548 1547 1467
f 1629 1628 1548
f 1710 1709 1629
f 1791 1790 1710
f 1872 1871 1791
f 1953 1952 1872
f 2034 2033 1953
f 2115 2114 2034
f 2196 2195 2115
f 2277 2276 2196
f 2358 2357 2277
f 2439 2438 2358
f 2520 2519 2439
f 2601 2600 2520
f 2682 2681 2601
f 2763 2762 2682
f 2844 2843 2763
f 2925 2924 2844
f 3006 3005 2925
f 3087 3086 3006
f 3168 3167 3087
f 3249 3248 3168
f 3330 3329 3249
f 3411 3410 3330
f 3492 3491 3411
f 3573 3572 3492
f 3654 3653 3573
f 3735 3734 3654
f 3816 3815 3735
f 3897 3896 3816
f 3978 3977 3897
f 4059 4058 3978
f 4140 4139 4059
f 4221 4220 4140
f 4302 4301 4221
f 4383 4382 4302
f 4464 4463 4383
f 4545 4544 4464
f 4626 4625 4545
f 4707 4706 4626
f 4788 4787 4707
f 4869 4868 4788
f 4950 4949 4869
f 5031 5030 4950
f 5112 5111 5031
f 5193 5192 5112
f 5274 5273 5193
f 5355 5354 5274
f 5436 5435 5355
f 5517 5516 5436
f 5598 5597 5517
f 5679 5678 5598
f 5760 5759 5679
f 5841 5840 5760
f 5922 5921 5841
f 6003 6002 5922
f 6084 6083 6003
f 6165 6164 6084
f 6246 6245 6165
f 6327 6326 6246
f 6408 6407 6327
f 6489 6488 6408
f 91 90 10
f 172 171 91
f 253 252 172
f 334 333 253
f 415 414 334
f 496 495 415
f 577 576 496
f 658 657 577
f 739 738 658
f 820 819 739
f 901 900 820
f 982 981 901
f 1063 1062 982
f 1144 1143 1063
f 1225 1224 1144
f 1306 1305 1225
f 1387 1386 1306
f 1468 1467 1387
f 1549 1548 1468
f 1630 1629 1549
f 1711 1710 1630
f 1792 1791 1711
f 1873 1872 1792
f 1954 1953 1873
f 2035 2034 1954
f 2116 2115 2035
f 2197 2196 2116
f 2278 2277 2197
f 2359 2358 2278
f 2440 2439 2359
f 2521 2520 2440
f 2602 2601 2521
f 2683 2682 2602
f 2764 2763 2683
f 2845 2844 2764
f 2926 2925 2845
f 3007 3006 2926
f 3088 3087 3007
f 3169 3168 3088
f 3250 3249 3169
f 3331 3330 3250
f 3412 3411 3331
f 3493 3492 3412
f 3574 3573 3493
f 3655 3654 3574
f 3736 3735 3655
f 3817 3816 3736
f 3898 3897 3817
f 3979 3978 3898
f 4060 4059 3979
f 4141 4140 4060
f 4222 4221 4141
f 4303 4302 4222
f 4384 4383 4303
f 4465 4464 4384
f 4546 4545 4465
f 4627 4626 4546
f 4708 4707 4627
f 4789 4788 4708
f 4870 4869 4789
f 4951 4950 4870
f 5032 5031 4951
f 5113 5112 5032
f 5194 5193 5113
f 5275 5274 5194
f 5356 5355 5275
f 5437 5436 5356
f 5518 5517 5437
f 5599 5598 5518
f 5680 5679 5599
f 5761 5760 5680
f 5842 5841 5761
f 5923 5922 5842
f 6004 6003 5923
f 6085 6084 6004
f 6166 6165 6085
f 6247 6246 6166
f 6328 6327 6247
f 6409 6408 6328
f 6490 6489 6409
f 92 91 11
f 173 172 92
f 254 253 173
f 335 334 254
f 416 415 335
f 497 496 416
f 578 577 497
f 659 658 578
f 740 739 659
f 821 820 740
f 902 901 821
f 983 982 902
f 1064 1063 983
f 1145 1144 1064
f 1226 1225 1145
f 1307 1306 1226
f 1388 1387 1307
f 1469 1468 1388
f 1550 1549 1469
f 1631 1630 1550
f 1712 1711 1631
f 1793 1792 1712
f 1874 1873 1793
f 1955 1954 1874
f 2036 2035 1955
f 2117 2116 2036
f 2198 2197 2117
f 2279 2278 2198
f 2360 2359 2279
f 2441 2440 2360
f 2522 2521 2441
f 2603 2602 2522
f 2684 2683 2603
f 2765 2764 2684
f 2846 2845 2765
f 2927 2926 2846
f 3008 3007 2927
f 3089 3088 3008
f 3170 3169 3089
f 3251 3250 3170
f 3332 3331 3251
f 3413 3412 3332
f 3494 3493 3413
f 3575 3574 3494
f 3656 3655 3575
f 3737 3736 3656
f 3818 3817 3737
f 3899 3898 3818
f 3980 3979 3899
f 4061 4060 3980
f 4142 4141 4061
f 4223 4222 4142
f 4304 4303 4223
f 4385 4384 4304
f 4466 4465 4385
f 4547 4546 4466
f 4628 4627 4547
f 4709 4708 4628
f 4790 4789 4709
f 4871 4870 4790
f 4952 4951 4871
f 5033 5032 4952
f 5114 5113 5033
f 5195 5194 5114
f 5276 5275 5195
f 5357 5356 5276
f 5438 5437 5357
f 5519 5518 5438
f 5600 5599 5519
f 5681 5680 5600
f 5762 5761 5681
f 5843 5842 5762
f 5924 5923 5843
f 6005 6004 5924
f 6086 6085 6005
f 6167 6166 6086
f 6248 6247 6167
f 6329 6328 6248
f 6410 6409 6329
f 6491 6490 6410
f 93 92 12
f 174 173 93
f 255 254 174
f 336 335 255
f 417 416 336
f 498 497 417
f 579 578 498
f 660 659 579
f 741 740 660
f 822 821 741
f 903 902 822
f 984 983 903
f 1065 1064 984
f 1146 1145 1065
f 1227 1226 1146
f 1308 1307 1227
f 1389 1388 1308
f 1470 1469 1389
f 1551 1550 1470
f 1632 1631 1551
f 1713 1712 1632
f 1794 1793 1713
f 1875 1874 1794
f 1956 1955 1875
f 2037 2036 1956
f 2118 2117 2037
f 2199 2198 2118
f 2280 2279 2199
f 2361 2360 2280
f 2442 2441 2361
f 2523 2522 2442
f 2604 2603 2523
f 2685 2684 2604
f 2766 2765 2685
f 2847 2846 2766
f 2928 2927 2847
f 3009 3008 2928
f 3090 3089 3009
f 3171 3170 3090
f 3252 3251 3171
f 3333 3332 3252
f 3414 3413 3333
f 3495 3494 3414
f 3576 3575 3495
f 3657 3656 3576
f 3738 3737 3657
f 3819 3818 3738
f 3900 3899 3819
f 3981 3980 3900
f 4062 4061 3981
f 4143 4142 4062
f 4224 4223 4143
f 4305 4304 4224
f 4386 4385 4305
f 4467 4466 4386
f 4548 4547 4467
f 4629 4628 4548
f 4710 4709 4629
f 4791 4790 4710
f 4872 4871 4791
f 4953 4952 4872
f 5034 5033 4953
f 5115 5114 5034
f 5196 5195 5115
f 5277 5276 5196
f 5358 5357 5277
f 5439 5438 5358
f 5520 5519 5439
f 5601 5600 5520
f 5682 5681 5601
f 5763 5762 5682
f 5844 5843 5763
f 5925 5924 5844
f 6006 6005 5925
f 6087 6086 6006
f 6168 6167 6087
f 6249 6248 6168
f 6330 6329 6249
f 6411 6410 6330
f 6492 6491 6411
f 94 93 13
f 175 174 94
f 256 255 175
f 337 336 256
f 418 417 337
f 499 498 418
f 580 579 499
f 661 660 580
f 742 741 661
f 823 822 742
f 904 903 823
f 985 984 904
f 1066 1065 985
f 1147 1146 1066
f 1228 1227 1147
f 1309 1308 1228
f 1390 1389 1309
f 1471 1470 1390
f 1552 1551 1471
f 1633 1632 1552
f 1714 1713 1633
f 1795 1794 1714
f 1876 1875 1795
f 1957 1956 1876
f 2038 2037 1957
f 2119 2118 2038
f 2200 2199 2119
f 2281 2280 2200
f 2362 2361 2281
f 2443 2442 2362
f 2524 2523 2443
f 2605 2604 2524
f 2686 2685 2605
f 2767 2766 2686
f 2848 2847 2767
f 2929 2928 2848
f 3010 3009 2929
f 3091 3090 3010
f 3172 3171 3091
f 3253 3252 3172
f 3334 3333 3253
f 3415 3414 3334
f 3496 3495 3415
f 3577 3576 3496
f 3658 3657 3577
f 3739 3738 3658
f 3820 3819 3739
f 3901 3900 3820
f 3982 3981 3901
f 4063 4062 3982
f 4144 4143 4063
f 4225 4224 4144
f 4306 4305 4225
f 4387 4386 4306
f 4468 4467 4387
f 4549 4548 4468
f 4630 4629 4549
f 4711 4710 4630
f 4792 4791 4711
f 4873 4872 4792
f 4954 4953 4873
f 5035 5034 4954
f 5116 5115 5035
f 5197 5196 5116
f 5278 5277 5197
f 5359 5358 5278
f 5440 5439 5359
f 5521 5520 5440
f 5602 5601 5521
f 5683 5682 5602
f 5764 5763 5683
f 5845 5844 5764
f 5926 5925 5845
f 6007 6006 5926
f 6088 6087 6007
f 6169 6168 6088
f 6250 6249 6169
f 6331 6330 6250
f 6412 6411 6331
f 6493 6492 6412
f 95 94 14
f 176 175 95
f 257 256 176
f 338 337 257
f 419 418 338
f 500 499 419
f 581 580 500
f 662 661 581
f 743 742 662
f 824 823 743
f 905 904 824
f 986 985 905
f 1067 1066 986
f 1148 1147 1067
f 1229 1228 1148
f 1310 1309 1229
f 1391 1390 1310
f 1472 1471 1391
f 1553 1552 1472
f 1634 1633 1553
f 1715 1714 1634
f 1796 1795 1715
f 1877 1876 1796
f 1958 1957 1877
f 2039 2038 1958
f 2120 2119 2039
f 2201 2200 2120
f 2282 2281 2201
f 2363 2362 2282
f 2444 2443 2363
f 2525 2524 2444
f 2606 2605 2525
f 2687 2686 2606
f 2768 2767 2687
f 2849 2848 2768
f 2930 2929 2849
f 3011 3010 2930
f 3092 3091 3011
f 3173 3172 3092
f 3254 3253 3173
f 3335 3334 3254
f 3416 3415 3335
f 3497 3496 3416
f 3578 3577 3497
f 3659 3658 3578
f 3740 3739 3659
f 3821 3820 3740
f 3902 3901 3821
f 3983 3982 3902
f 4064 4063 3983
f 4145 4144 4064
f 4226 4225 4145
f 4307 4306 4226
f 4388 4387 4307
f 4469 4468 4388
f 4550 4549 4469
f 4631 4630 4550
f 4712 4711 4631
f 4793 4792 4712
f 4874 4873 4793
f 4955 4954 4874
f 5036 5035 4955
f 5117 5116 5036
f 5198 5197 5117
f 5279 5278 5198
f 5360 5359 5279
f 5441 5440 5360
f 5522 5521 5441
f 5603 5602 5522
f 5684 5683 5603
f 5765 5764 5684
f 5846 5845 5765
f 5927 5926 5846
f 6008 6007 5927
f 6089 6088 6008
f 6170 6169 6089
f 6251 6250 6170
f 6332 6331 6251
f 6413 6412 6332
f 6494 6493 6413
f 96 95 15
f 177 176 96
f 258 257 177
f 339 338 258
f 420 419 339
f 501 500 420
f 582 581 501
f 663 662 582
f 744 743 663
f 825 824 744
f 906 905 825
f 987 986 906
f 1068 1067 987
f 1149 1148 1068
f 1230 1229 1149
f 1311 1310 1230
f 1392 1391 1311
f 1473 1472 1392
f 1554 1553 1473
f 1635 1634 1554
f 1716 1715 1635
f 1797 1796 1716
f 1878 1877 1797
f 1959 1958 1878
f 2040 2039 1959
f 2121 2120 2040
f 2202 2201 2121
f 2283 2282 2202
f 2364 2363 2283
f 2445 2444 2364
f 2526 2525 2445
f 2607 2606 2526
f 2688 2687 2607
f 2769 2768 2688
f 2850 2849 2769
f 2931 2930 2850
f 3012 3011 2931
f 3093 3092 3012
f 3174 3173 3093
f 3255 3254 3174
f 3336 3335 3255
f 3417 3416 3336
f 3498 3497 3417
f 3579 3578 3498
f 3660 3659 3579
f 3741 3740 3660
f 3822 3821 3741
f 3903 3902 3822
f 3984 3983 3903
f 4065 4064 3984
f 4146 4145 4065
f 4227 4226 4146
f 4308 4307 4227
f 4389 4388 4308
f 4470 4469 4389
f 4551 4550 4470
f 4632 4631 4551
f 4713 4712 4632
f 4794 4793 4713
f 4875 4874 4794
f 4956 4955 4875
f 5037 5036 4956
f 5118 5117 5037
f 5199 5198 5118
f 5280 5279 5199
f 5361 5360 5280
f 5442 5441 5361
f 5523 5522 5442
f 5604 5603 5523
f 5685 5684 5604
f 5766 5765 5685
f 5847 5846 5766
f 5928 5927 5847
f 6009 6008 5928
f 6090 6089 6009
f 6171 6170 6090
f 6252 6251 6171
f 6333 6332 6252
f 6414 6413 6333
f 6495 6494 6414
f 97 96 16
f 178 177 97
f 259 258 178
f 340 339 259
f 421 420 340
f 502 501 421
f 583 582 502
f 664 663 583
f 745 744 664
f 826 825 745
f 907 906 826
f 988 987 907
f 1069 1068 988
f 1150 1149 1069
f 1231 1230 1150
f 1312 1311 1231
f 1393 1392 1312
f 1474 1473 1393
f 1555 1554 1474
f 1636 1635 1555
f 1717 1716 1636
f 1798 1797 1717
f 1879 1878 1798
f 1960 1959 1879
f 2041 2040 1960
f 2122 2121 2041
f 2203 2202 2122
f 2284 2283 2203
f 2365 2364 2284
f 2446 2445 2365
f 2527 2526 2446
f 2608 2607 2527
f 2689 2688 2608
f 2770 2769 2689
f 2851 2850 2770
f 2932 2931 2851
f 3013 3012 2932
f 3094 3093 3013
f 3175 3174 3094
f 3256 3255 3175
f 3337 3336 3256
f 3418 3417 3337
f 3499 3498 3418
f 3580 3579 3499
f 3661 3660 3580
f 3742 3741 3661
f 3823 3822 3742
f 3904 3903 3823
f 3985 3984 3904
f 4066 4065 3985
f 4147 4146 4066
f 4228 4227 4147
f 4309 4308 4228
f 4390 4389 4309
f 4471 4470 4390
f 4552 4551 4471
f 4633 4632 4552
f 4714 4713 4633
f 4795 4794 4714
f 4876 4875 4795
f 4957 4956 4876
f 5038 5037 4957
f 5119 5118 5038
f 5200 5199 5119
f 5281 5280 5200
f 5362 5361 5281
f 5443 5442 5362
f 5524 5523 5443
f 5605 5604 5524
f 5686 5685 5605
f 5767 5766 5686
f 5848 5847 5767
f 5929 5928 5848
f 6010 6009 5929
f 6091 6090 6010
f 6172 6171 6091
f 6253 6252 6172
f 6334 6333 6253
f 6415 6414 6334
f 6496 6495 6415
f 98 97 17
f 179 178 98
f 260 259 179
f 341 340 260
f 422 421 341
f 503 502 422
f 584 583 503
f 665 664 584
f 746 745 665
f 827 826 746
f 908 907 827
f 989 988 908
f 1070 1069 989
f 1151 1150 1070
f 1232 1231 1151
f 1313 1312 1232
f 1394 1393 1313
f 1475 1474 1394
f 1556 1555 1475
f 1637 1636 1556
f 1718 1717 1637
f 1799 1798 1718
f 1880 1879 1799
f 1961 1960 1880
f 2042 2041 1961
f 2123 2122 2042
f 2204 2203 2123
f 2285 2284 2204
f 2366 2365 2285
f 2447 2446 2366
f 2528 2527 2447
f 2609 2608 2528
f 2690 2689 2609
f 2771 2770 2690
f 2852 2851 2771
f 2933 2932 2852
f 3014 3013 2933
f 3095 3094 3014
f 3176 3175 3095
f 3257 3256 3176
f 3338 3337 3257
f 3419 3418 3338
f 3500 3499 3419
f 3581 3580 3500
f 3662 3661 3581
f 3743 3742 3662
f 3824 3823 3743
f 3905 3904 3824
f 3986 3985 3905
f 4067 4066 3986
f 4148 4147 4067
f 4229 4228 4148
f 4310 4309 4229
f 4391 4390 4310
f 4472 4471 4391
f 4553 4552 4472
f 4634 4633 4553
f 4715 4714 4634
f 4796 4795 4715
f 4877 4876 4796
f 4958 4957 4877
f 5039 5038 4958
f 5120 5119 5039
f 5201 5200 5120
f 5282 5281 5201
f 5363 5362 5282
f 5444 5443 5363
f 5525 5524 5444
f 5606 5605 5525
f 5687 5686 5606
f 5768 5767 5687
f 5849 5848 5768
f 5930 5929 5849
f 6011 6010 5930
f 6092 6091 6011
f 6173 6172 6092
f 6254 6253 6173
f 6335 6334 6254
f 6416 6415 6335
f 6497 6496 6416
f 99 98 18
f 180 179 99
f 261 260 180
f 342 341 261
f 423 422 342
f 504 503 423
f 585 584 504
f 666 665 585
f 747 746 666
f 828 827 747
f 909 908 828
f 990 989 909
f 1071 1070 990
f 1152 1151 1071
f 1233 1232 1152
f 1314 1313 1233
f 1395 1394 1314
f 1476 1475 1395
f 1557 1556 1476
f 1638 1637 1557
f 1719 1718 1638
f 1800 1799 1719
f 1881 1880 1800
f 1962 1961 1881
f 2043 2042 1962
f 2124 2123 2043
f 2205 2204 2124
f 2286 2285 2205
f 2367 2366 2286
f 2448 2447 2367
f 2529 2528 2448
f 2610 2609 2529
f 2691 2690 2610
f 2772 2771 2691
f 2853 2852 2772
f 2934 2933 2853
f 3015 3014 2934
f 3096 3095 3015
f 3177 3176 3096
f 3258 3257 3177
f 3339 3338 3258
f 3420 3419 3339
f 3501 3500 3420
f 3582 3581 3501
f 3663 3662 3582
f 3744 3743 3663
f 3825 3824 3744
f 3906 3905 3825
f 3987 3986 3906
f 4068 4067 3987
f 4149 4148 4068
f 4230 4229 4149
f 4311 4310 4230
f 4392 4391 4311
f 4473 4472 4392
f 4554 4553 4473
f 4635 4634 4554
f 4716 4715 4635
f 4797 4796 4716
f 4878 4877 4797
f 4959 4958 4878
f 5040 5039 4959
f 5121 5120 5040
f 5202 5201 5121
f 5283 5282 5202
f 5364 5363 5283
f 5445 5444 5364
f 5526 5525 5445
f 5607 5606 5526
f 5688 5687 5607
f 5769 5768 5688
f 5850 5849 5769
f 5931 5930 5850
f 6012 6011 5931
f 6093 6092 6012
f 6174 6173 6093
f 6255 6254 6174
f 6336 6335 6255
f 6417 6416 6336
f 6498 6497 6417
f 100 99 19
f 181 180 100
f 262 261 181
f 343 342 262
f 424 423 343
f 505 504 424
f 586 585 505
f 667 666 586
f 748 747 667
f 829 828 748
f 910 909 829
f 991 990 910
f 1072 1071 991
f 1153 1152 1072
f 1234 1233 1153
f 1315 1314 1234
f 1396 1395 1315
f 1477 1476 1396
f 1558 1557 1477
f 1639 1638 1558
f 1720 1719 1639
f 1801 1800 1720
f 1882 1881 1801
f 1963 1962 1882
f 2044 2043 1963
f 2125 2124 2044
f 2206 2205 2125
f 2287 2286 2206
f 2368 2367 2287
f 2449 2448 2368
f 2530 2529 2449
f 2611 2610 2530
f 2692 2691 2611
f 2773 2772 2692
f 2854 2853 2773
f 2935 2934 2854
f 3016 3015 2935
f 3097 3096 3016
f 3178 3177 3097
f 3259 3258 3178
f 3340 3339 3259
f 3421 3420 3340
f 3502 3501 3421
f 3583 3582 3502
f 3664 3663 3583
f 3745 3744 3664
f 3826 3825 3745
f 3907 3906 3826
f 3988 3987 3907
f 4069 4068 3988
f 4150 4149 4069
f 4231 4230 4150
f 4312 4311 4231
f 4393 4392 4312
f 4474 4473 4393
f 4555 4554 4474
f 4636 4635 4555
f 4717 4716 4636
f 4798 4797 4717
f 4879 4878 4798
f 4960 4959 4879
f 5041 5040 4960
f 5122 5121 5041
f 5203 5202 5122
f 5284 5283 5203
f 5365 5364 5284
f 5446 5445 5365
f 5527 5526 5446
f 5608 5607 5527
f 5689 5688 5608
f 5770 5769 5689
f 5851 5850 5770
f 5932 5931 5851
f 6013 6012 5932
f 6094 6093 6013
f 6175 6174 6094
f 6256 6255 6175
f 6337 6336 6256
f 6418 6417 6337
f 6499 6498 6418
f 101 100 20
f 182 181 101
f 263 262 182
f 344 343 263
f 425 424 344
f 506 505 425
f 587 586 506
f 668 667 587
f 749 748 668
f 830 829 749
f 911 910 830
f 992 991 911
f 1073 1072 992
f 1154 1153 1073
f 1235 1234 1154
f 1316 1315 1235
f 1397 1396 1316
f 1478 1477 1397
f 1559 1558 1478
f 1640 1639 1559
f 1721 1720 1640
f 1802 1801 1721
f 1883 1882 1802
f 1964 1963 1883
f 2045 2044 1964
f 2126 2125 2045
f 2207 2206 2126
f 2288 2287 2207
f 2369 2368 2288
f 2450 2449 2369
f 2531 2530 2450
f 2612 2611 2531
f 2693 2692 2612
f 2774 2773 2693
f 2855 2854 2774
f 2936 2935 2855
f 3017 3016 2936
f 3098 3097 3017
f 3179 3178 3098
f 3260 3259 3179
f 3341 3340 3260
f 3422 3421 3341
f 3503 3502 3422
f 3584 3583 3503
f 3665 3664 3584
f 3746 3745 3665
f 3827 3826 3746
f 3908 3907 3827
f 3989 3988 3908
f 4070 4069 3989
f 4151 4150 4070
f 4232 4231 4151
f 4313 4312 4232
f 4394 4393 4313
f 4475 4474 4394
f 4556 4555 4475
f 4637 4636 4556
f 4718 4717 4637
f 4799 4798 4718
f 4880 4879 4799
f 4961 4960 4880
f 5042 5041 4961
f 5123 5122 5042
f 5204 5203 5123
f 5285 5284 5204
f 5366 5365 5285
f 5447 5446 5366
f 5528 5527 5447
f 5609 5608 5528
f 5690 5689 5609
f 5771 5770 5690
f 5852 5851 5771
f 5933 5932 5852
f 6014 6013 5933
f 6095 6094 6014
f 6176 6175 6095
f 6257 6256 6176
f 6338 6337 6257
f 6419 6418 6338
f 6500 6499 6419
f 102 101 21
f 183 182 102
f 264 263 183
f 345 344 264
f 426 425 345
f 507 506 426
f 588 587 507
f 669 668 588
f 750 749 669
f 831 830 750
f 912 911 831
f 993 992 912
f 1074 1073 993
f 1155 1154 1074
f 1236 1235 1155
f 1317 1316 1236
f 1398 1397 1317
f 1479 1478 1398
f 1560 1559 1479
f 1641 1640 1560
f 1722 1721 1641
f 1803 1802 1722
f 1884 1883 1803
f 1965 1964 1884
f 2046 2045 1965
f 2127 2126 2046
f 2208 2207 2127
f 2289 2288 2208
f 2370 2369 2289
f 2451 2450 2370
f 2532 2531 2451
f 2613 2612 2532
f 2694 2693 2613
f 2775 2774 2694
f 2856 2855 2775
f 2937 2936 2856
f 3018 3017 2937
f 3099 3098 3018
f 3180 3179 3099
f 3261 3260 3180
f 3342 3341 3261
f 3423 3422 3342
f 3504 3503 3423
f 3585 3584 3504
f 3666 3665 3585
f 3747 3746 3666
f 3828 3827 3747
f 3909 3908 3828
f 3990 3989 3909
f 4071 4070 3990
f 4152 4151 4071
f 4233 4232 4152
f 4314 4313 4233
f 4395 4394 4314
f 4476 4475 4395
f 4557 4556 4476
f 4638 4637 4557
f 4719 4718 4638
f 4800 4799 4719
f 4881 4880 4800
f 4962 4961 4881
f 5043 5042 4962
f 5124 5123 5043
f 5205 5204 5124
f 5286 5285 5205
f 5367 5366 5286
f 5448 5447 5367
f 5529 5528 5448
f 5610 5609 5529
f 5691 5690 5610
f 5772 5771 5691
f 5853 5852 5772
f 5934 5933 5853
f 6015 6014 5934
f 6096 6095 6015
f 6177 6176 6096
f 6258 6257 6177
f 6339 6338 6258
f 6420 6419 6339
f 6501 6500 6420
f 103 102 22
f 184 183 103
f 265 264 184
f 346 345 265
f 427 426 346
f 508 507 427
f 589 588 508
f 670 669 589
f 751 750 670
f 832 831 751
f 913 912 832
f 994 993 913
f 1075 1074 994
f 1156 1155 1075
f 1237 1236 1156
f 1318 1317 1237
f 1399 1398 1318
f 1480 1479 1399
f 1561 1560 1480
f 1642 1641 1561
f 1723 1722 1642
f 1804 1803 1723
f 1885 1884 1804
f 1966 1965 1885
f 2047 2046 1966
f 2128 2127 2047
f 2209 2208 2128
f 2290 2289 2209
f 2371 2370 2290
f 2452 2451 2371
f 2533 2532 2452
f 2614 2613 2533
f 2695 2694 2614
f 2776 2775 2695
f 2857 2856 2776
f 2938 2937 2857
f 3019 3018 2938
f 3100 3099 3019
f 3181 3180 3100
f 3262 3261 3181
f 3343 3342 3262
f 3424 3423 3343
f 3505 3504 3424
f 3586 3585 3505
f 3667 3666 3586
f 3748 3747 3667
f 3829 3828 3748
f 3910 3909 3829
f 3991 3990 3910
f 4072 4071 3991
f 4153 4152 4072
f 4234 4233 4153
f 4315 4314 4234
f 4396 4395 4315
f 4477 4476 4396
f 4558 4557 4477
f 4639 4638 4558
f 4720 4719 4639
f 4801 4800 4720
f 4882 4881 4801
f 4963 4962 4882
f 5044 5043 4963
f 5125 5124 5044
f 5206 5205 5125
f 5287 5286 5206
f 5368 5367 5287
f 5449 5448 5368
f 5530 5529 5449
f 5611 5610 5530
f 5692 5691 5611
f 5773 5772 5692
f 5854 5853 5773
f 5935 5934 5854
f 6016 6015 5935
f 6097 6096 6016
f 6178 6177 6097
f 6259 6258 6178
f 6340 6339 6259
f 6421 6420 6340
f 6502 6501 6421
f 104 103 23
f 185 184 104
f 266 265 185
f 347 346 266
f 428 427 347
f 509 508 428
f 590 589 509
f 671 670 590
f 752 751 671
f 833 832 752
f 914 913 833
f 995 994 914
f 1076 1075 995
f 1157 1156 1076
f 1238 1237 1157
f 1319 1318 1238
f 1400 1399 1319
f 1481 1480 1400
f 1562 1561 1481
f 1643 1642 1562
f 1724 1723 1643
f 1805 1804 1724
f 1886 1885 1805
f 1967 1966 1886
f 2048 2047 1967
f 2129 2128 2048
f 2210 2209 2129
f 2291 2290 2210
f 2372 2371 2291
f 2453 2452 2372
f 2534 2533 2453
f 2615 2614 2534
f 2696 2695 2615
f 2777 2776 2696
f 2858 2857 2777
f 2939 2938 2858
f 3020 3019 2939
f 3101 3100 3020
f 3182 3181 3101
f 3263 3262 3182
f 3344 3343 3263
f 3425 3424 3344
f 3506 3505 3425
f 3587 3586 3506
f 3668 3667 3587
f 3749 3748 3668
f 3830 3829 3749
f 3911 3910 3830
f 3992 3991 3911
f 4073 4072 3992
f 4154 4153 4073
f 4235 4234 4154
f 4316 4315 4235
f 4397 4396 4316
f 4478 4477 4397
f 4559 4558 4478
f 4640 4639 4559
f 4721 4720 4640
f 4802 4801 4721
f 4883 4882 4802
f 4964 4963 4883
f 5045 5044 4964
f 5126 5125 5045
f 5207 5206 5126
f 5288 5287 5207
f 5369 5368 5288
f 5450 5449 5369
f 5531 5530 5450
f 5612 5611 5531
f 5693 5692 5612
f 5774 5773 5693
f 5855 5854 5774
f 5936 5935 5855
f 6017 6016 5936
f 6098 6097 6017
f 6179 6178 6098
f 6260 6259 6179
f 6341 6340 6260
f 6422 6421 6341
f 6503 6502 6422
f 105 104 24
f 186 185 105
f 267 266 186
f 348 347 267
f 429 428 348
f 510 509 429
f 591 590 510
f 672 671 591
f 753 752 672
f 834 833 753
f 915 914 834
f 996 995 915
f 1077 1076 996
f 1158 1157 1077
f 1239 1238 1158
f 1320 1319 1239
f 1401 1400 1320
f 1482 1481 1401
f 1563 1562 1482
f 1644 1643 1563
f 1725 1724 1644
f 1806 1805 1725
f 1887 1886 1806
f 1968 1967 1887
f 2049 2048 1968
f 2130 2129 2049
f 2211 2210 2130
f 2292 2291 2211
f 2373 2372 2292
f 2454 2453 2373
f 2535 2534 2454
f 2616 2615 2535
f 2697 2696 2616
f 2778 2777 2697
f 2859 2858 2778
f 2940 2939 2859
f 3021 3020 2940
f 3102 3101 3021
f 3183 3182 3102
f 3264 3263 3183
f 3345 3344 3264
f 3426 3425 3345
f 3507 3506 3426
f 3588 3587 3507
f 3669 3668 3588
f 3750 3749 3669
f 3831 3830 3750
f 3912 3911 3831
f 3993 3992 3912
f 4074 4073 3993
f 4155 4154 4074
f 4236 4235 4155
f 4317 4316 4236
f 4398 4397 4317
f 4479 4478 4398
f 4560 4559 4479
f 4641 4640 4560
f 4722 4721 4641
f 4803 4802 4722
f 4884 4883 4803
f 4965 4964 4884
f 5046 5045 4965
f 5127 5126 5046
f 5208 5207 5127
f 5289 5288 5208
f 5370 5369 5289
f 5451 5450 5370
f 5532 5531 5451
f 5613 5612 5532
f 5694 5693 5613
f 5775 5774 5694
f 5856 5855 5775
f 5937 5936 5856
f 6018 6017 5937
f 6099 6098 6018
f 6180 6179 6099
f 6261 6260 6180
f 6342 6341 6261
f 6423 6422 6342
f 6504 6503 6423
f 106 105 25
f 187 186 106
f 268 267 187
f 349 348 268
f 430 429 349
f 511 510 430
f 592 591 511
f 673 672 592
f 754 753 673
f 835 834 754
f 916 915 835
f 997 996 916
f 1078 1077 997
f 1159 1158 1078
f 1240 1239 1159
f 1321 1320 1240
f 1402 1401 1321
f 1483 1482 1402
f 1564 1563 1483
f 1645 1644 1564
f 1726 1725 1645
f 1807 1806 1726
f 1888 1887 1807
f 1969 1968 1888
f 2050 2049 1969
f 2131 2130 2050
f 2212 2211 2131
f 2293 2292 2212
f 2374 2373 2293
f 2455 2454 2374
f 2536 2535 2455
f 2617 2616 2536
f 2698 2697 2617
f 2779 2778 2698
f 2860 2859 2779
f 2941 2940 2860
f 3022 3021 2941
f 3103 3102 3022
f 3184 3183 3103
f 3265 3264 3184
f 3346 3345 3265
f 3427 3426 3346
f 3508 3507 3427
f 3589 3588 3508
f 3670 3669 3589
f 3751 3750 3670
f 3832 3831 3751
f 3913 3912 3832
f 3994 3993 3913
f 4075 4074 3994
f 4156 4155 4075
f 4237 4236 4156
f 4318 4317 4237
f 4399 4398 4318
f 4480 4479 4399
f 4561 4560 4480
f 4642 4641 4561
f 4723 4722 4642
f 4804 4803 4723
f 4885 4884 4804
f 4966 4965 4885
f 5047 5046 4966
f 5128 5127 5047
f 5209 5208 5128
f 5290 5289 5209
f 5371 5370 5290
f 5452 5451 5371
f 5533 5532 5452
f 5614 5613 5533
f 5695 5694 5614
f 5776 5775 5695
f 5857 5856 5776
f 5938 5937 5857
f 6019 6018 5938
f 6100 6099 6019
f 6181 6180 6100
f 6262 6261 6181
f 6343 6342 6262
f 6424 6423 6343
f 6505 6504 6424
f 107 106 26
f 188 187 107
f 269 268 188
f 350 349 269
f 431 430 350
f 512 511 431
f 593 592 512
f 674 673 593
f 755 754 674
f 836 835 755
f 917 916 836
f 998 997 917
f 1079 1078 998
f 1160 1159 1079
f 1241 1240 1160
f 1322 1321 1241
f 1403 1402 1322
f 1484 1483 1403
f 1565 1564 1484
f 1646 1645 1565
f 1727 1726 1646
f 1808 1807 1727
f 1889 1888 1808
f 1970 1969 1889
f 2051 2050 1970
f 2132 2131 2051
f 2213 2212 2132
f 2294 2293 2213
f 2375 2374 2294
f 2456 2455 2375
f 2537 2536 2456
f 2618 2617 2537
f 2699 2698 2618
f 2780 2779 2699
f 2861 2860 2780
f 2942 2941 2861
f 3023 3022 2942
f 3104 3103 3023
f 3185 3184 3104
f 3266 3265 3185
f 3347 3346 3266
f 3428 3427 3347
f 3509 3508 3428
f 3590 3589 3509
f 3671 3670 3590
f 3752 3751 3671
f 3833 3832 3752
f 3914 3913 3833
f 3995 3994 3914
f 4076 4075 3995
f 4157 4156 4076
f 4238 4237 4157
f 4319 4318 4238
f 4400 4399 4319
f 4481 4480 4400
f 4562 4561 4481
f 4643 4642 4562
f 4724 4723 4643
f 4805 4804 4724
f 4886 4885 4805
f 4967 4966 4886
f 5048 5047 4967
f 5129 5128 5048
f 5210 5209 5129
f 5291 5290 5210
f 5372 5371 5291
f 5453 5452 5372
f 5534 5533 5453
f 5615 5614 5534
f 5696 5695 5615
f 5777 5776 5696
f 5858 5857 5777
f 5939 5938 5858
f 6020 6019 5939
f 6101 6100 6020
f 6182 6181 6101
f 6263 6262 6182
f 6344 6343 6263
f 6425 6424 6344
f 6506 6505 6425
f 108 107 27
f 189 188 108
f 270 269 189
f 351 350 270
f 432 431 351
f 513 512 432
f 594 593 513
f 675 674 594
f 756 755 675
f 837 836 756
f 918 917 837
f 999 998 918
f 1080 1079 999
f 1161 1160 1080
f 1242 1241 1161
f 1323 1322 1242
f 1404 1403 1323
f 1485 1484 1404
f 1566 1565 1485
f 1647 1646 1566
f 1728 1727 1647
f 1809 1808 1728
f 1890 1889 1809
f 1971 1970 1890
f 2052 2051 1971
f 2133 2132 2052
f 2214 2213 2133
f 2295 2294 2214
f 2376 2375 2295
f 2457 2456 2376
f 2538 2537 2457
f 2619 2618 2538
f 2700 2699 2619
f 2781 2780 2700
f 2862 2861 2781
f 2943 2942 2862
f 3024 3023 2943
f 3105 3104 3024
f 3186 3185 3105
f 3267 3266 3186
f 3348 3347 3267
f 3429 3428 3348
f 3510 3509 3429
f 3591 3590 3510
f 3672 3671 3591
f 3753 3752 3672
f 3834 3833 3753
f 3915 3914 3834
f 3996 3995 3915
f 4077 4076 3996
f 4158 4157 4077
f 4239 4238 4158
f 4320 4319 4239
f 4401 4400 4320
f 4482 4481 4401
f 4563 4562 4482
f 4644 4643 4563
f 4725 4724 4644
f 4806 4805 4725
f 4887 4886 4806
f 4968 4967 4887
f 5049 5048 4968
f 5130 5129 5049
f 5211 5210 5130
f 5292 5291 5211
f 5373 5372 5292
f 5454 5453 5373
f 5535 5534 5454
f 5616 5615 5535
f 5697 5696 5616
f 5778 5777 5697
f 5859 5858 5778
f 5940 5939 5859
f 6021 6020 5940
f 6102 6101 6021
f 6183 6182 6102
f 6264 6263 6183
f 6345 6344 6264
f 6426 6425 6345
f 6507 6506 6426
f 109 108 28
f 190 189 109
f 271 270 190
f 352 351 271
f 433 432 352
f 514 513 433
f 595 594 514
f 676 675 595
f 757 756 676
f 838 837 757
f 919 918 838
f 1000 999 919
f 1081 1080 1000
f 1162 1161 1081
f 1243 1242 1162
f 1324 1323 1243
f 1405 1404 1324
f 1486 1485 1405
f 1567 1566 1486
f 1648 1647 1567
f 1729 1728 1648
f 1810 1809 1729
f 1891 1890 1810
f 1972 1971 1891
f 2053 2052 1972
f 2134 2133 2053
f 2215 2214 2134
f 2296 2295 2215
f 2377 2376 2296
f 2458 2457 2377
f 2539 2538 2458
f 2620 2619 2539
f 2701 2700 2620
f 2782 2781 2701
f 2863 2862 2782
f 2944 2943 2863
f 3025 3024 2944
f 3106 3105 3025
f 3187 3186 3106
f 3268 3267 3187
f 3349 3348 3268
f 3430 3429 3349
f 3511 3510 3430
f 3592 3591 3511
f 3673 3672 3592
f 3754 3753 3673
f 3835 3834 3754
f 3916 3915 3835
f 3997 3996 3916
f 4078 4077 3997
f 4159 4158 4078
f 4240 4239 4159
f 4321 4320 4240
f 4402 4401 4321
f 4483 4482 4402
f 4564 4563 4483
f 4645 4644 4564
f 4726 4725 4645
f 4807 4806 4726
f 4888 4887 4807
f 4969 4968 4888
f 5050 5049 4969
f 5131 5130 5050
f 5212 5211 5131
f 5293 5292 5212
f 5374 5373 5293
f 5455 5454 5374
f 5536 5535 5455
f 5617 5616 5536
f 5698 5697 5617
f 5779 5778 5698
f 5860 5859 5779
f 5941 5940 5860
f 6022 6021 5941
f 6103 6102 6022
f 6184 6183 6103
f 6265 6264 6184
f 6346 6345 6265
f 6427 6426 6346
f 6508 6507 6427
f 110 109 29
f 191 190 110
f 272 271 191
f 353 352 272
f 434 433 353
f 515 514 434
f 596 595 515
f 677 676 596
f 758 757 677
f 839 838 758
f 920 919 839
f 1001 1000 920
f 1082 1081 1001
f 1163 1162 1082
f 1244 1243 1163
f 1325 1324 1244
f 1406 1405 1325
f 1487 1486 1406
f 1568 1567 1487
f 1649 1648 1568
f 1730 1729 1649
f 1811 1810 1730
f 1892 1891 1811
f 1973 1972 1892
f 2054 2053 1973
f 2135 2134 2054
f 2216 2215 2135
f 2297 2296 2216
f 2378 2377 2297
f 2459 2458 2378
f 2540 2539 2459
f 2621 2620 2540
f 2702 2701 2621
f 2783 2782 2702
f 2864 2863 2783
f 2945 2944 2864
f 3026 3025 2945
f 3107 3106 3026
f 3188 3187 3107
f 3269 3268 3188
f 3350 3349 3269
f 3431 3430 3350
f 3512 3511 3431
f 3593 3592 3512
f 3674 3673 3593
f 3755 3754 3674
f 3836 3835 3755
f 3917 3916 3836
f 3998 3997 3917
f 4079 4078 3998
f 4160 4159 4079
f 4241 4240 4160
f 4322 4321 4241
f 4403 4402 4322
f 4484 4483 4403
f 4565 4564 4484
f 4646 4645 4565
f 4727 4726 4646
f 4808 4807 4727
f 4889 4888 4808
f 4970 4969 4889
f 5051 5050 4970
f 5132 5131 5051
f 5213 5212 5132
f 5294 5293 5213
f 5375 5374 5294
f 5456 5455 5375
f 5537 5536 5456
f 5618 5617 5537
f 5699 5698 5618
f 5780 5779 5699
f 5861 5860 5780
f 5942 5941 5861
f 6023 6022 5942
f 6104 6103 6023
f 6185 6184 6104
f 6266 6265 6185
f 6347 6346 6266
f 6428 6427 6347
f 6509 6508 6428
f 111 110 30
f 192 191 111
f 273 272 192
f 354 353 273
f 435 434 354
f 516 515 435
f 597 596 516
f 678 677 597
f 759 758 678
f 840 839 759
f 921 920 840
f 1002 1001 921
f 1083 1082 1002
f 1164 1163 1083
f 1245 1244 1164
f 1326 1325 1245
f 1407 1406 1326
f 1488 1487 1407
f 1569 1568 1488
f 1650 1649 1569
f 1731 1730 1650
f 1812 1811 1731
f 1893 1892 1812
f 1974 1973 1893
f 2055 2054 1974
f 2136 2135 2055
f 2217 2216 2136
f 2298 2297 2217
f 2379 2378 2298
f 2460 2459 2379
f 2541 2540 2460
f 2622 2621 2541
f 2703 2702 2622
f 2784 2783 2703
f 2865 2864 2784
f 2946 2945 2865
f 3027 3026 2946
f 3108 3107 3027
f 3189 3188 3108
f 3270 3269 3189
f 3351 3350 3270
f 3432 3431 3351
f 3513 3512 3432
f 3594 3593 3513
f 3675 3674 3594
f 3756 3755 3675
f 3837 3836 3756
f 3918 3917 3837
f 3999 3998 3918
f 4080 4079 3999
f 4161 4160 4080
f 4242 4241 4161
f 4323 4322 4242
f 4404 4403 4323
f 4485 4484 4404
f 4566 4565 4485
f 4647 4646 4566
f 4728 4727 4647
f 4809 4808 4728
f 4890 4889 4809
f 4971 4970 4890
f 5052 5051 4971
f 5133 5132 5052
f 5214 5213 5133
f 5295 5294 5214
f 5376 5375 5295
f 5457 5456 5376
f 5538 5537 5457
f 5619 5618 5538
f 5700 5699 5619
f 5781 5780 5700
f 5862 5861 5781
f 5943 5942 5862
f 6024 6023 5943
f 6105 6104 6024
f 6186 6185 6105
f 6267 6266 6186
f 6348 6347 6267
f 6429 6428 6348
f 6510 6509 6429
f 112 111 31
f 193 192 112
f 274 273 193
f 355 354 274
f 436 435 355
f 517 516 436
f 598 597 517
f 679 678 598
f 760 759 679
f 841 840 760
f 922 921 841
f 1003 1002 922
f 1084 1083 1003
f 1165 1164 1084
f 1246 1245 1165
f 1327 1326 1246
f 1408 1407 1327
f 1489 1488 1408
f 1570 1569 1489
f 1651 1650 1570
f 1732 1731 1651
f 1813 1812 1732
f 1894 1893 1813
f 1975 1974 1894
f 2056 2055 1975
f 2137 2136 2056
f 2218 2217 2137
f 2299 2298 2218
f 2380 2379 2299
f 2461 2460 2380
f 2542 2541 2461
f 2623 2622 2542
f 2704 2703 2623
f 2785 2784 2704
f 2866 2865 2785
f 2947 2946 2866
f 3028 3027 2947
f 3109 3108 3028
f 3190 3189 3109
f 3271 3270 3190
f 3352 3351 3271
f 3433 3432 3352
f 3514 3513 3433
f 3595 3594 3514
f 3676 3675 3595
f 3757 3756 3676
f 3838 3837 3757
f 3919 3918 3838
f 4000 3999 3919
f 4081 4080 4000
f 4162 4161 4081
f 4243 4242 4162
f 4324 4323 4243
f 4405 4404 4324
f 4486 4485 4405
f 4567 4566 4486
f 4648 4647 4567
f 4729 4728 4648
f 4810 4809 4729
f 4891 4890 4810
f 4972 4971 4891
f 5053 5052 4972
f 5134 5133 5053
f 5215 5214 5134
f 5296 5295 5215
f 5377 5376 5296
f 5458 5457 5377
f 5539 5538 5458
f 5620 5619 5539
f 5701 5700 5620
f 5782 5781 5701
f 5863 5862 5782
f 5944 5943 5863
f 6025 6024 5944
f 6106 6105 6025
f 6187 6186 6106
f 6268 6267 6187
f 6349 6348 6268
f 6430 6429 6349
f 6511 6510 6430
f 113 112 32
f 194 193 113
f 275 274 194
f 356 355 275
f 437 436 356
f 518 517 437
f 599 598 518
f 680 679 599
f 761 760 680
f 842 841 761
f 923 922 842
f 1004 1003 923
f 1085 1084 1004
f 1166 1165 1085
f 1247 1246 1166
f 1328 1327 1247
f 1409 1408 1328
f 1490 1489 1409
f 1571 1570 1490
f 1652 1651 1571
f 1733 1732 1652
f 1814 1813 1733
f 1895 1894 1814
f 1976 1975 1895
f 2057 2056 1976
f 2138 2137 2057
f 2219 2218 2138
f 2300 2299 2219
f 2381 2380 2300
f 2462 2461 2381
f 2543 2542 2462
f 2624 2623 2543
f 2705 2704 2624
f 2786 2785 2705
f 2867 2866 2786
f 2948 2947 2867
f 3029 3028 2948
f 3110 3109 3029
f 3191 3190 3110
f 3272 3271 3191
f 3353 3352 3272
f 3434 3433 3353
f 3515 3514 3434
f 3596 3595 3515
f 3677 3676 3596
f 3758 3757 3677
f 3839 3838 3758
f 3920 3919 3839
f 4001 4000 3920
f 4082 4081 4001
f 4163 4162 4082
f 4244 4243 4163
f 4325 4324 4244
f 4406 4405 4325
f 4487 4486 4406
f 4568 4567 4487
f 4649 4648 4568
f 4730 4729 4649
f 4811 4810 4730
f 4892 4891 4811
f 4973 4972 4892
f 5054 5053 4973
f 5135 5134 5054
f 5216 5215 5135
f 5297 5296 5216
f 5378 5377 5297
f 5459 5458 5378
f 5540 5539 5459
f 5621 5620 5540
f 5702 5701 5621
f 5783 5782 5702
f 5864 5863 5783
f 5945 5944 5864
f 6026 6025 5945
f 6107 6106 6026
f 6188 6187 6107
f 6269 6268 6188
f 6350 6349 6269
f 6431 6430 6350
f 6512 6511 6431
f 114 113 33
f 195 194 114
f 276 275 195
f 357 356 276
f 438 437 357
f 519 518 438
f 600 599 519
f 681 680 600
f 762 761 681
f 843 842 762
f 924 923 843
f 1005 1004 924
f 1086 1085 1005
f 1167 1166 1086
f 1248 1247 1167
f 1329 1328 1248
f 1410 1409 1329
f 1491 1490 1410
f 1572 1571 1491
f 1653 1652 1572
f 1734 1733 1653
f 1815 1814 1734
f 1896 1895 1815
f 1977 1976 1896
f 2058 2057 1977
f 2139 2138 2058
f 2220 2219 2139
f 2301 2300 2220
f 2382 2381 2301
f 2463 2462 2382
f 2544 2543 2463
f 2625 2624 2544
f 2706 2705 2625
f 2787 2786 2706
f 2868 2867 2787
f 2949 2948 2868
f 3030 3029 2949
f 3111 3110 3030
f 3192 3191 3111
f 3273 3272 3192
f 3354 3353 3273
f 3435 3434 3354
f 3516 3515 3435
f 3597 3596 3516
f 3678 3677 3597
f 3759 3758 3678
f 3840 3839 3759
f 3921 3920 3840
f 4002 4001 3921
f 4083 4082 4002
f 4164 4163 4083
f 4245 4244 4164
f 4326 4325 4245
f 4407 4406 4326
f 4488 4487 4407
f 4569 4568 4488
f 4650 4649 4569
f 4731 4730 4650
f 4812 4811 4731
f 4893 4892 4812
f 4974 4973 4893
f 5055 5054 4974
f 5136 5135 5055
f 5217 5216 5136
f 5298 5297 5217
f 5379 5378 5298
f 5460 5459 5379
f 5541 5540 5460
f 5622 5621 5541
f 5703 5702 5622
f 5784 5783 5703
f 5865 5864 5784
f 5946 5945 5865
f 6027 6026 5946
f 6108 6107 6027
f 6189 6188 6108
f 6270 6269 6189
f 6351 6350 6270
f 6432 6431 6351
f 6513 6512 6432
f 115 114 34
f 196 195 115
f 277 276 196
f 358 357 277
f 439 438 358
f 520 519 439
f 601 600 520
f 682 681 601
f 763 762 682
f 844 843 763
f 925 924 844
f 1006 1005 925
f 1087 1086 1006
f 1168 1167 1087
f 1249 1248 1168
f 1330 1329 1249
f 1411 1410 1330
f 1492 1491 1411
f 1573 1572 1492
f 1654 1653 1573
f 1735 1734 1654
f 1816 1815 1735
f 1897 1896 1816
f 1978 1977 1897
f 2059 2058 1978
f 2140 2139 2059
f 2221 2220 2140
f 2302 2301 2221
f 2383 2382 2302
f 2464 2463 2383
f 2545 2544 2464
f 2626 2625 2545
f 2707 2706 2626
f 2788 2787 2707
f 2869 2868 2788
f 2950 2949 2869
f 3031 3030 2950
f 3112 3111 3031
f 3193 3192 3112
f 3274 3273 3193
f 3355 3354 3274
f 3436 3435 3355
f 3517 3516 3436
f 3598 3597 3517
f 3679 3678 3598
f 3760 3759 3679
f 3841 3840 3760
f 3922 3921 3841
f 4003 4002 3922
f 4084 4083 4003
f 4165 4164 4084
f 4246 4245 4165
f 4327 4326 4246
f 4408 4407 4327
f 4489 4488 4408
f 4570 4569 4489
f 4651 4650 4570
f 4732 4731 4651
f 4813 4812 4732
f 4894 4893 4813
f 4975 4974 4894
f 5056 5055 4975
f 5137 5136 5056
f 5218 5217 5137
f 5299 5298 5218
f 5380 5379 5299
f 5461 5460 5380
f 5542 5541 5461
f 5623 5622 5542
f 5704 5703 5623
f 5785 5784 5704
f 5866 5865 5785
f 5947 5946 5866
f 6028 6027 5947
f 6109 6108 6028
f 6190 6189 6109
f 6271 6270 6190
f 6352 6351 6271
f 6433 6432 6352
f 6514 6513 6433
f 116 115 35
f 197 196 116
f 278 277 197
f 359 358 278
f 440 439 359
f 521 520 440
f 602 601 521
f 683 682 602
f 764 763 683
f 845 844 764
f 926 925 845
f 1007 1006 926
f 1088 1087 1007
f 1169 1168 1088
f 1250 1249 1169
f 1331 1330 1250
f 1412 1411 1331
f 1493 1492 1412
f 1574 1573 1493
f 1655 1654 1574
f 1736 1735 1655
f 1817 1816 1736
f 1898 1897 1817
f 1979 1978 1898
f 2060 2059 1979
f 2141 2140 2060
f 2222 2221 2141
f 2303 2302 2222
f 2384 2383 2303
f 2465 2464 2384
f 2546 2545 2465
f 2627 2626 2546
f 2708 2707 2627
f 2789 2788 2708
f 2870 2869 2789
f 2951 2950 2870
f 3032 3031 2951
f 3113 3112 3032
f 3194 3193 3113
f 3275 3274 3194
f 3356 3355 3275
f 3437 3436 3356
f 3518 3517 3437
f 3599 3598 3518
f 3680 3679 3599
f 3761 3760 3680
f 3842 3841 3761
f 3923 3922 3842
f 4004 4003 3923
f 4085 4084 4004
f 4166 4165 4085
f 4247 4246 4166
f 4328 4327 4247
f 4409 4408 4328
f 4490 4489 4409
f 4571 4570 4490
f 4652 4651 4571
f 4733 4732 4652
f 4814 4813 4733
f 4895 4894 4814
f 4976 4975 4895
f 5057 5056 4976
f 5138 5137 5057
f 5219 5218 5138
f 5300 5299 5219
f 5381 5380 5300
f 5462 5461 5381
f 5543 5542 5462
f 5624 5623 5543
f 5705 5704 5624
f 5786 5785 5705
f 5867 5866 5786
f 5948 5947 5867
f 6029 6028 5948
f 6110 6109 6029
f 6191 6190 6110
f 6272 6271 6191
f 6353 6352 6272
f 6434 6433 6353
f 6515 6514 6434
f 117 116 36
f 198 197 117
f 279 278 198
f 360 359 279
f 441 440 360
f 522 521 441
f 603 602 522
f 684 683 603
f 765 764 684
f 846 845 765
f 927 926 846
f 1008 1007 927
f 1089 1088 1008
f 1170 1169 1089
f 1251 1250 1170
f 1332 1331 1251
f 1413 1412 1332
f 1494 1493 1413
f 1575 1574 1494
f 1656 1655 1575
f 1737 1736 1656
f 1818 1817 1737
f 1899 1898 1818
f 1980 1979 1899
f 2061 2060 1980
f 2142 2141 2061
f 2223 2222 2142
f 2304 2303 2223
f 2385 2384 2304
f 2466 2465 2385
f 2547 2546 2466
f 2628 2627 2547
f 2709 2708 2628
f 2790 2789 2709
f 2871 2870 2790
f 2952 2951 2871
f 3033 3032 2952
f 3114 3113 3033
f 3195 3194 3114
f 3276 3275 3195
f 3357 3356 3276
f 3438 3437 3357
f 3519 3518 3438
f 3600 3599 3519
f 3681 3680 3600
f 3762 3761 3681
f 3843 3842 3762
f 3924 3923 3843
f 4005 4004 3924
f 4086 4085 4005
f 4167 4166 4086
f 4248 4247 4167
f 4329 4328 4248
f 4410 4409 4329
f 4491 4490 4410
f 4572 4571 4491
f 4653 4652 4572
f 4734 4733 4653
f 4815 4814 4734
f 4896 4895 4815
f 4977 4976 4896
f 5058 5057 4977
f 5139 5138 5058
f 5220 5219 5139
f 5301 5300 5220
f 5382 5381 5301
f 5463 5462 5382
f 5544 5543 5463
f 5625 5624 5544
f 5706 5705 5625
f 5787 5786 5706
f 5868 5867 5787
f 5949 5948 5868
f 6030 6029 5949
f 6111 6110 6030
f 6192 6191 6111
f 6273 6272 6192
f 6354 6353 6273
f 6435 6434 6354
f 6516 6515 6435
f 118 117 37
f 199 198 118
f 280 279 199
f 361 360 280
f 442 441 361
f 523 522 442
f 604 603 523
f 685 684 604
f 766 765 685
f 847 846 766
f 928 927 847
f 1009 1008 928
f 1090 1089 1009
f 1171 1170 1090
f 1252 1251 1171
f 1333 1332 1252
f 1414 1413 1333
f 1495 1494 1414
f 1576 1575 1495
f 1657 1656 1576
f 1738 1737 1657
f 1819 1818 1738
f 1900 1899 1819
f 1981 1980 1900
f 2062 2061 1981
f 2143 2142 2062
f 2224 2223 2143
f 2305 2304 2224
f 2386 2385 2305
f 2467 2466 2386
f 2548 2547 2467
f 2629 2628 2548
f 2710 2709 2629
f 2791 2790 2710
f 2872 2871 2791
f 2953 2952 2872
f 3034 3033 2953
f 3115 3114 3034
f 3196 3195 3115
f 3277 3276 3196
f 3358 3357 3277
f 3439 3438 3358
f 3520 3519 3439
f 3601 3600 3520
f 3682 3681 3601
f 3763 3762 3682
f 3844 3843 3763
f 3925 3924 3844
f 4006 4005 3925
f 4087 4086 4006
f 4168 4167 4087
f 4249 4248 4168
f 4330 4329 4249
f 4411 4410 4330
f 4492 4491 4411
f 4573 4572 4492
f 4654 4653 4573
f 4735 4734 4654
f 4816 4815 4735
f 4897 4896 4816
f 4978 4977 4897
f 5059 5058 4978
f 5140 5139 5059
f 5221 5220 5140
f 5302 5301 5221
f 5383 5382 5302
f 5464 5463 5383
f 5545 5544 5464
f 5626 5625 5545
f 5707 5706 5626
f 5788 5787 5707
f 5869 5868 5788
f 5950 5949 5869
f 6031 6030 5950
f 6112 6111 6031
f 6193 6192 6112
f 6274 6273 6193
f 6355 6354 6274
f 6436 6435 6355
f 6517 6516 6436
f 119 118 38
f 200 199 119
f 281 280 200
f 362 361 281
f 443 442 362
f 524 523 443
f 605 604 524
f 686 685 605
f 767 766 686
f 848 847 767
f 929 928 848
f 1010 1009 929
f 1091 1090 1010
f 1172 1171 1091
f 1253 1252 1172
f 1334 1333 1253
f 1415 1414 1334
f 1496 1495 1415
f 1577 1576 1496
f 1658 1657 1577
f 1739 1738 1658
f 1820 1819 1739
f 1901 1900 1820
f 1982 1981 1901
f 2063 2062 1982
f 2144 2143 2063
f 2225 2224 2144
f 2306 2305 2225
f 2387 2386 2306
f 2468 2467 2387
f 2549 2548 2468
f 2630 2629 2549
f 2711 2710 2630
f 2792 2791 2711
f 2873 2872 2792
f 2954 2953 2873
f 3035 3034 2954
f 3116 3115 3035
f 3197 3196 3116
f 3278 3277 3197
f 3359 3358 3278
f 3440 3439 3359
f 3521 3520 3440
f 3602 3601 3521
f 3683 3682 3602
f 3764 3763 3683
f 3845 3844 3764
f 3926 3925 3845
f 4007 4006 3926
f 4088 4087 4007
f 4169 4168 4088
f 4250 4249 4169
f 4331 4330 4250
f 4412 4411 4331
f 4493 4492 4412
f 4574 4573 4493
f 4655 4654 4574
f 4736 4735 4655
f 4817 4816 4736
f 4898 4897 4817
f 4979 4978 4898
f 5060 5059 4979
f 5141 5140 5060
f 5222 5221 5141
f 5303 5302 5222
f 5384 5383 5303
f 5465 5464 5384
f 5546 5545 5465
f 5627 5626 5546
f 5708 5707 5627
f 5789 5788 5708
f 5870 5869 5789
f 5951 5950 5870
f 6032 6031 5951
f 6113 6112 6032
f 6194 6193 6113
f 6275 6274 6194
f 6356 6355 6275
f 6437 6436 6356
f 6518 6517 6437
f 120 119 39
f 201 200 120
f 282 281 201
f 363 362 282
f 444 443 363
f 525 524 444
f 606 605 525
f 687 686 606
f 768 767 687
f 849 848 768
f 930 929 849
f 1011 1010 930
f 1092 1091 1011
f 1173 1172 1092
f 1254 1253 1173
f 1335 1334 1254
f 1416 1415 1335
f 1497 1496 1416
f 1578 1577 1497
f 1659 1658 1578
f 1740 1739 1659
f 1821 1820 1740
f 1902 1901 1821
f 1983 1982 1902
f 2064 2063 1983
f 2145 2144 2064
f 2226 2225 2145
f 2307 2306 2226
f 2388 2387 2307
f 2469 2468 2388
f 2550 2549 2469
f 2631 2630 2550
f 2712 2711 2631
f 2793 2792 2712
f 2874 2873 2793
f 2955 2954 2874
f 3036 3035 2955
f 3117 3116 3036
f 3198 3197 3117
f 3279 3278 3198
f 3360 3359 3279
f 3441 3440 3360
f 3522 3521 3441
f 3603 3602 3522
f 3684 3683 3603
f 3765 3764 3684
f 3846 3845 3765
f 3927 3926 3846
f 4008 4007 3927
f 4089 4088 4008
f 4170 4169 4089
f 4251 4250 4170
f 4332 4331 4251
f 4413 4412 4332
f 4494 4493 4413
f 4575 4574 4494
f 4656 4655 4575
f 4737 4736 4656
f 4818 4817 4737
f 4899 4898 4818
f 4980 4979 4899
f 5061 5060 4980
f 5142 5141 5061
f 5223 5222 5142
f 5304 5303 5223
f 5385 5384 5304
f 5466 5465 5385
f 5547 5546 5466
f 5628 5627 5547
f 5709 5708 5628
f 5790 5789 5709
f 5871 5870 5790
f 5952 5951 5871
f 6033 6032 5952
f 6114 6113 6033
f 6195 6194 6114
f 6276 6275 6195
f 6357 6356 6276
f 6438 6437 6357
f 6519 6518 6438
f 121 120 40
f 202 201 121
f 283 282 202
f 364 363 283
f 445 444 364
f 526 525 445
f 607 606 526
f 688 687 607
f 769 768 688
f 850 849 769
f 931 930 850
f 1012 1011 931
f 1093 1092 1012
f 1174 1173 1093
f 1255 1254 1174
f 1336 1335 1255
f 1417 1416 1336
f 1498 1497 1417
f 1579 1578 1498
f 1660 1659 1579
f 1741 1740 1660
f 1822 1821 1741
f 1903 1902 1822
f 1984 1983 1903
f 2065 2064 1984
f 2146 2145 2065
f 2227 2226 2146
f 2308 2307 2227
f 2389 2388 2308
f 2470 2469 2389
f 2551 2550 2470
f 2632 2631 2551
f 2713 2712 2632
f 2794 2793 2713
f 2875 2874 2794
f 2956 2955 2875
f 3037 3036 2956
f 3118 3117 3037
f 3199 3198 3118
f 3280 3279 3199
f 3361 3360 3280
f 3442 3441 3361
f 3523 3522 3442
f 3604 3603 3523
f 3685 3684 3604
f 3766 3765 3685
f 3847 3846 3766
f 3928 3927 3847
f 4009 4008 3928
f 4090 4089 4009
f 4171 4170 4090
f 4252 4251 4171
f 4333 4332 4252
f 4414 4413 4333
f 4495 4494 4414
f 4576 4575 4495
f 4657 4656 4576
f 4738 4737 4657
f 4819 4818 4738
f 4900 4899 4819
f 4981 4980 4900
f 5062 5061 4981
f 5143 5142 5062
f 5224 5223 5143
f 5305 5304 5224
f 5386 5385 5305
f 5467 5466 5386
f 5548 5547 5467
f 5629 5628 5548
f 5710 5709 5629
f 5791 5790 5710
f 5872 5871 5791
f 5953 5952 5872
f 6034 6033 5953
f 6115 6114 6034
f 6196 6195 6115
f 6277 6276 6196
f 6358 6357 6277
f 6439 6438 6358
f 6520 6519 6439
f 122 121 41
f 203 202 122
f 284 283 203
f 365 364 284
f 446 445 365
f 527 526 446
f 608 607 527
f 689 688 608
f 770 769 689
f 851 850 770
f 932 931 851
f 1013 1012 932
f 1094 1093 1013
f 1175 1174 1094
f 1256 1255 1175
f 1337 1336 1256
f 1418 1417 1337
f 1499 1498 1418
f 1580 1579 1499
f 1661 1660 1580
f 1742 1741 1661
f 1823 1822 1742
f 1904 1903 1823
f 1985 1984 1904
f 2066 2065 1985
f 2147 2146 2066
f 2228 2227 2147
f 2309 2308 2228
f 2390 2389 2309
f 2471 2470 2390
f 2552 2551 2471
f 2633 2632 2552
f 2714 2713 2633
f 2795 2794 2714
f 2876 2875 2795
f 2957 2956 2876
f 3038 3037 2957
f 3119 3118 3038
f 3200 3199 3119
f 3281 3280 3200
f 3362 3361 3281
f 3443 3442 3362
f 3524 3523 3443
f 3605 3604 3524
f 3686 3685 3605
f 3767 3766 3686
f 3848 3847 3767
f 3929 3928 3848
f 4010 4009 3929
f 4091 4090 4010
f 4172 4171 4091
f 4253 4252 4172
f 4334 4333 4253
f 4415 4414 4334
f 4496 4495 4415
f 4577 4576 4496
f 4658 4657 4577
f 4739 4738 4658
f 4820 4819 4739
f 4901 4900 4820
f 4982 4981 4901
f 5063 5062 4982
f 5144 5143 5063
f 5225 5224 5144
f 5306 5305 5225
f 5387 5386 5306
f 5468 5467 5387
f 5549 5548 5468
f 5630 5629 5549
f 5711 5710 5630
f 5792 5791 5711
f 5873 5872 5792
f 5954 5953 5873
f 6035 6034 5954
f 6116 6115 6035
f 6197 6196 6116
f 6278 6277 6197
f 6359 6358 6278
f 6440 6439 6359
f 6521 6520 6440
f 123 122 42
f 204 203 123
f 285 284 204
f 366 365 285
f 447 446 366
f 528 527 447
f 609 608 528
f 690 689 609
f 771 770 690
f 852 851 771
f 933 932 852
f 1014 1013 933
f 1095 1094 1014
f 1176 1175 1095
f 1257 1256 1176
f 1338 1337 1257
f 1419 1418 1338
f 1500 1499 1419
f 1581 1580 1500
f 1662 1661 1581
f 1743 1742 1662
f 1824 1823 1743
f 1905 1904 1824
f 1986 1985 1905
f 2067 2066 1986
f 2148 2147 2067
f 2229 2228 2148
f 2310 2309 2229
f 2391 2390 2310
f 2472 2471 2391
f 2553 2552 2472
f 2634 2633 2553
f 2715 2714 2634
f 2796 2795 2715
f 2877 2876 2796
f 2958 2957 2877
f 3039 3038 2958
f 3120 3119 3039
f 3201 3200 3120
f 3282 3281 3201
f 3363 3362 3282
f 3444 3443 3363
f 3525 3524 3444
f 3606 3605 3525
f 3687 3686 3606
f 3768 3767 3687
f 3849 3848 3768
f 3930 3929 3849
f 4011 4010 3930
f 4092 4091 4011
f 4173 4172 4092
f 4254 4253 4173
f 4335 4334 4254
f 4416 4415 4335
f 4497 4496 4416
f 4578 4577 4497
f 4659 4658 4578
f 4740 4739 4659
f 4821 4820 4740
f 4902 4901 4821
f 4983 4982 4902
f 5064 5063 4983
f 5145 5144 5064
f 5226 5225 5145
f 5307 5306 5226
f 5388 5387 5307
f 5469 5468 5388
f 5550 5549 5469
f 5631 5630 5550
f 5712 5711 5631
f 5793 5792 5712
f 5874 5873 5793
f 5955 5954 5874
f 6036 6035 5955
f 6117 6116 6036
f 6198 6197 6117
f 6279 6278 6198
f 6360 6359 6279
f 6441 6440 6360
f 6522 6521 6441
f 124 123 43
f 205 204 124
f 286 285 205
f 367 366 286
f 448 447 367
f 529 528 448
f 610 609 529
f 691 690 610
f 772 771 691
f 853 852 772
f 934 933 853
f 1015 1014 934
f 1096 1095 1015
f 1177 1176 1096
f 1258 1257 1177
f 1339 1338 1258
f 1420 1419 1339
f 1501 1500 1420
f 1582 1581 1501
f 1663 1662 1582
f 1744 1743 1663
f 1825 1824 1744
f 1906 1905 1825
f 1987 1986 1906
f 2068 2067 1987
f 2149 2148 2068
f 2230 2229 2149
f 2311 2310 2230
f 2392 2391 2311
f 2473 2472 2392
f 2554 2553 2473
f 2635 2634 2554
f 2716 2715 2635
f 2797 2796 2716
f 2878 2877 2797
f 2959 2958 2878
f 3040 3039 2959
f 3121 3120 3040
f 3202 3201 3121
f 3283 3282 3202
f 3364 3363 3283
f 3445 3444 3364
f 3526 3525 3445
f 3607 3606 3526
f 3688 3687 3607
f 3769 3768 3688
f 3850 3849 3769
f 3931 3930 3850
f 4012 4011 3931
f 4093 4092 4012
f 4174 4173 4093
f 4255 4254 4174
f 4336 4335 4255
f 4417 4416 4336
f 4498 4497 4417
f 4579 4578 4498
f 4660 4659 4579
f 4741 4740 4660
f 4822 4821 4741
f 4903 4902 4822
f 4984 4983 4903
f 5065 5064 4984
f 5146 5145 5065
f 5227 5226 5146
f 5308 5307 5227
f 5389 5388 5308
f 5470 5469 5389
f 5551 5550 5470
f 5632 5631 5551
f 5713 5712 5632
f 5794 5793 5713
f 5875 5874 5794
f 5956 5955 5875
f 6037 6036 5956
f 6118 6117 6037
f 6199 6198 6118
f 6280 6279 6199
f 6361 6360 6280
f 6442 6441 6361
f 6523 6522 6442
f 125 124 44
f 206 205 125
f 287 286 206
f 368 367 287
f 449 448 368
f 530 529 449
f 611 610 530
f 692 691 611
f 773 772 692
f 854 853 773
f 935 934 854
f 1016 1015 935
f 1097 1096 1016
f 1178 1177 1097
f 1259 1258 1178
f 1340 1339 1259
f 1421 1420 1340
f 1502 1501 1421
f 1583 1582 1502
f 1664 1663 1583
f 1745 1744 1664
f 1826 1825 1745
f 1907 1906 1826
f 1988 1987 1907
f 2069 2068 1988
f 2150 2149 2069
f 2231 2230 2150
f 2312 2311 2231
f 2393 2392 2312
f 2474 2473 2393
f 2555 2554 2474
f 2636 2635 2555
f 2717 2716 2636
f 2798 2797 2717
f 2879 2878 2798
f 2960 2959 2879
f 3041 3040 2960
f 3122 3121 3041
f 3203 3202 3122
f 3284 3283 3203
f 3365 3364 3284
f 3446 3445 3365
f 3527 3526 3446
f 3608 3607 3527
f 3689 3688 3608
f 3770 3769 3689
f 3851 3850 3770
f 3932 3931 3851
f 4013 4012 3932
f 4094 4093 4013
f 4175 4174 4094
f 4256 4255 4175
f 4337 4336 4256
f 4418 4417 4337
f 4499 4498 4418
f 4580 4579 4499
f 4661 4660 4580
f 4742 4741 4661
f 4823 4822 4742
f 4904 4903 4823
f 4985 4984 4904
f 5066 5065 4985
f 5147 5146 5066
f 5228 5227 5147
f 5309 5308 5228
f 5390 5389 5309
f 5471 5470 5390
f 5552 5551 5471
f 5633 5632 5552
f 5714 5713 5633
f 5795 5794 5714
f 5876 5875 5795
f 5957 5956 5876
f 6038 6037 5957
f 6119 6118 6038
f 6200 6199 6119
f 6281 6280 6200
f 6362 6361 6281
f 6443 6442 6362
f 6524 6523 6443
f 126 125 45
f 207 206 126
f 288 287 207
f 369 368 288
f 450 449 369
f 531 530 450
f 612 611 531
f 693 692 612
f 774 773 693
f 855 854 774
f 936 935 855
f 1017 1016 936
f 1098 1097 1017
f 1179 1178 1098
f 1260 1259 1179
f 1341 1340 1260
f 1422 1421 1341
f 1503 1502 1422
f 1584 1583 1503
f 1665 1664 1584
f 1746 1745 1665
f 1827 1826 1746
f 1908 1907 1827
f 1989 1988 1908
f 2070 2069 1989
f 2151 2150 2070
f 2232 2231 2151
f 2313 2312 2232
f 2394 2393 2313
f 2475 2474 2394
f 2556 2555 2475
f 2637 2636 2556
f 2718 2717 2637
f 2799 2798 2718
f 2880 2879 2799
f 2961 2960 2880
f 3042 3041 2961
f 3123 3122 3042
f 3204 3203 3123
f 3285 3284 3204
f 3366 3365 3285
f 3447 3446 3366
f 3528 3527 3447
f 3609 3608 3528
f 3690 3689 3609
f 3771 3770 3690
f 3852 3851 3771
f 3933 3932 3852
f 4014 4013 3933
f 4095 4094 4014
f 4176 4175 4095
f 4257 4256 4176
f 4338 4337 4257
f 4419 4418 4338
f 4500 4499 4419
f 4581 4580 4500
f 4662 4661 4581
f 4743 4742 4662
f 4824 4823 4743
f 4905 4904 4824
f 4986 4985 4905
f 5067 5066 4986
f 5148 5147 5067
f 5229 5228 5148
f 5310 5309 5229
f 5391 5390 5310
f 5472 5471 5391
f 5553 5552 5472
f 5634 5633 5553
f 5715 5714 5634
f 5796 5795 5715
f 5877 5876 5796
f 5958 5957 5877
f 6039 6038 5958
f 6120 6119 6039
f 6201 6200 6120
f 6282 6281 6201
f 6363 6362 6282
f 6444 6443 6363
f 6525 6524 6444
f 127 126 46
f 208 207 127
f 289 288 208
f 370 369 289
f 451 450 370
f 532 531 451
f 613 612 532
f 694 693 613
f 775 774 694
f 856 855 775
f 937 936 856
f 1018 1017 937
f 1099 1098 1018
f 1180 1179 1099
f 1261 1260 1180
f 1342 1341 1261
f 1423 1422 1342
f 1504 1503 1423
f 1585 1584 1504
f 1666 1665 1585
f 1747 1746 1666
f 1828 1827 1747
f 1909 1908 1828
f 1990 1989 1909
f 2071 2070 1990
f 2152 2151 2071
f 2233 2232 2152
f 2314 2313 2233
f 2395 2394 2314
f 2476 2475 2395
f 2557 2556 2476
f 2638 2637 2557
f 2719 2718 2638
f 2800 2799 2719
f 2881 2880 2800
f 2962 2961 2881
f 3043 3042 2962
f 3124 3123 3043
f 3205 3204 3124
f 3286 3285 3205
f 3367 3366 3286
f 3448 3447 3367
f 3529 3528 3448
f 3610 3609 3529
f 3691 3690 3610
f 3772 3771 3691
f 3853 3852 3772
f 3934 3933 3853
f 4015 4014 3934
f 4096 4095 4015
f 4177 4176 4096
f 4258 4257 4177
f 4339 4338 4258
f 4420 4419 4339
f 4501 4500 4420
f 4582 4581 4501
f 4663 4662 4582
f 4744 4743 4663
f 4825 4824 4744
f 4906 4905 4825
f 4987 4986 4906
f 5068 5067 4987
f 5149 5148 5068
f 5230 5229 5149
f 5311 5310 5230
f 5392 5391 5311
f 5473 5472 5392
f 5554 5553 5473
f 5635 5634 5554
f 5716 5715 5635
f 5797 5796 5716
f 5878 5877 5797
f 5959 5958 5878
f 6040 6039 5959
f 6121 6120 6040
f 6202 6201 6121
f 6283 6282 6202
f 6364 6363 6283
f 6445 6444 6364
f 6526 6525 6445
f 128 127 47
f 209 208 128
f 290 289 209
f 371 370 290
f 452 451 371
f 533 532 452
f 614 613 533
f 695 694 614
f 776 775 695
f 857 856 776
f 938 937 857
f 1019 1018 938
f 1100 1099 1019
f 1181 1180 1100
f 1262 1261 1181
f 1343 1342 1262
f 1424 1423 1343
f 1505 1504 1424
f 1586 1585 1505
f 1667 1666 1586
f 1748 1747 1667
f 1829 1828 1748
f 1910 1909 1829
f 1991 1990 1910
f 2072 2071 1991
f 2153 2152 2072
f 2234 2233 2153
f 2315 2314 2234
f 2396 2395 2315
f 2477 2476 2396
f 2558 2557 2477
f 2639 2638 2558
f 2720 2719 2639
f 2801 2800 2720
f 2882 2881 2801
f 2963 2962 2882
f 3044 3043 2963
f 3125 3124 3044
f 3206 3205 3125
f 3287 3286 3206
f 3368 3367 3287
f 3449 3448 3368
f 3530 3529 3449
f 3611 3610 3530
f 3692 3691 3611
f 3773 3772 3692
f 3854 3853 3773
f 3935 3934 3854
f 4016 4015 3935
f 4097 4096 4016
f 4178 4177 4097
f 4259 4258 4178
f 4340 4339 4259
f 4421 4420 4340
f 4502 4501 4421
f 4583 4582 4502
f 4664 4663 4583
f 4745 4744 4664
f 4826 4825 4745
f 4907 4906 4826
f 4988 4987 4907
f 5069 5068 4988
f 5150 5149 5069
f 5231 5230 5150
f 5312 5311 5231
f 5393 5392 5312
f 5474 5473 5393
f 5555 5554 5474
f 5636 5635 5555
f 5717 5716 5636
f 5798 5797 5717
f 5879 5878 5798
f 5960 5959 5879
f 6041 6040 5960
f 6122 6121 6041
f 6203 6202 6122
f 6284 6283 6203
f 6365 6364 6284
f 6446 6445 6365
f 6527 6526 6446
f 129 128 48
f 210 209 129
f 291 290 210
f 372 371 291
f 453 452 372
f 534 533 453
f 615 614 534
f 696 695 615
f 777 776 696
f 858 857 777
f 939 938 858
f 1020 1019 939
f 1101 1100 1020
f 1182 1181 1101
f 1263 1262 1182
f 1344 1343 1263
f 1425 1424 1344
f 1506 1505 1425
f 1587 1586 1506
f 1668 1667 1587
f 1749 1748 1668
f 1830 1829 1749
f 1911 1910 1830
f 1992 1991 1911
f 2073 2072 1992
f 2154 2153 2073
f 2235 2234 2154
f 2316 2315 2235
f 2397 2396 2316
f 2478 2477 2397
f 2559 2558 2478
f 2640 2639 2559
f 2721 2720 2640
f 2802 2801 2721
f 2883 2882 2802
f 2964 2963 2883
f 3045 3044 2964
f 3126 3125 3045
f 3207 3206 3126
f 3288 3287 3207
f 3369 3368 3288
f 3450 3449 3369
f 3531 3530 3450
f 3612 3611 3531
f 3693 3692 3612
f 3774 3773 3693
f 3855 3854 3774
f 3936 3935 3855
f 4017 4016 3936
f 4098 4097 4017
f 4179 4178 4098
f 4260 4259 4179
f 4341 4340 4260
f 4422 4421 4341
f 4503 4502 4422
f 4584 4583 4503
f 4665 4664 4584
f 4746 4745 4665
f 4827 4826 4746
f 4908 4907 4827
f 4989 4988 4908
f 5070 5069 4989
f 5151 5150 5070
f 5232 5231 5151
f 5313 5312 5232
f 5394 5393 5313
f 5475 5474 5394
f 5556 5555 5475
f 5637 5636 5556
f 5718 5717 5637
f 5799 5798 5718
f 5880 5879 5799
f 5961 5960 5880
f 6042 6041 5961
f 6123 6122 6042
f 6204 6203 6123
f 6285 6284 6204
f 6366 6365 6285
f 6447 6446 6366
f 6528 6527 6447
f 130 129 49
f 211 210 130
f 292 291 211
f 373 372 292
f 454 453 373
f 535 534 454
f 616 615 535
f 697 696 616
f 778 777 697
f 859 858 778
f 940 939 859
f 1021 1020 940
f 1102 1101 1021
f 1183 1182 1102
f 1264 1263 1183
f 1345 1344 1264
f 1426 1425 1345
f 1507 1506 1426
f 1588 1587 1507
f 1669 1668 1588
f 1750 1749 1669
f 1831 1830 1750
f 1912 1911 1831
f 1993 1992 1912
f 2074 2073 1993
f 2155 2154 2074
f 2236 2235 2155
f 2317 2316 2236
f 2398 2397 2317
f 2479 2478 2398
f 2560 2559 2479
f 2641 2640 2560
f 2722 2721 2641
f 2803 2802 2722
f 2884 2883 2803
f 2965 2964 2884
f 3046 3045 2965
f 3127 3126 3046
f 3208 3207 3127
f 3289 3288 3208
f 3370 3369 3289
f 3451 3450 3370
f 3532 3531 3451
f 3613 3612 3532
f 3694 3693 3613
f 3775 3774 3694
f 3856 3855 3775
f 3937 3936 3856
f 4018 4017 3937
f 4099 4098 4018
f 4180 4179 4099
f 4261 4260 4180
f 4342 4341 4261
f 4423 4422 4342
f 4504 4503 4423
f 4585 4584 4504
f 4666 4665 4585
f 4747 4746 4666
f 4828 4827 4747
f 4909 4908 4828
f 4990 4989 4909
f 5071 5070 4990
f 5152 5151 5071
f 5233 5232 5152
f 5314 5313 5233
f 5395 5394 5314
f 5476 5475 5395
f 5557 5556 5476
f 5638 5637 5557
f 5719 5718 5638
f 5800 5799 5719
f 5881 5880 5800
f 5962 5961 5881
f 6043 6042 5962
f 6124 6123 6043
f 6205 6204 6124
f 6286 6285 6205
f 6367 6366 6286
f 6448 6447 6367
f 6529 6528 6448
f 131 130 50
f 212 211 131
f 293 292 212
f 374 373 293
f 455 454 374
f 536 535 455
f 617 616 536
f 698 697 617
f 779 778 698
f 860 859 779
f 941 940 860
f 1022 1021 941
f 1103 1102 1022
f 1184 1183 1103
f 1265 1264 1184
f 1346 1345 1265
f 1427 1426 1346
f 1508 1507 1427
f 1589 1588 1508
f 1670 1669 1589
f 1751 1750 1670
f 1832 1831 1751
f 1913 1912 1832
f 1994 1993 1913
f 2075 2074 1994
f 2156 2155 2075
f 2237 2236 2156
f 2318 2317 2237
f 2399 2398 2318
f 2480 2479 2399
f 2561 2560 2480
f 2642 2641 2561
f 2723 2722 2642
f 2804 2803 2723
f 2885 2884 2804
f 2966 2965 2885
f 3047 3046 2966
f 3128 3127 3047
f 3209 3208 3128
f 3290 3289 3209
f 3371 3370 3290
f 3452 3451 3371
f 3533 3532 3452
f 3614 3613 3533
f 3695 3694 3614
f 3776 3775 3695
f 3857 3856 3776
f 3938 3937 3857
f 4019 4018 3938
f 4100 4099 4019
f 4181 4180 4100
f 4262 4261 4181
f 4343 4342 4262
f 4424 4423 4343
f 4505 4504 4424
f 4586 4585 4505
f 4667 4666 4586
f 4748 4747 4667
f 4829 4828 4748
f 4910 4909 4829
f 4991 4990 4910
f 5072 5071 4991
f 5153 5152 5072
f 5234 5233 5153
f 5315 5314 5234
f 5396 5395 5315
f 5477 5476 5396
f 5558 5557 5477
f 5639 5638 5558
f 5720 5719 5639
f 5801 5800 5720
f 5882 5881 5801
f 5963 5962 5882
f 6044 6043 5963
f 6125 6124 6044
f 6206 6205 6125
f 6287 6286 6206
f 6368 6367 6287
f 6449 6448 6368
f 6530 6529 6449
f 132 131 51
f 213 212 132
f 294 293 213
f 375 374 294
f 456 455 375
f 537 536 456
f 618 617 537
f 699 698 618
f 780 779 699
f 861 860 780
f 942 941 861
f 1023 1022 942
f 1104 1103 1023
f 1185 1184 1104
f 1266 1265 1185
f 1347 1346 1266
f 1428 1427 1347
f 1509 1508 1428
f 1590 1589 1509
f 1671 1670 1590
f 1752 1751 1671
f 1833 1832 1752
f 1914 1913 1833
f 1995 1994 1914
f 2076 2075 1995
f 2157 2156 2076
f 2238 2237 2157
f 2319 2318 2238
f 2400 2399 2319
f 2481 2480 2400
f 2562 2561 2481
f 2643 2642 2562
f 2724 2723 2643
f 2805 2804 2724
f 2886 2885 2805
f 2967 2966 2886
f 3048 3047 2967
f 3129 3128 3048
f 3210 3209 3129
f 3291 3290 3210
f 3372 3371 3291
f 3453 3452 3372
f 3534 3533 3453
f 3615 3614 3534
f 3696 3695 3615
f 3777 3776 3696
f 3858 3857 3777
f 3939 3938 3858
f 4020 4019 3939
f 4101 4100 4020
f 4182 4181 4101
f 4263 4262 4182
f 4344 4343 4263
f 4425 4424 4344
f 4506 4505 4425
f 4587 4586 4506
f 4668 4667 4587
f 4749 4748 4668
f 4830 4829 4749
f 4911 4910 4830
f 4992 4991 4911
f 5073 5072 4992
f 5154 5153 5073
f 5235 5234 5154
f 5316 5315 5235
f 5397 5396 5316
f 5478 5477 5397
f 5559 5558 5478
f 5640 5639 5559
f 5721 5720 5640
f 5802 5801 5721
f 5883 5882 5802
f 5964 5963 5883
f 6045 6044 5964
f 6126 6125 6045
f 6207 6206 6126
f 6288 6287 6207
f 6369 6368 6288
f 6450 6449 6369
f 6531 6530 6450
f 133 132 52
f 214 213 133
f 295 294 214
f 376 375 295
f 457 456 376
f 538 537 457
f 619 618 538
f 700 699 619
f 781 780 700
f 862 861 781
f 943 942 862
f 1024 1023 943
f 1105 1104 1024
f 1186 1185 1105
f 1267 1266 1186
f 1348 1347 1267
f 1429 1428 1348
f 1510 1509 1429
f 1591 1590 1510
f 1672 1671 1591
f 1753 1752 1672
f 1834 1833 1753
f 1915 1914 1834
f 1996 1995 1915
f 2077 2076 1996
f 2158 2157 2077
f 2239 2238 2158
f 2320 2319 2239
f 2401 2400 2320
f 2482 2481 2401
f 2563 2562 2482
f 2644 2643 2563
f 2725 2724 2644
f 2806 2805 2725
f 2887 2886 2806
f 2968 2967 2887
f 3049 3048 2968
f 3130 3129 3049
f 3211 3210 3130
f 3292 3291 3211
f 3373 3372 3292
f 3454 3453 3373
f 3535 3534 3454
f 3616 3615 3535
f 3697 3696 3616
f 3778 3777 3697
f 3859 3858 3778
f 3940 3939 3859
f 4021 4020 3940
f 4102 4101 4021
f 4183 4182 4102
f 4264 4263 4183
f 4345 4344 4264
f 4426 4425 4345
f 4507 4506 4426
f 4588 4587 4507
f 4669 4668 4588
f 4750 4749 4669
f 4831 4830 4750
f 4912 4911 4831
f 4993 4992 4912
f 5074 5073 4993
f 5155 5154 5074
f 5236 5235 5155
f 5317 5316 5236
f 5398 5397 5317
f 5479 5478 5398
f 5560 5559 5479
f 5641 5640 5560
f 5722 5721 5641
f 5803 5802 5722
f 5884 5883 5803
f 5965 5964 5884
f 6046 6045 5965
f 6127 6126 6046
f 6208 6207 6127
f 6289 6288 6208
f 6370 6369 6289
f 6451 6450 6370
f 6532 6531 6451
f 134 133 53
f 215 214 134
f 296 295 215
f 377 376 296
f 458 457 377
f 539 538 458
f 620 619 539
f 701 700 620
f 782 781 701
f 863 862 782
f 944 943 863
f 1025 1024 944
f 1106 1105 1025
f 1187 1186 1106
f 1268 1267 1187
f 1349 1348 1268
f 1430 1429 1349
f 1511 1510 1430
f 1592 1591 1511
f 1673 1672 1592
f 1754 1753 1673
f 1835 1834 1754
f 1916 1915 1835
f 1997 1996 1916
f 2078 2077 1997
f 2159 2158 2078
f 2240 2239 2159
f 2321 2320 2240
f 2402 2401 2321
f 2483 2482 2402
f 2564 2563 2483
f 2645 2644 2564
f 2726 2725 2645
f 2807 2806 2726
f 2888 2887 2807
f 2969 2968 2888
f 3050 3049 2969
f 3131 3130 3050
f 3212 3211 3131
f 3293 3292 3212
f 3374 3373 3293
f 3455 3454 3374
f 3536 3535 3455
f 3617 3616 3536
f 3698 3697 3617
f 3779 3778 3698
f 3860 3859 3779
f 3941 3940 3860
f 4022 4021 3941
f 4103 4102 4022
f 4184 4183 4103
f 4265 4264 4184
f 4346 4345 4265
f 4427 4426 4346
f 4508 4507 4427
f 4589 4588 4508
f 4670 4669 4589
f 4751 4750 4670
f 4832 4831 4751
f 4913 4912 4832
f 4994 4993 4913
f 5075 5074 4994
f 5156 5155 5075
f 5237 5236 5156
f 5318 5317 5237
f 5399 5398 5318
f 5480 5479 5399
f 5561 5560 5480
f 5642 5641 5561
f 5723 5722 5642
f 5804 5803 5723
f 5885 5884 5804
f 5966 5965 5885
f 6047 6046 5966
f 6128 6127 6047
f 6209 6208 6128
f 6290 6289 6209
f 6371 6370 6290
f 6452 6451 6371
f 6533 6532 6452
f 135 134 54
f 216 215 135
f 297 296 216
f 378 377 297
f 459 458 378
f 540 539 459
f 621 620 540
f 702 701 621
f 783 782 702
f 864 863 783
f 945 944 864
f 1026 1025 945
f 1107 1106 1026
f 1188 1187 1107
f 1269 1268 1188
f 1350 1349 1269
f 1431 1430 1350
f 1512 1511 1431
f 1593 1592 1512
f 1674 1673 1593
f 1755 1754 1674
f 1836 1835 1755
f 1917 1916 1836
f 1998 1997 1917
f 2079 2078 1998
f 2160 2159 2079
f 2241 2240 2160
f 2322 2321 2241
f 2403 2402 2322
f 2484 2483 2403
f 2565 2564 2484
f 2646 2645 2565
f 2727 2726 2646
f 2808 2807 2727
f 2889 2888 2808
f 2970 2969 2889
f 3051 3050 2970
f 3132 3131 3051
f 3213 3212 3132
f 3294 3293 3213
f 3375 3374 3294
f 3456 3455 3375
f 3537 3536 3456
f 3618 3617 3537
f 3699 3698 3618
f 3780 3779 3699
f 3861 3860 3780
f 3942 3941 3861
f 4023 4022 3942
f 4104 4103 4023
f 4185 4184 4104
f 4266 4265 4185
f 4347 4346 4266
f 4428 4427 4347
f 4509 4508 4428
f 4590 4589 4509
f 4671 4670 4590
f 4752 4751 4671
f 4833 4832 4752
f 4914 4913 4833
f 4995 4994 4914
f 5076 5075 4995
f 5157 5156 5076
f 5238 5237 5157
f 5319 5318 5238
f 5400 5399 5319
f 5481 5480 5400
f 5562 5561 5481
f 5643 5642 5562
f 5724 5723 5643
f 5805 5804 5724
f 5886 5885 5805
f 5967 5966 5886
f 6048 6047 5967
f 6129 6128 6048
f 6210 6209 6129
f 6291 6290 6210
f 6372 6371 6291
f 6453 6452 6372
f 6534 6533 6453
f 136 135 55
f 217 216 136
f 298 297 217
f 379 378 298
f 460 459 379
f 541 540 460
f 622 621 541
f 703 702 622
f 784 783 703
f 865 864 784
f 946 945 865
f 1027 1026 946
f 1108 1107 1027
f 1189 1188 1108
f 1270 1269 1189
f 1351 1350 1270
f 1432 1431 1351
f 1513 1512 1432
f 1594 1593 1513
f 1675 1674 1594
f 1756 1755 1675
f 1837 1836 1756
f 1918 1917 1837
f 1999 1998 1918
f 2080 2079 1999
f 2161 2160 2080
f 2242 2241 2161
f 2323 2322 2242
f 2404 2403 2323
f 2485 2484 2404
f 2566 2565 2485
f 2647 2646 2566
f 2728 2727 2647
f 2809 2808 2728
f 2890 2889 2809
f 2971 2970 2890
f 3052 3051 2971
f 3133 3132 3052
f 3214 3213 3133
f 3295 3294 3214
f 3376 3375 3295
f 3457 3456 3376
f 3538 3537 3457
f 3619 3618 3538
f 3700 3699 3619
f 3781 3780 3700
f 3862 3861 3781
f 3943 3942 3862
f 4024 4023 3943
f 4105 4104 4024
f 4186 4185 4105
f 4267 4266 4186
f 4348 4347 4267
f 4429 4428 4348
f 4510 4509 4429
f 4591 4590 4510
f 4672 4671 4591
f 4753 4752 4672
f 4834 4833 4753
f 4915 4914 4834
f 4996 4995 4915
f 5077 5076 4996
f 5158 5157 5077
f 5239 5238 5158
f 5320 5319 5239
f 5401 5400 5320
f 5482 5481 5401
f 5563 5562 5482
f 5644 5643 5563
f 5725 5724 5644
f 5806 5805 5725
f 5887 5886 5806
f 5968 5967 5887
f 6049 6048 5968
f 6130 6129 6049
f 6211 6210 6130
f 6292 6291 6211
f 6373 6372 6292
f 6454 6453 6373
f 6535 6534 6454
f 137 136 56
f 218 217 137
f 299 298 218
f 380 379 299
f 461 460 380
f 542 541 461
f 623 622 542
f 704 703 623
f 785 784 704
f 866 865 785
f 947 946 866
f 1028 1027 947
f 1109 1108 1028
f 1190 1189 1109
f 1271 1270 1190
f 1352 1351 1271
f 1433 1432 1352
f 1514 1513 1433
f 1595 1594 1514
f 1676 1675 1595
f 1757 1756 1676
f 1838 1837 1757
f 1919 1918 1838
f 2000 1999 1919
f 2081 2080 2000
f 2162 2161 2081
f 2243 2242 2162
f 2324 2323 2243
f 2405 2404 2324
f 2486 2485 2405
f 2567 2566 2486
f 2648 2647 2567
f 2729 2728 2648
f 2810 2809 2729
f 2891 2890 2810
f 2972 2971 2891
f 3053 3052 2972
f 3134 3133 3053
f 3215 3214 3134
f 3296 3295 3215
f 3377 3376 3296
f 3458 3457 3377
f 3539 3538 3458
f 3620 3619 3539
f 3701 3700 3620
f 3782 3781 3701
f 3863 3862 3782
f 3944 3943 3863
f 4025 4024 3944
f 4106 4105 4025
f 4187 4186 4106
f 4268 4267 4187
f 4349 4348 4268
f 4430 4429 4349
f 4511 4510 4430
f 4592 4591 4511
f 4673 4672 4592
f 4754 4753 4673
f 4835 4834 4754
f 4916 4915 4835
f 4997 4996 4916
f 5078 5077 4997
f 5159 5158 5078
f 5240 5239 5159
f 5321 5320 5240
f 5402 5401 5321
f 5483 5482 5402
f 5564 5563 5483
f 5645 5644 5564
f 5726 5725 5645
f 5807 5806 5726
f 5888 5887 5807
f 5969 5968 5888
f 6050 6049 5969
f 6131 6130 6050
f 6212 6211 6131
f 6293 6292 6212
f 6374 6373 6293
f 6455 6454 6374
f 6536 6535 6455
f 138 137 57
f 219 218 138
f 300 299 219
f 381 380 300
f 462 461 381
f 543 542 462
f 624 623 543
f 705 704 624
f 786 785 705
f 867 866 786
f 948 947 867
f 1029 1028 948
f 1110 1109 1029
f 1191 1190 1110
f 1272 1271 1191
f 1353 1352 1272
f 1434 1433 1353
f 1515 1514 1434
f 1596 1595 1515
f 1677 1676 1596
f 1758 1757 1677
f 1839 1838 1758
f 1920 1919 1839
f 2001 2000 1920
f 2082 2081 2001
f 2163 2162 2082
f 2244 2243 2163
f 2325 2324 2244
f 2406 2405 2325
f 2487 2486 2406
f 2568 2567 2487
f 2649 2648 2568
f 2730 2729 2649
f 2811 2810 2730
f 2892 2891 2811
f 2973 2972 2892
f 3054 3053 2973
f 3135 3134 3054
f 3216 3215 3135
f 3297 3296 3216
f 3378 3377 3297
f 3459 3458 3378
f 3540 3539 3459
f 3621 3620 3540
f 3702 3701 3621
f 3783 3782 3702
f 3864 3863 3783
f 3945 3944 3864
f 4026 4025 3945
f 4107 4106 4026
f 4188 4187 4107
f 4269 4268 4188
f 4350 4349 4269
f 4431 4430 4350
f 4512 4511 4431
f 4593 4592 4512
f 4674 4673 4593
f 4755 4754 4674
f 4836 4835 4755
f 4917 4916 4836
f 4998 4997 4917
f 5079 5078 4998
f 5160 5159 5079
f 5241 5240 5160
f 5322 5321 5241
f 5403 5402 5322
f 5484 5483 5403
f 5565 5564 5484
f 5646 5645 5565
f 5727 5726 5646
f 5808 5807 5727
f 5889 5888 5808
f 5970 5969 5889
f 6051 6050 5970
f 6132 6131 6051
f 6213 6212 6132
f 6294 6293 6213
f 6375 6374 6294
f 6456 6455 6375
f 6537 6536 6456
f 139 138 58
f 220 219 139
f 301 300 220
f 382 381 301
f 463 462 382
f 544 543 463
f 625 624 544
f 706 705 625
f 787 786 706
f 868 867 787
f 949 948 868
f 1030 1029 949
f 1111 1110 1030
f 1192 1191 1111
f 1273 1272 1192
f 1354 1353 1273
f 1435 1434 1354
f 1516 1515 1435
f 1597 1596 1516
f 1678 1677 1597
f 1759 1758 1678
f 1840 1839 1759
f 1921 1920 1840
f 2002 2001 1921
f 2083 2082 2002
f 2164 2163 2083
f 2245 2244 2164
f 2326 2325 2245
f 2407 2406 2326
f 2488 2487 2407
f 2569 2568 2488
f 2650 2649 2569
f 2731 2730 2650
f 2812 2811 2731
f 2893 2892 2812
f 2974 2973 2893
f 3055 3054 2974
f 3136 3135 3055
f 3217 3216 3136
f 3298 3297 3217
f 3379 3378 3298
f 3460 3459 3379
f 3541 3540 3460
f 3622 3621 3541
f 3703 3702 3622
f 3784 3783 3703
f 3865 3864 3784
f 3946 3945 3865
f 4027 4026 3946
f 4108 4107 4027
f 4189 4188 4108
f 4270 4269 4189
f 4351 4350 4270
f 4432 4431 4351
f 4513 4512 4432
f 4594 4593 4513
f 4675 4674 4594
f 4756 4755 4675
f 4837 4836 4756
f 4918 4917 4837
f 4999 4998 4918
f 5080 5079 4999
f 5161 5160 5080
f 5242 5241 5161
f 5323 5322 5242
f 5404 5403 5323
f 5485 5484 5404
f 5566 5565 5485
f 5647 5646 5566
f 5728 5727 5647
f 5809 5808 5728
f 5890 5889 5809
f 5971 5970 5890
f 6052 6051 5971
f 6133 6132 6052
f 6214 6213 6133
f 6295 6294 6214
f 6376 6375 6295
f 6457 6456 6376
f 6538 6537 6457
f 140 139 59
f 221 220 140
f 302 301 221
f 383 382 302
f 464 463 383
f 545 544 464
f 626 625 545
f 707 706 626
f 788 787 707
f 869 868 788
f 950 949 869
f 1031 1030 950
f 1112 1111 1031
f 1193 1192 1112
f 1274 1273 1193
f 1355 1354 1274
f 1436 1435 1355
f 1517 1516 1436
f 1598 1597 1517
f 1679 1678 1598
f 1760 1759 1679
f 1841 1840 1760
f 1922 1921 1841
f 2003 2002 1922
f 2084 2083 2003
f 2165 2164 2084
f 2246 2245 2165
f 2327 2326 2246
f 2408 2407 2327
f 2489 2488 2408
f 2570 2569 2489
f 2651 2650 2570
f 2732 2731 2651
f 2813 2812 2732
f 2894 2893 2813
f 2975 2974 2894
f 3056 3055 2975
f 3137 3136 3056
f 3218 3217 3137
f 3299 3298 3218
f 3380 3379 3299
f 3461 3460 3380
f 3542 3541 3461
f 3623 3622 3542
f 3704 3703 3623
f 3785 3784 3704
f 3866 3865 3785
f 3947 3946 3866
f 4028 4027 3947
f 4109 4108 4028
f 4190 4189 4109
f 4271 4270 4190
f 4352 4351 4271
f 4433 4432 4352
f 4514 4513 4433
f 4595 4594 4514
f 4676 4675 4595
f 4757 4756 4676
f 4838 4837 4757
f 4919 4918 4838
f 5000 4999 4919
f 5081 5080 5000
f 5162 5161 5081
f 5243 5242 5162
f 5324 5323 5243
f 5405 5404 5324
f 5486 5485 5405
f 5567 5566 5486
f 5648 5647 5567
f 5729 5728 5648
f 5810 5809 5729
f 5891 5890 5810
f 5972 5971 5891
f 6053 6052 5972
f 6134 6133 6053
f 6215 6214 6134
f 6296 6295 6215
f 6377 6376 6296
f 6458 6457 6377
f 6539 6538 6458
f 141 140 60
f 222 221 141
f 303 302 222
f 384 383 303
f 465 464 384
f 546 545 465
f 627 626 546
f 708 707 627
f 789 788 708
f 870 869 789
f 951 950 870
f 1032 1031 951
f 1113 1112 1032
f 1194 1193 1113
f 1275 1274 1194
f 1356 1355 1275
f 1437 1436 1356
f 1518 1517 1437
f 1599 1598 1518
f 1680 1679 1599
f 1761 1760 1680
f 1842 1841 1761
f 1923 1922 1842
f 2004 2003 1923
f 2085 2084 2004
f 2166 2165 2085
f 2247 2246 2166
f 2328 2327 2247
f 2409 2408 2328
f 2490 2489 2409
f 2571 2570 2490
f 2652 2651 2571
f 2733 2732 2652
f 2814 2813 2733
f 2895 2894 2814
f 2976 2975 2895
f 3057 3056 2976
f 3138 3137 3057
f 3219 3218 3138
f 3300 3299 3219
f 3381 3380 3300
f 3462 3461 3381
f 3543 3542 3462
f 3624 3623 3543
f 3705 3704 3624
f 3786 3785 3705
f 3867 3866 3786
f 3948 3947 3867
f 4029 4028 3948
f 4110 4109 4029
f 4191 4190 4110
f 4272 4271 4191
f 4353 4352 4272
f 4434 4433 4353
f 4515 4514 4434
f 4596 4595 4515
f 4677 4676 4596
f 4758 4757 4677
f 4839 4838 4758
f 4920 4919 4839
f 5001 5000 4920
f 5082 5081 5001
f 5163 5162 5082
f 5244 5243 5163
f 5325 5324 5244
f 5406 5405 5325
f 5487 5486 5406
f 5568 5567 5487
f 5649 5648 5568
f 5730 5729 5649
f 5811 5810 5730
f 5892 5891 5811
f 5973 5972 5892
f 6054 6053 5973
f 6135 6134 6054
f 6216 6215 6135
f 6297 6296 6216
f 6378 6377 6297
f 6459 6458 6378
f 6540 6539 6459
f 142 141 61
f 223 222 142
f 304 303 223
f 385 384 304
f 466 465 385
f 547 546 466
f 628 627 547
f 709 708 628
f 790 789 709
f 871 870 790
f 952 951 871
f 1033 1032 952
f 1114 1113 1033
f 1195 1194 1114
f 1276 1275 1195
f 1357 1356 1276
f 1438 1437 1357
f 1519 1518 1438
f 1600 1599 1519
f 1681 1680 1600
f 1762 1761 1681
f 1843 1842 1762
f 1924 1923 1843
f 2005 2004 1924
f 2086 2085 2005
f 2167 2166 2086
f 2248 2247 2167
f 2329 2328 2248
f 2410 2409 2329
f 2491 2490 2410
f 2572 2571 2491
f 2653 2652 2572
f 2734 2733 2653
f 2815 2814 2734
f 2896 2895 2815
f 2977 2976 2896
f 3058 3057 2977
f 3139 3138 3058
f 3220 3219 3139
f 3301 3300 3220
f 3382 3381 3301
f 3463 3462 3382
f 3544 3543 3463
f 3625 3624 3544
f 3706 3705 3625
f 3787 3786 3706
f 3868 3867 3787
f 3949 3948 3868
f 4030 4029 3949
f 4111 4110 4030
f 4192 4191 4111
f 4273 4272 4192
f 4354 4353 4273
f 4435 4434 4354
f 4516 4515 4435
f 4597 4596 4516
f 4678 4677 4597
f 4759 4758 4678
f 4840 4839 4759
f 4921 4920 4840
f 5002 5001 4921
f 5083 5082 5002
f 5164 5163 5083
f 5245 5244 5164
f 5326 5325 5245
f 5407 5406 5326
f 5488 5487 5407
f 5569 5568 5488
f 5650 5649 5569
f 5731 5730 5650
f 5812 5811 5731
f 5893 5892 5812
f 5974 5973 5893
f 6055 6054 5974
f 6136 6135 6055
f 6217 6216 6136
f 6298 6297 6217
f 6379 6378 6298
f 6460 6459 6379
f 6541 6540 6460
f 143 142 62
f 224 223 143
f 305 304 224
f 386 385 305
f 467 466 386
f 548 547 467
f 629 628 548
f 710 709 629
f 791 790 710
f 872 871 791
f 953 952 872
f 1034 1033 953
f 1115 1114 1034
f 1196 1195 1115
f 1277 1276 1196
f 1358 1357 1277
f 1439 1438 1358
f 1520 1519 1439
f 1601 1600 1520
f 1682 1681 1601
f 1763 1762 1682
f 1844 1843 1763
f 1925 1924 1844
f 2006 2005 1925
f 2087 2086 2006
f 2168 2167 2087
f 2249 2248 2168
f 2330 2329 2249
f 2411 2410 2330
f 2492 2491 2411
f 2573 2572 2492
f 2654 2653 2573
f 2735 2734 2654
f 2816 2815 2735
f 2897 2896 2816
f 2978 2977 2897
f 3059 3058 2978
f 3140 3139 3059
f 3221 3220 3140
f 3302 3301 3221
f 3383 3382 3302
f 3464 3463 3383
f 3545 3544 3464
f 3626 3625 3545
f 3707 3706 3626
f 3788 3787 3707
f 3869 3868 3788
f 3950 3949 3869
f 4031 4030 3950
f 4112 4111 4031
f 4193 4192 4112
f 4274 4273 4193
f 4355 4354 4274
f 4436 4435 4355
f 4517 4516 4436
f 4598 4597 4517
f 4679 4678 4598
f 4760 4759 4679
f 4841 4840 4760
f 4922 4921 4841
f 5003 5002 4922
f 5084 5083 5003
f 5165 5164 5084
f 5246 5245 5165
f 5327 5326 5246
f 5408 5407 5327
f 5489 5488 5408
f 5570 5569 5489
f 5651 5650 5570
f 5732 5731 5651
f 5813 5812 5732
f 5894 5893 5813
f 5975 5974 5894
f 6056 6055 5975
f 6137 6136 6056
f 6218 6217 6137
f 6299 6298 6218
f 6380 6379 6299
f 6461 6460 6380
f 6542 6541 6461
f 144 143 63
f 225 224 144
f 306 305 225
f 387 386 306
f 468 467 387
f 549 548 468
f 630 629 549
f 711 710 630
f 792 791 711
f 873 872 792
f 954 953 873
f 1035 1034 954
f 1116 1115 1035
f 1197 1196 1116
f 1278 1277 1197
f 1359 1358 1278
f 1440 1439 1359
f 1521 1520 1440
f 1602 1601 1521
f 1683 1682 1602
f 1764 1763 1683
f 1845 1844 1764
f 1926 1925 1845
f 2007 2006 1926
f 2088 2087 2007
f 2169 2168 2088
f 2250 2249 2169
f 2331 2330 2250
f 2412 2411 2331
f 2493 2492 2412
f 2574 2573 2493
f 2655 2654 2574
f 2736 2735 2655
f 2817 2816 2736
f 2898 2897 2817
f 2979 2978 2898
f 3060 3059 2979
f 3141 3140 3060
f 3222 3221 3141
f 3303 3302 3222
f 3384 3383 3303
f 3465 3464 3384
f 3546 3545 3465
f 3627 3626 3546
f 3708 3707 3627
f 3789 3788 3708
f 3870 3869 3789
f 3951 3950 3870
f 4032 4031 3951
f 4113 4112 4032
f 4194 4193 4113
f 4275 4274 4194
f 4356 4355 4275
f 4437 4436 4356
f 4518 4517 4437
f 4599 4598 4518
f 4680 4679 4599
f 4761 4760 4680
f 4842 4841 4761
f 4923 4922 4842
f 5004 5003 4923
f 5085 5084 5004
f 5166 5165 5085
f 5247 5246 5166
f 5328 5327 5247
f 5409 5408 5328
f 5490 5489 5409
f 5571 5570 5490
f 5652 5651 5571
f 5733 5732 5652
f 5814 5813 5733
f 5895 5894 5814
f 5976 5975 5895
f 6057 6056 5976
f 6138 6137 6057
f 6219 6218 6138
f 6300 6299 6219
f 6381 6380 6300
f 6462 6461 6381
f 6543 6542 6462
f 145 144 64
f 226 225 145
f 307 306 226
f 388 387 307
f 469 468 388
f 550 549 469
f 631 630 550
f 712 711 631
f 793 792 712
f 874 873 793
f 955 954 874
f 1036 1035 955
f 1117 1116 1036
f 1198 1197 1117
f 1279 1278 1198
f 1360 1359 1279
f 1441 1440 1360
f 1522 1521 1441
f 1603 1602 1522
f 1684 1683 1603
f 1765 1764 1684
f 1846 1845 1765
f 1927 1926 1846
f 2008 2007 1927
f 2089 2088 2008
f 2170 2169 2089
f 2251 2250 2170
f 2332 2331 2251
f 2413 2412 2332
f 2494 2493 2413
f 2575 2574 2494
f 2656 2655 2575
f 2737 2736 2656
f 2818 2817 2737
f 2899 2898 2818
f 2980 2979 2899
f 3061 3060 2980
f 3142 3141 3061
f 3223 3222 3142
f 3304 3303 3223
f 3385 3384 3304
f 3466 3465 3385
f 3547 3546 3466
f 3628 3627 3547
f 3709 3708 3628
f 3790 3789 3709
f 3871 3870 3790
f 3952 3951 3871
f 4033 4032 3952
f 4114 4113 4033
f 4195 4194 4114
f 4276 4275 4195
f 4357 4356 4276
f 4438 4437 4357
f 4519 4518 4438
f 4600 4599 4519
f 4681 4680 4600
f 4762 4761 4681
f 4843 4842 4762
f 4924 4923 4843
f 5005 5004 4924
f 5086 5085 5005
f 5167 5166 5086
f 5248 5247 5167
f 5329 5328 5248
f 5410 5409 5329
f 5491 5490 5410
f 5572 5571 5491
f 5653 5652 5572
f 5734 5733 5653
f 5815 5814 5734
f 5896 5895 5815
f 5977 5976 5896
f 6058 6057 5977
f 6139 6138 6058
f 6220 6219 6139
f 6301 6300 6220
f 6382 6381 6301
f 6463 6462 6382
f 6544 6543 6463
f 146 145 65
f 227 226 146
f 308 307 227
f 389 388 308
f 470 469 389
f 551 550 470
f 632 631 551
f 713 712 632
f 794 793 713
f 875 874 794
f 956 955 875
f 1037 1036 956
f 1118 1117 1037
f 1199 1198 1118
f 1280 1279 1199
f 1361 1360 1280
f 1442 1441 1361
f 1523 1522 1442
f 1604 1603 1523
f 1685 1684 1604
f 1766 1765 1685
f 1847 1846 1766
f 1928 1927 1847
f 2009 2008 1928
f 2090 2089 2009
f 2171 2170 2090
f 2252 2251 2171
f 2333 2332 2252
f 2414 2413 2333
f 2495 2494 2414
f 2576 2575 2495
f 2657 2656 2576
f 2738 2737 2657
f 2819 2818 2738
f 2900 2899 2819
f 2981 2980 2900
f 3062 3061 2981
f 3143 3142 3062
f 3224 3223 3143
f 3305 3304 3224
f 3386 3385 3305
f 3467 3466 3386
f 3548 3547 3467
f 3629 3628 3548
f 3710 3709 3629
f 3791 3790 3710
f 3872 3871 3791
f 3953 3952 3872
f 4034 4033 3953
f 4115 4114 4034
f 4196 4195 4115
f 4277 4276 4196
f 4358 4357 4277
f 4439 4438 4358
f 4520 4519 4439
f 4601 4600 4520
f 4682 4681 4601
f 4763 4762 4682
f 4844 4843 4763
f 4925 4924 4844
f 5006 5005 4925
f 5087 5086 5006
f 5168 5167 5087
f 5249 5248 5168
f 5330 5329 5249
f 5411 5410 5330
f 5492 5491 5411
f 5573 5572 5492
f 5654 5653 5573
f 5735 5734 5654
f 5816 5815 5735
f 5897 5896 5816
f 5978 5977 5897
f 6059 6058 5978
f 6140 6139 6059
f 6221 6220 6140
f 6302 6301 6221
f 6383 6382 6302
f 6464 6463 6383
f 6545 6544 6464
f 147 146 66
f 228 227 147
f 309 308 228
f 390 389 309
f 471 470 390
f 552 551 471
f 633 632 552
f 714 713 633
f 795 794 714
f 876 875 795
f 957 956 876
f 1038 1037 957
f 1119 1118 1038
f 1200 1199 1119
f 1281 1280 1200
f 1362 1361 1281
f 1443 1442 1362
f 1524 1523 1443
f 1605 1604 1524
f 1686 1685 1605
f 1767 1766 1686
f 1848 1847 1767
f 1929 1928 1848
f 2010 2009 1929
f 2091 2090 2010
f 2172 2171 2091
f 2253 2252 2172
f 2334 2333 2253
f 2415 2414 2334
f 2496 2495 2415
f 2577 2576 2496
f 2658 2657 2577
f 2739 2738 2658
f 2820 2819 2739
f 2901 2900 2820
f 2982 2981 2901
f 3063 3062 2982
f 3144 3143 3063
f 3225 3224 3144
f 3306 3305 3225
f 3387 3386 3306
f 3468 3467 3387
f 3549 3548 3468
f 3630 3629 3549
f 3711 3710 3630
f 3792 3791 3711
f 3873 3872 3792
f 3954 3953 3873
f 4035 4034 3954
f 4116 4115 4035
f 4197 4196 4116
f 4278 4277 4197
f 4359 4358 4278
f 4440 4439 4359
f 4521 4520 4440
f 4602 4601 4521
f 4683 4682 4602
f 4764 4763 4683
f 4845 4844 4764
f 4926 4925 4845
f 5007 5006 4926
f 5088 5087 5007
f 5169 5168 5088
f 5250 5249 5169
f 5331 5330 5250
f 5412 5411 5331
f 5493 5492 5412
f 5574 5573 5493
f 5655 5654 5574
f 5736 5735 5655
f 5817 5816 5736
f 5898 5897 5817
f 5979 5978 5898
f 6060 6059 5979
f 6141 6140 6060
f 6222 6221 6141
f 6303 6302 6222
f 6384 6383 6303
f 6465 6464 6384
f 6546 6545 6465
f 148 147 67
f 229 228 148
f 310 309 229
f 391 390 310
f 472 471 391
f 553 552 472
f 634 633 553
f 715 714 634
f 796 795 715
f 877 876 796
f 958 957 877
f 1039 1038 958
f 1120 1119 1039
f 1201 1200 1120
f 1282 1281 1201
f 1363 1362 1282
f 1444 1443 1363
f 1525 1524 1444
f 1606 1605 1525
f 1687 1686 1606
f 1768 1767 1687
f 1849 1848 1768
f 1930 1929 1849
f 2011 2010 1930
f 2092 2091 2011
f 2173 2172 2092
f 2254 2253 2173
f 2335 2334 2254
f 2416 2415 2335
f 2497 2496 2416
f 2578 2577 2497
f 2659 2658 2578
f 2740 2739 2659
f 2821 2820 2740
f 2902 2901 2821
f 2983 2982 2902
f 3064 3063 2983
f 3145 3144 3064
f 3226 3225 3145
f 3307 3306 3226
f 3388 3387 3307
f 3469 3468 3388
f 3550 3549 3469
f 3631 3630 3550
f 3712 3711 3631
f 3793 3792 3712
f 3874 3873 3793
f 3955 3954 3874
f 4036 4035 3955
f 4117 4116 4036
f 4198 4197 4117
f 4279 4278 4198
f 4360 4359 4279
f 4441 4440 4360
f 4522 4521 4441
f 4603 4602 4522
f 4684 4683 4603
f 4765 4764 4684
f 4846 4845 4765
f 4927 4926 4846
f 5008 5007 4927
f 5089 5088 5008
f 5170 5169 5089
f 5251 5250 5170
f 5332 5331 5251
f 5413 5412 5332
f 5494 5493 5413
f 5575 5574 5494
f 5656 5655 5575
f 5737 5736 5656
f 5818 5817 5737
f 5899 5898 5818
f 5980 5979 5899
f 6061 6060 5980
f 6142 6141 6061
f 6223 6222 6142
f 6304 6303 6223
f 6385 6384 6304
f 6466 6465 6385
f 6547 6546 6466
f 149 148 68
f 230 229 149
f 311 310 230
f 392 391 311
f 473 472 392
f 554 553 473
f 635 634 554
f 716 715 635
f 797 796 716
f 878 877 797
f 959 958 878
f 1040 1039 959
f 1121 1120 1040
f 1202 1201 1121
f 1283 1282 1202
f 1364 1363 1283
f 1445 1444 1364
f 1526 1525 1445
f 1607 1606 1526
f 1688 1687 1607
f 1769 1768 1688
f 1850 1849 1769
f 1931 1930 1850
f 2012 2011 1931
f 2093 2092 2012
f 2174 2173 2093
f 2255 2254 2174
f 2336 2335 2255
f 2417 2416 2336
f 2498 2497 2417
f 2579 2578 2498
f 2660 2659 2579
f 2741 2740 2660
f 2822 2821 2741
f 2903 2902 2822
f 2984 2983 2903
f 3065 3064 2984
f 3146 3145 3065
f 3227 3226 3146
f 3308 3307 3227
f 3389 3388 3308
f 3470 3469 3389
f 3551 3550 3470
f 3632 3631 3551
f 3713 3712 3632
f 3794 3793 3713
f 3875 3874 3794
f 3956 3955 3875
f 4037 4036 3956
f 4118 4117 4037
f 4199 4198 4118
f 4280 4279 4199
f 4361 4360 4280
f 4442 4441 4361
f 4523 4522 4442
f 4604 4603 4523
f 4685 4684 4604
f 4766 4765 4685
f 4847 4846 4766
f 4928 4927 4847
f 5009 5008 4928
f 5090 5089 5009
f 5171 5170 5090
f 5252 5251 5171
f 5333 5332 5252
f 5414 5413 5333
f 5495 5494 5414
f 5576 5575 5495
f 5657 5656 5576
f 5738 5737 5657
f 5819 5818 5738
f 5900 5899 5819
f 5981 5980 5900
f 6062 6061 5981
f 6143 6142 6062
f 6224 6223 6143
f 6305 6304 6224
f 6386 6385 6305
f 6467 6466 6386
f 6548 6547 6467
f 150 149 69
f 231 230 150
f 312 311 231
f 393 392 312
f 474 473 393
f 555 554 474
f 636 635 555
f 717 716 636
f 798 797 717
f 879 878 798
f 960 959 879
f 1041 1040 960
f 1122 1121 1041
f 1203 1202 1122
f 1284 1283 1203
f 1365 1364 1284
f 1446 1445 1365
f 1527 1526 1446
f 1608 1607 1527
f 1689 1688 1608
f 1770 1769 1689
f 1851 1850 1770
f 1932 1931 1851
f 2013 2012 1932
f 2094 2093 2013
f 2175 2174 2094
f 2256 2255 2175
f 2337 2336 2256
f 2418 2417 2337
f 2499 2498 2418
f 2580 2579 2499
f 2661 2660 2580
f 2742 2741 2661
f 2823 2822 2742
f 2904 2903 2823
f 2985 2984 2904
f 3066 3065 2985
f 3147 3146 3066
f 3228 3227 3147
f 3309 3308 3228
f 3390 3389 3309
f 3471 3470 3390
f 3552 3551 3471
f 3633 3632 3552
f 3714 3713 3633
f 3795 3794 3714
f 3876 3875 3795
f 3957 3956 3876
f 4038 4037 3957
f 4119 4118 4038
f 4200 4199 4119
f 4281 4280 4200
f 4362 4361 4281
f 4443 4442 4362
f 4524 4523 4443
f 4605 4604 4524
f 4686 4685 4605
f 4767 4766 4686
f 4848 4847 4767
f 4929 4928 4848
f 5010 5009 4929
f 5091 5090 5010
f 5172 5171 5091
f 5253 5252 5172
f 5334 5333 5253
f 5415 5414 5334
f 5496 5495 5415
f 5577 5576 5496
f 5658 5657 5577
f 5739 5738 5658
f 5820 5819 5739
f 5901 5900 5820
f 5982 5981 5901
f 6063 6062 5982
f 6144 6143 6063
f 6225 6224 6144
f 6306 6305 6225
f 6387 6386 6306
f 6468 6467 6387
f 6549 6548 6468
f 151 150 70
f 232 231 151
f 313 312 232
f 394 393 313
f 475 474 394
f 556 555 475
f 637 636 556
f 718 717 637
f 799 798 718
f 880 879 799
f 961 960 880
f 1042 1041 961
f 1123 1122 1042
f 1204 1203 1123
f 1285 1284 1204
f 1366 1365 1285
f 1447 1446 1366
f 1528 1527 1447
f 1609 1608 1528
f 1690 1689 1609
f 1771 1770 1690
f 1852 1851 1771
f 1933 1932 1852
f 2014 2013 1933
f 2095 2094 2014
f 2176 2175 2095
f 2257 2256 2176
f 2338 2337 2257
f 2419 2418 2338
f 2500 2499 2419
f 2581 2580 2500
f 2662 2661 2581
f 2743 2742 2662
f 2824 2823 2743
f 2905 2904 2824
f 2986 2985 2905
f 3067 3066 2986
f 3148 3147 3067
f 3229 3228 3148
f 3310 3309 3229
f 3391 3390 3310
f 3472 3471 3391
f 3553 3552 3472
f 3634 3633 3553
f 3715 3714 3634
f 3796 3795 3715
f 3877 3876 3796
f 3958 3957 3877
f 4039 4038 3958
f 4120 4119 4039
f 4201 4200 4120
f 4282 4281 4201
f 4363 4362 4282
f 4444 4443 4363
f 4525 4524 4444
f 4606 4605 4525
f 4687 4686 4606
f 4768 4767 4687
f 4849 4848 4768
f 4930 4929 4849
f 5011 5010 4930
f 5092 5091 5011
f 5173 5172 5092
f 5254 5253 5173
f 5335 5334 5254
f 5416 5415 5335
f 5497 5496 5416
f 5578 5577 5497
f 5659 5658 5578
f 5740 5739 5659
f 5821 5820 5740
f 5902 5901 5821
f 5983 5982 5902
f 6064 6063 5983
f 6145 6144 6064
f 6226 6225 6145
f 6307 6306 6226
f 6388 6387 6307
f 6469 6468 6388
f 6550 6549 6469
f 152 151 71
f 233 232 152
f 314 313 233
f 395 394 314
f 476 475 395
f 557 556 476
f 638 637 557
f 719 718 638
f 800 799 719
f 881 880 800
f 962 961 881
f 1043 1042 962
f 1124 1123 1043
f 1205 1204 1124
f 1286 1285 1205
f 1367 1366 1286
f 1448 1447 1367
f 1529 1528 1448
f 1610 1609 1529
f 1691 1690 1610
f 1772 1771 1691
f 1853 1852 1772
f 1934 1933 1853
f 2015 2014 1934
f 2096 2095 2015
f 2177 2176 2096
f 2258 2257 2177
f 2339 2338 2258
f 2420 2419 2339
f 2501 2500 2420
f 2582 2581 2501
f 2663 2662 2582
f 2744 2743 2663
f 2825 2824 2744
f 2906 2905 2825
f 2987 2986 2906
f 3068 3067 2987
f 3149 3148 3068
f 3230 3229 3149
f 3311 3310 3230
f 3392 3391 3311
f 3473 3472 3392
f 3554 3553 3473
f 3635 3634 3554
f 3716 3715 3635
f 3797 3796 3716
f 3878 3877 3797
f 3959 3958 3878
f 4040 4039 3959
f 4121 4120 4040
f 4202 4201 4121
f 4283 4282 4202
f 4364 4363 4283
f 4445 4444 4364
f 4526 4525 4445
f 4607 4606 4526
f 4688 4687 4607
f 4769 4768 4688
f 4850 4849 4769
f 4931 4930 4850
f 5012 5011 4931
f 5093 5092 5012
f 5174 5173 5093
f 5255 5254 5174
f 5336 5335 5255
f 5417 5416 5336
f 5498 5497 5417
f 5579 5578 5498
f 5660 5659 5579
f 5741 5740 5660
f 5822 5821 5741
f 5903 5902 5822
f 5984 5983 5903
f 6065 6064 5984
f 6146 6145 6065
f 6227 6226 6146
f 6308 6307 6227
f 6389 6388 6308
f 6470 6469 6389
f 6551 6550 6470
f 153 152 72
f 234 233 153
f 315 314 234
f 396 395 315
f 477 476 396
f 558 557 477
f 639 638 558
f 720 719 639
f 801 800 720
f 882 881 801
f 963 962 882
f 1044 1043 963
f 1125 1124 1044
f 1206 1205 1125
f 1287 1286 1206
f 1368 1367 1287
f 1449 1448 1368
f 1530 1529 1449
f 1611 1610 1530
f 1692 1691 1611
f 1773 1772 1692
f 1854 1853 1773
f 1935 1934 1854
f 2016 2015 1935
f 2097 2096 2016
f 2178 2177 2097
f 2259 2258 2178
f 2340 2339 2259
f 2421 2420 2340
f 2502 2501 2421
f 2583 2582 2502
f 2664 2663 2583
f 2745 2744 2664
f 2826 2825 2745
f 2907 2906 2826
f 2988 2987 2907
f 3069 3068 2988
f 3150 3149 3069
f 3231 3230 3150
f 3312 3311 3231
f 3393 3392 3312
f 3474 3473 3393
f 3555 3554 3474
f 3636 3635 3555
f 3717 3716 3636
f 3798 3797 3717
f 3879 3878 3798
f 3960 3959 3879
f 4041 4040 3960
f 4122 4121 4041
f 4203 4202 4122
f 4284 4283 4203
f 4365 4364 4284
f 4446 4445 4365
f 4527 4526 4446
f 4608 4607 4527
f 4689 4688 4608
f 4770 4769 4689
f 4851 4850 4770
f 4932 4931 4851
f 5013 5012 4932
f 5094 5093 5013
f 5175 5174 5094
f 5256 5255 5175
f 5337 5336 5256
f 5418 5417 5337
f 5499 5498 5418
f 5580 5579 5499
f 5661 5660 5580
f 5742 5741 5661
f 5823 5822 5742
f 5904 5903 5823
f 5985 5984 5904
f 6066 6065 5985
f 6147 6146 6066
f 6228 6227 6147
f 6309 6308 6228
f 6390 6389 6309
f 6471 6470 6390
f 6552 6551 6471
f 154 153 73
f 235 234 154
f 316 315 235
f 397 396 316
f 478 477 397
f 559 558 478
f 640 639 559
f 721 720 640
f 802 801 721
f 883 882 802
f 964 963 883
f 1045 1044 964
f 1126 1125 1045
f 1207 1206 1126
f 1288 1287 1207
f 1369 1368 1288
f 1450 1449 1369
f 1531 1530 1450
f 1612 1611 1531
f 1693 1692 1612
f 1774 1773 1693
f 1855 1854 1774
f 1936 1935 1855
f 2017 2016 1936
f 2098 2097 2017
f 2179 2178 2098
f 2260 2259 2179
f 2341 2340 2260
f 2422 2421 2341
f 2503 2502 2422
f 2584 2583 2503
f 2665 2664 2584
f 2746 2745 2665
f 2827 2826 2746
f 2908 2907 2827
f 2989 2988 2908
f 3070 3069 2989
f 3151 3150 3070
f 3232 3231 3151
f 3313 3312 3232
f 3394 3393 3313
f 3475 3474 3394
f 3556 3555 3475
f 3637 3636 3556
f 3718 3717 3637
f 3799 3798 3718
f 3880 3879 3799
f 3961 3960 3880
f 4042 4041 3961
f 4123 4122 4042
f 4204 4203 4123
f 4285 4284 4204
f 4366 4365 4285
f 4447 4446 4366
f 4528 4527 4447
f 4609 4608 4528
f 4690 4689 4609
f 4771 4770 4690
f 4852 4851 4771
f 4933 4932 4852
f 5014 5013 4933
f 5095 5094 5014
f 5176 5175 5095
f 5257 5256 5176
f 5338 5337 5257
f 5419 5418 5338
f 5500 5499 5419
f 5581 5580 5500
f 5662 5661 5581
f 5743 5742 5662
f 5824 5823 5743
f 5905 5904 5824
f 5986 5985 5905
f 6067 6066 5986
f 6148 6147 6067
f 6229 6228 6148
f 6310 6309 6229
f 6391 6390 6310
f 6472 6471 6391
f 6553 6552 6472
f 155 154 74
f 236 235 155
f 317 316 236
f 398 397 317
f 479 478 398
f 560 559 479
f 641 640 560
f 722 721 641
f 803 802 722
f 884 883 803
f 965 964 884
f 1046 1045 965
f 1127 1126 1046
f 1208 1207 1127
f 1289 1288 1208
f 1370 1369 1289
f 1451 1450 1370
f 1532 1531 1451
f 1613 1612 1532
f 1694 1693 1613
f 1775 1774 1694
f 1856 1855 1775
f 1937 1936 1856
f 2018 2017 1937
f 2099 2098 2018
f 2180 2179 2099
f 2261 2260 2180
f 2342 2341 2261
f 2423 2422 2342
f 2504 2503 2423
f 2585 2584 2504
f 2666 2665 2585
f 2747 2746 2666
f 2828 2827 2747
f 2909 2908 2828
f 2990 2989 2909
f 3071 3070 2990
f 3152 3151 3071
f 3233 3232 3152
f 3314 3313 3233
f 3395 3394 3314
f 3476 3475 3395
f 3557 3556 3476
f 3638 3637 3557
f 3719 3718 3638
f 3800 3799 3719
f 3881 3880 3800
f 3962 3961 3881
f 4043 4042 3962
f 4124 4123 4043
f 4205 4204 4124
f 4286 4285 4205
f 4367 4366 4286
f 4448 4447 4367
f 4529 4528 4448
f 4610 4609 4529
f 4691 4690 4610
f 4772 4771 4691
f 4853 4852 4772
f 4934 4933 4853
f 5015 5014 4934
f 5096 5095 5015
f 5177 5176 5096
f 5258 5257 5177
f 5339 5338 5258
f 5420 5419 5339
f 5501 5500 5420
f 5582 5581 5501
f 5663 5662 5582
f 5744 5743 5663
f 5825 5824 5744
f 5906 5905 5825
f 5987 5986 5906
f 6068 6067 5987
f 6149 6148 6068
f 6230 6229 6149
f 6311 6310 6230
f 6392 6391 6311
f 6473 6472 6392
f 6554 6553 6473
f 156 155 75
f 237 236 156
f 318 317 237
f 399 398 318
f 480 479 399
f 561 560 480
f 642 641 561
f 723 722 642
f 804 803 723
f 885 884 804
f 966 965 885
f 1047 1046 966
f 1128 1127 1047
f 1209 1208 1128
f 1290 1289 1209
f 1371 1370 1290
f 1452 1451 1371
f 1533 1532 1452
f 1614 1613 1533
f 1695 1694 1614
f 1776 1775 1695
f 1857 1856 1776
f 1938 1937 1857
f 2019 2018 1938
f 2100 2099 2019
f 2181 2180 2100
f 2262 2261 2181
f 2343 2342 2262
f 2424 2423 2343
f 2505 2504 2424
f 2586 2585 2505
f 2667 2666 2586
f 2748 2747 2667
f 2829 2828 2748
f 2910 2909 2829
f 2991 2990 2910
f 3072 3071 2991
f 3153 3152 3072
f 3234 3233 3153
f 3315 3314 3234
f 3396 3395 3315
f 3477 3476 3396
f 3558 3557 3477
f 3639 3638 3558
f 3720 3719 3639
f 3801 3800 3720
f 3882 3881 3801
f 3963 3962 3882
f 4044 4043 3963
f 4125 4124 4044
f 4206 4205 4125
f 4287 4286 4206
f 4368 4367 4287
f 4449 4448 4368
f 4530 4529 4449
f 4611 4610 4530
f 4692 4691 4611
f 4773 4772 4692
f 4854 4853 4773
f 4935 4934 4854
f 5016 5015 4935
f 5097 5096 5016
f 5178 5177 5097
f 5259 5258 5178
f 5340 5339 5259
f 5421 5420 5340
f 5502 5501 5421
f 5583 5582 5502
f 5664 5663 5583
f 5745 5744 5664
f 5826 5825 5745
f 5907 5906 5826
f 5988 5987 5907
f 6069 6068 5988
f 6150 6149 6069
f 6231 6230 6150
f 6312 6311 6231
f 6393 6392 6312
f 6474 6473 6393
f 6555 6554 6474
f 157 156 76
f 238 237 157
f 319 318 238
f 400 399 319
f 481 480 400
f 562 561 481
f 643 642 562
f 724 723 643
f 805 804 724
f 886 885 805
f 967 966 886
f 1048 1047 967
f 1129 1128 1048
f 1210 1209 1129
f 1291 1290 1210
f 1372 1371 1291
f 1453 1452 1372
f 1534 1533 1453
f 1615 1614 1534
f 1696 1695 1615
f 1777 1776 1696
f 1858 1857 1777
f 1939 1938 1858
f 2020 2019 1939
f 2101 2100 2020
f 2182 2181 2101
f 2263 2262 2182
f 2344 2343 2263
f 2425 2424 2344
f 2506 2505 2425
f 2587 2586 2506
f 2668 2667 2587
f 2749 2748 2668
f 2830 2829 2749
f 2911 2910 2830
f 2992 2991 2911
f 3073 3072 2992
f 3154 3153 3073
f 3235 3234 3154
f 3316 3315 3235
f 3397 3396 3316
f 3478 3477 3397
f 3559 3558 3478
f 3640 3639 3559
f 3721 3720 3640
f 3802 3801 3721
f 3883 3882 3802
f 3964 3963 3883
f 4045 4044 3964
f 4126 4125 4045
f 4207 4206 4126
f 4288 4287 4207
f 4369 4368 4288
f 4450 4449 4369
f 4531 4530 4450
f 4612 4611 4531
f 4693 4692 4612
f 4774 4773 4693
f 4855 4854 4774
f 4936 4935 4855
f 5017 5016 4936
f 5098 5097 5017
f 5179 5178 5098
f 5260 5259 5179
f 5341 5340 5260
f 5422 5421 5341
f 5503 5502 5422
f 5584 5583 5503
f 5665 5664 5584
f 5746 5745 5665
f 5827 5826 5746
f 5908 5907 5827
f 5989 5988 5908
f 6070 6069 5989
f 6151 6150 6070
f 6232 6231 6151
f 6313 6312 6232
f 6394 6393 6313
f 6475 6474 6394
f 6556 6555 6475
f 158 157 77
f 239 238 158
f 320 319 239
f 401 400 320
f 482 481 401
f 563 562 482
f 644 643 563
f 725 724 644
f 806 805 725
f 887 886 806
f 968 967 887
f 1049 1048 968
f 1130 1129 1049
f 1211 1210 1130
f 1292 1291 1211
f 1373 1372 1292
f 1454 1453 1373
f 1535 1534 1454
f 1616 1615 1535
f 1697 1696 1616
f 1778 1777 1697
f 1859 1858 1778
f 1940 1939 1859
f 2021 2020 1940
f 2102 2101 2021
f 2183 2182 2102
f 2264 2263 2183
f 2345 2344 2264
f 2426 2425 2345
f 2507 2506 2426
f 2588 2587 2507
f 2669 2668 2588
f 2750 2749 2669
f 2831 2830 2750
f 2912 2911 2831
f 2993 2992 2912
f 3074 3073 2993
f 3155 3154 3074
f 3236 3235 3155
f 3317 3316 3236
f 3398 3397 3317
f 3479 3478 3398
f 3560 3559 3479
f 3641 3640 3560
f 3722 3721 3641
f 3803 3802 3722
f 3884 3883 3803
f 3965 3964 3884
f 4046 4045 3965
f 4127 4126 4046
f 4208 4207 4127
f 4289 4288 4208
f 4370 4369 4289
f 4451 4450 4370
f 4532 4531 4451
f 4613 4612 4532
f 4694 4693 4613
f 4775 4774 4694
f 4856 4855 4775
f 4937 4936 4856
f 5018 5017 4937
f 5099 5098 5018
f 5180 5179 5099
f 5261 5260 5180
f 5342 5341 5261
f 5423 5422 5342
f 5504 5503 5423
f 5585 5584 5504
f 5666 5665 5585
f 5747 5746 5666
f 5828 5827 5747
f 5909 5908 5828
f 5990 5989 5909
f 6071 6070 5990
f 6152 6151 6071
f 6233 6232 6152
f 6314 6313 6233
f 6395 6394 6314
f 6476 6475 6395
f 6557 6556 6476
f 159 158 78
f 240 239 159
f 321 320 240
f 402 401 321
f 483 482 402
f 564 563 483
f 645 644 564
f 726 725 645
f 807 806 726
f 888 887 807
f 969 968 888
f 1050 1049 969
f 1131 1130 1050
f 1212 1211 1131
f 1293 1292 1212
f 1374 1373 1293
f 1455 1454 1374
f 1536 1535 1455
f 1617 1616 1536
f 1698 1697 1617
f 1779 1778 1698
f 1860 1859 1779
f 1941 1940 1860
f 2022 2021 1941
f 2103 2102 2022
f 2184 2183 2103
f 2265 2264 2184
f 2346 2345 2265
f 2427 2426 2346
f 2508 2507 2427
f 2589 2588 2508
f 2670 2669 2589
f 2751 2750 2670
f 2832 2831 2751
f 2913 2912 2832
f 2994 2993 2913
f 3075 3074 2994
f 3156 3155 3075
f 3237 3236 3156
f 3318 3317 3237
f 3399 3398 3318
f 3480 3479 3399
f 3561 3560 3480
f 3642 3641 3561
f 3723 3722 3642
f 3804 3803 3723
f 3885 3884 3804
f 3966 3965 3885
f 4047 4046 3966
f 4128 4127 4047
f 4209 4208 4128
f 4290 4289 4209
f 4371 4370 4290
f 4452 4451 4371
f 4533 4532 4452
f 4614 4613 4533
f 4695 4694 4614
f 4776 4775 4695
f 4857 4856 4776
f 4938 4937 4857
f 5019 5018 4938
f 5100 5099 5019
f 5181 5180 5100
f 5262 5261 5181
f 5343 5342 5262
f 5424 5423 5343
f 5505 5504 5424
f 5586 5585 5505
f 5667 5666 5586
f 5748 5747 5667
f 5829 5828 5748
f 5910 5909 5829
f 5991 5990 5910
f 6072 6071 5991
f 6153 6152 6072
f 6234 6233 6153
f 6315 6314 6234
f 6396 6395 6315
f 6477 6476 6396
f 6558 6557 6477
f 160 159 79
f 241 240 160
f 322 321 241
f 403 402 322
f 484 483 403
f 565 564 484
f 646 645 565
f 727 726 646
f 808 807 727
f 889 888 808
f 970 969 889
f 1051 1050 970
f 1132 1131 1051
f 1213 1212 1132
f 1294 1293 1213
f 1375 1374 1294
f 1456 1455 1375
f 1537 1536 1456
f 1618 1617 1537
f 1699 1698 1618
f 1780 1779 1699
f 1861 1860 1780
f 1942 1941 1861
f 2023 2022 1942
f 2104 2103 2023
f 2185 2184 2104
f 2266 2265 2185
f 2347 2346 2266
f 2428 2427 2347
f 2509 2508 2428
f 2590 2589 2509
f 2671 2670 2590
f 2752 2751 2671
f 2833 2832 2752
f 2914 2913 2833
f 2995 2994 2914
f 3076 3075 2995
f 3157 3156 3076
f 3238 3237 3157
f 3319 3318 3238
f 3400 3399 3319
f 3481 3480 3400
f 3562 3561 3481
f 3643 3642 3562
f 3724 3723 3643
f 3805 3804 3724
f 3886 3885 3805
f 3967 3966 3886
f 4048 4047 3967
f 4129 4128 4048
f 4210 4209 4129
f 4291 4290 4210
f 4372 4371 4291
f 4453 4452 4372
f 4534 4533 4453
f 4615 4614 4534
f 4696 4695 4615
f 4777 4776 4696
f 4858 4857 4777
f 4939 4938 4858
f 5020 5019 4939
f 5101 5100 5020
f 5182 5181 5101
f 5263 5262 5182
f 5344 5343 5263
f 5425 5424 5344
f 5506 5505 5425
f 5587 5586 5506
f 5668 5667 5587
f 5749 5748 5668
f 5830 5829 5749
f 5911 5910 5830
f 5992 5991 5911
f 6073 6072 5992
f 6154 6153 6073
f 6235 6234 6154
f 6316 6315 6235
f 6397 6396 6316
f 6478 6477 6397
f 6559 6558 6478
f 161 160 80
f 242 241 161
f 323 322 242
f 404 403 323
f 485 484 404
f 566 565 485
f 647 646 566
f 728 727 647
f 809 808 728
f 890 889 809
f 971 970 890
f 1052 1051 971
f 1133 1132 1052
f 1214 1213 1133
f 1295 1294 1214
f 1376 1375 1295
f 1457 1456 1376
f 1538 1537 1457
f 1619 1618 1538
f 1700 1699 1619
f 1781 1780 1700
f 1862 1861 1781
f 1943 1942 1862
f 2024 2023 1943
f 2105 2104 2024
f 2186 2185 2105
f 2267 2266 2186
f 2348 2347 2267
f 2429 2428 2348
f 2510 2509 2429
f 2591 2590 2510
f 2672 2671 2591
f 2753 2752 2672
f 2834 2833 2753
f 2915 2914 2834
f 2996 2995 2915
f 3077 3076 2996
f 3158 3157 3077
f 3239 3238 3158
f 3320 3319 3239
f 3401 3400 3320
f 3482 3481 3401
f 3563 3562 3482
f 3644 3643 3563
f 3725 3724 3644
f 3806 3805 3725
f 3887 3886 3806
f 3968 3967 3887
f 4049 4048 3968
f 4130 4129 4049
f 4211 4210 4130
f 4292 4291 4211
f 4373 4372 4292
f 4454 4453 4373
f 4535 4534 4454
f 4616 4615 4535
f 4697 4696 4616
f 4778 4777 4697
f 4859 4858 4778
f 4940 4939 4859
f 5021 5020 4940
f 5102 5101 5021
f 5183 5182 5102
f 5264 5263 5183
f 5345 5344 5264
f 5426 5425 5345
f 5507 5506 5426
f 5588 5587 5507
f 5669 5668 5588
f 5750 5749 5669
f 5831 5830 5750
f 5912 5911 5831
f 5993 5992 5912
f 6074 6073 5993
f 6155 6154 6074
f 6236 6235 6155
f 6317 6316 6236
f 6398 6397 6317
f 6479 6478 6398
f 6560 6559 6479
f 162 161 81
f 243 242 162
f 324 323 243
f 405 404 324
f 486 485 405
f 567 566 486
f 648 647 567
f 729 728 648
f 810 809 729
f 891 890 810
f 972 971 891
f 1053 1052 972
f 1134 1133 1053
f 1215 1214 1134
f 1296 1295 1215
f 1377 1376 1296
f 1458 1457 1377
f 1539 1538 1458
f 1620 1619 1539
f 1701 1700 1620
f 1782 1781 1701
f 1863 1862 1782
f 1944 1943 1863
f 2025 2024 1944
f 2106 2105 2025
f 2187 2186 2106
f 2268 2267 2187
f 2349 2348 2268
f 2430 2429 2349
f 2511 2510 2430
f 2592 2591 2511
f 2673 2672 2592
f 2754 2753 2673
f 2835 2834 2754
f 2916 2915 2835
f 2997 2996 2916
f 3078 3077 2997
f 3159 3158 3078
f 3240 3239 3159
f 3321 3320 3240
f 3402 3401 3321
f 3483 3482 3402
f 3564 3563 3483
f 3645 3644 3564
f 3726 3725 3645
f 3807 3806 3726
f 3888 3887 3807
f 3969 3968 3888
f 4050 4049 3969
f 4131 4130 4050
f 4212 4211 4131
f 4293 4292 4212
f 4374 4373 4293
f 4455 4454 4374
f 4536 4535 4455
f 4617 4616 4536
f 4698 4697 4617
f 4779 4778 4698
f 4860 4859 4779
f 4941 4940 4860
f 5022 5021 4941
f 5103 5102 5022
f 5184 5183 5103
f 5265 5264 5184
f 5346 5345 5265
f 5427 5426 5346
f 5508 5507 5427
f 5589 5588 5508
f 5670 5669 5589
f 5751 5750 5670
f 5832 5831 5751
f 5913 5912 5832
f 5994 5993 5913
f 6075 6074 5994
f 6156 6155 6075
f 6237 6236 6156
f 6318 6317 6237
f 6399 6398 6318
f 6480 6479 6399
f 6561 6560 6480
