v -0.5 -0.5 2.66491889953613
v -0.4875 -0.5 2.66361117362976
v -0.475 -0.5 2.66256785392761
v -0.4625 -0.5 2.66176009178162
v -0.45 -0.5 2.6611602306366
v -0.4375 -0.5 2.66073751449585
v -0.425 -0.5 2.66046142578125
v -0.4125 -0.5 2.66030287742615
v -0.4 -0.5 2.66023230552673
v -0.3875 -0.5 2.66021990776062
v -0.375 -0.5 2.66024112701416
v -0.3625 -0.5 2.66027140617371
v -0.35 -0.5 2.66029143333435
v -0.3375 -0.5 2.66028547286987
v -0.325 -0.5 2.66024374961853
v -0.3125 -0.5 2.66015982627869
v -0.3 -0.5 2.66003346443176
v -0.2875 -0.5 2.65986657142639
v -0.275 -0.5 2.6596667766571
v -0.2625 -0.5 2.65944290161133
v -0.25 -0.5 2.65920305252075
v -0.2375 -0.5 2.65895462036133
v -0.225 -0.5 2.65870261192322
v -0.2125 -0.5 2.658447265625
v -0.2 -0.5 2.65818786621094
v -0.1875 -0.5 2.65792059898376
v -0.175 -0.5 2.65763807296753
v -0.1625 -0.5 2.65733647346497
v -0.15 -0.5 2.65701127052307
v -0.1375 -0.5 2.65665984153748
v -0.125 -0.5 2.65628290176392
v -0.1125 -0.5 2.65588068962097
v -0.0999999999999996 -0.5 2.65545868873596
v -0.0874999999999996 -0.5 2.65502166748047
v -0.0749999999999996 -0.5 2.65457606315613
v -0.0624999999999996 -0.5 2.654128074646
v -0.0499999999999996 -0.5 2.65368437767029
v -0.0374999999999996 -0.5 2.65324974060059
v -0.0249999999999996 -0.5 2.65282893180847
v -0.0124999999999996 -0.5 2.65242457389832
v 4.44089209850063e-16 -0.5 2.65203809738159
v 0.0125000000000004 -0.5 2.65166759490967
v 0.0250000000000005 -0.5 2.65130972862244
v 0.0375000000000005 -0.5 2.65095829963684
v 0.0500000000000005 -0.5 2.65060591697693
v 0.0625000000000004 -0.5 2.65024042129517
v 0.0750000000000005 -0.5 2.64985036849976
v 0.0875000000000006 -0.5 2.64941930770874
v 0.100000000000001 -0.5 2.648930311203
v 0.1125 -0.5 2.64836406707764
v 0.125000000000001 -0.5 2.64770078659058
v 0.137500000000001 -0.5 2.6469190120697
v 0.150000000000001 -0.5 2.64599895477295
v 0.162500000000001 -0.5 2.64492082595825
v 0.175000000000001 -0.5 2.64366936683655
v 0.187500000000001 -0.5 2.64223265647888
v 0.200000000000001 -0.5 2.64060568809509
v 0.212500000000001 -0.5 2.63879346847534
v 0.225000000000001 -0.5 2.63680958747864
v 0.237500000000001 -0.5 2.63467860221863
v 0.250000000000001 -0.5 2.63243293762207
v 0.262500000000001 -0.5 2.63010764122009
v 0.275000000000001 -0.5 2.62773489952087
v 0.287500000000001 -0.5 2.62533259391785
v 0.300000000000001 -0.5 2.6229043006897
v 0.312500000000001 -0.5 2.62043738365173
v 0.325000000000001 -0.5 2.61790800094604
v 0.337500000000001 -0.5 2.61528515815735
v 0.350000000000001 -0.5 2.61254096031189
v 0.362500000000001 -0.5 2.60965037345886
v 0.375000000000001 -0.5 2.60659861564636
v 0.387500000000001 -0.5 2.6033787727356
v 0.400000000000001 -0.5 2.5999927520752
v 0.412500000000001 -0.5 2.59645009040833
v 0.425000000000001 -0.5 2.59276390075684
v 0.437500000000001 -0.5 2.58895182609558
v 0.450000000000001 -0.5 2.58503532409668
v 0.462500000000001 -0.5 2.5810399055481
v 0.475000000000001 -0.5 2.57699203491211
v 0.487500000000001 -0.5 2.57292532920837
v 0.500000000000001 -0.5 2.56887483596802
v -0.5 -0.4875 2.66768431663513
v -0.4875 -0.4875 2.66629457473755
v -0.475 -0.4875 2.66516995429993
v -0.4625 -0.4875 2.66428065299988
v -0.45 -0.4875 2.66359496116638
v -0.4375 -0.4875 2.66308212280273
v -0.425 -0.4875 2.66270995140076
v -0.4125 -0.4875 2.66244769096375
v -0.4 -0.4875 2.66226530075073
v -0.3875 -0.4875 2.66213393211365
v -0.375 -0.4875 2.66202735900879
v -0.3625 -0.4875 2.66192269325256
v -0.35 -0.4875 2.66180014610291
v -0.3375 -0.4875 2.66164469718933
v -0.325 -0.4875 2.6614453792572
v -0.3125 -0.4875 2.66119694709778
v -0.3 -0.4875 2.66089844703674
v -0.2875 -0.4875 2.66055274009705
v -0.275 -0.4875 2.66016817092896
v -0.2625 -0.4875 2.65975379943848
v -0.25 -0.4875 2.65931940078735
v -0.2375 -0.4875 2.65887427330017
v -0.225 -0.4875 2.65842366218567
v -0.2125 -0.4875 2.65797162055969
v -0.2 -0.4875 2.65751671791077
v -0.1875 -0.4875 2.65705537796021
v -0.175 -0.4875 2.65658354759216
v -0.1625 -0.4875 2.65609359741211
v -0.15 -0.4875 2.65558171272278
v -0.1375 -0.4875 2.65504479408264
v -0.125 -0.4875 2.6544816493988
v -0.1125 -0.4875 2.65389323234558
v -0.0999999999999996 -0.4875 2.65328216552734
v -0.0874999999999996 -0.4875 2.65265345573425
v -0.0749999999999996 -0.4875 2.65201210975647
v -0.0624999999999996 -0.4875 2.65136408805847
v -0.0499999999999996 -0.4875 2.65071535110474
v -0.0374999999999996 -0.4875 2.65007066726685
v -0.0249999999999996 -0.4875 2.64943313598633
v -0.0124999999999996 -0.4875 2.6488049030304
v 4.44089209850063e-16 -0.4875 2.64818644523621
v 0.0125000000000004 -0.4875 2.64757609367371
v 0.0250000000000005 -0.4875 2.64696884155273
v 0.0375000000000005 -0.4875 2.64635896682739
v 0.0500000000000005 -0.4875 2.6457371711731
v 0.0625000000000004 -0.4875 2.64509224891663
v 0.0750000000000005 -0.4875 2.64441108703613
v 0.0875000000000006 -0.4875 2.64367842674255
v 0.100000000000001 -0.4875 2.64287686347961
v 0.1125 -0.4875 2.64198851585388
v 0.125000000000001 -0.4875 2.64099383354187
v 0.137500000000001 -0.4875 2.63987421989441
v 0.150000000000001 -0.4875 2.6386125087738
v 0.162500000000001 -0.4875 2.63719177246094
v 0.175000000000001 -0.4875 2.63560175895691
v 0.187500000000001 -0.4875 2.63383603096008
v 0.200000000000001 -0.4875 2.63189744949341
v 0.212500000000001 -0.4875 2.62979674339294
v 0.225000000000001 -0.4875 2.62755656242371
v 0.237500000000001 -0.4875 2.62520790100098
v 0.250000000000001 -0.4875 2.6227879524231
v 0.262500000000001 -0.4875 2.62033534049988
v 0.275000000000001 -0.4875 2.61788296699524
v 0.287500000000001 -0.4875 2.61545348167419
v 0.300000000000001 -0.4875 2.61305332183838
v 0.312500000000001 -0.4875 2.61067962646484
v 0.325000000000001 -0.4875 2.608318567276
v 0.337500000000001 -0.4875 2.6059513092041
v 0.350000000000001 -0.4875 2.60355639457703
v 0.362500000000001 -0.4875 2.60111260414124
v 0.375000000000001 -0.4875 2.59859776496887
v 0.387500000000001 -0.4875 2.59599137306213
v 0.400000000000001 -0.4875 2.59327697753906
v 0.412500000000001 -0.4875 2.59044051170349
v 0.425000000000001 -0.4875 2.58747220039368
v 0.437500000000001 -0.4875 2.58436989784241
v 0.450000000000001 -0.4875 2.58113789558411
v 0.462500000000001 -0.4875 2.57778930664062
v 0.475000000000001 -0.4875 2.57434463500977
v 0.487500000000001 -0.4875 2.57083106040955
v 0.500000000000001 -0.4875 2.56728219985962
v -0.5 -0.475 2.67078828811646
v -0.4875 -0.475 2.66931319236755
v -0.475 -0.475 2.66810345649719
v -0.4625 -0.475 2.66712713241577
v -0.45 -0.475 2.66635060310364
v -0.4375 -0.475 2.66574168205261
v -0.425 -0.475 2.66526770591736
v -0.4125 -0.475 2.6648964881897
v -0.4 -0.475 2.6645975112915
v -0.3875 -0.475 2.66434264183044
v -0.375 -0.475 2.66410493850708
v -0.3625 -0.475 2.66386198997498
v -0.35 -0.475 2.66359400749207
v -0.3375 -0.475 2.66328573226929
v -0.325 -0.475 2.66292643547058
v -0.3125 -0.475 2.66251111030579
v -0.3 -0.475 2.66203832626343
v -0.2875 -0.475 2.66151213645935
v -0.275 -0.475 2.66094017028809
v -0.2625 -0.475 2.66033244132996
v -0.25 -0.475 2.65970087051392
v -0.2375 -0.475 2.65905451774597
v -0.225 -0.475 2.65840220451355
v -0.2125 -0.475 2.65774774551392
v -0.2 -0.475 2.65709257125854
v -0.1875 -0.475 2.65643382072449
v -0.175 -0.475 2.65576672554016
v -0.1625 -0.475 2.65508532524109
v -0.15 -0.475 2.65438389778137
v -0.1375 -0.475 2.65365862846375
v -0.125 -0.475 2.65290760993958
v -0.1125 -0.475 2.65213012695312
v -0.0999999999999996 -0.475 2.65132832527161
v -0.0874999999999996 -0.475 2.65050625801086
v -0.0749999999999996 -0.475 2.64966773986816
v -0.0624999999999996 -0.475 2.6488184928894
v -0.0499999999999996 -0.475 2.64796257019043
v -0.0374999999999996 -0.475 2.64710402488708
v -0.0249999999999996 -0.475 2.6462459564209
v -0.0124999999999996 -0.475 2.64539003372192
v 4.44089209850063e-16 -0.475 2.64453482627869
v 0.0125000000000004 -0.475 2.64367747306824
v 0.0250000000000005 -0.475 2.64281439781189
v 0.0375000000000005 -0.475 2.64193630218506
v 0.0500000000000005 -0.475 2.64103555679321
v 0.0625000000000004 -0.475 2.64009928703308
v 0.0750000000000005 -0.475 2.63911557197571
v 0.0875000000000006 -0.475 2.63806772232056
v 0.100000000000001 -0.475 2.63694047927856
v 0.1125 -0.475 2.6357159614563
v 0.125000000000001 -0.475 2.63437819480896
v 0.137500000000001 -0.475 2.63290929794312
v 0.150000000000001 -0.475 2.63129615783691
v 0.162500000000001 -0.475 2.6295280456543
v 0.175000000000001 -0.475 2.62759900093079
v 0.187500000000001 -0.475 2.62551045417786
v 0.200000000000001 -0.475 2.62327289581299
v 0.212500000000001 -0.475 2.62090563774109
v 0.225000000000001 -0.475 2.61844038963318
v 0.237500000000001 -0.475 2.61591339111328
v 0.250000000000001 -0.475 2.61336946487427
v 0.262500000000001 -0.475 2.61084938049316
v 0.275000000000001 -0.475 2.60838866233826
v 0.287500000000001 -0.475 2.60601162910461
v 0.300000000000001 -0.475 2.60373067855835
v 0.312500000000001 -0.475 2.6015477180481
v 0.325000000000001 -0.475 2.59945464134216
v 0.337500000000001 -0.475 2.59743666648865
v 0.350000000000001 -0.475 2.59546899795532
v 0.362500000000001 -0.475 2.59352087974548
v 0.375000000000001 -0.475 2.59155750274658
v 0.387500000000001 -0.475 2.5895402431488
v 0.400000000000001 -0.475 2.58743357658386
v 0.412500000000001 -0.475 2.58520674705505
v 0.425000000000001 -0.475 2.58283662796021
v 0.437500000000001 -0.475 2.58031320571899
v 0.450000000000001 -0.475 2.57763385772705
v 0.462500000000001 -0.475 2.57480931282043
v 0.475000000000001 -0.475 2.57185745239258
v 0.487500000000001 -0.475 2.56880640983582
v 0.500000000000001 -0.475 2.56568694114685
v -0.5 -0.4625 2.67423343658447
v -0.4875 -0.4625 2.67266821861267
v -0.475 -0.4625 2.67136859893799
v -0.4625 -0.4625 2.67029929161072
v -0.45 -0.4625 2.66942596435547
v -0.4375 -0.4625 2.66871500015259
v -0.425 -0.4625 2.66813254356384
v -0.4125 -0.4625 2.66764545440674
v -0.4 -0.4625 2.66722464561462
v -0.3875 -0.4625 2.66683983802795
v -0.375 -0.4625 2.66646552085876
v -0.3625 -0.4625 2.66607928276062
v -0.35 -0.4625 2.66566061973572
v -0.3375 -0.4625 2.66519522666931
v -0.325 -0.4625 2.6646716594696
v -0.3125 -0.4625 2.66408491134644
v -0.3 -0.4625 2.66343426704407
v -0.2875 -0.4625 2.66272330284119
v -0.275 -0.4625 2.66195940971375
v -0.2625 -0.4625 2.66115403175354
v -0.25 -0.4625 2.66031956672668
v -0.2375 -0.4625 2.65946650505066
v -0.225 -0.4625 2.65860605239868
v -0.2125 -0.4625 2.65774369239807
v -0.2 -0.4625 2.65688157081604
v -0.1875 -0.4625 2.65601873397827
v -0.175 -0.4625 2.65515065193176
v -0.1625 -0.4625 2.65427136421204
v -0.15 -0.4625 2.65337514877319
v -0.1375 -0.4625 2.65245699882507
v -0.125 -0.4625 2.65151429176331
v -0.1125 -0.4625 2.65054512023926
v -0.0999999999999996 -0.4625 2.64955019950867
v -0.0874999999999996 -0.4625 2.64853262901306
v -0.0749999999999996 -0.4625 2.64749526977539
v -0.0624999999999996 -0.4625 2.6464421749115
v -0.0499999999999996 -0.4625 2.64537692070007
v -0.0374999999999996 -0.4625 2.6443030834198
v -0.0249999999999996 -0.4625 2.64322209358215
v -0.0124999999999996 -0.4625 2.64213418960571
v 4.44089209850063e-16 -0.4625 2.641037940979
v 0.0125000000000004 -0.4625 2.6399290561676
v 0.0250000000000005 -0.4625 2.63880300521851
v 0.0375000000000005 -0.4625 2.63765025138855
v 0.0500000000000005 -0.4625 2.63646221160889
v 0.0625000000000004 -0.4625 2.63522696495056
v 0.0750000000000005 -0.4625 2.63393068313599
v 0.0875000000000006 -0.4625 2.63255882263184
v 0.100000000000001 -0.4625 2.63109707832336
v 0.1125 -0.4625 2.62952923774719
v 0.125000000000001 -0.4625 2.62784171104431
v 0.137500000000001 -0.4625 2.62602281570435
v 0.150000000000001 -0.4625 2.62406182289124
v 0.162500000000001 -0.4625 2.62195515632629
v 0.175000000000001 -0.4625 2.61970448493958
v 0.187500000000001 -0.4625 2.61732077598572
v 0.200000000000001 -0.4625 2.61482357978821
v 0.212500000000001 -0.4625 2.61224341392517
v 0.225000000000001 -0.4625 2.60961890220642
v 0.237500000000001 -0.4625 2.60699582099915
v 0.250000000000001 -0.4625 2.60442137718201
v 0.262500000000001 -0.4625 2.60193943977356
v 0.275000000000001 -0.4625 2.59958386421204
v 0.287500000000001 -0.4625 2.59737658500671
v 0.300000000000001 -0.4625 2.59532785415649
v 0.312500000000001 -0.4625 2.59343504905701
v 0.325000000000001 -0.4625 2.59168553352356
v 0.337500000000001 -0.4625 2.59005570411682
v 0.350000000000001 -0.4625 2.58851313591003
v 0.362500000000001 -0.4625 2.58701634407043
v 0.375000000000001 -0.4625 2.58551788330078
v 0.387500000000001 -0.4625 2.58397078514099
v 0.400000000000001 -0.4625 2.58233118057251
v 0.412500000000001 -0.4625 2.58056497573853
v 0.425000000000001 -0.4625 2.5786464214325
v 0.437500000000001 -0.4625 2.57656264305115
v 0.450000000000001 -0.4625 2.57431292533875
v 0.462500000000001 -0.4625 2.57190680503845
v 0.475000000000001 -0.4625 2.56936240196228
v 0.487500000000001 -0.4625 2.56670498847961
v 0.500000000000001 -0.4625 2.56396412849426
v -0.5 -0.45 2.67802166938782
v -0.4875 -0.45 2.67636156082153
v -0.475 -0.45 2.67496538162231
v -0.4625 -0.45 2.67379689216614
v -0.45 -0.45 2.67281913757324
v -0.4375 -0.45 2.6719982624054
v -0.425 -0.45 2.67129945755005
v -0.4125 -0.45 2.67068934440613
v -0.4 -0.45 2.67013907432556
v -0.3875 -0.45 2.66961717605591
v -0.375 -0.45 2.66909956932068
v -0.3625 -0.45 2.66856265068054
v -0.35 -0.45 2.66798758506775
v -0.3375 -0.45 2.66735816001892
v -0.325 -0.45 2.66666388511658
v -0.3125 -0.45 2.66589999198914
v -0.3 -0.45 2.66506457328796
v -0.2875 -0.45 2.66416239738464
v -0.275 -0.45 2.66320133209229
v -0.2625 -0.45 2.66219210624695
v -0.25 -0.45 2.66114783287048
v -0.2375 -0.45 2.66008162498474
v -0.225 -0.45 2.65900492668152
v -0.2125 -0.45 2.6579258441925
v -0.2 -0.45 2.65684843063354
v -0.1875 -0.45 2.65577292442322
v -0.175 -0.45 2.65469527244568
v -0.1625 -0.45 2.65361094474792
v -0.15 -0.45 2.65251326560974
v -0.1375 -0.45 2.65139698982239
v -0.125 -0.45 2.65025687217712
v -0.1125 -0.45 2.64909148216248
v -0.0999999999999996 -0.45 2.64790034294128
v -0.0874999999999996 -0.45 2.64668440818787
v -0.0749999999999996 -0.45 2.64544558525085
v -0.0624999999999996 -0.45 2.64418721199036
v -0.0499999999999996 -0.45 2.64291167259216
v -0.0374999999999996 -0.45 2.64161968231201
v -0.0249999999999996 -0.45 2.64031338691711
v -0.0124999999999996 -0.45 2.63899159431458
v 4.44089209850063e-16 -0.45 2.63765120506287
v 0.0125000000000004 -0.45 2.63628768920898
v 0.0250000000000005 -0.45 2.63489389419556
v 0.0375000000000005 -0.45 2.63346242904663
v 0.0500000000000005 -0.45 2.63198161125183
v 0.0625000000000004 -0.45 2.63044142723083
v 0.0750000000000005 -0.45 2.62882781028748
v 0.0875000000000006 -0.45 2.62712836265564
v 0.100000000000001 -0.45 2.62533020973206
v 0.1125 -0.45 2.62342119216919
v 0.125000000000001 -0.45 2.62139081954956
v 0.137500000000001 -0.45 2.61923289299011
v 0.150000000000001 -0.45 2.61694598197937
v 0.162500000000001 -0.45 2.61453366279602
v 0.175000000000001 -0.45 2.61200833320618
v 0.187500000000001 -0.45 2.60939192771912
v 0.200000000000001 -0.45 2.60671472549438
v 0.212500000000001 -0.45 2.60401797294617
v 0.225000000000001 -0.45 2.60134863853455
v 0.237500000000001 -0.45 2.59875512123108
v 0.250000000000001 -0.45 2.59628415107727
v 0.262500000000001 -0.45 2.59397196769714
v 0.275000000000001 -0.45 2.59184122085571
v 0.287500000000001 -0.45 2.58990168571472
v 0.300000000000001 -0.45 2.58814930915833
v 0.312500000000001 -0.45 2.58657002449036
v 0.325000000000001 -0.45 2.58514285087585
v 0.337500000000001 -0.45 2.58383727073669
v 0.350000000000001 -0.45 2.58261656761169
v 0.362500000000001 -0.45 2.58143925666809
v 0.375000000000001 -0.45 2.58025789260864
v 0.387500000000001 -0.45 2.57902717590332
v 0.400000000000001 -0.45 2.57770538330078
v 0.412500000000001 -0.45 2.57626032829285
v 0.425000000000001 -0.45 2.57466840744019
v 0.437500000000001 -0.45 2.57291769981384
v 0.450000000000001 -0.45 2.57100677490234
v 0.462500000000001 -0.45 2.56894540786743
v 0.475000000000001 -0.45 2.56674933433533
v 0.487500000000001 -0.45 2.56444048881531
v 0.500000000000001 -0.45 2.56204581260681
v -0.5 -0.4375 2.68215370178223
v -0.4875 -0.4375 2.68039298057556
v -0.475 -0.4375 2.67889332771301
v -0.4625 -0.4375 2.6776168346405
v -0.45 -0.4375 2.67652678489685
v -0.4375 -0.4375 2.67558741569519
v -0.425 -0.4375 2.67476344108582
v -0.4125 -0.4375 2.67402195930481
v -0.4 -0.4375 2.67333197593689
v -0.3875 -0.4375 2.67266535758972
v -0.375 -0.4375 2.67199492454529
v -0.3625 -0.4375 2.67129898071289
v -0.35 -0.4375 2.67055773735046
v -0.3375 -0.4375 2.66975617408752
v -0.325 -0.4375 2.66888403892517
v -0.3125 -0.4375 2.66793489456177
v -0.3 -0.4375 2.66690826416016
v -0.2875 -0.4375 2.66580772399902
v -0.275 -0.4375 2.66464114189148
v -0.2625 -0.4375 2.66342091560364
v -0.25 -0.4375 2.66215920448303
v -0.2375 -0.4375 2.66087126731873
v -0.225 -0.4375 2.65956926345825
v -0.2125 -0.4375 2.65826392173767
v -0.2 -0.4375 2.65696120262146
v -0.1875 -0.4375 2.65566229820251
v -0.175 -0.4375 2.65436577796936
v -0.1625 -0.4375 2.65306663513184
v -0.15 -0.4375 2.65175890922546
v -0.1375 -0.4375 2.65043616294861
v -0.125 -0.4375 2.64909338951111
v -0.1125 -0.4375 2.6477267742157
v -0.0999999999999996 -0.4375 2.64633464813232
v -0.0874999999999996 -0.4375 2.64491724967957
v -0.0749999999999996 -0.4375 2.643474817276
v -0.0624999999999996 -0.4375 2.64200854301453
v -0.0499999999999996 -0.4375 2.64052057266235
v -0.0374999999999996 -0.4375 2.6390106678009
v -0.0249999999999996 -0.4375 2.63747763633728
v -0.0124999999999996 -0.4375 2.63592028617859
v 4.44089209850063e-16 -0.4375 2.63433384895325
v 0.0125000000000004 -0.4375 2.63271284103394
v 0.0250000000000005 -0.4375 2.63105058670044
v 0.0375000000000005 -0.4375 2.62933659553528
v 0.0500000000000005 -0.4375 2.62756252288818
v 0.0625000000000004 -0.4375 2.62571573257446
v 0.0750000000000005 -0.4375 2.62378668785095
v 0.0875000000000006 -0.4375 2.62176394462585
v 0.100000000000001 -0.4375 2.61963820457458
v 0.1125 -0.4375 2.61740279197693
v 0.125000000000001 -0.4375 2.61505389213562
v 0.137500000000001 -0.4375 2.61259460449219
v 0.150000000000001 -0.4375 2.61003160476685
v 0.162500000000001 -0.4375 2.60738158226013
v 0.175000000000001 -0.4375 2.60466933250427
v 0.187500000000001 -0.4375 2.60192704200745
v 0.200000000000001 -0.4375 2.59919667243958
v 0.212500000000001 -0.4375 2.59652328491211
v 0.225000000000001 -0.4375 2.59395408630371
v 0.237500000000001 -0.4375 2.59152984619141
v 0.250000000000001 -0.4375 2.58928227424622
v 0.262500000000001 -0.4375 2.58722805976868
v 0.275000000000001 -0.4375 2.5853705406189
v 0.287500000000001 -0.4375 2.58369994163513
v 0.300000000000001 -0.4375 2.58220076560974
v 0.312500000000001 -0.4375 2.58085227012634
v 0.325000000000001 -0.4375 2.57963252067566
v 0.337500000000001 -0.4375 2.57851672172546
v 0.350000000000001 -0.4375 2.57747459411621
v 0.362500000000001 -0.4375 2.57647180557251
v 0.375000000000001 -0.4375 2.57546973228455
v 0.387500000000001 -0.4375 2.57442855834961
v 0.400000000000001 -0.4375 2.57331156730652
v 0.412500000000001 -0.4375 2.57208847999573
v 0.425000000000001 -0.4375 2.57073831558228
v 0.437500000000001 -0.4375 2.56924939155579
v 0.450000000000001 -0.4375 2.56761932373047
v 0.462500000000001 -0.4375 2.56585431098938
v 0.475000000000001 -0.4375 2.56396794319153
v 0.487500000000001 -0.4375 2.56197905540466
v 0.500000000000001 -0.4375 2.55990958213806
v -0.5 -0.425 2.6866295337677
v -0.4875 -0.425 2.6847608089447
v -0.475 -0.425 2.68314981460571
v -0.4625 -0.425 2.6817569732666
v -0.45 -0.425 2.68054485321045
v -0.4375 -0.425 2.67947721481323
v -0.425 -0.425 2.67851805686951
v -0.4125 -0.425 2.6776340007782
v -0.4 -0.425 2.67679500579834
v -0.3875 -0.425 2.67597198486328
v -0.375 -0.425 2.67513918876648
v -0.3625 -0.425 2.67427396774292
v -0.35 -0.425 2.6733570098877
v -0.3375 -0.425 2.67237424850464
v -0.325 -0.425 2.67131400108337
v -0.3125 -0.425 2.670170545578
v -0.3 -0.425 2.66894364356995
v -0.2875 -0.425 2.66763615608215
v -0.275 -0.425 2.66625642776489
v -0.2625 -0.425 2.66481566429138
v -0.25 -0.425 2.66332793235779
v -0.2375 -0.425 2.66180872917175
v -0.225 -0.425 2.66027188301086
v -0.2125 -0.425 2.65872955322266
v -0.2 -0.425 2.6571900844574
v -0.1875 -0.425 2.65565729141235
v -0.175 -0.425 2.65413045883179
v -0.1625 -0.425 2.65260577201843
v -0.15 -0.425 2.65107798576355
v -0.1375 -0.425 2.64953994750977
v -0.125 -0.425 2.64798712730408
v -0.1125 -0.425 2.64641284942627
v -0.0999999999999996 -0.425 2.64481544494629
v -0.0874999999999996 -0.425 2.64319252967834
v -0.0749999999999996 -0.425 2.64154362678528
v -0.0624999999999996 -0.425 2.63986778259277
v -0.0499999999999996 -0.425 2.63816595077515
v -0.0374999999999996 -0.425 2.63643598556519
v -0.0249999999999996 -0.425 2.6346755027771
v -0.0124999999999996 -0.425 2.63288187980652
v 4.44089209850063e-16 -0.425 2.63104891777039
v 0.0125000000000004 -0.425 2.6291708946228
v 0.0250000000000005 -0.425 2.62723898887634
v 0.0375000000000005 -0.425 2.62524557113647
v 0.0500000000000005 -0.425 2.62318015098572
v 0.0625000000000004 -0.425 2.6210343837738
v 0.0750000000000005 -0.425 2.61879968643188
v 0.0875000000000006 -0.425 2.61646938323975
v 0.100000000000001 -0.425 2.61404156684875
v 0.1125 -0.425 2.61151695251465
v 0.125000000000001 -0.425 2.60890173912048
v 0.137500000000001 -0.425 2.60621047019958
v 0.150000000000001 -0.425 2.60346269607544
v 0.162500000000001 -0.425 2.60068774223328
v 0.175000000000001 -0.425 2.59791946411133
v 0.187500000000001 -0.425 2.5951976776123
v 0.200000000000001 -0.425 2.59256339073181
v 0.212500000000001 -0.425 2.59005284309387
v 0.225000000000001 -0.425 2.58769822120667
v 0.237500000000001 -0.425 2.58551859855652
v 0.250000000000001 -0.425 2.58352255821228
v 0.262500000000001 -0.425 2.58170580863953
v 0.275000000000001 -0.425 2.58005690574646
v 0.287500000000001 -0.425 2.57855701446533
v 0.300000000000001 -0.425 2.57719016075134
v 0.312500000000001 -0.425 2.57594180107117
v 0.325000000000001 -0.425 2.5747983455658
v 0.337500000000001 -0.425 2.57374453544617
v 0.350000000000001 -0.425 2.57276320457458
v 0.362500000000001 -0.425 2.57182931900024
v 0.375000000000001 -0.425 2.57091188430786
v 0.387500000000001 -0.425 2.56997752189636
v 0.400000000000001 -0.425 2.56899380683899
v 0.412500000000001 -0.425 2.56793260574341
v 0.425000000000001 -0.425 2.56677293777466
v 0.437500000000001 -0.425 2.56550097465515
v 0.450000000000001 -0.425 2.56411409378052
v 0.462500000000001 -0.425 2.56261491775513
v 0.475000000000001 -0.425 2.56101298332214
v 0.487500000000001 -0.425 2.55932331085205
v 0.500000000000001 -0.425 2.55756449699402
v -0.5 -0.4125 2.69144749641418
v -0.4875 -0.4125 2.6894633769989
v -0.475 -0.4125 2.68773150444031
v -0.4625 -0.4125 2.68621301651001
v -0.45 -0.4125 2.68486833572388
v -0.4375 -0.4125 2.68366074562073
v -0.425 -0.4125 2.68255424499512
v -0.4125 -0.4125 2.68151712417603
v -0.4 -0.4125 2.68051719665527
v -0.3875 -0.4125 2.67952609062195
v -0.375 -0.4125 2.67851948738098
v -0.3625 -0.4125 2.67747354507446
v -0.35 -0.4125 2.67637038230896
v -0.3375 -0.4125 2.67519497871399
v -0.325 -0.4125 2.67393660545349
v -0.3125 -0.4125 2.67258954048157
v -0.3 -0.4125 2.67115259170532
v -0.2875 -0.4125 2.66962862014771
v -0.275 -0.4125 2.66802620887756
v -0.2625 -0.4125 2.66635584831238
v -0.25 -0.4125 2.66463303565979
v -0.2375 -0.4125 2.66287279129028
v -0.225 -0.4125 2.6610906124115
v -0.2125 -0.4125 2.6593005657196
v -0.2 -0.4125 2.65751314163208
v -0.1875 -0.4125 2.65573382377625
v -0.175 -0.4125 2.65396475791931
v -0.1625 -0.4125 2.65220284461975
v -0.15 -0.4125 2.65044379234314
v -0.1375 -0.4125 2.64868140220642
v -0.125 -0.4125 2.64690828323364
v -0.1125 -0.4125 2.6451199054718
v -0.0999999999999996 -0.4125 2.64331030845642
v -0.0874999999999996 -0.4125 2.64147734642029
v -0.0749999999999996 -0.4125 2.63961839675903
v -0.0624999999999996 -0.4125 2.63773083686829
v -0.0499999999999996 -0.4125 2.63581323623657
v -0.0374999999999996 -0.4125 2.63386225700378
v -0.0249999999999996 -0.4125 2.63187503814697
v -0.0124999999999996 -0.4125 2.62984585762024
v 4.44089209850063e-16 -0.4125 2.62776803970337
v 0.0125000000000004 -0.4125 2.62563490867615
v 0.0250000000000005 -0.4125 2.62343859672546
v 0.0375000000000005 -0.4125 2.62117052078247
v 0.0500000000000005 -0.4125 2.61882472038269
v 0.0625000000000004 -0.4125 2.61639523506165
v 0.0750000000000005 -0.4125 2.61387872695923
v 0.0875000000000006 -0.4125 2.61127734184265
v 0.100000000000001 -0.4125 2.60859680175781
v 0.1125 -0.4125 2.60585021972656
v 0.125000000000001 -0.4125 2.60305762290955
v 0.137500000000001 -0.4125 2.60024547576904
v 0.150000000000001 -0.4125 2.59744501113892
v 0.162500000000001 -0.4125 2.5946900844574
v 0.175000000000001 -0.4125 2.5920147895813
v 0.187500000000001 -0.4125 2.58944869041443
v 0.200000000000001 -0.4125 2.58701491355896
v 0.212500000000001 -0.4125 2.58473014831543
v 0.225000000000001 -0.4125 2.58260154724121
v 0.237500000000001 -0.4125 2.58062934875488
v 0.250000000000001 -0.4125 2.57880663871765
v 0.262500000000001 -0.4125 2.57712054252625
v 0.275000000000001 -0.4125 2.57555723190308
v 0.287500000000001 -0.4125 2.57410311698914
v 0.300000000000001 -0.4125 2.57274866104126
v 0.312500000000001 -0.4125 2.57149076461792
v 0.325000000000001 -0.4125 2.57032561302185
v 0.337500000000001 -0.4125 2.56925129890442
v 0.350000000000001 -0.4125 2.5682590007782
v 0.362500000000001 -0.4125 2.56733179092407
v 0.375000000000001 -0.4125 2.56644582748413
v 0.387500000000001 -0.4125 2.56557250022888
v 0.400000000000001 -0.4125 2.56468176841736
v 0.412500000000001 -0.4125 2.56374621391296
v 0.425000000000001 -0.4125 2.56274461746216
v 0.437500000000001 -0.4125 2.56166291236877
v 0.450000000000001 -0.4125 2.56049418449402
v 0.462500000000001 -0.4125 2.55923891067505
v 0.475000000000001 -0.4125 2.55790328979492
v 0.487500000000001 -0.4125 2.5564980506897
v 0.500000000000001 -0.4125 2.55503726005554
v -0.5 -0.4 2.69660568237305
v -0.4875 -0.4 2.69449687004089
v -0.475 -0.4 2.69263505935669
v -0.4625 -0.4 2.69097876548767
v -0.45 -0.4 2.6894896030426
v -0.4375 -0.4 2.68813014030457
v -0.425 -0.4 2.68686532974243
v -0.4125 -0.4 2.68566155433655
v -0.4 -0.4 2.68448805809021
v -0.3875 -0.4 2.68331694602966
v -0.375 -0.4 2.6821231842041
v -0.3625 -0.4 2.68088483810425
v -0.35 -0.4 2.67958331108093
v -0.3375 -0.4 2.67820405960083
v -0.325 -0.4 2.67673683166504
v -0.3125 -0.4 2.6751754283905
v -0.3 -0.4 2.67351794242859
v -0.2875 -0.4 2.67176866531372
v -0.275 -0.4 2.66993355751038
v -0.2625 -0.4 2.66802525520325
v -0.25 -0.4 2.66605687141418
v -0.2375 -0.4 2.66404581069946
v -0.225 -0.4 2.66200757026672
v -0.2125 -0.4 2.65995860099792
v -0.2 -0.4 2.6579110622406
v -0.1875 -0.4 2.65587282180786
v -0.175 -0.4 2.65384817123413
v -0.1625 -0.4 2.65183663368225
v -0.15 -0.4 2.64983487129211
v -0.1375 -0.4 2.64783596992493
v -0.125 -0.4 2.64583444595337
v -0.1125 -0.4 2.64382219314575
v -0.0999999999999996 -0.4 2.64179468154907
v -0.0874999999999996 -0.4 2.63974618911743
v -0.0749999999999996 -0.4 2.63767337799072
v -0.0624999999999996 -0.4 2.63557147979736
v -0.0499999999999996 -0.4 2.63343691825867
v -0.0374999999999996 -0.4 2.63126540184021
v -0.0249999999999996 -0.4 2.62905120849609
v -0.0124999999999996 -0.4 2.62678837776184
v 4.44089209850063e-16 -0.4 2.62446904182434
v 0.0125000000000004 -0.4 2.62208700180054
v 0.0250000000000005 -0.4 2.61963534355164
v 0.0375000000000005 -0.4 2.61710810661316
v 0.0500000000000005 -0.4 2.61450290679932
v 0.0625000000000004 -0.4 2.61182069778442
v 0.0750000000000005 -0.4 2.60906720161438
v 0.0875000000000006 -0.4 2.60625576972961
v 0.100000000000001 -0.4 2.6034049987793
v 0.1125 -0.4 2.6005425453186
v 0.125000000000001 -0.4 2.59769892692566
v 0.137500000000001 -0.4 2.59490776062012
v 0.150000000000001 -0.4 2.59219837188721
v 0.162500000000001 -0.4 2.58959436416626
v 0.175000000000001 -0.4 2.58711004257202
v 0.187500000000001 -0.4 2.58475184440613
v 0.200000000000001 -0.4 2.5825207233429
v 0.212500000000001 -0.4 2.5804135799408
v 0.225000000000001 -0.4 2.57842540740967
v 0.237500000000001 -0.4 2.57655119895935
v 0.250000000000001 -0.4 2.57478141784668
v 0.262500000000001 -0.4 2.57310771942139
v 0.275000000000001 -0.4 2.57152152061462
v 0.287500000000001 -0.4 2.57001733779907
v 0.300000000000001 -0.4 2.56859588623047
v 0.312500000000001 -0.4 2.56726217269897
v 0.325000000000001 -0.4 2.5660228729248
v 0.337500000000001 -0.4 2.56488394737244
v 0.350000000000001 -0.4 2.56384420394897
v 0.362500000000001 -0.4 2.56289291381836
v 0.375000000000001 -0.4 2.56201195716858
v 0.387500000000001 -0.4 2.56117558479309
v 0.400000000000001 -0.4 2.56035494804382
v 0.412500000000001 -0.4 2.55952525138855
v 0.425000000000001 -0.4 2.55866241455078
v 0.437500000000001 -0.4 2.55775189399719
v 0.450000000000001 -0.4 2.55678391456604
v 0.462500000000001 -0.4 2.55575609207153
v 0.475000000000001 -0.4 2.55467128753662
v 0.487500000000001 -0.4 2.55353713035583
v 0.500000000000001 -0.4 2.55236315727234
v -0.5 -0.3875 2.70210075378418
v -0.4875 -0.3875 2.69985747337341
v -0.475 -0.3875 2.69785380363464
v -0.4625 -0.3875 2.69604873657227
v -0.45 -0.3875 2.69440317153931
v -0.4375 -0.3875 2.69287919998169
v -0.425 -0.3875 2.69144153594971
v -0.4125 -0.3875 2.6900577545166
v -0.4 -0.3875 2.68869757652283
v -0.3875 -0.3875 2.68733286857605
v -0.375 -0.3875 2.68593978881836
v -0.3625 -0.3875 2.68449640274048
v -0.35 -0.3875 2.6829845905304
v -0.3375 -0.3875 2.68139028549194
v -0.325 -0.3875 2.67970252037048
v -0.3125 -0.3875 2.67791628837585
v -0.3 -0.3875 2.67602849006653
v -0.2875 -0.3875 2.67404270172119
v -0.275 -0.3875 2.67196583747864
v -0.2625 -0.3875 2.66980910301208
v -0.25 -0.3875 2.66758608818054
v -0.2375 -0.3875 2.66531419754028
v -0.225 -0.3875 2.66300964355469
v -0.2125 -0.3875 2.66069030761719
v -0.2 -0.3875 2.65837073326111
v -0.1875 -0.3875 2.65606117248535
v -0.175 -0.3875 2.65376830101013
v -0.1625 -0.3875 2.65149354934692
v -0.15 -0.3875 2.64923620223999
v -0.1375 -0.3875 2.64698958396912
v -0.125 -0.3875 2.6447479724884
v -0.1125 -0.3875 2.64250349998474
v -0.0999999999999996 -0.3875 2.64025044441223
v -0.0874999999999996 -0.3875 2.63798117637634
v -0.0749999999999996 -0.3875 2.6356897354126
v -0.0624999999999996 -0.3875 2.63337111473083
v -0.0499999999999996 -0.3875 2.63101863861084
v -0.0374999999999996 -0.3875 2.62862658500671
v -0.0249999999999996 -0.3875 2.62618803977966
v -0.0124999999999996 -0.3875 2.62369537353516
v 4.44089209850063e-16 -0.3875 2.62114214897156
v 0.0125000000000004 -0.3875 2.61852240562439
v 0.0250000000000005 -0.3875 2.61583256721497
v 0.0375000000000005 -0.3875 2.61307120323181
v 0.0500000000000005 -0.3875 2.6102442741394
v 0.0625000000000004 -0.3875 2.6073625087738
v 0.0750000000000005 -0.3875 2.60444474220276
v 0.0875000000000006 -0.3875 2.60151791572571
v 0.100000000000001 -0.3875 2.59861469268799
v 0.1125 -0.3875 2.59577059745789
v 0.125000000000001 -0.3875 2.5930163860321
v 0.137500000000001 -0.3875 2.59037399291992
v 0.150000000000001 -0.3875 2.58785319328308
v 0.162500000000001 -0.3875 2.58544921875
v 0.175000000000001 -0.3875 2.58315300941467
v 0.187500000000001 -0.3875 2.58095097541809
v 0.200000000000001 -0.3875 2.57883358001709
v 0.212500000000001 -0.3875 2.57679605484009
v 0.225000000000001 -0.3875 2.57483410835266
v 0.237500000000001 -0.3875 2.57294726371765
v 0.250000000000001 -0.3875 2.57113218307495
v 0.262500000000001 -0.3875 2.56938624382019
v 0.275000000000001 -0.3875 2.56770825386047
v 0.287500000000001 -0.3875 2.56610035896301
v 0.300000000000001 -0.3875 2.56457042694092
v 0.312500000000001 -0.3875 2.56313014030457
v 0.325000000000001 -0.3875 2.56179428100586
v 0.337500000000001 -0.3875 2.56057333946228
v 0.350000000000001 -0.3875 2.55947208404541
v 0.362500000000001 -0.3875 2.55848526954651
v 0.375000000000001 -0.3875 2.55759739875793
v 0.387500000000001 -0.3875 2.55678606033325
v 0.400000000000001 -0.3875 2.55602431297302
v 0.412500000000001 -0.3875 2.55528616905212
v 0.425000000000001 -0.3875 2.55454921722412
v 0.437500000000001 -0.3875 2.55379605293274
v 0.450000000000001 -0.3875 2.55301523208618
v 0.462500000000001 -0.3875 2.55220103263855
v 0.475000000000001 -0.3875 2.55135416984558
v 0.487500000000001 -0.3875 2.55047821998596
v 0.500000000000001 -0.3875 2.54958009719849
v -0.5 -0.375 2.70792841911316
v -0.4875 -0.375 2.70554065704346
v -0.475 -0.375 2.70338368415833
v -0.4625 -0.375 2.70141673088074
v -0.45 -0.375 2.6996009349823
v -0.4375 -0.375 2.69789862632751
v -0.425 -0.375 2.69627523422241
v -0.4125 -0.375 2.6946976184845
v -0.4 -0.375 2.6931369304657
v -0.3875 -0.375 2.69156527519226
v -0.375 -0.375 2.68995976448059
v -0.3625 -0.375 2.68829870223999
v -0.35 -0.375 2.68656420707703
v -0.3375 -0.375 2.68474268913269
v -0.325 -0.375 2.68282389640808
v -0.3125 -0.375 2.6808009147644
v -0.3 -0.375 2.67867279052734
v -0.2875 -0.375 2.67644095420837
v -0.275 -0.375 2.67411279678345
v -0.2625 -0.375 2.67169785499573
v -0.25 -0.375 2.66921091079712
v -0.2375 -0.375 2.66666769981384
v -0.225 -0.375 2.66408729553223
v -0.2125 -0.375 2.66148686408997
v -0.2 -0.375 2.65888333320618
v -0.1875 -0.375 2.65629029273987
v -0.175 -0.375 2.65371632575989
v -0.1625 -0.375 2.65116572380066
v -0.15 -0.375 2.64863896369934
v -0.1375 -0.375 2.64613223075867
v -0.125 -0.375 2.64363932609558
v -0.1125 -0.375 2.64115333557129
v -0.0999999999999996 -0.375 2.63866591453552
v -0.0874999999999996 -0.375 2.63616919517517
v -0.0749999999999996 -0.375 2.63365530967712
v -0.0624999999999996 -0.375 2.63111686706543
v -0.0499999999999996 -0.375 2.62854599952698
v -0.0374999999999996 -0.375 2.62593507766724
v -0.0249999999999996 -0.375 2.6232762336731
v -0.0124999999999996 -0.375 2.6205620765686
v 4.44089209850063e-16 -0.375 2.61778783798218
v 0.0125000000000004 -0.375 2.61494994163513
v 0.0250000000000005 -0.375 2.61205101013184
v 0.0375000000000005 -0.375 2.6090989112854
v 0.0500000000000005 -0.375 2.60610961914062
v 0.0625000000000004 -0.375 2.60310959815979
v 0.0750000000000005 -0.375 2.60013151168823
v 0.0875000000000006 -0.375 2.59721350669861
v 0.100000000000001 -0.375 2.59439253807068
v 0.1125 -0.375 2.59169459342957
v 0.125000000000001 -0.375 2.58913087844849
v 0.137500000000001 -0.375 2.58669352531433
v 0.150000000000001 -0.375 2.58436179161072
v 0.162500000000001 -0.375 2.58210921287537
v 0.175000000000001 -0.375 2.57991337776184
v 0.187500000000001 -0.375 2.57776141166687
v 0.200000000000001 -0.375 2.57564830780029
v 0.212500000000001 -0.375 2.57357597351074
v 0.225000000000001 -0.375 2.57155013084412
v 0.237500000000001 -0.375 2.569575548172
v 0.250000000000001 -0.375 2.56765484809875
v 0.262500000000001 -0.375 2.56579089164734
v 0.275000000000001 -0.375 2.56398701667786
v 0.287500000000001 -0.375 2.56225180625916
v 0.300000000000001 -0.375 2.56059813499451
v 0.312500000000001 -0.375 2.55904197692871
v 0.325000000000001 -0.375 2.55760455131531
v 0.337500000000001 -0.375 2.55629825592041
v 0.350000000000001 -0.375 2.55513381958008
v 0.362500000000001 -0.375 2.55410838127136
v 0.375000000000001 -0.375 2.55321049690247
v 0.387500000000001 -0.375 2.55241847038269
v 0.400000000000001 -0.375 2.55170893669128
v 0.412500000000001 -0.375 2.55105519294739
v 0.425000000000001 -0.375 2.55043435096741
v 0.437500000000001 -0.375 2.54982709884644
v 0.450000000000001 -0.375 2.54922127723694
v 0.462500000000001 -0.375 2.54860877990723
v 0.475000000000001 -0.375 2.54798722267151
v 0.487500000000001 -0.375 2.5473575592041
v 0.500000000000001 -0.375 2.54672408103943
v -0.5 -0.3625 2.71408367156982
v -0.4875 -0.3625 2.71153998374939
v -0.475 -0.3625 2.70921778678894
v -0.4625 -0.3625 2.70707583427429
v -0.45 -0.3625 2.70507645606995
v -0.4375 -0.3625 2.70318222045898
v -0.425 -0.3625 2.70135831832886
v -0.4125 -0.3625 2.69957327842712
v -0.4 -0.3625 2.69779849052429
v -0.3875 -0.3625 2.69600677490234
v -0.375 -0.3625 2.69417572021484
v -0.3625 -0.3625 2.69228410720825
v -0.35 -0.3625 2.69031500816345
v -0.3375 -0.3625 2.68825483322144
v -0.325 -0.3625 2.68609309196472
v -0.3125 -0.3625 2.68382382392883
v -0.3 -0.3625 2.6814444065094
v -0.2875 -0.3625 2.67895674705505
v -0.275 -0.3625 2.67636704444885
v -0.2625 -0.3625 2.67368507385254
v -0.25 -0.3625 2.67092442512512
v -0.2375 -0.3625 2.66810154914856
v -0.225 -0.3625 2.66523480415344
v -0.2125 -0.3625 2.6623432636261
v -0.2 -0.3625 2.65944504737854
v -0.1875 -0.3625 2.65655612945557
v -0.175 -0.3625 2.65368819236755
v -0.1625 -0.3625 2.65084838867188
v -0.15 -0.3625 2.64803957939148
v -0.1375 -0.3625 2.64525985717773
v -0.125 -0.3625 2.64250445365906
v -0.1125 -0.3625 2.63976573944092
v -0.0999999999999996 -0.3625 2.63703608512878
v -0.0874999999999996 -0.3625 2.6343047618866
v -0.0749999999999996 -0.3625 2.63156390190125
v -0.0624999999999996 -0.3625 2.62880373001099
v -0.0499999999999996 -0.3625 2.62601470947266
v -0.0374999999999996 -0.3625 2.62318873405457
v -0.0249999999999996 -0.3625 2.62031745910645
v -0.0124999999999996 -0.3625 2.61739563941956
v 4.44089209850063e-16 -0.3625 2.61442112922668
v 0.0125000000000004 -0.3625 2.61139750480652
v 0.0250000000000005 -0.3625 2.60833549499512
v 0.0375000000000005 -0.3625 2.60525822639465
v 0.0500000000000005 -0.3625 2.6021945476532
v 0.0625000000000004 -0.3625 2.59918522834778
v 0.0750000000000005 -0.3625 2.59627199172974
v 0.0875000000000006 -0.3625 2.5934910774231
v 0.100000000000001 -0.3625 2.59086084365845
v 0.1125 -0.3625 2.58837938308716
v 0.125000000000001 -0.3625 2.58602118492126
v 0.137500000000001 -0.3625 2.58374905586243
v 0.150000000000001 -0.3625 2.5815258026123
v 0.162500000000001 -0.3625 2.57932090759277
v 0.175000000000001 -0.3625 2.57711863517761
v 0.187500000000001 -0.3625 2.57491660118103
v 0.200000000000001 -0.3625 2.57272124290466
v 0.212500000000001 -0.3625 2.57054591178894
v 0.225000000000001 -0.3625 2.56840133666992
v 0.237500000000001 -0.3625 2.56629824638367
v 0.250000000000001 -0.3625 2.5642421245575
v 0.262500000000001 -0.3625 2.56224036216736
v 0.275000000000001 -0.3625 2.56029891967773
v 0.287500000000001 -0.3625 2.55843091011047
v 0.300000000000001 -0.3625 2.5566520690918
v 0.312500000000001 -0.3625 2.55498385429382
v 0.325000000000001 -0.3625 2.55344748497009
v 0.337500000000001 -0.3625 2.55206179618835
v 0.350000000000001 -0.3625 2.55083775520325
v 0.362500000000001 -0.3625 2.54977679252625
v 0.375000000000001 -0.3625 2.54886865615845
v 0.387500000000001 -0.3625 2.548095703125
v 0.400000000000001 -0.3625 2.54743361473083
v 0.412500000000001 -0.3625 2.54685807228088
v 0.425000000000001 -0.3625 2.54634499549866
v 0.437500000000001 -0.3625 2.54587531089783
v 0.450000000000001 -0.3625 2.54543399810791
v 0.462500000000001 -0.3625 2.54501152038574
v 0.475000000000001 -0.3625 2.54460382461548
v 0.487500000000001 -0.3625 2.54420828819275
v 0.500000000000001 -0.3625 2.54382801055908
v -0.5 -0.35 2.72056150436401
v -0.4875 -0.35 2.71784996986389
v -0.475 -0.35 2.71534943580627
v -0.4625 -0.35 2.71301960945129
v -0.45 -0.35 2.71082282066345
v -0.4375 -0.35 2.70872235298157
v -0.425 -0.35 2.70668458938599
v -0.4125 -0.35 2.70467853546143
v -0.4 -0.35 2.70267558097839
v -0.3875 -0.35 2.70065069198608
v -0.375 -0.35 2.69858121871948
v -0.3625 -0.35 2.69644737243652
v -0.35 -0.35 2.69423151016235
v -0.3375 -0.35 2.69192123413086
v -0.325 -0.35 2.68950605392456
v -0.3125 -0.35 2.68697905540466
v -0.3 -0.35 2.68433833122253
v -0.2875 -0.35 2.68158507347107
v -0.275 -0.35 2.67872452735901
v -0.2625 -0.35 2.6757664680481
v -0.25 -0.35 2.67272281646729
v -0.2375 -0.35 2.66961097717285
v -0.225 -0.35 2.66644906997681
v -0.2125 -0.35 2.66325640678406
v -0.2 -0.35 2.66005373001099
v -0.1875 -0.35 2.65685772895813
v -0.175 -0.35 2.65368437767029
v -0.1625 -0.35 2.65054202079773
v -0.15 -0.35 2.64743876457214
v -0.1375 -0.35 2.64437341690063
v -0.125 -0.35 2.64134287834167
v -0.1125 -0.35 2.63834166526794
v -0.0999999999999996 -0.35 2.63535976409912
v -0.0874999999999996 -0.35 2.6323881149292
v -0.0749999999999996 -0.35 2.62941598892212
v -0.0624999999999996 -0.35 2.62643313407898
v -0.0499999999999996 -0.35 2.62342858314514
v -0.0374999999999996 -0.35 2.62039422988892
v -0.0249999999999996 -0.35 2.6173243522644
v -0.0124999999999996 -0.35 2.61421632766724
v 4.44089209850063e-16 -0.35 2.61107516288757
v 0.0125000000000004 -0.35 2.60791492462158
v 0.0250000000000005 -0.35 2.60476016998291
v 0.0375000000000005 -0.35 2.60164713859558
v 0.0500000000000005 -0.35 2.59862017631531
v 0.0625000000000004 -0.35 2.59572410583496
v 0.0750000000000005 -0.35 2.59299206733704
v 0.0875000000000006 -0.35 2.59043478965759
v 0.100000000000001 -0.35 2.58803367614746
v 0.1125 -0.35 2.58574891090393
v 0.125000000000001 -0.35 2.58352899551392
v 0.137500000000001 -0.35 2.58132576942444
v 0.150000000000001 -0.35 2.57910394668579
v 0.162500000000001 -0.35 2.57684588432312
v 0.175000000000001 -0.35 2.57455110549927
v 0.187500000000001 -0.35 2.57223057746887
v 0.200000000000001 -0.35 2.56990242004395
v 0.212500000000001 -0.35 2.56758570671082
v 0.225000000000001 -0.35 2.5652973651886
v 0.237500000000001 -0.35 2.56304860115051
v 0.250000000000001 -0.35 2.56084799766541
v 0.262500000000001 -0.35 2.55870389938354
v 0.275000000000001 -0.35 2.55662560462952
v 0.287500000000001 -0.35 2.55462837219238
v 0.300000000000001 -0.35 2.55273199081421
v 0.312500000000001 -0.35 2.55095863342285
v 0.325000000000001 -0.35 2.54933333396912
v 0.337500000000001 -0.35 2.54787588119507
v 0.350000000000001 -0.35 2.54659914970398
v 0.362500000000001 -0.35 2.54550719261169
v 0.375000000000001 -0.35 2.54459261894226
v 0.387500000000001 -0.35 2.54383826255798
v 0.400000000000001 -0.35 2.54322195053101
v 0.412500000000001 -0.35 2.54271984100342
v 0.425000000000001 -0.35 2.54230809211731
v 0.437500000000001 -0.35 2.54196667671204
v 0.450000000000001 -0.35 2.54167985916138
v 0.462500000000001 -0.35 2.54143667221069
v 0.475000000000001 -0.35 2.54123020172119
v 0.487500000000001 -0.35 2.54105758666992
v 0.500000000000001 -0.35 2.54091906547546
v -0.5 -0.3375 2.72735571861267
v -0.4875 -0.3375 2.72446441650391
v -0.475 -0.3375 2.72177314758301
v -0.4625 -0.3375 2.71924257278442
v -0.45 -0.3375 2.71683430671692
v -0.4375 -0.3375 2.71451377868652
v -0.425 -0.3375 2.71224856376648
v -0.4125 -0.3375 2.71000742912292
v -0.4 -0.3375 2.70776414871216
v -0.3875 -0.3375 2.70549368858337
v -0.375 -0.3375 2.7031729221344
v -0.3625 -0.3375 2.70078444480896
v -0.35 -0.3375 2.69831085205078
v -0.3375 -0.3375 2.69573926925659
v -0.325 -0.3375 2.69305944442749
v -0.3125 -0.3375 2.69026517868042
v -0.3 -0.3375 2.68735289573669
v -0.2875 -0.3375 2.68432426452637
v -0.275 -0.3375 2.68118405342102
v -0.2625 -0.3375 2.67794013023376
v -0.25 -0.3375 2.67460560798645
v -0.2375 -0.3375 2.6711962223053
v -0.225 -0.3375 2.66772985458374
v -0.2125 -0.3375 2.66422772407532
v -0.2 -0.3375 2.66071033477783
v -0.1875 -0.3375 2.65719771385193
v -0.175 -0.3375 2.65370678901672
v -0.1625 -0.3375 2.65025115013123
v -0.15 -0.3375 2.64684057235718
v -0.1375 -0.3375 2.64347720146179
v -0.125 -0.3375 2.64016032218933
v -0.1125 -0.3375 2.63688540458679
v -0.0999999999999996 -0.3375 2.63364338874817
v -0.0874999999999996 -0.3375 2.63042521476746
v -0.0749999999999996 -0.3375 2.62721824645996
v -0.0624999999999996 -0.3375 2.62401294708252
v -0.0499999999999996 -0.3375 2.62079906463623
v -0.0374999999999996 -0.3375 2.61756944656372
v -0.0249999999999996 -0.3375 2.61432194709778
v -0.0124999999999996 -0.3375 2.61106181144714
v 4.44089209850063e-16 -0.3375 2.60780453681946
v 0.0125000000000004 -0.3375 2.60457801818848
v 0.0250000000000005 -0.3375 2.60142207145691
v 0.0375000000000005 -0.3375 2.598384141922
v 0.0500000000000005 -0.3375 2.59551095962524
v 0.0625000000000004 -0.3375 2.59283041954041
v 0.0750000000000005 -0.3375 2.59034419059753
v 0.0875000000000006 -0.3375 2.58802032470703
v 0.100000000000001 -0.3375 2.58580470085144
v 0.1125 -0.3375 2.58363175392151
v 0.125000000000001 -0.3375 2.58144569396973
v 0.137500000000001 -0.3375 2.57920718193054
v 0.150000000000001 -0.3375 2.57689666748047
v 0.162500000000001 -0.3375 2.57451415061951
v 0.175000000000001 -0.3375 2.57207298278809
v 0.187500000000001 -0.3375 2.56959748268127
v 0.200000000000001 -0.3375 2.56711268424988
v 0.212500000000001 -0.3375 2.56464076042175
v 0.225000000000001 -0.3375 2.56219959259033
v 0.237500000000001 -0.3375 2.55980181694031
v 0.250000000000001 -0.3375 2.55745816230774
v 0.262500000000001 -0.3375 2.55517554283142
v 0.275000000000001 -0.3375 2.55296802520752
v 0.287500000000001 -0.3375 2.55085158348083
v 0.300000000000001 -0.3375 2.54884719848633
v 0.312500000000001 -0.3375 2.54698038101196
v 0.325000000000001 -0.3375 2.54527640342712
v 0.337500000000001 -0.3375 2.54375648498535
v 0.350000000000001 -0.3375 2.54243588447571
v 0.362500000000001 -0.3375 2.54131889343262
v 0.375000000000001 -0.3375 2.54040026664734
v 0.387500000000001 -0.3375 2.53966569900513
v 0.400000000000001 -0.3375 2.53909373283386
v 0.412500000000001 -0.3375 2.53866052627563
v 0.425000000000001 -0.3375 2.53834414482117
v 0.437500000000001 -0.3375 2.53812289237976
v 0.450000000000001 -0.3375 2.53798127174377
v 0.462500000000001 -0.3375 2.53790640830994
v 0.475000000000001 -0.3375 2.53789067268372
v 0.487500000000001 -0.3375 2.53792929649353
v 0.500000000000001 -0.3375 2.53802084922791
v -0.5 -0.325 2.7344605922699
v -0.4875 -0.325 2.73137831687927
v -0.475 -0.325 2.7284836769104
v -0.4625 -0.325 2.72573828697205
v -0.45 -0.325 2.72310566902161
v -0.4375 -0.325 2.72055244445801
v -0.425 -0.325 2.71804618835449
v -0.4125 -0.325 2.71555781364441
v -0.4 -0.325 2.71306109428406
v -0.3875 -0.325 2.71053171157837
v -0.375 -0.325 2.70794868469238
v -0.3625 -0.325 2.70529365539551
v -0.35 -0.325 2.7025511264801
v -0.3375 -0.325 2.69970703125
v -0.325 -0.325 2.69675230979919
v -0.3125 -0.325 2.69368028640747
v -0.3 -0.325 2.69048738479614
v -0.2875 -0.325 2.68717384338379
v -0.275 -0.325 2.68374443054199
v -0.2625 -0.325 2.68020677566528
v -0.25 -0.325 2.67657256126404
v -0.2375 -0.325 2.67285776138306
v -0.225 -0.325 2.66907930374146
v -0.2125 -0.325 2.66525912284851
v -0.2 -0.325 2.66141867637634
v -0.1875 -0.325 2.65757942199707
v -0.175 -0.325 2.65376162528992
v -0.1625 -0.325 2.64998197555542
v -0.15 -0.325 2.64625215530396
v -0.1375 -0.325 2.6425793170929
v -0.125 -0.325 2.63896560668945
v -0.1125 -0.325 2.63540697097778
v -0.0999999999999996 -0.325 2.63189744949341
v -0.0874999999999996 -0.325 2.62842631340027
v -0.0749999999999996 -0.325 2.62498450279236
v -0.0624999999999996 -0.325 2.6215615272522
v -0.0499999999999996 -0.325 2.61814856529236
v -0.0374999999999996 -0.325 2.61474442481995
v -0.0249999999999996 -0.325 2.61135339736938
v -0.0124999999999996 -0.325 2.60799145698547
v 4.44089209850063e-16 -0.325 2.6046884059906
v 0.0125000000000004 -0.325 2.60148620605469
v 0.0250000000000005 -0.325 2.59843564033508
v 0.0375000000000005 -0.325 2.5955810546875
v 0.0500000000000005 -0.325 2.59294891357422
v 0.0625000000000004 -0.325 2.59052848815918
v 0.0750000000000005 -0.325 2.58827662467957
v 0.0875000000000006 -0.325 2.58612513542175
v 0.100000000000001 -0.325 2.58399891853333
v 0.1125 -0.325 2.5818338394165
v 0.125000000000001 -0.325 2.57958579063416
v 0.137500000000001 -0.325 2.577232837677
v 0.150000000000001 -0.325 2.57477402687073
v 0.162500000000001 -0.325 2.57222604751587
v 0.175000000000001 -0.325 2.56961369514465
v 0.187500000000001 -0.325 2.56696796417236
v 0.200000000000001 -0.325 2.56431889533997
v 0.212500000000001 -0.325 2.56168937683105
v 0.225000000000001 -0.325 2.55909824371338
v 0.237500000000001 -0.325 2.55655670166016
v 0.250000000000001 -0.325 2.55407547950745
v 0.262500000000001 -0.325 2.55166411399841
v 0.275000000000001 -0.325 2.5493369102478
v 0.287500000000001 -0.325 2.54711198806763
v 0.300000000000001 -0.325 2.54501271247864
v 0.312500000000001 -0.325 2.5430634021759
v 0.325000000000001 -0.325 2.54129147529602
v 0.337500000000001 -0.325 2.539719581604
v 0.350000000000001 -0.325 2.53836250305176
v 0.362500000000001 -0.325 2.53722667694092
v 0.375000000000001 -0.325 2.53630805015564
v 0.387500000000001 -0.325 2.53559374809265
v 0.400000000000001 -0.325 2.53506445884705
v 0.412500000000001 -0.325 2.53469705581665
v 0.425000000000001 -0.325 2.53446960449219
v 0.437500000000001 -0.325 2.53436160087585
v 0.450000000000001 -0.325 2.53435564041138
v 0.462500000000001 -0.325 2.53443884849548
v 0.475000000000001 -0.325 2.53460264205933
v 0.487500000000001 -0.325 2.53484034538269
v 0.500000000000001 -0.325 2.53514981269836
v -0.5 -0.3125 2.74187183380127
v -0.4875 -0.3125 2.73858618736267
v -0.475 -0.3125 2.73547577857971
v -0.4625 -0.3125 2.73250317573547
v -0.45 -0.3125 2.72963404655457
v -0.4375 -0.3125 2.72683453559875
v -0.425 -0.3125 2.72407507896423
v -0.4125 -0.3125 2.72132658958435
v -0.4 -0.3125 2.71856427192688
v -0.3875 -0.3125 2.71576499938965
v -0.375 -0.3125 2.7129077911377
v -0.3625 -0.3125 2.70997595787048
v -0.35 -0.3125 2.7069525718689
v -0.3375 -0.3125 2.70382618904114
v -0.325 -0.3125 2.70058608055115
v -0.3125 -0.3125 2.69722628593445
v -0.3 -0.3125 2.69374251365662
v -0.2875 -0.3125 2.69013571739197
v -0.275 -0.3125 2.68640851974487
v -0.2625 -0.3125 2.68256878852844
v -0.25 -0.3125 2.67862677574158
v -0.2375 -0.3125 2.67459845542908
v -0.225 -0.3125 2.6705002784729
v -0.2125 -0.3125 2.6663544178009
v -0.2 -0.3125 2.66218304634094
v -0.1875 -0.3125 2.65800976753235
v -0.175 -0.3125 2.65385627746582
v -0.1625 -0.3125 2.64974212646484
v -0.15 -0.3125 2.64568400382996
v -0.1375 -0.3125 2.6416916847229
v -0.125 -0.3125 2.63777041435242
v -0.1125 -0.3125 2.63391995429993
v -0.0999999999999996 -0.3125 2.63013601303101
v -0.0874999999999996 -0.3125 2.62641048431396
v -0.0749999999999996 -0.3125 2.62273621559143
v -0.0624999999999996 -0.3125 2.6191041469574
v -0.0499999999999996 -0.3125 2.61551237106323
v -0.0374999999999996 -0.3125 2.61196517944336
v -0.0249999999999996 -0.3125 2.60847926139832
v -0.0124999999999996 -0.3125 2.60508418083191
v 4.44089209850063e-16 -0.3125 2.60182356834412
v 0.0125000000000004 -0.3125 2.59874773025513
v 0.0250000000000005 -0.3125 2.59590148925781
v 0.0375000000000005 -0.3125 2.59330534934998
v 0.0500000000000005 -0.3125 2.59094047546387
v 0.0625000000000004 -0.3125 2.58875274658203
v 0.0750000000000005 -0.3125 2.58666157722473
v 0.0875000000000006 -0.3125 2.5845832824707
v 0.100000000000001 -0.3125 2.58244633674622
v 0.1125 -0.3125 2.58019971847534
v 0.125000000000001 -0.3125 2.57781958580017
v 0.137500000000001 -0.3125 2.5753026008606
v 0.150000000000001 -0.3125 2.57266354560852
v 0.162500000000001 -0.3125 2.5699315071106
v 0.175000000000001 -0.3125 2.56713938713074
v 0.187500000000001 -0.3125 2.56432318687439
v 0.200000000000001 -0.3125 2.56151270866394
v 0.212500000000001 -0.3125 2.5587317943573
v 0.225000000000001 -0.3125 2.55599665641785
v 0.237500000000001 -0.3125 2.55332016944885
v 0.250000000000001 -0.3125 2.55071139335632
v 0.262500000000001 -0.3125 2.54818201065063
v 0.275000000000001 -0.3125 2.54574680328369
v 0.287500000000001 -0.3125 2.54342603683472
v 0.300000000000001 -0.3125 2.54124236106873
v 0.312500000000001 -0.3125 2.53922295570374
v 0.325000000000001 -0.3125 2.53739428520203
v 0.337500000000001 -0.3125 2.53577876091003
v 0.350000000000001 -0.3125 2.53439283370972
v 0.362500000000001 -0.3125 2.53324389457703
v 0.375000000000001 -0.3125 2.53232836723328
v 0.387500000000001 -0.3125 2.53163552284241
v 0.400000000000001 -0.3125 2.53114748001099
v 0.412500000000001 -0.3125 2.53084230422974
v 0.425000000000001 -0.3125 2.53069853782654
v 0.437500000000001 -0.3125 2.53069543838501
v 0.450000000000001 -0.3125 2.53081607818604
v 0.462500000000001 -0.3125 2.53104758262634
v 0.475000000000001 -0.3125 2.53137946128845
v 0.487500000000001 -0.3125 2.53180503845215
v 0.500000000000001 -0.3125 2.5323212146759
v -0.5 -0.3 2.74958395957947
v -0.4875 -0.3 2.74608421325684
v -0.475 -0.3 2.74274587631226
v -0.4625 -0.3 2.73953461647034
v -0.45 -0.3 2.73641633987427
v -0.4375 -0.3 2.73335909843445
v -0.425 -0.3 2.73033404350281
v -0.4125 -0.3 2.72731399536133
v -0.4 -0.3 2.72427415847778
v -0.3875 -0.3 2.72119307518005
v -0.375 -0.3 2.7180507183075
v -0.3625 -0.3 2.71483087539673
v -0.35 -0.3 2.71151685714722
v -0.3375 -0.3 2.70809745788574
v -0.325 -0.3 2.7045624256134
v -0.3125 -0.3 2.70090532302856
v -0.3 -0.3 2.69712162017822
v -0.2875 -0.3 2.69321203231812
v -0.275 -0.3 2.68917846679688
v -0.2625 -0.3 2.68502807617188
v -0.25 -0.3 2.68077111244202
v -0.2375 -0.3 2.67642188072205
v -0.225 -0.3 2.6719970703125
v -0.2125 -0.3 2.66751885414124
v -0.2 -0.3 2.66301012039185
v -0.1875 -0.3 2.6584951877594
v -0.175 -0.3 2.65399885177612
v -0.1625 -0.3 2.64954304695129
v -0.15 -0.3 2.64514780044556
v -0.1375 -0.3 2.64082765579224
v -0.125 -0.3 2.63659143447876
v -0.1125 -0.3 2.63244318962097
v -0.0999999999999996 -0.3 2.62838172912598
v -0.0874999999999996 -0.3 2.62440299987793
v -0.0749999999999996 -0.3 2.62050318717957
v -0.0624999999999996 -0.3 2.61668014526367
v -0.0499999999999996 -0.3 2.61293959617615
v -0.0374999999999996 -0.3 2.60929608345032
v -0.0249999999999996 -0.3 2.60578107833862
v -0.0124999999999996 -0.3 2.60243654251099
v 4.44089209850063e-16 -0.3 2.59931302070618
v 0.0125000000000004 -0.3 2.59645366668701
v 0.0250000000000005 -0.3 2.59387373924255
v 0.0375000000000005 -0.3 2.591548204422
v 0.0500000000000005 -0.3 2.58941245079041
v 0.0625000000000004 -0.3 2.5873761177063
v 0.0750000000000005 -0.3 2.58534693717957
v 0.0875000000000006 -0.3 2.58324503898621
v 0.100000000000001 -0.3 2.58101463317871
v 0.1125 -0.3 2.57862615585327
v 0.125000000000001 -0.3 2.5760715007782
v 0.137500000000001 -0.3 2.5733642578125
v 0.150000000000001 -0.3 2.57053256034851
v 0.162500000000001 -0.3 2.56761312484741
v 0.175000000000001 -0.3 2.56464385986328
v 0.187500000000001 -0.3 2.56166243553162
v 0.200000000000001 -0.3 2.5586986541748
v 0.212500000000001 -0.3 2.5557746887207
v 0.225000000000001 -0.3 2.55290675163269
v 0.237500000000001 -0.3 2.55010485649109
v 0.250000000000001 -0.3 2.5473792552948
v 0.262500000000001 -0.3 2.54474329948425
v 0.275000000000001 -0.3 2.54221224784851
v 0.287500000000001 -0.3 2.53980684280396
v 0.300000000000001 -0.3 2.5375509262085
v 0.312500000000001 -0.3 2.53547215461731
v 0.325000000000001 -0.3 2.53359603881836
v 0.337500000000001 -0.3 2.5319459438324
v 0.350000000000001 -0.3 2.53053832054138
v 0.362500000000001 -0.3 2.52938008308411
v 0.375000000000001 -0.3 2.52847099304199
v 0.387500000000001 -0.3 2.52780032157898
v 0.400000000000001 -0.3 2.52735209465027
v 0.412500000000001 -0.3 2.5271053314209
v 0.425000000000001 -0.3 2.52703928947449
v 0.437500000000001 -0.3 2.52713441848755
v 0.450000000000001 -0.3 2.52737355232239
v 0.462500000000001 -0.3 2.52774310112
v 0.475000000000001 -0.3 2.52823209762573
v 0.487500000000001 -0.3 2.52883386611938
v 0.500000000000001 -0.3 2.52954363822937
v -0.5 -0.2875 2.75759482383728
v -0.4875 -0.2875 2.75386929512024
v -0.475 -0.2875 2.75029182434082
v -0.4625 -0.2875 2.74683046340942
v -0.45 -0.2875 2.74345088005066
v -0.4375 -0.2875 2.74012446403503
v -0.425 -0.2875 2.73682284355164
v -0.4125 -0.2875 2.7335193157196
v -0.4 -0.2875 2.73019194602966
v -0.3875 -0.2875 2.72681832313538
v -0.375 -0.2875 2.72338080406189
v -0.3625 -0.2875 2.71986150741577
v -0.35 -0.2875 2.71624636650085
v -0.3375 -0.2875 2.71252417564392
v -0.325 -0.2875 2.70868396759033
v -0.3125 -0.2875 2.70472025871277
v -0.3 -0.2875 2.70062828063965
v -0.2875 -0.2875 2.69640707969666
v -0.275 -0.2875 2.69205856323242
v -0.2625 -0.2875 2.68758964538574
v -0.25 -0.2875 2.68300986289978
v -0.2375 -0.2875 2.67833304405212
v -0.225 -0.2875 2.67357587814331
v -0.2125 -0.2875 2.6687593460083
v -0.2 -0.2875 2.663907289505
v -0.1875 -0.2875 2.65904545783997
v -0.175 -0.2875 2.65420031547546
v -0.1625 -0.2875 2.64939665794373
v -0.15 -0.2875 2.64465832710266
v -0.1375 -0.2875 2.6400043964386
v -0.125 -0.2875 2.63544845581055
v -0.1125 -0.2875 2.63099932670593
v -0.0999999999999996 -0.2875 2.62666177749634
v -0.0874999999999996 -0.2875 2.62243723869324
v -0.0749999999999996 -0.2875 2.61832809448242
v -0.0624999999999996 -0.2875 2.614342212677
v -0.0499999999999996 -0.2875 2.6104953289032
v -0.0374999999999996 -0.2875 2.60681796073914
v -0.0249999999999996 -0.2875 2.60335254669189
v -0.0124999999999996 -0.2875 2.60014629364014
v 4.44089209850063e-16 -0.2875 2.59724140167236
v 0.0125000000000004 -0.2875 2.59464883804321
v 0.0250000000000005 -0.2875 2.59233736991882
v 0.0375000000000005 -0.2875 2.59023523330688
v 0.0500000000000005 -0.2875 2.58824396133423
v 0.0625000000000004 -0.2875 2.586261510849
v 0.0750000000000005 -0.2875 2.58420157432556
v 0.0875000000000006 -0.2875 2.5820004940033
v 0.100000000000001 -0.2875 2.57962155342102
v 0.1125 -0.2875 2.57705283164978
v 0.125000000000001 -0.2875 2.57430267333984
v 0.137500000000001 -0.2875 2.5713963508606
v 0.150000000000001 -0.2875 2.56837105751038
v 0.162500000000001 -0.2875 2.56526875495911
v 0.175000000000001 -0.2875 2.56213068962097
v 0.187500000000001 -0.2875 2.55899429321289
v 0.200000000000001 -0.2875 2.55588793754578
v 0.212500000000001 -0.2875 2.55283236503601
v 0.225000000000001 -0.2875 2.54984140396118
v 0.237500000000001 -0.2875 2.54692506790161
v 0.250000000000001 -0.2875 2.54409456253052
v 0.262500000000001 -0.2875 2.54136276245117
v 0.275000000000001 -0.2875 2.53874707221985
v 0.287500000000001 -0.2875 2.53626823425293
v 0.300000000000001 -0.2875 2.53395128250122
v 0.312500000000001 -0.2875 2.53182220458984
v 0.325000000000001 -0.2875 2.52990794181824
v 0.337500000000001 -0.2875 2.52823066711426
v 0.350000000000001 -0.2875 2.52680659294128
v 0.362500000000001 -0.2875 2.52564477920532
v 0.375000000000001 -0.2875 2.52474403381348
v 0.387500000000001 -0.2875 2.52409601211548
v 0.400000000000001 -0.2875 2.52368545532227
v 0.412500000000001 -0.2875 2.52349352836609
v 0.425000000000001 -0.2875 2.52349972724915
v 0.437500000000001 -0.2875 2.523686170578
v 0.450000000000001 -0.2875 2.52403450012207
v 0.462500000000001 -0.2875 2.52453207969666
v 0.475000000000001 -0.2875 2.52516746520996
v 0.487500000000001 -0.2875 2.52593302726746
v 0.500000000000001 -0.2875 2.52682495117188
v -0.5 -0.275 2.76590037345886
v -0.4875 -0.275 2.76193928718567
v -0.475 -0.275 2.75811290740967
v -0.4625 -0.275 2.75438952445984
v -0.45 -0.275 2.75073957443237
v -0.4375 -0.275 2.74713253974915
v -0.425 -0.275 2.74354290962219
v -0.4125 -0.275 2.73994612693787
v -0.4 -0.275 2.73631930351257
v -0.3875 -0.275 2.73264360427856
v -0.375 -0.275 2.72889971733093
v -0.3625 -0.275 2.72507166862488
v -0.35 -0.275 2.72114610671997
v -0.3375 -0.275 2.71711111068726
v -0.325 -0.275 2.71295666694641
v -0.3125 -0.275 2.7086763381958
v -0.3 -0.275 2.70426630973816
v -0.2875 -0.275 2.69972491264343
v -0.275 -0.275 2.69505381584167
v -0.2625 -0.275 2.69025897979736
v -0.25 -0.275 2.68534970283508
v -0.2375 -0.275 2.68033838272095
v -0.225 -0.275 2.67524266242981
v -0.2125 -0.275 2.67008256912231
v -0.2 -0.275 2.66488242149353
v -0.1875 -0.275 2.6596691608429
v -0.175 -0.275 2.65447115898132
v -0.1625 -0.275 2.64931631088257
v -0.15 -0.275 2.64423203468323
v -0.1375 -0.275 2.63924145698547
v -0.125 -0.275 2.63436579704285
v -0.1125 -0.275 2.62961840629578
v -0.0999999999999996 -0.275 2.62501215934753
v -0.0874999999999996 -0.275 2.62055659294128
v -0.0749999999999996 -0.275 2.61626482009888
v -0.0624999999999996 -0.275 2.6121563911438
v -0.0499999999999996 -0.275 2.60826182365417
v -0.0374999999999996 -0.275 2.60462260246277
v -0.0249999999999996 -0.275 2.60128688812256
v -0.0124999999999996 -0.275 2.59829187393188
v 4.44089209850063e-16 -0.275 2.59564566612244
v 0.0125000000000004 -0.275 2.59331393241882
v 0.0250000000000005 -0.275 2.59121823310852
v 0.0375000000000005 -0.275 2.58925366401672
v 0.0500000000000005 -0.275 2.58731055259705
v 0.0625000000000004 -0.275 2.58529353141785
v 0.0750000000000005 -0.275 2.58313155174255
v 0.0875000000000006 -0.275 2.58078050613403
v 0.100000000000001 -0.275 2.57821917533875
v 0.1125 -0.275 2.57545137405396
v 0.125000000000001 -0.275 2.57249808311462
v 0.137500000000001 -0.275 2.56939315795898
v 0.150000000000001 -0.275 2.56618094444275
v 0.162500000000001 -0.275 2.56290531158447
v 0.175000000000001 -0.275 2.55961036682129
v 0.187500000000001 -0.275 2.55633091926575
v 0.200000000000001 -0.275 2.55309367179871
v 0.212500000000001 -0.275 2.54991698265076
v 0.225000000000001 -0.275 2.54681372642517
v 0.237500000000001 -0.275 2.54379439353943
v 0.250000000000001 -0.275 2.54086947441101
v 0.262500000000001 -0.275 2.53805351257324
v 0.275000000000001 -0.275 2.5353639125824
v 0.287500000000001 -0.275 2.53282237052917
v 0.300000000000001 -0.275 2.53045344352722
v 0.312500000000001 -0.275 2.52828335762024
v 0.325000000000001 -0.275 2.52633857727051
v 0.337500000000001 -0.275 2.52464032173157
v 0.350000000000001 -0.275 2.52320528030396
v 0.362500000000001 -0.275 2.5220422744751
v 0.375000000000001 -0.275 2.52115201950073
v 0.387500000000001 -0.275 2.52052664756775
v 0.400000000000001 -0.275 2.5201518535614
v 0.412500000000001 -0.275 2.52001094818115
v 0.425000000000001 -0.275 2.52008461952209
v 0.437500000000001 -0.275 2.52035403251648
v 0.450000000000001 -0.275 2.52080392837524
v 0.462500000000001 -0.275 2.52141952514648
v 0.475000000000001 -0.275 2.5221905708313
v 0.487500000000001 -0.275 2.52310919761658
v 0.500000000000001 -0.275 2.52417039871216
v -0.5 -0.2625 2.77450108528137
v -0.4875 -0.2625 2.77029418945312
v -0.475 -0.2625 2.76620841026306
v -0.4625 -0.2625 2.76221394538879
v -0.45 -0.2625 2.75828170776367
v -0.4375 -0.2625 2.75438451766968
v -0.425 -0.2625 2.75049757957458
v -0.4125 -0.2625 2.7465968132019
v -0.4 -0.2625 2.74266147613525
v -0.3875 -0.2625 2.73867249488831
v -0.375 -0.2625 2.73461270332336
v -0.3625 -0.2625 2.73046660423279
v -0.35 -0.2625 2.72621989250183
v -0.3375 -0.2625 2.72186255455017
v -0.325 -0.2625 2.71738457679749
v -0.3125 -0.2625 2.71277928352356
v -0.3 -0.2625 2.70804238319397
v -0.2875 -0.2625 2.70317244529724
v -0.275 -0.2625 2.69817042350769
v -0.2625 -0.2625 2.69304251670837
v -0.25 -0.2625 2.68779611587524
v -0.2375 -0.2625 2.68244504928589
v -0.225 -0.2625 2.67700505256653
v -0.2125 -0.2625 2.67149710655212
v -0.2 -0.2625 2.66594552993774
v -0.1875 -0.2625 2.66037821769714
v -0.175 -0.2625 2.65482521057129
v -0.1625 -0.2625 2.64931797981262
v -0.15 -0.2625 2.64388751983643
v -0.1375 -0.2625 2.63856315612793
v -0.125 -0.2625 2.63337135314941
v -0.1125 -0.2625 2.62833547592163
v -0.0999999999999996 -0.2625 2.62347650527954
v -0.0874999999999996 -0.2625 2.61881542205811
v -0.0749999999999996 -0.2625 2.61437964439392
v -0.0624999999999996 -0.2625 2.61020302772522
v -0.0499999999999996 -0.2625 2.6063277721405
v -0.0374999999999996 -0.2625 2.60280013084412
v -0.0249999999999996 -0.2625 2.59965705871582
v -0.0124999999999996 -0.2625 2.59690475463867
v 4.44089209850063e-16 -0.2625 2.59450602531433
v 0.0125000000000004 -0.2625 2.59237861633301
v 0.0250000000000005 -0.2625 2.59041213989258
v 0.0375000000000005 -0.2625 2.5884907245636
v 0.0500000000000005 -0.2625 2.58651089668274
v 0.0625000000000004 -0.2625 2.58439159393311
v 0.0750000000000005 -0.2625 2.58207869529724
v 0.0875000000000006 -0.2625 2.57954525947571
v 0.100000000000001 -0.2625 2.57678484916687
v 0.1125 -0.2625 2.57381176948547
v 0.125000000000001 -0.2625 2.57065629959106
v 0.137500000000001 -0.2625 2.56735992431641
v 0.150000000000001 -0.2625 2.56397080421448
v 0.162500000000001 -0.2625 2.56053519248962
v 0.175000000000001 -0.2625 2.55709505081177
v 0.187500000000001 -0.2625 2.55368494987488
v 0.200000000000001 -0.2625 2.55032801628113
v 0.212500000000001 -0.2625 2.54704213142395
v 0.225000000000001 -0.2625 2.54383826255798
v 0.237500000000001 -0.2625 2.54072570800781
v 0.250000000000001 -0.2625 2.53771758079529
v 0.262500000000001 -0.2625 2.53482723236084
v 0.275000000000001 -0.2625 2.5320737361908
v 0.287500000000001 -0.2625 2.5294783115387
v 0.300000000000001 -0.2625 2.5270664691925
v 0.312500000000001 -0.2625 2.52486371994019
v 0.325000000000001 -0.2625 2.52289438247681
v 0.337500000000001 -0.2625 2.5211808681488
v 0.350000000000001 -0.2625 2.5197389125824
v 0.362500000000001 -0.2625 2.51857781410217
v 0.375000000000001 -0.2625 2.51769876480103
v 0.387500000000001 -0.2625 2.5170955657959
v 0.400000000000001 -0.2625 2.51675486564636
v 0.412500000000001 -0.2625 2.51666116714478
v 0.425000000000001 -0.2625 2.51679658889771
v 0.437500000000001 -0.2625 2.51714301109314
v 0.450000000000001 -0.2625 2.51768493652344
v 0.462500000000001 -0.2625 2.51840949058533
v 0.475000000000001 -0.2625 2.51930546760559
v 0.487500000000001 -0.2625 2.5203652381897
v 0.500000000000001 -0.2625 2.52158260345459
v -0.5 -0.25 2.78339695930481
v -0.4875 -0.25 2.7789351940155
v -0.475 -0.25 2.77458047866821
v -0.4625 -0.25 2.77030491828918
v -0.45 -0.25 2.7660813331604
v -0.4375 -0.25 2.76188445091248
v -0.425 -0.25 2.75768971443176
v -0.4125 -0.25 2.75347566604614
v -0.4 -0.25 2.74922251701355
v -0.3875 -0.25 2.74491095542908
v -0.375 -0.25 2.74052500724792
v -0.3625 -0.25 2.73605132102966
v -0.35 -0.25 2.73147463798523
v -0.3375 -0.25 2.72678565979004
v -0.325 -0.25 2.72197508811951
v -0.3125 -0.25 2.71703553199768
v -0.3 -0.25 2.71196293830872
v -0.2875 -0.25 2.70675587654114
v -0.275 -0.25 2.70141530036926
v -0.2625 -0.25 2.69594645500183
v -0.25 -0.25 2.69035768508911
v -0.2375 -0.25 2.68466067314148
v -0.225 -0.25 2.67887187004089
v -0.2125 -0.25 2.67301249504089
v -0.2 -0.25 2.66710734367371
v -0.1875 -0.25 2.66118478775024
v -0.175 -0.25 2.65527772903442
v -0.1625 -0.25 2.64942002296448
v -0.15 -0.25 2.64364814758301
v -0.1375 -0.25 2.63799715042114
v -0.125 -0.25 2.63250112533569
v -0.1125 -0.25 2.62719345092773
v -0.0999999999999996 -0.25 2.62210822105408
v -0.0874999999999996 -0.25 2.61728048324585
v -0.0749999999999996 -0.25 2.61275100708008
v -0.0624999999999996 -0.25 2.60856699943542
v -0.0499999999999996 -0.25 2.60477685928345
v -0.0374999999999996 -0.25 2.60141563415527
v -0.0249999999999996 -0.25 2.59849143028259
v -0.0124999999999996 -0.25 2.59596514701843
v 4.44089209850063e-16 -0.25 2.59375476837158
v 0.0125000000000004 -0.25 2.59174633026123
v 0.0250000000000005 -0.25 2.58981776237488
v 0.0375000000000005 -0.25 2.58785629272461
v 0.0500000000000005 -0.25 2.58577394485474
v 0.0625000000000004 -0.25 2.58350491523743
v 0.0750000000000005 -0.25 2.58101153373718
v 0.0875000000000006 -0.25 2.57827854156494
v 0.100000000000001 -0.25 2.57531142234802
v 0.1125 -0.25 2.57213377952576
v 0.125000000000001 -0.25 2.56878352165222
v 0.137500000000001 -0.25 2.56530618667603
v 0.150000000000001 -0.25 2.56175255775452
v 0.162500000000001 -0.25 2.55817008018494
v 0.175000000000001 -0.25 2.55459833145142
v 0.187500000000001 -0.25 2.55106997489929
v 0.200000000000001 -0.25 2.5476062297821
v 0.212500000000001 -0.25 2.54422116279602
v 0.225000000000001 -0.25 2.54092621803284
v 0.237500000000001 -0.25 2.53773164749146
v 0.250000000000001 -0.25 2.53464961051941
v 0.262500000000001 -0.25 2.53169441223145
v 0.275000000000001 -0.25 2.52888584136963
v 0.287500000000001 -0.25 2.52624559402466
v 0.300000000000001 -0.25 2.5237979888916
v 0.312500000000001 -0.25 2.52156805992126
v 0.325000000000001 -0.25 2.51958060264587
v 0.337500000000001 -0.25 2.51785588264465
v 0.350000000000001 -0.25 2.51641058921814
v 0.362500000000001 -0.25 2.51525378227234
v 0.375000000000001 -0.25 2.5143871307373
v 0.387500000000001 -0.25 2.51380467414856
v 0.400000000000001 -0.25 2.5134961605072
v 0.412500000000001 -0.25 2.51344561576843
v 0.425000000000001 -0.25 2.51363730430603
v 0.437500000000001 -0.25 2.51405382156372
v 0.450000000000001 -0.25 2.51468062400818
v 0.462500000000001 -0.25 2.5155041217804
v 0.475000000000001 -0.25 2.51651430130005
v 0.487500000000001 -0.25 2.51770329475403
v 0.500000000000001 -0.25 2.51906514167786
v -0.5 -0.2375 2.79259085655212
v -0.4875 -0.2375 2.78786444664001
v -0.475 -0.2375 2.78323173522949
v -0.4625 -0.2375 2.77866625785828
v -0.45 -0.2375 2.77414226531982
v -0.4375 -0.2375 2.76963567733765
v -0.425 -0.2375 2.76512455940247
v -0.4125 -0.2375 2.7605881690979
v -0.4 -0.2375 2.75600743293762
v -0.3875 -0.2375 2.7513644695282
v -0.375 -0.2375 2.74664425849915
v -0.3625 -0.2375 2.7418327331543
v -0.35 -0.2375 2.73691749572754
v -0.3375 -0.2375 2.73188757896423
v -0.325 -0.2375 2.72673463821411
v -0.3125 -0.2375 2.72145247459412
v -0.3 -0.2375 2.71603560447693
v -0.2875 -0.2375 2.71048355102539
v -0.275 -0.2375 2.70479702949524
v -0.2625 -0.2375 2.69898080825806
v -0.25 -0.2375 2.69304275512695
v -0.2375 -0.2375 2.68699479103088
v -0.225 -0.2375 2.68085360527039
v -0.2125 -0.2375 2.674640417099
v -0.2 -0.2375 2.66838049888611
v -0.1875 -0.2375 2.66210412979126
v -0.175 -0.2375 2.655846118927
v -0.1625 -0.2375 2.64964461326599
v -0.15 -0.2375 2.64354038238525
v -0.1375 -0.2375 2.63757634162903
v -0.125 -0.2375 2.63179612159729
v -0.1125 -0.2375 2.62624526023865
v -0.0999999999999996 -0.2375 2.6209704875946
v -0.0874999999999996 -0.2375 2.61602377891541
v -0.0749999999999996 -0.2375 2.61145782470703
v -0.0624999999999996 -0.2375 2.6073272228241
v -0.0499999999999996 -0.2375 2.60366940498352
v -0.0374999999999996 -0.2375 2.60049557685852
v -0.0249999999999996 -0.2375 2.59776973724365
v -0.0124999999999996 -0.2375 2.5954110622406
v 4.44089209850063e-16 -0.2375 2.59330534934998
v 0.0125000000000004 -0.2375 2.59132504463196
v 0.0250000000000005 -0.2375 2.58935236930847
v 0.0375000000000005 -0.2375 2.58728742599487
v 0.0500000000000005 -0.2375 2.5850555896759
v 0.0625000000000004 -0.2375 2.58260655403137
v 0.0750000000000005 -0.2375 2.57991456985474
v 0.0875000000000006 -0.2375 2.57697486877441
v 0.100000000000001 -0.2375 2.57380104064941
v 0.1125 -0.2375 2.57042551040649
v 0.125000000000001 -0.2375 2.56688952445984
v 0.137500000000001 -0.2375 2.56324434280396
v 0.150000000000001 -0.2375 2.5595395565033
v 0.162500000000001 -0.2375 2.55582356452942
v 0.175000000000001 -0.2375 2.55213356018066
v 0.187500000000001 -0.2375 2.54849886894226
v 0.200000000000001 -0.2375 2.54493856430054
v 0.212500000000001 -0.2375 2.54146504402161
v 0.225000000000001 -0.2375 2.53808951377869
v 0.237500000000001 -0.2375 2.53482222557068
v 0.250000000000001 -0.2375 2.53167510032654
v 0.262500000000001 -0.2375 2.52866435050964
v 0.275000000000001 -0.2375 2.52580904960632
v 0.287500000000001 -0.2375 2.52313089370728
v 0.300000000000001 -0.2375 2.52065348625183
v 0.312500000000001 -0.2375 2.51840281486511
v 0.325000000000001 -0.2375 2.51640105247498
v 0.337500000000001 -0.2375 2.51466917991638
v 0.350000000000001 -0.2375 2.51322293281555
v 0.362500000000001 -0.2375 2.51207184791565
v 0.375000000000001 -0.2375 2.51121759414673
v 0.387500000000001 -0.2375 2.51065564155579
v 0.400000000000001 -0.2375 2.51037621498108
v 0.412500000000001 -0.2375 2.51036524772644
v 0.425000000000001 -0.2375 2.51060795783997
v 0.437500000000001 -0.2375 2.51108765602112
v 0.450000000000001 -0.2375 2.51179099082947
v 0.462500000000001 -0.2375 2.51270461082458
v 0.475000000000001 -0.2375 2.51381874084473
v 0.487500000000001 -0.2375 2.5151252746582
v 0.500000000000001 -0.2375 2.51661849021912
v -0.5 -0.225 2.80208611488342
v -0.4875 -0.225 2.79708647727966
v -0.475 -0.225 2.79216647148132
v -0.4625 -0.225 2.78730201721191
v -0.45 -0.225 2.78246879577637
v -0.4375 -0.225 2.77764463424683
v -0.425 -0.225 2.77280855178833
v -0.4125 -0.225 2.76794099807739
v -0.4 -0.225 2.76302337646484
v -0.3875 -0.225 2.75804018974304
v -0.375 -0.225 2.75297689437866
v -0.3625 -0.225 2.74781918525696
v -0.35 -0.225 2.74255561828613
v -0.3375 -0.225 2.73717617988586
v -0.325 -0.225 2.73167276382446
v -0.3125 -0.225 2.72603869438171
v -0.3 -0.225 2.72027039527893
v -0.2875 -0.225 2.71436548233032
v -0.275 -0.225 2.70832562446594
v -0.2625 -0.225 2.70215487480164
v -0.25 -0.225 2.69586229324341
v -0.2375 -0.225 2.68945932388306
v -0.225 -0.225 2.6829628944397
v -0.2125 -0.225 2.67639422416687
v -0.2 -0.225 2.66978049278259
v -0.1875 -0.225 2.66315388679504
v -0.175 -0.225 2.65655207633972
v -0.1625 -0.225 2.65001702308655
v -0.15 -0.225 2.64359617233276
v -0.1375 -0.225 2.63734030723572
v -0.125 -0.225 2.63130497932434
v -0.1125 -0.225 2.62554788589478
v -0.0999999999999996 -0.225 2.62013125419617
v -0.0874999999999996 -0.225 2.61511921882629
v -0.0749999999999996 -0.225 2.61057257652283
v -0.0624999999999996 -0.225 2.60653686523438
v -0.0499999999999996 -0.225 2.60302901268005
v -0.0374999999999996 -0.225 2.60001993179321
v -0.0249999999999996 -0.225 2.59743475914001
v -0.0124999999999996 -0.225 2.59516072273254
v 4.44089209850063e-16 -0.225 2.59307098388672
v 0.0125000000000004 -0.225 2.59103989601135
v 0.0250000000000005 -0.225 2.58895969390869
v 0.0375000000000005 -0.225 2.5867440700531
v 0.0500000000000005 -0.225 2.58433127403259
v 0.0625000000000004 -0.225 2.58168292045593
v 0.0750000000000005 -0.225 2.57878279685974
v 0.0875000000000006 -0.225 2.57563471794128
v 0.100000000000001 -0.225 2.5722599029541
v 0.1125 -0.225 2.56869459152222
v 0.125000000000001 -0.225 2.56498575210571
v 0.137500000000001 -0.225 2.56118535995483
v 0.150000000000001 -0.225 2.55734443664551
v 0.162500000000001 -0.225 2.55350852012634
v 0.175000000000001 -0.225 2.54971289634705
v 0.187500000000001 -0.225 2.54598307609558
v 0.200000000000001 -0.225 2.5423367023468
v 0.212500000000001 -0.225 2.53878474235535
v 0.225000000000001 -0.225 2.53533792495728
v 0.237500000000001 -0.225 2.53200578689575
v 0.250000000000001 -0.225 2.52880263328552
v 0.262500000000001 -0.225 2.52574372291565
v 0.275000000000001 -0.225 2.5228488445282
v 0.287500000000001 -0.225 2.52013945579529
v 0.300000000000001 -0.225 2.51763868331909
v 0.312500000000001 -0.225 2.51537108421326
v 0.325000000000001 -0.225 2.51335954666138
v 0.337500000000001 -0.225 2.51162338256836
v 0.350000000000001 -0.225 2.51017832756042
v 0.362500000000001 -0.225 2.50903296470642
v 0.375000000000001 -0.225 2.50819134712219
v 0.387500000000001 -0.225 2.507648229599
v 0.400000000000001 -0.225 2.50739550590515
v 0.412500000000001 -0.225 2.50742030143738
v 0.425000000000001 -0.225 2.50770878791809
v 0.437500000000001 -0.225 2.50824594497681
v 0.450000000000001 -0.225 2.50901770591736
v 0.462500000000001 -0.225 2.51001238822937
v 0.475000000000001 -0.225 2.5112202167511
v 0.487500000000001 -0.225 2.51263284683228
v 0.500000000000001 -0.225 2.51424479484558
v -0.5 -0.2125 2.81188941001892
v -0.4875 -0.2125 2.80660700798035
v -0.475 -0.2125 2.80139136314392
v -0.4625 -0.2125 2.79621887207031
v -0.45 -0.2125 2.7910680770874
v -0.4375 -0.2125 2.78591799736023
v -0.425 -0.2125 2.78074812889099
v -0.4125 -0.2125 2.7755401134491
v -0.4 -0.2125 2.77027821540833
v -0.3875 -0.2125 2.76494646072388
v -0.375 -0.2125 2.75953078269958
v -0.3625 -0.2125 2.75401854515076
v -0.35 -0.2125 2.74839854240417
v -0.3375 -0.2125 2.7426609992981
v -0.325 -0.2125 2.73679876327515
v -0.3125 -0.2125 2.73080515861511
v -0.3 -0.2125 2.72467660903931
v -0.2875 -0.2125 2.71841168403625
v -0.275 -0.2125 2.71201133728027
v -0.2625 -0.2125 2.70548129081726
v -0.25 -0.2125 2.69882917404175
v -0.2375 -0.2125 2.69206762313843
v -0.225 -0.2125 2.68521356582642
v -0.2125 -0.2125 2.67829060554504
v -0.2 -0.2125 2.67132639884949
v -0.1875 -0.2125 2.66435599327087
v -0.175 -0.2125 2.65742087364197
v -0.1625 -0.2125 2.65056777000427
v -0.15 -0.2125 2.64385199546814
v -0.1375 -0.2125 2.63733410835266
v -0.125 -0.2125 2.63108038902283
v -0.1125 -0.2125 2.62516355514526
v -0.0999999999999996 -0.2125 2.61965608596802
v -0.0874999999999996 -0.2125 2.61462950706482
v -0.0749999999999996 -0.2125 2.61014008522034
v -0.0624999999999996 -0.2125 2.60621356964111
v -0.0499999999999996 -0.2125 2.60283350944519
v -0.0374999999999996 -0.2125 2.59993362426758
v -0.0249999999999996 -0.2125 2.59740972518921
v -0.0124999999999996 -0.2125 2.59513545036316
v 4.44089209850063e-16 -0.2125 2.59298372268677
v 0.0125000000000004 -0.2125 2.5908374786377
v 0.0250000000000005 -0.2125 2.58860158920288
v 0.0375000000000005 -0.2125 2.58620262145996
v 0.0500000000000005 -0.2125 2.58358860015869
v 0.0625000000000004 -0.2125 2.58073043823242
v 0.0750000000000005 -0.2125 2.5776195526123
v 0.0875000000000006 -0.2125 2.57426643371582
v 0.100000000000001 -0.2125 2.57069706916809
v 0.1125 -0.2125 2.56695342063904
v 0.125000000000001 -0.2125 2.56308436393738
v 0.137500000000001 -0.2125 2.55914306640625
v 0.150000000000001 -0.2125 2.55517935752869
v 0.162500000000001 -0.2125 2.55123686790466
v 0.175000000000001 -0.2125 2.54734706878662
v 0.187500000000001 -0.2125 2.54353332519531
v 0.200000000000001 -0.2125 2.53981041908264
v 0.212500000000001 -0.2125 2.53618884086609
v 0.225000000000001 -0.2125 2.53267931938171
v 0.237500000000001 -0.2125 2.52929162979126
v 0.250000000000001 -0.2125 2.52603960037231
v 0.262500000000001 -0.2125 2.52293944358826
v 0.275000000000001 -0.2125 2.52001070976257
v 0.287500000000001 -0.2125 2.51727557182312
v 0.300000000000001 -0.2125 2.51475596427917
v 0.312500000000001 -0.2125 2.51247644424438
v 0.325000000000001 -0.2125 2.51045775413513
v 0.337500000000001 -0.2125 2.50871920585632
v 0.350000000000001 -0.2125 2.50727653503418
v 0.362500000000001 -0.2125 2.50613832473755
v 0.375000000000001 -0.2125 2.50530743598938
v 0.387500000000001 -0.2125 2.50478172302246
v 0.400000000000001 -0.2125 2.50455331802368
v 0.412500000000001 -0.2125 2.50461077690125
v 0.425000000000001 -0.2125 2.50494003295898
v 0.437500000000001 -0.2125 2.50552749633789
v 0.450000000000001 -0.2125 2.50636076927185
v 0.462500000000001 -0.2125 2.50742769241333
v 0.475000000000001 -0.2125 2.50871896743774
v 0.487500000000001 -0.2125 2.51022696495056
v 0.500000000000001 -0.2125 2.51194548606873
v -0.5 -0.2 2.82200789451599
v -0.4875 -0.2 2.81643342971802
v -0.475 -0.2 2.81091260910034
v -0.4625 -0.2 2.80542349815369
v -0.45 -0.2 2.79994654655457
v -0.4375 -0.2 2.79446125030518
v -0.425 -0.2 2.78894972801208
v -0.4125 -0.2 2.78339457511902
v -0.4 -0.2 2.77778053283691
v -0.3875 -0.2 2.77209162712097
v -0.375 -0.2 2.76631569862366
v -0.3625 -0.2 2.76044082641602
v -0.35 -0.2 2.75445604324341
v -0.3375 -0.2 2.74835276603699
v -0.325 -0.2 2.74212336540222
v -0.3125 -0.2 2.73576235771179
v -0.3 -0.2 2.72926640510559
v -0.2875 -0.2 2.72263479232788
v -0.275 -0.2 2.71586871147156
v -0.2625 -0.2 2.70897316932678
v -0.25 -0.2 2.70195770263672
v -0.2375 -0.2 2.69483518600464
v -0.225 -0.2 2.68762397766113
v -0.2125 -0.2 2.68034839630127
v -0.2 -0.2 2.67304015159607
v -0.1875 -0.2 2.66573572158813
v -0.175 -0.2 2.65848231315613
v -0.1625 -0.2 2.65133285522461
v -0.15 -0.2 2.64435076713562
v -0.1375 -0.2 2.63760685920715
v -0.125 -0.2 2.631178855896
v -0.1125 -0.2 2.6251494884491
v -0.0999999999999996 -0.2 2.61959838867188
v -0.0874999999999996 -0.2 2.6145932674408
v -0.0749999999999996 -0.2 2.61017298698425
v -0.0624999999999996 -0.2 2.60633563995361
v -0.0499999999999996 -0.2 2.60303092002869
v -0.0374999999999996 -0.2 2.60016560554504
v -0.0249999999999996 -0.2 2.59762096405029
v -0.0124999999999996 -0.2 2.59527015686035
v 4.44089209850063e-16 -0.2 2.59299206733704
v 0.0125000000000004 -0.2 2.59068274497986
v 0.0250000000000005 -0.2 2.58825731277466
v 0.0375000000000005 -0.2 2.58565258979797
v 0.0500000000000005 -0.2 2.58282351493835
v 0.0625000000000004 -0.2 2.57975077629089
v 0.0750000000000005 -0.2 2.57642936706543
v 0.0875000000000006 -0.2 2.57287693023682
v 0.100000000000001 -0.2 2.56912302970886
v 0.1125 -0.2 2.56521272659302
v 0.125000000000001 -0.2 2.56119728088379
v 0.137500000000001 -0.2 2.55712890625
v 0.150000000000001 -0.2 2.55305600166321
v 0.162500000000001 -0.2 2.54901933670044
v 0.175000000000001 -0.2 2.54504680633545
v 0.187500000000001 -0.2 2.54115915298462
v 0.200000000000001 -0.2 2.53736877441406
v 0.212500000000001 -0.2 2.53368639945984
v 0.225000000000001 -0.2 2.53012156486511
v 0.237500000000001 -0.2 2.52668571472168
v 0.250000000000001 -0.2 2.52339172363281
v 0.262500000000001 -0.2 2.52025699615479
v 0.275000000000001 -0.2 2.5173008441925
v 0.287500000000001 -0.2 2.51454424858093
v 0.300000000000001 -0.2 2.51201009750366
v 0.312500000000001 -0.2 2.50972056388855
v 0.325000000000001 -0.2 2.50769734382629
v 0.337500000000001 -0.2 2.50595831871033
v 0.350000000000001 -0.2 2.50451827049255
v 0.362500000000001 -0.2 2.50338697433472
v 0.375000000000001 -0.2 2.50256729125977
v 0.387500000000001 -0.2 2.50205755233765
v 0.400000000000001 -0.2 2.50185012817383
v 0.412500000000001 -0.2 2.50193572044373
v 0.425000000000001 -0.2 2.50230097770691
v 0.437500000000001 -0.2 2.50293326377869
v 0.450000000000001 -0.2 2.50382018089294
v 0.462500000000001 -0.2 2.5049512386322
v 0.475000000000001 -0.2 2.50631642341614
v 0.487500000000001 -0.2 2.50790858268738
v 0.500000000000001 -0.2 2.50972127914429
v -0.5 -0.1875 2.83245134353638
v -0.4875 -0.1875 2.82657408714294
v -0.475 -0.1875 2.8207380771637
v -0.4625 -0.1875 2.81492400169373
v -0.45 -0.1875 2.80911135673523
v -0.4375 -0.1875 2.80328369140625
v -0.425 -0.1875 2.79742240905762
v -0.4125 -0.1875 2.79151225090027
v -0.4 -0.1875 2.78553700447083
v -0.3875 -0.1875 2.77948427200317
v -0.375 -0.1875 2.77334094047546
v -0.3625 -0.1875 2.76709580421448
v -0.35 -0.1875 2.76073884963989
v -0.3375 -0.1875 2.75426197052002
v -0.325 -0.1875 2.74765849113464
v -0.3125 -0.1875 2.7409234046936
v -0.3 -0.1875 2.73405337333679
v -0.2875 -0.1875 2.72704863548279
v -0.275 -0.1875 2.7199113368988
v -0.2625 -0.1875 2.712646484375
v -0.25 -0.1875 2.70526528358459
v -0.2375 -0.1875 2.69778084754944
v -0.225 -0.1875 2.69021439552307
v -0.2125 -0.1875 2.68259215354919
v -0.2 -0.1875 2.6749472618103
v -0.1875 -0.1875 2.66732311248779
v -0.175 -0.1875 2.65977096557617
v -0.1625 -0.1875 2.65235137939453
v -0.15 -0.1875 2.64513635635376
v -0.1375 -0.1875 2.63820672035217
v -0.125 -0.1875 2.63164901733398
v -0.1125 -0.1875 2.62555027008057
v -0.0999999999999996 -0.1875 2.61998820304871
v -0.0874999999999996 -0.1875 2.61501526832581
v -0.0749999999999996 -0.1875 2.61064720153809
v -0.0624999999999996 -0.1875 2.60685157775879
v -0.0499999999999996 -0.1875 2.60355281829834
v -0.0374999999999996 -0.1875 2.60064506530762
v -0.0249999999999996 -0.1875 2.5980064868927
v -0.0124999999999996 -0.1875 2.59551548957825
v 4.44089209850063e-16 -0.1875 2.59306335449219
v 0.0125000000000004 -0.1875 2.59055495262146
v 0.0250000000000005 -0.1875 2.58791565895081
v 0.0375000000000005 -0.1875 2.58508896827698
v 0.0500000000000005 -0.1875 2.58203887939453
v 0.0625000000000004 -0.1875 2.57874870300293
v 0.0750000000000005 -0.1875 2.57522177696228
v 0.0875000000000006 -0.1875 2.57147645950317
v 0.100000000000001 -0.1875 2.56754922866821
v 0.1125 -0.1875 2.56348490715027
v 0.125000000000001 -0.1875 2.5593364238739
v 0.137500000000001 -0.1875 2.5551552772522
v 0.150000000000001 -0.1875 2.55098628997803
v 0.162500000000001 -0.1875 2.54686665534973
v 0.175000000000001 -0.1875 2.54282164573669
v 0.187500000000001 -0.1875 2.53886866569519
v 0.200000000000001 -0.1875 2.53502011299133
v 0.212500000000001 -0.1875 2.53128480911255
v 0.225000000000001 -0.1875 2.527672290802
v 0.237500000000001 -0.1875 2.52419424057007
v 0.250000000000001 -0.1875 2.52086448669434
v 0.262500000000001 -0.1875 2.51770091056824
v 0.275000000000001 -0.1875 2.51472163200378
v 0.287500000000001 -0.1875 2.5119481086731
v 0.300000000000001 -0.1875 2.50940251350403
v 0.312500000000001 -0.1875 2.50710558891296
v 0.325000000000001 -0.1875 2.5050790309906
v 0.337500000000001 -0.1875 2.50334072113037
v 0.350000000000001 -0.1875 2.50190424919128
v 0.362500000000001 -0.1875 2.50077986717224
v 0.375000000000001 -0.1875 2.49996995925903
v 0.387500000000001 -0.1875 2.49947357177734
v 0.400000000000001 -0.1875 2.49928545951843
v 0.412500000000001 -0.1875 2.4993953704834
v 0.425000000000001 -0.1875 2.49979186058044
v 0.437500000000001 -0.1875 2.50046277046204
v 0.450000000000001 -0.1875 2.50139689445496
v 0.462500000000001 -0.1875 2.50258326530457
v 0.475000000000001 -0.1875 2.50401329994202
v 0.487500000000001 -0.1875 2.50567889213562
v 0.500000000000001 -0.1875 2.50757384300232
v -0.5 -0.175 2.8432297706604
v -0.4875 -0.175 2.83703851699829
v -0.475 -0.175 2.83087706565857
v -0.4625 -0.175 2.82472777366638
v -0.45 -0.175 2.81857180595398
v -0.4375 -0.175 2.81239247322083
v -0.425 -0.175 2.8061740398407
v -0.4125 -0.175 2.79990005493164
v -0.4 -0.175 2.79355812072754
v -0.3875 -0.175 2.78713393211365
v -0.375 -0.175 2.78061556816101
v -0.3625 -0.175 2.77399325370789
v -0.35 -0.175 2.76725745201111
v -0.3375 -0.175 2.76040077209473
v -0.325 -0.175 2.7534167766571
v -0.3125 -0.175 2.74630045890808
v -0.3 -0.175 2.73905158042908
v -0.2875 -0.175 2.73166823387146
v -0.275 -0.175 2.72415542602539
v -0.2625 -0.175 2.71651911735535
v -0.25 -0.175 2.70877051353455
v -0.2375 -0.175 2.7009265422821
v -0.225 -0.175 2.69300842285156
v -0.2125 -0.175 2.68504667282104
v -0.2 -0.175 2.67707800865173
v -0.1875 -0.175 2.66915106773376
v -0.175 -0.175 2.6613233089447
v -0.1625 -0.175 2.65366363525391
v -0.15 -0.175 2.64625215530396
v -0.1375 -0.175 2.63917517662048
v -0.125 -0.175 2.6325261592865
v -0.1125 -0.175 2.62638711929321
v -0.0999999999999996 -0.175 2.62082457542419
v -0.0874999999999996 -0.175 2.61586976051331
v -0.0749999999999996 -0.175 2.61151170730591
v -0.0624999999999996 -0.175 2.60769581794739
v -0.0499999999999996 -0.175 2.60433292388916
v -0.0374999999999996 -0.175 2.6013126373291
v -0.0249999999999996 -0.175 2.59851908683777
v -0.0124999999999996 -0.175 2.59584045410156
v 4.44089209850063e-16 -0.175 2.59317708015442
v 0.0125000000000004 -0.175 2.59044337272644
v 0.0250000000000005 -0.175 2.58757209777832
v 0.0375000000000005 -0.175 2.58451390266418
v 0.0500000000000005 -0.175 2.58123803138733
v 0.0625000000000004 -0.175 2.57773280143738
v 0.0750000000000005 -0.175 2.57400441169739
v 0.0875000000000006 -0.175 2.57007670402527
v 0.100000000000001 -0.175 2.56598663330078
v 0.1125 -0.175 2.56178212165833
v 0.125000000000001 -0.175 2.55751490592957
v 0.137500000000001 -0.175 2.55323314666748
v 0.150000000000001 -0.175 2.54897999763489
v 0.162500000000001 -0.175 2.54478812217712
v 0.175000000000001 -0.175 2.54068064689636
v 0.187500000000001 -0.175 2.53667140007019
v 0.200000000000001 -0.175 2.53277182579041
v 0.212500000000001 -0.175 2.52899050712585
v 0.225000000000001 -0.175 2.5253369808197
v 0.237500000000001 -0.175 2.52182340621948
v 0.250000000000001 -0.175 2.51846361160278
v 0.262500000000001 -0.175 2.5152747631073
v 0.275000000000001 -0.175 2.51227712631226
v 0.287500000000001 -0.175 2.50948977470398
v 0.300000000000001 -0.175 2.50693488121033
v 0.312500000000001 -0.175 2.50463318824768
v 0.325000000000001 -0.175 2.50260519981384
v 0.337500000000001 -0.175 2.50086760520935
v 0.350000000000001 -0.175 2.49943470954895
v 0.362500000000001 -0.175 2.49831557273865
v 0.375000000000001 -0.175 2.49751448631287
v 0.387500000000001 -0.175 2.49703049659729
v 0.400000000000001 -0.175 2.49685835838318
v 0.412500000000001 -0.175 2.49698877334595
v 0.425000000000001 -0.175 2.49741172790527
v 0.437500000000001 -0.175 2.49811601638794
v 0.450000000000001 -0.175 2.49909043312073
v 0.462500000000001 -0.175 2.50032496452332
v 0.475000000000001 -0.175 2.50181007385254
v 0.487500000000001 -0.175 2.5035388469696
v 0.500000000000001 -0.175 2.50550436973572
v -0.5 -0.1625 2.8543553352356
v -0.4875 -0.1625 2.84783720970154
v -0.475 -0.1625 2.84133887290955
v -0.4625 -0.1625 2.83484387397766
v -0.45 -0.1625 2.82833456993103
v -0.4375 -0.1625 2.82179594039917
v -0.425 -0.1625 2.8152117729187
v -0.4125 -0.1625 2.80856823921204
v -0.4 -0.1625 2.80185079574585
v -0.3875 -0.1625 2.7950484752655
v -0.375 -0.1625 2.78814959526062
v -0.3625 -0.1625 2.7811439037323
v -0.35 -0.1625 2.77402281761169
v -0.3375 -0.1625 2.76678013801575
v -0.325 -0.1625 2.7594096660614
v -0.3125 -0.1625 2.75190854072571
v -0.3 -0.1625 2.74427485466003
v -0.2875 -0.1625 2.73651051521301
v -0.275 -0.1625 2.72861933708191
v -0.2625 -0.1625 2.72061014175415
v -0.25 -0.1625 2.71249580383301
v -0.2375 -0.1625 2.70429420471191
v -0.225 -0.1625 2.69603133201599
v -0.2125 -0.1625 2.68774008750916
v -0.2 -0.1625 2.67946290969849
v -0.1875 -0.1625 2.67125296592712
v -0.175 -0.1625 2.66317558288574
v -0.1625 -0.1625 2.6553065776825
v -0.15 -0.1625 2.64773154258728
v -0.1375 -0.1625 2.64054155349731
v -0.125 -0.1625 2.63382411003113
v -0.1125 -0.1625 2.6276547908783
v -0.0999999999999996 -0.1625 2.62207961082458
v -0.0874999999999996 -0.1625 2.61710596084595
v -0.0749999999999996 -0.1625 2.61270403862
v -0.0624999999999996 -0.1625 2.60880422592163
v -0.0499999999999996 -0.1625 2.60531234741211
v -0.0374999999999996 -0.1625 2.60212278366089
v -0.0249999999999996 -0.1625 2.5991268157959
v -0.0124999999999996 -0.1625 2.59622311592102
v 4.44089209850063e-16 -0.1625 2.59332132339478
v 0.0125000000000004 -0.1625 2.59034299850464
v 0.0250000000000005 -0.1625 2.58722853660583
v 0.0375000000000005 -0.1625 2.58393263816833
v 0.0500000000000005 -0.1625 2.5804295539856
v 0.0625000000000004 -0.1625 2.57671213150024
v 0.0750000000000005 -0.1625 2.57279014587402
v 0.0875000000000006 -0.1625 2.56868982315063
v 0.100000000000001 -0.1625 2.56444978713989
v 0.1125 -0.1625 2.56011748313904
v 0.125000000000001 -0.1625 2.55574369430542
v 0.137500000000001 -0.1625 2.55137419700623
v 0.150000000000001 -0.1625 2.54704809188843
v 0.162500000000001 -0.1625 2.5427942276001
v 0.175000000000001 -0.1625 2.53863143920898
v 0.187500000000001 -0.1625 2.53457427024841
v 0.200000000000001 -0.1625 2.53063058853149
v 0.212500000000001 -0.1625 2.52680945396423
v 0.225000000000001 -0.1625 2.52312088012695
v 0.237500000000001 -0.1625 2.51957678794861
v 0.250000000000001 -0.1625 2.5161919593811
v 0.262500000000001 -0.1625 2.51298308372498
v 0.275000000000001 -0.1625 2.50996971130371
v 0.287500000000001 -0.1625 2.50717163085938
v 0.300000000000001 -0.1625 2.50460982322693
v 0.312500000000001 -0.1625 2.5023045539856
v 0.325000000000001 -0.1625 2.50027513504028
v 0.337500000000001 -0.1625 2.49853897094727
v 0.350000000000001 -0.1625 2.49710917472839
v 0.362500000000001 -0.1625 2.49599528312683
v 0.375000000000001 -0.1625 2.495201587677
v 0.387500000000001 -0.1625 2.49472713470459
v 0.400000000000001 -0.1625 2.49456787109375
v 0.412500000000001 -0.1625 2.49471592903137
v 0.425000000000001 -0.1625 2.49516153335571
v 0.437500000000001 -0.1625 2.49589323997498
v 0.450000000000001 -0.1625 2.49690175056458
v 0.462500000000001 -0.1625 2.49817609786987
v 0.475000000000001 -0.1625 2.49970769882202
v 0.487500000000001 -0.1625 2.50148940086365
v 0.500000000000001 -0.1625 2.50351452827454
v -0.5 -0.15 2.86583948135376
v -0.4875 -0.15 2.85898065567017
v -0.475 -0.15 2.85213279724121
v -0.4625 -0.15 2.84528040885925
v -0.45 -0.15 2.83840823173523
v -0.4375 -0.15 2.8315007686615
v -0.425 -0.15 2.82454299926758
v -0.4125 -0.15 2.81752157211304
v -0.4 -0.15 2.8104236125946
v -0.3875 -0.15 2.80323672294617
v -0.375 -0.15 2.79595112800598
v -0.3625 -0.15 2.7885570526123
v -0.35 -0.15 2.78104591369629
v -0.3375 -0.15 2.77341222763062
v -0.325 -0.15 2.76565146446228
v -0.3125 -0.15 2.75776076316833
v -0.3 -0.15 2.74973940849304
v -0.2875 -0.15 2.74159097671509
v -0.275 -0.15 2.73332095146179
v -0.2625 -0.15 2.7249391078949
v -0.25 -0.15 2.71646165847778
v -0.2375 -0.15 2.70790839195251
v -0.225 -0.15 2.69930911064148
v -0.2125 -0.15 2.69070100784302
v -0.2 -0.15 2.68213200569153
v -0.1875 -0.15 2.67366099357605
v -0.175 -0.15 2.66535925865173
v -0.1625 -0.15 2.65730834007263
v -0.15 -0.15 2.64959597587585
v -0.1375 -0.15 2.64231181144714
v -0.125 -0.15 2.63553500175476
v -0.1125 -0.15 2.62932372093201
v -0.0999999999999996 -0.15 2.62370371818542
v -0.0874999999999996 -0.15 2.61866569519043
v -0.0749999999999996 -0.15 2.61416244506836
v -0.0624999999999996 -0.15 2.61012005805969
v -0.0499999999999996 -0.15 2.6064465045929
v -0.0374999999999996 -0.15 2.6030421257019
v -0.0249999999999996 -0.15 2.59980916976929
v -0.0124999999999996 -0.15 2.59665298461914
v 4.44089209850063e-16 -0.15 2.59349203109741
v 0.0125000000000004 -0.15 2.59025597572327
v 0.0250000000000005 -0.15 2.58688902854919
v 0.0375000000000005 -0.15 2.5833523273468
v 0.0500000000000005 -0.15 2.57962369918823
v 0.0625000000000004 -0.15 2.57569885253906
v 0.0750000000000005 -0.15 2.57159161567688
v 0.0875000000000006 -0.15 2.56732869148254
v 0.100000000000001 -0.15 2.5629506111145
v 0.1125 -0.15 2.55850338935852
v 0.125000000000001 -0.15 2.55403566360474
v 0.137500000000001 -0.15 2.54958915710449
v 0.150000000000001 -0.15 2.54520010948181
v 0.162500000000001 -0.15 2.54089260101318
v 0.175000000000001 -0.15 2.53668332099915
v 0.187500000000001 -0.15 2.53258442878723
v 0.200000000000001 -0.15 2.52860260009766
v 0.212500000000001 -0.15 2.5247483253479
v 0.225000000000001 -0.15 2.52102971076965
v 0.237500000000001 -0.15 2.51745986938477
v 0.250000000000001 -0.15 2.51405382156372
v 0.262500000000001 -0.15 2.51082849502563
v 0.275000000000001 -0.15 2.5078022480011
v 0.287500000000001 -0.15 2.50499558448792
v 0.300000000000001 -0.15 2.50242805480957
v 0.312500000000001 -0.15 2.50012016296387
v 0.325000000000001 -0.15 2.49809050559998
v 0.337500000000001 -0.15 2.49635553359985
v 0.350000000000001 -0.15 2.49492883682251
v 0.362500000000001 -0.15 2.49381828308105
v 0.375000000000001 -0.15 2.49303007125854
v 0.387500000000001 -0.15 2.4925639629364
v 0.400000000000001 -0.15 2.49241495132446
v 0.412500000000001 -0.15 2.49257659912109
v 0.425000000000001 -0.15 2.49303984642029
v 0.437500000000001 -0.15 2.49379420280457
v 0.450000000000001 -0.15 2.49483013153076
v 0.462500000000001 -0.15 2.49613738059998
v 0.475000000000001 -0.15 2.49770784378052
v 0.487500000000001 -0.15 2.49953246116638
v 0.500000000000001 -0.15 2.50160479545593
v -0.5 -0.1375 2.87769460678101
v -0.4875 -0.1375 2.87047934532166
v -0.475 -0.1375 2.86326766014099
v -0.4625 -0.1375 2.85604548454285
v -0.45 -0.1375 2.84879875183105
v -0.4375 -0.1375 2.84151291847229
v -0.425 -0.1375 2.83417344093323
v -0.4125 -0.1375 2.8267674446106
v -0.4 -0.1375 2.81928181648254
v -0.3875 -0.1375 2.81170582771301
v -0.375 -0.1375 2.80402779579163
v -0.3625 -0.1375 2.79624032974243
v -0.35 -0.1375 2.78833508491516
v -0.3375 -0.1375 2.78030681610107
v -0.325 -0.1375 2.77215194702148
v -0.3125 -0.1375 2.76386904716492
v -0.3 -0.1375 2.75545859336853
v -0.2875 -0.1375 2.74692535400391
v -0.275 -0.1375 2.73827743530273
v -0.2625 -0.1375 2.72952604293823
v -0.25 -0.1375 2.72068929672241
v -0.2375 -0.1375 2.71179175376892
v -0.225 -0.1375 2.70286679267883
v -0.2125 -0.1375 2.69395565986633
v -0.2 -0.1375 2.68511176109314
v -0.1875 -0.1375 2.67639994621277
v -0.175 -0.1375 2.66789603233337
v -0.1625 -0.1375 2.65968322753906
v -0.15 -0.1375 2.65184855461121
v -0.1375 -0.1375 2.64447450637817
v -0.125 -0.1375 2.6376268863678
v -0.1125 -0.1375 2.63134694099426
v -0.0999999999999996 -0.1375 2.62564206123352
v -0.0874999999999996 -0.1375 2.62048888206482
v -0.0749999999999996 -0.1375 2.61583304405212
v -0.0624999999999996 -0.1375 2.61160039901733
v -0.0499999999999996 -0.1375 2.60770344734192
v -0.0374999999999996 -0.1375 2.60405135154724
v -0.0249999999999996 -0.1375 2.60055327415466
v -0.0124999999999996 -0.1375 2.5971245765686
v 4.44089209850063e-16 -0.1375 2.5936906337738
v 0.0125000000000004 -0.1375 2.59018588066101
v 0.0250000000000005 -0.1375 2.58656191825867
v 0.0375000000000005 -0.1375 2.58278393745422
v 0.0500000000000005 -0.1375 2.57883238792419
v 0.0625000000000004 -0.1375 2.57470679283142
v 0.0750000000000005 -0.1375 2.57042241096497
v 0.0875000000000006 -0.1375 2.5660080909729
v 0.100000000000001 -0.1375 2.56150317192078
v 0.1125 -0.1375 2.55695343017578
v 0.125000000000001 -0.1375 2.55240225791931
v 0.137500000000001 -0.1375 2.54788970947266
v 0.150000000000001 -0.1375 2.54344606399536
v 0.162500000000001 -0.1375 2.5390932559967
v 0.175000000000001 -0.1375 2.53484416007996
v 0.187500000000001 -0.1375 2.53070878982544
v 0.200000000000001 -0.1375 2.52669525146484
v 0.212500000000001 -0.1375 2.52281165122986
v 0.225000000000001 -0.1375 2.51906776428223
v 0.237500000000001 -0.1375 2.5154767036438
v 0.250000000000001 -0.1375 2.5120530128479
v 0.262500000000001 -0.1375 2.50881361961365
v 0.275000000000001 -0.1375 2.50577735900879
v 0.287500000000001 -0.1375 2.50296378135681
v 0.300000000000001 -0.1375 2.50039172172546
v 0.312500000000001 -0.1375 2.49808168411255
v 0.325000000000001 -0.1375 2.4960515499115
v 0.337500000000001 -0.1375 2.49431777000427
v 0.350000000000001 -0.1375 2.49289202690125
v 0.362500000000001 -0.1375 2.49178504943848
v 0.375000000000001 -0.1375 2.49100089073181
v 0.387500000000001 -0.1375 2.49054002761841
v 0.400000000000001 -0.1375 2.49039888381958
v 0.412500000000001 -0.1375 2.49057102203369
v 0.425000000000001 -0.1375 2.49104809761047
v 0.437500000000001 -0.1375 2.49181985855103
v 0.450000000000001 -0.1375 2.49287700653076
v 0.462500000000001 -0.1375 2.49421000480652
v 0.475000000000001 -0.1375 2.49581003189087
v 0.487500000000001 -0.1375 2.49766850471497
v 0.500000000000001 -0.1375 2.4997775554657
v -0.5 -0.125 2.88993072509766
v -0.4875 -0.125 2.88234210014343
v -0.475 -0.125 2.87475085258484
v -0.4625 -0.125 2.8671452999115
v -0.45 -0.125 2.85951209068298
v -0.4375 -0.125 2.85183763504028
v -0.425 -0.125 2.84410786628723
v -0.4125 -0.125 2.83630990982056
v -0.4 -0.125 2.82843089103699
v -0.3875 -0.125 2.82045912742615
v -0.375 -0.125 2.81238579750061
v -0.3625 -0.125 2.80420088768005
v -0.35 -0.125 2.79589819908142
v -0.3375 -0.125 2.78747248649597
v -0.325 -0.125 2.77892208099365
v -0.3125 -0.125 2.77024555206299
v -0.3 -0.125 2.76144599914551
v -0.2875 -0.125 2.75252890586853
v -0.275 -0.125 2.74350476264954
v -0.2625 -0.125 2.73438739776611
v -0.25 -0.125 2.7251980304718
v -0.2375 -0.125 2.71596503257751
v -0.225 -0.125 2.70672488212585
v -0.2125 -0.125 2.69752478599548
v -0.2 -0.125 2.68842196464539
v -0.1875 -0.125 2.67948603630066
v -0.175 -0.125 2.67079401016235
v -0.1625 -0.125 2.66242980957031
v -0.15 -0.125 2.65447497367859
v -0.1375 -0.125 2.64700031280518
v -0.125 -0.125 2.64005827903748
v -0.1125 -0.125 2.63367342948914
v -0.0999999999999996 -0.125 2.62784004211426
v -0.0874999999999996 -0.125 2.62252593040466
v -0.0749999999999996 -0.125 2.61767387390137
v -0.0624999999999996 -0.125 2.6132128238678
v -0.0499999999999996 -0.125 2.60906147956848
v -0.0374999999999996 -0.125 2.605135679245
v -0.0249999999999996 -0.125 2.60135364532471
v -0.0124999999999996 -0.125 2.59763813018799
v 4.44089209850063e-16 -0.125 2.59392046928406
v 0.0125000000000004 -0.125 2.59014248847961
v 0.0250000000000005 -0.125 2.58625912666321
v 0.0375000000000005 -0.125 2.58223986625671
v 0.0500000000000005 -0.125 2.57806968688965
v 0.0625000000000004 -0.125 2.57375001907349
v 0.0750000000000005 -0.125 2.56929802894592
v 0.0875000000000006 -0.125 2.56474280357361
v 0.100000000000001 -0.125 2.56012296676636
v 0.1125 -0.125 2.55548048019409
v 0.125000000000001 -0.125 2.55085682868958
v 0.137500000000001 -0.125 2.54628658294678
v 0.150000000000001 -0.125 2.54179620742798
v 0.162500000000001 -0.125 2.53740382194519
v 0.175000000000001 -0.125 2.53312087059021
v 0.187500000000001 -0.125 2.52895474433899
v 0.200000000000001 -0.125 2.52491402626038
v 0.212500000000001 -0.125 2.52100563049316
v 0.225000000000001 -0.125 2.51724028587341
v 0.237500000000001 -0.125 2.51363110542297
v 0.250000000000001 -0.125 2.51019287109375
v 0.262500000000001 -0.125 2.50694251060486
v 0.275000000000001 -0.125 2.50389742851257
v 0.287500000000001 -0.125 2.50107765197754
v 0.300000000000001 -0.125 2.49850249290466
v 0.312500000000001 -0.125 2.49619054794312
v 0.325000000000001 -0.125 2.49415969848633
v 0.337500000000001 -0.125 2.4924259185791
v 0.350000000000001 -0.125 2.49100160598755
v 0.362500000000001 -0.125 2.48989582061768
v 0.375000000000001 -0.125 2.4891140460968
v 0.387500000000001 -0.125 2.48865628242493
v 0.400000000000001 -0.125 2.48852014541626
v 0.412500000000001 -0.125 2.48869895935059
v 0.425000000000001 -0.125 2.48918533325195
v 0.437500000000001 -0.125 2.4899697303772
v 0.450000000000001 -0.125 2.49104237556458
v 0.462500000000001 -0.125 2.49239420890808
v 0.475000000000001 -0.125 2.49401593208313
v 0.487500000000001 -0.125 2.49589848518372
v 0.500000000000001 -0.125 2.49803400039673
v -0.5 -0.1125 2.9025571346283
v -0.4875 -0.1125 2.89457702636719
v -0.475 -0.1125 2.88658976554871
v -0.4625 -0.1125 2.87858557701111
v -0.45 -0.1125 2.8705518245697
v -0.4375 -0.1125 2.86247706413269
v -0.425 -0.1125 2.85434818267822
v -0.4125 -0.1125 2.84615039825439
v -0.4 -0.1125 2.83787155151367
v -0.3875 -0.1125 2.82950067520142
v -0.375 -0.1125 2.82102704048157
v -0.3625 -0.1125 2.81244206428528
v -0.35 -0.1125 2.80373954772949
v -0.3375 -0.1125 2.79491591453552
v -0.325 -0.1125 2.78596878051758
v -0.3125 -0.1125 2.77689933776855
v -0.3 -0.1125 2.76771140098572
v -0.2875 -0.1125 2.7584125995636
v -0.275 -0.1125 2.74901556968689
v -0.2625 -0.1125 2.73953747749329
v -0.25 -0.1125 2.73000311851501
v -0.2375 -0.1125 2.72044348716736
v -0.225 -0.1125 2.71089911460876
v -0.2125 -0.1125 2.70142149925232
v -0.2 -0.1125 2.69207239151001
v -0.1875 -0.1125 2.68292212486267
v -0.175 -0.1125 2.67404913902283
v -0.1625 -0.1125 2.66553282737732
v -0.15 -0.1125 2.65744662284851
v -0.1375 -0.1125 2.64985013008118
v -0.125 -0.1125 2.64278197288513
v -0.1125 -0.1125 2.63625359535217
v -0.0999999999999996 -0.1125 2.63025093078613
v -0.0874999999999996 -0.1125 2.62473654747009
v -0.0749999999999996 -0.1125 2.61965370178223
v -0.0624999999999996 -0.1125 2.61493563652039
v -0.0499999999999996 -0.1125 2.61050629615784
v -0.0374999999999996 -0.1125 2.60628962516785
v -0.0249999999999996 -0.1125 2.60221004486084
v -0.0124999999999996 -0.1125 2.59819793701172
v 4.44089209850063e-16 -0.1125 2.5941903591156
v 0.0125000000000004 -0.1125 2.59013509750366
v 0.0250000000000005 -0.1125 2.58599209785461
v 0.0375000000000005 -0.1125 2.58173489570618
v 0.0500000000000005 -0.1125 2.57735133171082
v 0.0625000000000004 -0.1125 2.57284593582153
v 0.0750000000000005 -0.1125 2.56823515892029
v 0.0875000000000006 -0.1125 2.56354880332947
v 0.100000000000001 -0.1125 2.55882358551025
v 0.1125 -0.1125 2.5540988445282
v 0.125000000000001 -0.1125 2.5494110584259
v 0.137500000000001 -0.1125 2.54479098320007
v 0.150000000000001 -0.1125 2.54026007652283
v 0.162500000000001 -0.1125 2.53583407402039
v 0.175000000000001 -0.1125 2.53152132034302
v 0.187500000000001 -0.1125 2.52732944488525
v 0.200000000000001 -0.1125 2.52326440811157
v 0.212500000000001 -0.1125 2.51933550834656
v 0.225000000000001 -0.1125 2.51555180549622
v 0.237500000000001 -0.1125 2.51192736625671
v 0.250000000000001 -0.1125 2.50847697257996
v 0.262500000000001 -0.1125 2.50521636009216
v 0.275000000000001 -0.1125 2.50216484069824
v 0.287500000000001 -0.1125 2.49934029579163
v 0.300000000000001 -0.1125 2.49676203727722
v 0.312500000000001 -0.1125 2.49444770812988
v 0.325000000000001 -0.1125 2.49241614341736
v 0.337500000000001 -0.1125 2.49068188667297
v 0.350000000000001 -0.1125 2.48925733566284
v 0.362500000000001 -0.1125 2.48815155029297
v 0.375000000000001 -0.1125 2.48736953735352
v 0.387500000000001 -0.1125 2.48691296577454
v 0.400000000000001 -0.1125 2.48677849769592
v 0.412500000000001 -0.1125 2.48696112632751
v 0.425000000000001 -0.1125 2.48745322227478
v 0.437500000000001 -0.1125 2.48824501037598
v 0.450000000000001 -0.1125 2.48932790756226
v 0.462500000000001 -0.1125 2.49069094657898
v 0.475000000000001 -0.1125 2.49232649803162
v 0.487500000000001 -0.1125 2.49422383308411
v 0.500000000000001 -0.1125 2.49637484550476
v -0.5 -0.0999999999999996 2.91557955741882
v -0.4875 -0.0999999999999996 2.90718913078308
v -0.475 -0.0999999999999996 2.89878821372986
v -0.4625 -0.0999999999999996 2.89036798477173
v -0.45 -0.0999999999999996 2.881920337677
v -0.4375 -0.0999999999999996 2.87343287467957
v -0.425 -0.0999999999999996 2.86489367485046
v -0.4125 -0.0999999999999996 2.85628867149353
v -0.4 -0.0999999999999996 2.84760475158691
v -0.3875 -0.0999999999999996 2.8388295173645
v -0.375 -0.0999999999999996 2.82995271682739
v -0.3625 -0.0999999999999996 2.82096552848816
v -0.35 -0.0999999999999996 2.81186199188232
v -0.3375 -0.0999999999999996 2.80263996124268
v -0.325 -0.0999999999999996 2.79329657554626
v -0.3125 -0.0999999999999996 2.78383445739746
v -0.3 -0.0999999999999996 2.77426075935364
v -0.2875 -0.0999999999999996 2.76458358764648
v -0.275 -0.0999999999999996 2.75481939315796
v -0.2625 -0.0999999999999996 2.74498653411865
v -0.25 -0.0999999999999996 2.73511385917664
v -0.2375 -0.0999999999999996 2.7252357006073
v -0.225 -0.0999999999999996 2.71539616584778
v -0.2125 -0.0999999999999996 2.70565104484558
v -0.2 -0.0999999999999996 2.6960620880127
v -0.1875 -0.0999999999999996 2.68670153617859
v -0.175 -0.0999999999999996 2.67764472961426
v -0.1625 -0.0999999999999996 2.66896510124207
v -0.15 -0.0999999999999996 2.66072821617126
v -0.1375 -0.0999999999999996 2.65298199653625
v -0.125 -0.0999999999999996 2.64575338363647
v -0.1125 -0.0999999999999996 2.63904523849487
v -0.0999999999999996 -0.0999999999999996 2.63283777236938
v -0.0874999999999996 -0.0999999999999996 2.62709140777588
v -0.0749999999999996 -0.0999999999999996 2.62175154685974
v -0.0624999999999996 -0.0999999999999996 2.61675500869751
v -0.0499999999999996 -0.0999999999999996 2.61203145980835
v -0.0374999999999996 -0.0999999999999996 2.60751128196716
v -0.0249999999999996 -0.0999999999999996 2.60312509536743
v -0.0124999999999996 -0.0999999999999996 2.59881019592285
v 4.44089209850063e-16 -0.0999999999999996 2.59450960159302
v 0.0125000000000004 -0.0999999999999996 2.59017705917358
v 0.0250000000000005 -0.0999999999999996 2.58577680587769
v 0.0375000000000005 -0.0999999999999996 2.58128547668457
v 0.0500000000000005 -0.0999999999999996 2.57669520378113
v 0.0625000000000004 -0.0999999999999996 2.57201075553894
v 0.0750000000000005 -0.0999999999999996 2.5672504901886
v 0.0875000000000006 -0.0999999999999996 2.56244254112244
v 0.100000000000001 -0.0999999999999996 2.55762100219727
v 0.1125 -0.0999999999999996 2.55282187461853
v 0.125000000000001 -0.0999999999999996 2.54807758331299
v 0.137500000000001 -0.0999999999999996 2.54341292381287
v 0.150000000000001 -0.0999999999999996 2.53884768486023
v 0.162500000000001 -0.0999999999999996 2.53439164161682
v 0.175000000000001 -0.0999999999999996 2.53005337715149
v 0.187500000000001 -0.0999999999999996 2.52583861351013
v 0.200000000000001 -0.0999999999999996 2.52175331115723
v 0.212500000000001 -0.0999999999999996 2.51780581474304
v 0.225000000000001 -0.0999999999999996 2.51400709152222
v 0.237500000000001 -0.0999999999999996 2.51036953926086
v 0.250000000000001 -0.0999999999999996 2.50690793991089
v 0.262500000000001 -0.0999999999999996 2.50363969802856
v 0.275000000000001 -0.0999999999999996 2.50058174133301
v 0.287500000000001 -0.0999999999999996 2.49775290489197
v 0.300000000000001 -0.0999999999999996 2.49517130851746
v 0.312500000000001 -0.0999999999999996 2.49285483360291
v 0.325000000000001 -0.0999999999999996 2.49082183837891
v 0.337500000000001 -0.0999999999999996 2.48908591270447
v 0.350000000000001 -0.0999999999999996 2.48765993118286
v 0.362500000000001 -0.0999999999999996 2.48655223846436
v 0.375000000000001 -0.0999999999999996 2.48576903343201
v 0.387500000000001 -0.0999999999999996 2.48531079292297
v 0.400000000000001 -0.0999999999999996 2.4851758480072
v 0.412500000000001 -0.0999999999999996 2.48535823822021
v 0.425000000000001 -0.0999999999999996 2.48585152626038
v 0.437500000000001 -0.0999999999999996 2.48664593696594
v 0.450000000000001 -0.0999999999999996 2.48773241043091
v 0.462500000000001 -0.0999999999999996 2.48910117149353
v 0.475000000000001 -0.0999999999999996 2.49074196815491
v 0.487500000000001 -0.0999999999999996 2.49264550209045
v 0.500000000000001 -0.0999999999999996 2.49480128288269
v -0.5 -0.0874999999999996 2.92900061607361
v -0.4875 -0.0874999999999996 2.92018270492554
v -0.475 -0.0874999999999996 2.91134834289551
v -0.4625 -0.0874999999999996 2.90249562263489
v -0.45 -0.0874999999999996 2.8936173915863
v -0.4375 -0.0874999999999996 2.88470411300659
v -0.425 -0.0874999999999996 2.87574362754822
v -0.4125 -0.0874999999999996 2.86672258377075
v -0.4 -0.0874999999999996 2.85762667655945
v -0.3875 -0.0874999999999996 2.84844207763672
v -0.375 -0.0874999999999996 2.83915972709656
v -0.3625 -0.0874999999999996 2.82976889610291
v -0.35 -0.0874999999999996 2.8202645778656
v -0.3375 -0.0874999999999996 2.81064319610596
v -0.325 -0.0874999999999996 2.80090498924255
v -0.3125 -0.0874999999999996 2.79105353355408
v -0.3 -0.0874999999999996 2.78109693527222
v -0.2875 -0.0874999999999996 2.77104616165161
v -0.275 -0.0874999999999996 2.76091837882996
v -0.2625 -0.0874999999999996 2.75073790550232
v -0.25 -0.0874999999999996 2.74053359031677
v -0.2375 -0.0874999999999996 2.73034381866455
v -0.225 -0.0874999999999996 2.72021651268005
v -0.2125 -0.0874999999999996 2.71020722389221
v -0.2 -0.0874999999999996 2.70038032531738
v -0.1875 -0.0874999999999996 2.69080567359924
v -0.175 -0.0874999999999996 2.68155479431152
v -0.1625 -0.0874999999999996 2.67269515991211
v -0.15 -0.0874999999999996 2.66428256034851
v -0.1375 -0.0874999999999996 2.65635657310486
v -0.125 -0.0874999999999996 2.64893507957458
v -0.1125 -0.0874999999999996 2.64201521873474
v -0.0999999999999996 -0.0874999999999996 2.635573387146
v -0.0874999999999996 -0.0874999999999996 2.6295702457428
v -0.0749999999999996 -0.0874999999999996 2.62395334243774
v -0.0624999999999996 -0.0874999999999996 2.6186625957489
v -0.0499999999999996 -0.0874999999999996 2.61363387107849
v -0.0374999999999996 -0.0874999999999996 2.60880208015442
v -0.0249999999999996 -0.0874999999999996 2.6041054725647
v -0.0124999999999996 -0.0874999999999996 2.59948515892029
v 4.44089209850063e-16 -0.0874999999999996 2.5948920249939
v 0.0125000000000004 -0.0874999999999996 2.59028315544128
v 0.0250000000000005 -0.0874999999999996 2.58562898635864
v 0.0375000000000005 -0.0874999999999996 2.58090901374817
v 0.0500000000000005 -0.0874999999999996 2.57611846923828
v 0.0625000000000004 -0.0874999999999996 2.5712628364563
v 0.0750000000000005 -0.0874999999999996 2.56636118888855
v 0.0875000000000006 -0.0874999999999996 2.56143975257874
v 0.100000000000001 -0.0874999999999996 2.5565299987793
v 0.1125 -0.0874999999999996 2.55166411399841
v 0.125000000000001 -0.0874999999999996 2.54686856269836
v 0.137500000000001 -0.0874999999999996 2.54216456413269
v 0.150000000000001 -0.0874999999999996 2.53756761550903
v 0.162500000000001 -0.0874999999999996 2.5330855846405
v 0.175000000000001 -0.0874999999999996 2.52872443199158
v 0.187500000000001 -0.0874999999999996 2.524489402771
v 0.200000000000001 -0.0874999999999996 2.52038598060608
v 0.212500000000001 -0.0874999999999996 2.51642298698425
v 0.225000000000001 -0.0874999999999996 2.51261019706726
v 0.237500000000001 -0.0874999999999996 2.50896120071411
v 0.250000000000001 -0.0874999999999996 2.50549054145813
v 0.262500000000001 -0.0874999999999996 2.50221467018127
v 0.275000000000001 -0.0874999999999996 2.49915146827698
v 0.287500000000001 -0.0874999999999996 2.49631810188293
v 0.300000000000001 -0.0874999999999996 2.49373364448547
v 0.312500000000001 -0.0874999999999996 2.49141478538513
v 0.325000000000001 -0.0874999999999996 2.4893786907196
v 0.337500000000001 -0.0874999999999996 2.4876401424408
v 0.350000000000001 -0.0874999999999996 2.4862105846405
v 0.362500000000001 -0.0874999999999996 2.48510003089905
v 0.375000000000001 -0.0874999999999996 2.48431277275085
v 0.387500000000001 -0.0874999999999996 2.48385095596313
v 0.400000000000001 -0.0874999999999996 2.48371195793152
v 0.412500000000001 -0.0874999999999996 2.48389101028442
v 0.425000000000001 -0.0874999999999996 2.48438143730164
v 0.437500000000001 -0.0874999999999996 2.48517322540283
v 0.450000000000001 -0.0874999999999996 2.48625802993774
v 0.462500000000001 -0.0874999999999996 2.48762488365173
v 0.475000000000001 -0.0874999999999996 2.48926401138306
v 0.487500000000001 -0.0874999999999996 2.49116396903992
v 0.500000000000001 -0.0874999999999996 2.49331450462341
v -0.5 -0.0749999999999996 2.94281816482544
v -0.4875 -0.0749999999999996 2.93355560302734
v -0.475 -0.0749999999999996 2.92427086830139
v -0.4625 -0.0749999999999996 2.91496706008911
v -0.45 -0.0749999999999996 2.90564131736755
v -0.4375 -0.0749999999999996 2.89628672599792
v -0.425 -0.0749999999999996 2.88689351081848
v -0.4125 -0.0749999999999996 2.87744688987732
v -0.4 -0.0749999999999996 2.86793184280396
v -0.3875 -0.0749999999999996 2.85833477973938
v -0.375 -0.0749999999999996 2.8486430644989
v -0.3625 -0.0749999999999996 2.83884739875793
v -0.35 -0.0749999999999996 2.82894206047058
v -0.3375 -0.0749999999999996 2.81892275810242
v -0.325 -0.0749999999999996 2.80879211425781
v -0.3125 -0.0749999999999996 2.79855418205261
v -0.3 -0.0749999999999996 2.78821778297424
v -0.2875 -0.0749999999999996 2.77779746055603
v -0.275 -0.0749999999999996 2.76731276512146
v -0.2625 -0.0749999999999996 2.75678849220276
v -0.25 -0.0749999999999996 2.74625825881958
v -0.2375 -0.0749999999999996 2.73576259613037
v -0.225 -0.0749999999999996 2.72535014152527
v -0.2125 -0.0749999999999996 2.71507716178894
v -0.2 -0.0749999999999996 2.70500826835632
v -0.1875 -0.0749999999999996 2.69521069526672
v -0.175 -0.0749999999999996 2.68575072288513
v -0.1625 -0.0749999999999996 2.67668867111206
v -0.15 -0.0749999999999996 2.66807413101196
v -0.1375 -0.0749999999999996 2.6599395275116
v -0.125 -0.0749999999999996 2.65229606628418
v -0.1125 -0.0749999999999996 2.64513778686523
v -0.0999999999999996 -0.0749999999999996 2.63843894004822
v -0.0874999999999996 -0.0749999999999996 2.63216018676758
v -0.0749999999999996 -0.0749999999999996 2.62625122070312
v -0.0624999999999996 -0.0749999999999996 2.62065601348877
v -0.0499999999999996 -0.0749999999999996 2.61531496047974
v -0.0374999999999996 -0.0749999999999996 2.61016798019409
v -0.0249999999999996 -0.0749999999999996 2.60515832901001
v -0.0124999999999996 -0.0749999999999996 2.60023379325867
v 4.44089209850063e-16 -0.0749999999999996 2.59534955024719
v 0.0125000000000004 -0.0749999999999996 2.59046912193298
v 0.0250000000000005 -0.0749999999999996 2.5855655670166
v 0.0375000000000005 -0.0749999999999996 2.58062362670898
v 0.0500000000000005 -0.0749999999999996 2.57563948631287
v 0.0625000000000004 -0.0749999999999996 2.57062077522278
v 0.0750000000000005 -0.0749999999999996 2.56558537483215
v 0.0875000000000006 -0.0749999999999996 2.56055808067322
v 0.100000000000001 -0.0749999999999996 2.55556654930115
v 0.1125 -0.0749999999999996 2.55063843727112
v 0.125000000000001 -0.0749999999999996 2.54579615592957
v 0.137500000000001 -0.0749999999999996 2.54105687141418
v 0.150000000000001 -0.0749999999999996 2.53643083572388
v 0.162500000000001 -0.0749999999999996 2.53192448616028
v 0.175000000000001 -0.0749999999999996 2.52754282951355
v 0.187500000000001 -0.0749999999999996 2.52328872680664
v 0.200000000000001 -0.0749999999999996 2.51916861534119
v 0.212500000000001 -0.0749999999999996 2.51519083976746
v 0.225000000000001 -0.0749999999999996 2.51136589050293
v 0.237500000000001 -0.0749999999999996 2.50770664215088
v 0.250000000000001 -0.0749999999999996 2.50422739982605
v 0.262500000000001 -0.0749999999999996 2.50094485282898
v 0.275000000000001 -0.0749999999999996 2.49787640571594
v 0.287500000000001 -0.0749999999999996 2.49503874778748
v 0.300000000000001 -0.0749999999999996 2.49245047569275
v 0.312500000000001 -0.0749999999999996 2.4901282787323
v 0.325000000000001 -0.0749999999999996 2.48808884620667
v 0.337500000000001 -0.0749999999999996 2.48634600639343
v 0.350000000000001 -0.0749999999999996 2.48491215705872
v 0.362500000000001 -0.0749999999999996 2.48379588127136
v 0.375000000000001 -0.0749999999999996 2.48300242424011
v 0.387500000000001 -0.0749999999999996 2.48253417015076
v 0.400000000000001 -0.0749999999999996 2.48238849639893
v 0.412500000000001 -0.0749999999999996 2.48256039619446
v 0.425000000000001 -0.0749999999999996 2.48304343223572
v 0.437500000000001 -0.0749999999999996 2.48382830619812
v 0.450000000000001 -0.0749999999999996 2.48490500450134
v 0.462500000000001 -0.0749999999999996 2.48626327514648
v 0.475000000000001 -0.0749999999999996 2.48789215087891
v 0.487500000000001 -0.0749999999999996 2.48978018760681
v 0.500000000000001 -0.0749999999999996 2.49191474914551
v -0.5 -0.0624999999999996 2.95702433586121
v -0.4875 -0.0624999999999996 2.94730377197266
v -0.475 -0.0624999999999996 2.93755197525024
v -0.4625 -0.0624999999999996 2.92777872085571
v -0.45 -0.0624999999999996 2.91798853874207
v -0.4375 -0.0624999999999996 2.90817761421204
v -0.425 -0.0624999999999996 2.89833784103394
v -0.4125 -0.0624999999999996 2.88845467567444
v -0.4 -0.0624999999999996 2.87851309776306
v -0.3875 -0.0624999999999996 2.86849784851074
v -0.375 -0.0624999999999996 2.85839438438416
v -0.3625 -0.0624999999999996 2.84819293022156
v -0.35 -0.0624999999999996 2.83788633346558
v -0.3375 -0.0624999999999996 2.82747149467468
v -0.325 -0.0624999999999996 2.81695055961609
v -0.3125 -0.0624999999999996 2.80632877349854
v -0.3 -0.0624999999999996 2.79561734199524
v -0.2875 -0.0624999999999996 2.78483176231384
v -0.275 -0.0624999999999996 2.77399373054504
v -0.2625 -0.0624999999999996 2.76313161849976
v -0.25 -0.0624999999999996 2.75227904319763
v -0.2375 -0.0624999999999996 2.74147891998291
v -0.225 -0.0624999999999996 2.7307813167572
v -0.2125 -0.0624999999999996 2.72024178504944
v -0.2 -0.0624999999999996 2.70992255210876
v -0.1875 -0.0624999999999996 2.69988822937012
v -0.175 -0.0624999999999996 2.69020009040833
v -0.1625 -0.0624999999999996 2.6809139251709
v -0.15 -0.0624999999999996 2.67207264900208
v -0.1375 -0.0624999999999996 2.66370368003845
v -0.125 -0.0624999999999996 2.65581393241882
v -0.1125 -0.0624999999999996 2.6483952999115
v -0.0999999999999996 -0.0624999999999996 2.64142107963562
v -0.0874999999999996 -0.0624999999999996 2.63485217094421
v -0.0749999999999996 -0.0624999999999996 2.62864112854004
v -0.0624999999999996 -0.0624999999999996 2.62273526191711
v -0.0499999999999996 -0.0624999999999996 2.61707806587219
v -0.0374999999999996 -0.0624999999999996 2.61161494255066
v -0.0249999999999996 -0.0624999999999996 2.60629415512085
v -0.0124999999999996 -0.0624999999999996 2.60106825828552
v 4.44089209850063e-16 -0.0624999999999996 2.59589815139771
v 0.0125000000000004 -0.0624999999999996 2.59075093269348
v 0.0250000000000005 -0.0624999999999996 2.58560490608215
v 0.0375000000000005 -0.0624999999999996 2.58044743537903
v 0.0500000000000005 -0.0624999999999996 2.57527732849121
v 0.0625000000000004 -0.0624999999999996 2.57010269165039
v 0.0750000000000005 -0.0624999999999996 2.5649402141571
v 0.0875000000000006 -0.0624999999999996 2.55981302261353
v 0.100000000000001 -0.0624999999999996 2.55474448204041
v 0.1125 -0.0624999999999996 2.54975867271423
v 0.125000000000001 -0.0624999999999996 2.54487276077271
v 0.137500000000001 -0.0624999999999996 2.54009985923767
v 0.150000000000001 -0.0624999999999996 2.53544664382935
v 0.162500000000001 -0.0624999999999996 2.53091716766357
v 0.175000000000001 -0.0624999999999996 2.52651524543762
v 0.187500000000001 -0.0624999999999996 2.52224326133728
v 0.200000000000001 -0.0624999999999996 2.51810765266418
v 0.212500000000001 -0.0624999999999996 2.5141167640686
v 0.225000000000001 -0.0624999999999996 2.51027965545654
v 0.237500000000001 -0.0624999999999996 2.50661063194275
v 0.250000000000001 -0.0624999999999996 2.50312328338623
v 0.262500000000001 -0.0624999999999996 2.4998345375061
v 0.275000000000001 -0.0624999999999996 2.49676012992859
v 0.287500000000001 -0.0624999999999996 2.49391770362854
v 0.300000000000001 -0.0624999999999996 2.49132513999939
v 0.312500000000001 -0.0624999999999996 2.48899865150452
v 0.325000000000001 -0.0624999999999996 2.4869544506073
v 0.337500000000001 -0.0624999999999996 2.48520588874817
v 0.350000000000001 -0.0624999999999996 2.48376560211182
v 0.362500000000001 -0.0624999999999996 2.48264193534851
v 0.375000000000001 -0.0624999999999996 2.48184013366699
v 0.387500000000001 -0.0624999999999996 2.48136210441589
v 0.400000000000001 -0.0624999999999996 2.48120617866516
v 0.412500000000001 -0.0624999999999996 2.48136758804321
v 0.425000000000001 -0.0624999999999996 2.48183870315552
v 0.437500000000001 -0.0624999999999996 2.48261094093323
v 0.450000000000001 -0.0624999999999996 2.48367381095886
v 0.462500000000001 -0.0624999999999996 2.48501706123352
v 0.475000000000001 -0.0624999999999996 2.48662757873535
v 0.487500000000001 -0.0624999999999996 2.4884946346283
v 0.500000000000001 -0.0624999999999996 2.49060320854187
v -0.5 -0.0499999999999996 2.97160887718201
v -0.4875 -0.0499999999999996 2.96141886711121
v -0.475 -0.0499999999999996 2.95118570327759
v -0.4625 -0.0499999999999996 2.94092726707458
v -0.45 -0.0499999999999996 2.93065452575684
v -0.4375 -0.0499999999999996 2.92037010192871
v -0.425 -0.0499999999999996 2.91006898880005
v -0.4125 -0.0499999999999996 2.89973783493042
v -0.4 -0.0499999999999996 2.88936161994934
v -0.3875 -0.0499999999999996 2.87892198562622
v -0.375 -0.0499999999999996 2.86840415000916
v -0.3625 -0.0499999999999996 2.85779547691345
v -0.35 -0.0499999999999996 2.84708762168884
v -0.3375 -0.0499999999999996 2.83627867698669
v -0.325 -0.0499999999999996 2.8253698348999
v -0.3125 -0.0499999999999996 2.81436800956726
v -0.3 -0.0499999999999996 2.80328440666199
v -0.2875 -0.0499999999999996 2.79213786125183
v -0.275 -0.0499999999999996 2.78095078468323
v -0.2625 -0.0499999999999996 2.76975321769714
v -0.25 -0.0499999999999996 2.75858044624329
v -0.2375 -0.0499999999999996 2.74747633934021
v -0.225 -0.0499999999999996 2.73649001121521
v -0.2125 -0.0499999999999996 2.72567701339722
v -0.2 -0.0499999999999996 2.71509671211243
v -0.1875 -0.0499999999999996 2.70481014251709
v -0.175 -0.0499999999999996 2.69487595558167
v -0.1625 -0.0499999999999996 2.68534398078918
v -0.15 -0.0499999999999996 2.67625379562378
v -0.1375 -0.0499999999999996 2.66762804985046
v -0.125 -0.0499999999999996 2.65947270393372
v -0.1125 -0.0499999999999996 2.65177607536316
v -0.0999999999999996 -0.0499999999999996 2.64451265335083
v -0.0874999999999996 -0.0499999999999996 2.63764381408691
v -0.0749999999999996 -0.0499999999999996 2.63112425804138
v -0.0624999999999996 -0.0499999999999996 2.62490320205688
v -0.0499999999999996 -0.0499999999999996 2.61892938613892
v -0.0374999999999996 -0.0499999999999996 2.61315202713013
v -0.0249999999999996 -0.0499999999999996 2.6075234413147
v -0.0124999999999996 -0.0499999999999996 2.60200190544128
v 4.44089209850063e-16 -0.0499999999999996 2.59655117988586
v 0.0125000000000004 -0.0499999999999996 2.59114503860474
v 0.0250000000000005 -0.0499999999999996 2.58576369285583
v 0.0375000000000005 -0.0499999999999996 2.58039832115173
v 0.0500000000000005 -0.0499999999999996 2.57504963874817
v 0.0625000000000004 -0.0499999999999996 2.56972575187683
v 0.0750000000000005 -0.0499999999999996 2.5644428730011
v 0.0875000000000006 -0.0499999999999996 2.55922079086304
v 0.100000000000001 -0.0499999999999996 2.55407953262329
v 0.1125 -0.0499999999999996 2.54903769493103
v 0.125000000000001 -0.0499999999999996 2.54411005973816
v 0.137500000000001 -0.0499999999999996 2.53930330276489
v 0.150000000000001 -0.0499999999999996 2.53462386131287
v 0.162500000000001 -0.0499999999999996 2.53007125854492
v 0.175000000000001 -0.0499999999999996 2.52564883232117
v 0.187500000000001 -0.0499999999999996 2.52135992050171
v 0.200000000000001 -0.0499999999999996 2.51720881462097
v 0.212500000000001 -0.0499999999999996 2.51320433616638
v 0.225000000000001 -0.0499999999999996 2.50935626029968
v 0.237500000000001 -0.0499999999999996 2.50567722320557
v 0.250000000000001 -0.0499999999999996 2.50218200683594
v 0.262500000000001 -0.0499999999999996 2.49888610839844
v 0.275000000000001 -0.0499999999999996 2.4958062171936
v 0.287500000000001 -0.0499999999999996 2.49295878410339
v 0.300000000000001 -0.0499999999999996 2.49036026000977
v 0.312500000000001 -0.0499999999999996 2.48802828788757
v 0.325000000000001 -0.0499999999999996 2.4859778881073
v 0.337500000000001 -0.0499999999999996 2.48422241210938
v 0.350000000000001 -0.0499999999999996 2.48277354240417
v 0.362500000000001 -0.0499999999999996 2.48164033889771
v 0.375000000000001 -0.0499999999999996 2.48082780838013
v 0.387500000000001 -0.0499999999999996 2.48033738136292
v 0.400000000000001 -0.0499999999999996 2.48016738891602
v 0.412500000000001 -0.0499999999999996 2.480313539505
v 0.425000000000001 -0.0499999999999996 2.48076891899109
v 0.437500000000001 -0.0499999999999996 2.48152279853821
v 0.450000000000001 -0.0499999999999996 2.48256587982178
v 0.462500000000001 -0.0499999999999996 2.48388648033142
v 0.475000000000001 -0.0499999999999996 2.48547101020813
v 0.487500000000001 -0.0499999999999996 2.48730707168579
v 0.500000000000001 -0.0499999999999996 2.4893798828125
v -0.5 -0.0374999999999996 2.98655295372009
v -0.4875 -0.0374999999999996 2.9758882522583
v -0.475 -0.0374999999999996 2.96516370773315
v -0.4625 -0.0374999999999996 2.95440483093262
v -0.45 -0.0374999999999996 2.94363260269165
v -0.4375 -0.0374999999999996 2.93285799026489
v -0.425 -0.0374999999999996 2.92207980155945
v -0.4125 -0.0374999999999996 2.91128778457642
v -0.4 -0.0374999999999996 2.90046668052673
v -0.3875 -0.0374999999999996 2.88959670066833
v -0.375 -0.0374999999999996 2.87865996360779
v -0.3625 -0.0374999999999996 2.86764240264893
v -0.35 -0.0374999999999996 2.85653471946716
v -0.3375 -0.0374999999999996 2.8453323841095
v -0.325 -0.0374999999999996 2.83403778076172
v -0.3125 -0.0374999999999996 2.82265830039978
v -0.3 -0.0374999999999996 2.81120681762695
v -0.2875 -0.0374999999999996 2.79970216751099
v -0.275 -0.0374999999999996 2.78816843032837
v -0.2625 -0.0374999999999996 2.77663683891296
v -0.25 -0.0374999999999996 2.76514410972595
v -0.2375 -0.0374999999999996 2.75373339653015
v -0.225 -0.0374999999999996 2.74245309829712
v -0.2125 -0.0374999999999996 2.73135781288147
v -0.2 -0.0374999999999996 2.72050452232361
v -0.1875 -0.0374999999999996 2.70995092391968
v -0.175 -0.0374999999999996 2.69975161552429
v -0.1625 -0.0374999999999996 2.68995451927185
v -0.15 -0.0374999999999996 2.68059611320496
v -0.1375 -0.0374999999999996 2.67169618606567
v -0.125 -0.0374999999999996 2.66325926780701
v -0.1125 -0.0374999999999996 2.6552722454071
v -0.0999999999999996 -0.0374999999999996 2.647709608078
v -0.0874999999999996 -0.0374999999999996 2.64053344726562
v -0.0749999999999996 -0.0374999999999996 2.63370108604431
v -0.0624999999999996 -0.0374999999999996 2.6271653175354
v -0.0499999999999996 -0.0374999999999996 2.62087631225586
v -0.0374999999999996 -0.0374999999999996 2.6147882938385
v -0.0249999999999996 -0.0374999999999996 2.60885810852051
v -0.0124999999999996 -0.0374999999999996 2.60304737091064
v 4.44089209850063e-16 -0.0374999999999996 2.59732484817505
v 0.0125000000000004 -0.0374999999999996 2.59166717529297
v 0.0250000000000005 -0.0374999999999996 2.58605933189392
v 0.0375000000000005 -0.0374999999999996 2.58049392700195
v 0.0500000000000005 -0.0374999999999996 2.57497382164001
v 0.0625000000000004 -0.0374999999999996 2.56950736045837
v 0.0750000000000005 -0.0374999999999996 2.5641086101532
v 0.0875000000000006 -0.0374999999999996 2.5587956905365
v 0.100000000000001 -0.0374999999999996 2.5535843372345
v 0.1125 -0.0374999999999996 2.5484893321991
v 0.125000000000001 -0.0374999999999996 2.54351902008057
v 0.137500000000001 -0.0374999999999996 2.5386791229248
v 0.150000000000001 -0.0374999999999996 2.53397107124329
v 0.162500000000001 -0.0374999999999996 2.52939558029175
v 0.175000000000001 -0.0374999999999996 2.52495265007019
v 0.187500000000001 -0.0374999999999996 2.52064561843872
v 0.200000000000001 -0.0374999999999996 2.5164783000946
v 0.212500000000001 -0.0374999999999996 2.51245999336243
v 0.225000000000001 -0.0374999999999996 2.50860023498535
v 0.237500000000001 -0.0374999999999996 2.50491166114807
v 0.250000000000001 -0.0374999999999996 2.50140786170959
v 0.262500000000001 -0.0374999999999996 2.49810457229614
v 0.275000000000001 -0.0374999999999996 2.49501800537109
v 0.287500000000001 -0.0374999999999996 2.49216437339783
v 0.300000000000001 -0.0374999999999996 2.48955988883972
v 0.312500000000001 -0.0374999999999996 2.48722052574158
v 0.325000000000001 -0.0374999999999996 2.48516249656677
v 0.337500000000001 -0.0374999999999996 2.48339819908142
v 0.350000000000001 -0.0374999999999996 2.48193883895874
v 0.362500000000001 -0.0374999999999996 2.48079347610474
v 0.375000000000001 -0.0374999999999996 2.47996687889099
v 0.387500000000001 -0.0374999999999996 2.47946095466614
v 0.400000000000001 -0.0374999999999996 2.47927355766296
v 0.412500000000001 -0.0374999999999996 2.4794008731842
v 0.425000000000001 -0.0374999999999996 2.47983407974243
v 0.437500000000001 -0.0374999999999996 2.48056483268738
v 0.450000000000001 -0.0374999999999996 2.48158144950867
v 0.462500000000001 -0.0374999999999996 2.48287200927734
v 0.475000000000001 -0.0374999999999996 2.48442268371582
v 0.487500000000001 -0.0374999999999996 2.48621916770935
v 0.500000000000001 -0.0374999999999996 2.48824620246887
v -0.5 -0.0249999999999996 3.00183582305908
v -0.4875 -0.0249999999999996 2.99069547653198
v -0.475 -0.0249999999999996 2.97947192192078
v -0.4625 -0.0249999999999996 2.96820187568665
v -0.45 -0.0249999999999996 2.95691561698914
v -0.4375 -0.0249999999999996 2.94563317298889
v -0.425 -0.0249999999999996 2.93436193466187
v -0.4125 -0.0249999999999996 2.92309546470642
v -0.4 -0.0249999999999996 2.9118185043335
v -0.3875 -0.0249999999999996 2.90050983428955
v -0.375 -0.0249999999999996 2.88915038108826
v -0.3625 -0.0249999999999996 2.87772178649902
v -0.35 -0.0249999999999996 2.86621284484863
v -0.3375 -0.0249999999999996 2.85461854934692
v -0.325 -0.0249999999999996 2.84294009208679
v -0.3125 -0.0249999999999996 2.83118557929993
v -0.3 -0.0249999999999996 2.81936764717102
v -0.2875 -0.0249999999999996 2.80750727653503
v -0.275 -0.0249999999999996 2.79562878608704
v -0.2625 -0.0249999999999996 2.78376340866089
v -0.25 -0.0249999999999996 2.77194881439209
v -0.2375 -0.0249999999999996 2.76022720336914
v -0.225 -0.0249999999999996 2.74864649772644
v -0.2125 -0.0249999999999996 2.73725938796997
v -0.2 -0.0249999999999996 2.72611999511719
v -0.1875 -0.0249999999999996 2.71528482437134
v -0.175 -0.0249999999999996 2.70480513572693
v -0.1625 -0.0249999999999996 2.69472670555115
v -0.15 -0.0249999999999996 2.68508410453796
v -0.1375 -0.0249999999999996 2.67589592933655
v -0.125 -0.0249999999999996 2.66716456413269
v -0.1125 -0.0249999999999996 2.65887808799744
v -0.0999999999999996 -0.0249999999999996 2.65100932121277
v -0.0874999999999996 -0.0249999999999996 2.64352297782898
v -0.0749999999999996 -0.0249999999999996 2.63637709617615
v -0.0624999999999996 -0.0249999999999996 2.62952661514282
v -0.0499999999999996 -0.0249999999999996 2.62292671203613
v -0.0374999999999996 -0.0249999999999996 2.61653399467468
v -0.0249999999999996 -0.0249999999999996 2.6103093624115
v -0.0124999999999996 -0.0249999999999996 2.60421752929688
v 4.44089209850063e-16 -0.0249999999999996 2.59823226928711
v 0.0125000000000004 -0.0249999999999996 2.5923330783844
v 0.0250000000000005 -0.0249999999999996 2.58650708198547
v 0.0375000000000005 -0.0249999999999996 2.58075070381165
v 0.0500000000000005 -0.0249999999999996 2.57506632804871
v 0.0625000000000004 -0.0249999999999996 2.56946349143982
v 0.0750000000000005 -0.0249999999999996 2.56395411491394
v 0.0875000000000006 -0.0249999999999996 2.55855274200439
v 0.100000000000001 -0.0249999999999996 2.55327296257019
v 0.1125 -0.0249999999999996 2.54812407493591
v 0.125000000000001 -0.0249999999999996 2.54311108589172
v 0.137500000000001 -0.0249999999999996 2.53823637962341
v 0.150000000000001 -0.0249999999999996 2.53349924087524
v 0.162500000000001 -0.0249999999999996 2.52889823913574
v 0.175000000000001 -0.0249999999999996 2.52443289756775
v 0.187500000000001 -0.0249999999999996 2.52010655403137
v 0.200000000000001 -0.0249999999999996 2.5159227848053
v 0.212500000000001 -0.0249999999999996 2.51189017295837
v 0.225000000000001 -0.0249999999999996 2.50801777839661
v 0.237500000000001 -0.0249999999999996 2.50431799888611
v 0.250000000000001 -0.0249999999999996 2.50080561637878
v 0.262500000000001 -0.0249999999999996 2.49749398231506
v 0.275000000000001 -0.0249999999999996 2.49439978599548
v 0.287500000000001 -0.0249999999999996 2.49153876304626
v 0.300000000000001 -0.0249999999999996 2.48892664909363
v 0.312500000000001 -0.0249999999999996 2.48657965660095
v 0.325000000000001 -0.0249999999999996 2.48451161384583
v 0.337500000000001 -0.0249999999999996 2.48273634910583
v 0.350000000000001 -0.0249999999999996 2.48126411437988
v 0.362500000000001 -0.0249999999999996 2.48010420799255
v 0.375000000000001 -0.0249999999999996 2.47926068305969
v 0.387500000000001 -0.0249999999999996 2.47873544692993
v 0.400000000000001 -0.0249999999999996 2.47852683067322
v 0.412500000000001 -0.0249999999999996 2.47862982749939
v 0.425000000000001 -0.0249999999999996 2.4790370464325
v 0.437500000000001 -0.0249999999999996 2.47973823547363
v 0.450000000000001 -0.0249999999999996 2.48072218894958
v 0.462500000000001 -0.0249999999999996 2.48197531700134
v 0.475000000000001 -0.0249999999999996 2.48348379135132
v 0.487500000000001 -0.0249999999999996 2.48523163795471
v 0.500000000000001 -0.0249999999999996 2.48720240592957
v -0.5 -0.0124999999999996 3.01743507385254
v -0.4875 -0.0124999999999996 3.00582098960876
v -0.475 -0.0124999999999996 2.99409651756287
v -0.4625 -0.0124999999999996 2.98230695724487
v -0.45 -0.0124999999999996 2.97049403190613
v -0.4375 -0.0124999999999996 2.95868849754333
v -0.425 -0.0124999999999996 2.94690752029419
v -0.4125 -0.0124999999999996 2.93515133857727
v -0.4 -0.0124999999999996 2.92340660095215
v -0.3875 -0.0124999999999996 2.91165137290955
v -0.375 -0.0124999999999996 2.89986228942871
v -0.3625 -0.0124999999999996 2.88801956176758
v -0.35 -0.0124999999999996 2.8761088848114
v -0.3375 -0.0124999999999996 2.86412310600281
v -0.325 -0.0124999999999996 2.85206174850464
v -0.3125 -0.0124999999999996 2.8399338722229
v -0.3 -0.0124999999999996 2.82775163650513
v -0.2875 -0.0124999999999996 2.8155357837677
v -0.275 -0.0124999999999996 2.80331230163574
v -0.2625 -0.0124999999999996 2.79111266136169
v -0.25 -0.0124999999999996 2.77897334098816
v -0.2375 -0.0124999999999996 2.7669358253479
v -0.225 -0.0124999999999996 2.75504732131958
v -0.2125 -0.0124999999999996 2.74335837364197
v -0.2 -0.0124999999999996 2.73192167282104
v -0.1875 -0.0124999999999996 2.72079086303711
v -0.175 -0.0124999999999996 2.71001744270325
v -0.1625 -0.0124999999999996 2.69964456558228
v -0.15 -0.0124999999999996 2.68970561027527
v -0.1375 -0.0124999999999996 2.68021845817566
v -0.125 -0.0124999999999996 2.67118501663208
v -0.1125 -0.0124999999999996 2.6625919342041
v -0.0999999999999996 -0.0124999999999996 2.65441346168518
v -0.0874999999999996 -0.0124999999999996 2.64661478996277
v -0.0749999999999996 -0.0124999999999996 2.63915610313416
v -0.0624999999999996 -0.0124999999999996 2.63199472427368
v -0.0499999999999996 -0.0124999999999996 2.62508916854858
v -0.0374999999999996 -0.0124999999999996 2.61839914321899
v -0.0249999999999996 -0.0124999999999996 2.61188817024231
v -0.0124999999999996 -0.0124999999999996 2.60552597045898
v 4.44089209850063e-16 -0.0124999999999996 2.59928774833679
v 0.0125000000000004 -0.0124999999999996 2.59315609931946
v 0.0250000000000005 -0.0124999999999996 2.58712267875671
v 0.0375000000000005 -0.0124999999999996 2.58118319511414
v 0.0500000000000005 -0.0124999999999996 2.57534241676331
v 0.0625000000000004 -0.0124999999999996 2.56960821151733
v 0.0750000000000005 -0.0124999999999996 2.5639922618866
v 0.0875000000000006 -0.0124999999999996 2.55850529670715
v 0.100000000000001 -0.0124999999999996 2.55315709114075
v 0.1125 -0.0124999999999996 2.54795336723328
v 0.125000000000001 -0.0124999999999996 2.54289627075195
v 0.137500000000001 -0.0124999999999996 2.53798484802246
v 0.150000000000001 -0.0124999999999996 2.53321552276611
v 0.162500000000001 -0.0124999999999996 2.52858710289001
v 0.175000000000001 -0.0124999999999996 2.52409815788269
v 0.187500000000001 -0.0124999999999996 2.51975059509277
v 0.200000000000001 -0.0124999999999996 2.51554822921753
v 0.212500000000001 -0.0124999999999996 2.51149940490723
v 0.225000000000001 -0.0124999999999996 2.50761389732361
v 0.237500000000001 -0.0124999999999996 2.50390243530273
v 0.250000000000001 -0.0124999999999996 2.50037932395935
v 0.262500000000001 -0.0124999999999996 2.4970588684082
v 0.275000000000001 -0.0124999999999996 2.49395632743835
v 0.287500000000001 -0.0124999999999996 2.49108672142029
v 0.300000000000001 -0.0124999999999996 2.48846578598022
v 0.312500000000001 -0.0124999999999996 2.48610854148865
v 0.325000000000001 -0.0124999999999996 2.4840292930603
v 0.337500000000001 -0.0124999999999996 2.48224067687988
v 0.350000000000001 -0.0124999999999996 2.48075366020203
v 0.362500000000001 -0.0124999999999996 2.47957587242126
v 0.375000000000001 -0.0124999999999996 2.4787118434906
v 0.387500000000001 -0.0124999999999996 2.47816371917725
v 0.400000000000001 -0.0124999999999996 2.47792911529541
v 0.412500000000001 -0.0124999999999996 2.47800326347351
v 0.425000000000001 -0.0124999999999996 2.47837853431702
v 0.437500000000001 -0.0124999999999996 2.47904419898987
v 0.450000000000001 -0.0124999999999996 2.47998785972595
v 0.462500000000001 -0.0124999999999996 2.48119640350342
v 0.475000000000001 -0.0124999999999996 2.48265433311462
v 0.487500000000001 -0.0124999999999996 2.48434495925903
v 0.500000000000001 -0.0124999999999996 2.48625063896179
v -0.5 4.44089209850063e-16 3.0333251953125
v -0.4875 4.44089209850063e-16 3.02124261856079
v -0.475 4.44089209850063e-16 3.00901913642883
v -0.4625 4.44089209850063e-16 2.99670672416687
v -0.45 4.44089209850063e-16 2.98435688018799
v -0.4375 4.44089209850063e-16 2.97201466560364
v -0.425 4.44089209850063e-16 2.95970892906189
v -0.4125 4.44089209850063e-16 2.94744682312012
v -0.4 4.44089209850063e-16 2.93522095680237
v -0.3875 4.44089209850063e-16 2.92300868034363
v -0.375 4.44089209850063e-16 2.91078424453735
v -0.3625 4.44089209850063e-16 2.89852404594421
v -0.35 4.44089209850063e-16 2.88620948791504
v -0.3375 4.44089209850063e-16 2.87383127212524
v -0.325 4.44089209850063e-16 2.86138796806335
v -0.3125 4.44089209850063e-16 2.84888696670532
v -0.3 4.44089209850063e-16 2.83634042739868
v -0.2875 4.44089209850063e-16 2.82376980781555
v -0.275 4.44089209850063e-16 2.81120085716248
v -0.2625 4.44089209850063e-16 2.798663854599
v -0.25 4.44089209850063e-16 2.78619575500488
v -0.2375 4.44089209850063e-16 2.77383685112
v -0.225 4.44089209850063e-16 2.76163268089294
v -0.2125 4.44089209850063e-16 2.7496325969696
v -0.2 4.44089209850063e-16 2.73788809776306
v -0.1875 4.44089209850063e-16 2.7264518737793
v -0.175 4.44089209850063e-16 2.71537327766418
v -0.1625 4.44089209850063e-16 2.70469522476196
v -0.15 4.44089209850063e-16 2.69445085525513
v -0.1375 4.44089209850063e-16 2.68465685844421
v -0.125 4.44089209850063e-16 2.67531538009644
v -0.1125 4.44089209850063e-16 2.66641306877136
v -0.0999999999999996 4.44089209850063e-16 2.65792322158813
v -0.0874999999999996 4.44089209850063e-16 2.64981269836426
v -0.0749999999999996 4.44089209850063e-16 2.64204382896423
v -0.0624999999999996 4.44089209850063e-16 2.63457655906677
v -0.0499999999999996 4.44089209850063e-16 2.62737202644348
v -0.0374999999999996 4.44089209850063e-16 2.62039256095886
v -0.0249999999999996 4.44089209850063e-16 2.613605260849
v -0.0124999999999996 4.44089209850063e-16 2.60698246955872
v 4.44089209850063e-16 4.44089209850063e-16 2.60050272941589
v 0.0125000000000004 4.44089209850063e-16 2.59415030479431
v 0.0250000000000005 4.44089209850063e-16 2.58791828155518
v 0.0375000000000005 4.44089209850063e-16 2.58180499076843
v 0.0500000000000005 4.44089209850063e-16 2.57581496238708
v 0.0625000000000004 4.44089209850063e-16 2.56995558738708
v 0.0750000000000005 4.44089209850063e-16 2.56423616409302
v 0.0875000000000006 4.44089209850063e-16 2.55866527557373
v 0.100000000000001 4.44089209850063e-16 2.55324840545654
v 0.1125 4.44089209850063e-16 2.54798865318298
v 0.125000000000001 4.44089209850063e-16 2.54288482666016
v 0.137500000000001 4.44089209850063e-16 2.5379331111908
v 0.150000000000001 4.44089209850063e-16 2.53312945365906
v 0.162500000000001 4.44089209850063e-16 2.52847051620483
v 0.175000000000001 4.44089209850063e-16 2.52395439147949
v 0.187500000000001 4.44089209850063e-16 2.51958346366882
v 0.200000000000001 4.44089209850063e-16 2.51536154747009
v 0.212500000000001 4.44089209850063e-16 2.51129508018494
v 0.225000000000001 4.44089209850063e-16 2.50739431381226
v 0.237500000000001 4.44089209850063e-16 2.50366997718811
v 0.250000000000001 4.44089209850063e-16 2.50013542175293
v 0.262500000000001 4.44089209850063e-16 2.49680495262146
v 0.275000000000001 4.44089209850063e-16 2.49369215965271
v 0.287500000000001 4.44089209850063e-16 2.49081254005432
v 0.300000000000001 4.44089209850063e-16 2.48818111419678
v 0.312500000000001 4.44089209850063e-16 2.48581194877625
v 0.325000000000001 4.44089209850063e-16 2.48371958732605
v 0.337500000000001 4.44089209850063e-16 2.48191523551941
v 0.350000000000001 4.44089209850063e-16 2.48041009902954
v 0.362500000000001 4.44089209850063e-16 2.4792115688324
v 0.375000000000001 4.44089209850063e-16 2.47832345962524
v 0.387500000000001 4.44089209850063e-16 2.47774767875671
v 0.400000000000001 4.44089209850063e-16 2.47748303413391
v 0.412500000000001 4.44089209850063e-16 2.47752356529236
v 0.425000000000001 4.44089209850063e-16 2.47786116600037
v 0.437500000000001 4.44089209850063e-16 2.47848439216614
v 0.450000000000001 4.44089209850063e-16 2.47938108444214
v 0.462500000000001 4.44089209850063e-16 2.48053741455078
v 0.475000000000001 4.44089209850063e-16 2.48193597793579
v 0.487500000000001 4.44089209850063e-16 2.48356056213379
v 0.500000000000001 4.44089209850063e-16 2.48539137840271
v -0.5 0.0125000000000004 3.04948115348816
v -0.4875 0.0125000000000004 3.03693842887878
v -0.475 0.0125000000000004 3.02422022819519
v -0.4625 0.0125000000000004 3.0113844871521
v -0.45 0.0125000000000004 2.99849319458008
v -0.4375 0.0125000000000004 2.98560309410095
v -0.425 0.0125000000000004 2.97275710105896
v -0.4125 0.0125000000000004 2.95997476577759
v -0.4 0.0125000000000004 2.94725322723389
v -0.3875 0.0125000000000004 2.93457269668579
v -0.375 0.0125000000000004 2.92190527915955
v -0.3625 0.0125000000000004 2.90922236442566
v -0.35 0.0125000000000004 2.8965015411377
v -0.3375 0.0125000000000004 2.88372993469238
v -0.325 0.0125000000000004 2.87090420722961
v -0.3125 0.0125000000000004 2.85802960395813
v -0.3 0.0125000000000004 2.8451189994812
v -0.2875 0.0125000000000004 2.83219242095947
v -0.275 0.0125000000000004 2.81927537918091
v -0.2625 0.0125000000000004 2.80639815330505
v -0.25 0.0125000000000004 2.79359602928162
v -0.2375 0.0125000000000004 2.78091025352478
v -0.225 0.0125000000000004 2.76838350296021
v -0.2125 0.0125000000000004 2.75606393814087
v -0.2 0.0125000000000004 2.74400305747986
v -0.1875 0.0125000000000004 2.73225140571594
v -0.175 0.0125000000000004 2.72085928916931
v -0.1625 0.0125000000000004 2.70986890792847
v -0.15 0.0125000000000004 2.69931268692017
v -0.1375 0.0125000000000004 2.6892077922821
v -0.125 0.0125000000000004 2.67955541610718
v -0.1125 0.0125000000000004 2.67034125328064
v -0.0999999999999996 0.0125000000000004 2.66154074668884
v -0.0874999999999996 0.0125000000000004 2.65312123298645
v -0.0749999999999996 0.0125000000000004 2.64504671096802
v -0.0624999999999996 0.0125000000000004 2.63727974891663
v -0.0499999999999996 0.0125000000000004 2.62978363037109
v -0.0374999999999996 0.0125000000000004 2.62252426147461
v -0.0249999999999996 0.0125000000000004 2.61547112464905
v -0.0124999999999996 0.0125000000000004 2.60859894752502
v 4.44089209850063e-16 0.0125000000000004 2.60188841819763
v 0.0125000000000004 0.0125000000000004 2.59532618522644
v 0.0250000000000005 0.0125000000000004 2.58890652656555
v 0.0375000000000005 0.0125000000000004 2.58262872695923
v 0.0500000000000005 0.0125000000000004 2.57649660110474
v 0.0625000000000004 0.0125000000000004 2.57051706314087
v 0.0750000000000005 0.0125000000000004 2.56469702720642
v 0.0875000000000006 0.0125000000000004 2.55904245376587
v 0.100000000000001 0.0125000000000004 2.5535569190979
v 0.1125 0.0125000000000004 2.54823875427246
v 0.125000000000001 0.0125000000000004 2.54308485984802
v 0.137500000000001 0.0125000000000004 2.53809022903442
v 0.150000000000001 0.0125000000000004 2.53324866294861
v 0.162500000000001 0.0125000000000004 2.52855563163757
v 0.175000000000001 0.0125000000000004 2.52401089668274
v 0.187500000000001 0.0125000000000004 2.51961374282837
v 0.200000000000001 0.0125000000000004 2.51536870002747
v 0.212500000000001 0.0125000000000004 2.51128268241882
v 0.225000000000001 0.0125000000000004 2.50736498832703
v 0.237500000000001 0.0125000000000004 2.50362610816956
v 0.250000000000001 0.0125000000000004 2.5000786781311
v 0.262500000000001 0.0125000000000004 2.49673628807068
v 0.275000000000001 0.0125000000000004 2.49361205101013
v 0.287500000000001 0.0125000000000004 2.49072122573853
v 0.300000000000001 0.0125000000000004 2.48807692527771
v 0.312500000000001 0.0125000000000004 2.48569464683533
v 0.325000000000001 0.0125000000000004 2.48358631134033
v 0.337500000000001 0.0125000000000004 2.48176383972168
v 0.350000000000001 0.0125000000000004 2.48023772239685
v 0.362500000000001 0.0125000000000004 2.4790141582489
v 0.375000000000001 0.0125000000000004 2.47809886932373
v 0.387500000000001 0.0125000000000004 2.47749185562134
v 0.400000000000001 0.0125000000000004 2.47719168663025
v 0.412500000000001 0.0125000000000004 2.47719264030457
v 0.425000000000001 0.0125000000000004 2.47748565673828
v 0.437500000000001 0.0125000000000004 2.4780604839325
v 0.450000000000001 0.0125000000000004 2.47890377044678
v 0.462500000000001 0.0125000000000004 2.47999930381775
v 0.475000000000001 0.0125000000000004 2.48133158683777
v 0.487500000000001 0.0125000000000004 2.48288083076477
v 0.500000000000001 0.0125000000000004 2.48462843894958
v -0.5 0.0250000000000005 3.06588077545166
v -0.4875 0.0250000000000005 3.05288553237915
v -0.475 0.0250000000000005 3.0396785736084
v -0.4625 0.0250000000000005 3.02632427215576
v -0.45 0.0250000000000005 3.01288866996765
v -0.4375 0.0250000000000005 2.99944305419922
v -0.425 0.0250000000000005 2.98604440689087
v -0.4125 0.0250000000000005 2.97272539138794
v -0.4 0.0250000000000005 2.9594943523407
v -0.3875 0.0250000000000005 2.94633460044861
v -0.375 0.0250000000000005 2.93321490287781
v -0.3625 0.0250000000000005 2.92010354995728
v -0.35 0.0250000000000005 2.90697360038757
v -0.3375 0.0250000000000005 2.89380645751953
v -0.325 0.0250000000000005 2.88059687614441
v -0.3125 0.0250000000000005 2.86734771728516
v -0.3 0.0250000000000005 2.85407137870789
v -0.2875 0.0250000000000005 2.84078645706177
v -0.275 0.0250000000000005 2.82751846313477
v -0.2625 0.0250000000000005 2.81429719924927
v -0.25 0.0250000000000005 2.80115723609924
v -0.2375 0.0250000000000005 2.78813767433167
v -0.225 0.0250000000000005 2.77528166770935
v -0.2125 0.0250000000000005 2.76263570785522
v -0.2 0.0250000000000005 2.75025033950806
v -0.1875 0.0250000000000005 2.73817729949951
v -0.175 0.0250000000000005 2.72646522521973
v -0.1625 0.0250000000000005 2.71515727043152
v -0.15 0.0250000000000005 2.70428586006165
v -0.1375 0.0250000000000005 2.69386720657349
v -0.125 0.0250000000000005 2.68390274047852
v -0.1125 0.0250000000000005 2.67437815666199
v -0.0999999999999996 0.0250000000000005 2.66526961326599
v -0.0874999999999996 0.0250000000000005 2.65654492378235
v -0.0749999999999996 0.0250000000000005 2.64817023277283
v -0.0624999999999996 0.0250000000000005 2.64011073112488
v -0.0499999999999996 0.0250000000000005 2.63233184814453
v -0.0374999999999996 0.0250000000000005 2.62480235099792
v -0.0249999999999996 0.0250000000000005 2.6174943447113
v -0.0124999999999996 0.0250000000000005 2.61038398742676
v 4.44089209850063e-16 0.0250000000000005 2.60345458984375
v 0.0125000000000004 0.0250000000000005 2.59669375419617
v 0.0250000000000005 0.0250000000000005 2.59009623527527
v 0.0375000000000005 0.0250000000000005 2.58366274833679
v 0.0500000000000005 0.0250000000000005 2.57739567756653
v 0.0625000000000004 0.0250000000000005 2.57130098342896
v 0.0750000000000005 0.0250000000000005 2.56538391113281
v 0.0875000000000006 0.0250000000000005 2.55964732170105
v 0.100000000000001 0.0250000000000005 2.55409121513367
v 0.1125 0.0250000000000005 2.54871296882629
v 0.125000000000001 0.0250000000000005 2.54350638389587
v 0.137500000000001 0.0250000000000005 2.53846430778503
v 0.150000000000001 0.0250000000000005 2.5335807800293
v 0.162500000000001 0.0250000000000005 2.52885127067566
v 0.175000000000001 0.0250000000000005 2.52427291870117
v 0.187500000000001 0.0250000000000005 2.51984667778015
v 0.200000000000001 0.0250000000000005 2.51557683944702
v 0.212500000000001 0.0250000000000005 2.5114688873291
v 0.225000000000001 0.0250000000000005 2.50753211975098
v 0.237500000000001 0.0250000000000005 2.50377702713013
v 0.250000000000001 0.0250000000000005 2.50021529197693
v 0.262500000000001 0.0250000000000005 2.49685907363892
v 0.275000000000001 0.0250000000000005 2.4937219619751
v 0.287500000000001 0.0250000000000005 2.49081778526306
v 0.300000000000001 0.0250000000000005 2.48815989494324
v 0.312500000000001 0.0250000000000005 2.48576140403748
v 0.325000000000001 0.0250000000000005 2.48363542556763
v 0.337500000000001 0.0250000000000005 2.48179173469543
v 0.350000000000001 0.0250000000000005 2.4802405834198
v 0.362500000000001 0.0250000000000005 2.47898960113525
v 0.375000000000001 0.0250000000000005 2.4780421257019
v 0.387500000000001 0.0250000000000005 2.47739911079407
v 0.400000000000001 0.0250000000000005 2.47705817222595
v 0.412500000000001 0.0250000000000005 2.47701334953308
v 0.425000000000001 0.0250000000000005 2.47725677490234
v 0.437500000000001 0.0250000000000005 2.47777581214905
v 0.450000000000001 0.0250000000000005 2.47855758666992
v 0.462500000000001 0.0250000000000005 2.47958540916443
v 0.475000000000001 0.0250000000000005 2.48084235191345
v 0.487500000000001 0.0250000000000005 2.48230910301208
v 0.500000000000001 0.0250000000000005 2.48396468162537
v -0.5 0.0375000000000005 3.08250308036804
v -0.4875 0.0375000000000005 3.06906247138977
v -0.475 0.0375000000000005 3.05537581443787
v -0.4625 0.0375000000000005 3.04150652885437
v -0.45 0.0375000000000005 3.02752947807312
v -0.4375 0.0375000000000005 3.0135235786438
v -0.425 0.0375000000000005 2.99956178665161
v -0.4125 0.0375000000000005 2.98569369316101
v -0.4 0.0375000000000005 2.97193765640259
v -0.3875 0.0375000000000005 2.95828413963318
v -0.375 0.0375000000000005 2.94470381736755
v -0.3625 0.0375000000000005 2.93115782737732
v -0.35 0.0375000000000005 2.91761374473572
v -0.3375 0.0375000000000005 2.90404891967773
v -0.325 0.0375000000000005 2.89045333862305
v -0.3125 0.0375000000000005 2.87682890892029
v -0.3 0.0375000000000005 2.86318445205688
v -0.2875 0.0375000000000005 2.84953856468201
v -0.275 0.0375000000000005 2.83591628074646
v -0.2625 0.0375000000000005 2.82234668731689
v -0.25 0.0375000000000005 2.80886340141296
v -0.2375 0.0375000000000005 2.79550433158875
v -0.225 0.0375000000000005 2.78231263160706
v -0.2125 0.0375000000000005 2.76933455467224
v -0.2 0.0375000000000005 2.75661969184875
v -0.1875 0.0375000000000005 2.7442193031311
v -0.175 0.0375000000000005 2.7321834564209
v -0.1625 0.0375000000000005 2.7205548286438
v -0.15 0.0375000000000005 2.70936584472656
v -0.1375 0.0375000000000005 2.69863319396973
v -0.125 0.0375000000000005 2.68835759162903
v -0.1125 0.0375000000000005 2.67852520942688
v -0.0999999999999996 0.0375000000000005 2.66911196708679
v -0.0874999999999996 0.0375000000000005 2.66008830070496
v -0.0749999999999996 0.0375000000000005 2.65142035484314
v -0.0624999999999996 0.0375000000000005 2.64307618141174
v -0.0499999999999996 0.0375000000000005 2.6350245475769
v -0.0374999999999996 0.0375000000000005 2.62723517417908
v -0.0249999999999996 0.0375000000000005 2.61968326568604
v -0.0124999999999996 0.0375000000000005 2.61234664916992
v 4.44089209850063e-16 0.0375000000000005 2.60520935058594
v 0.0125000000000004 0.0375000000000005 2.59826159477234
v 0.0250000000000005 0.0375000000000005 2.59149718284607
v 0.0375000000000005 0.0375000000000005 2.58491683006287
v 0.0500000000000005 0.0375000000000005 2.57852220535278
v 0.0625000000000004 0.0375000000000005 2.57231688499451
v 0.0750000000000005 0.0375000000000005 2.56630492210388
v 0.0875000000000006 0.0375000000000005 2.56048655509949
v 0.100000000000001 0.0375000000000005 2.55485939979553
v 0.1125 0.0375000000000005 2.54941821098328
v 0.125000000000001 0.0375000000000005 2.54415512084961
v 0.137500000000001 0.0375000000000005 2.53906297683716
v 0.150000000000001 0.0375000000000005 2.53413391113281
v 0.162500000000001 0.0375000000000005 2.52936339378357
v 0.175000000000001 0.0375000000000005 2.52474856376648
v 0.187500000000001 0.0375000000000005 2.52029061317444
v 0.200000000000001 0.0375000000000005 2.51599192619324
v 0.212500000000001 0.0375000000000005 2.51186037063599
v 0.225000000000001 0.0375000000000005 2.5079026222229
v 0.237500000000001 0.0375000000000005 2.50412917137146
v 0.250000000000001 0.0375000000000005 2.50055050849915
v 0.262500000000001 0.0375000000000005 2.49717950820923
v 0.275000000000001 0.0375000000000005 2.49402761459351
v 0.287500000000001 0.0375000000000005 2.49110841751099
v 0.300000000000001 0.0375000000000005 2.48843455314636
v 0.312500000000001 0.0375000000000005 2.48601794242859
v 0.325000000000001 0.0375000000000005 2.48387098312378
v 0.337500000000001 0.0375000000000005 2.48200345039368
v 0.350000000000001 0.0375000000000005 2.48042488098145
v 0.362500000000001 0.0375000000000005 2.47914147377014
v 0.375000000000001 0.0375000000000005 2.47815775871277
v 0.387500000000001 0.0375000000000005 2.47747302055359
v 0.400000000000001 0.0375000000000005 2.47708582878113
v 0.412500000000001 0.0375000000000005 2.47699022293091
v 0.425000000000001 0.0375000000000005 2.47717642784119
v 0.437500000000001 0.0375000000000005 2.47763347625732
v 0.450000000000001 0.0375000000000005 2.47834587097168
v 0.462500000000001 0.0375000000000005 2.47929859161377
v 0.475000000000001 0.0375000000000005 2.48047304153442
v 0.487500000000001 0.0375000000000005 2.48184895515442
v 0.500000000000001 0.0375000000000005 2.48340535163879
v -0.5 0.0500000000000005 3.09933137893677
v -0.4875 0.0500000000000005 3.08545088768005
v -0.475 0.0500000000000005 3.07129168510437
v -0.4625 0.0500000000000005 3.0569155216217
v -0.45 0.0500000000000005 3.04239916801453
v -0.4375 0.0500000000000005 3.02783274650574
v -0.425 0.0500000000000005 3.01330018043518
v -0.4125 0.0500000000000005 2.9988694190979
v -0.4 0.0500000000000005 2.98457479476929
v -0.3875 0.0500000000000005 2.9704155921936
v -0.375 0.0500000000000005 2.95636177062988
v -0.3625 0.0500000000000005 2.94237399101257
v -0.35 0.0500000000000005 2.92841196060181
v -0.3375 0.0500000000000005 2.91444706916809
v -0.325 0.0500000000000005 2.90046381950378
v -0.3125 0.0500000000000005 2.88646054267883
v -0.3 0.0500000000000005 2.87244558334351
v -0.2875 0.0500000000000005 2.85843634605408
v -0.275 0.0500000000000005 2.84445548057556
v -0.2625 0.0500000000000005 2.83053255081177
v -0.25 0.0500000000000005 2.81670069694519
v -0.2375 0.0500000000000005 2.80299758911133
v -0.225 0.0500000000000005 2.78946495056152
v -0.2125 0.0500000000000005 2.77614951133728
v -0.2 0.0500000000000005 2.76310038566589
v -0.1875 0.0500000000000005 2.75036978721619
v -0.175 0.0500000000000005 2.73800730705261
v -0.1625 0.0500000000000005 2.7260570526123
v -0.15 0.0500000000000005 2.71455073356628
v -0.1375 0.0500000000000005 2.70350503921509
v -0.125 0.0500000000000005 2.69292092323303
v -0.1125 0.0500000000000005 2.68278479576111
v -0.0999999999999996 0.0500000000000005 2.67307281494141
v -0.0874999999999996 0.0500000000000005 2.6637556552887
v -0.0749999999999996 0.0500000000000005 2.65480279922485
v -0.0624999999999996 0.0500000000000005 2.64618301391602
v -0.0499999999999996 0.0500000000000005 2.63786745071411
v -0.0374999999999996 0.0500000000000005 2.62982940673828
v -0.0249999999999996 0.0500000000000005 2.62204432487488
v -0.0124999999999996 0.0500000000000005 2.61449289321899
v 4.44089209850063e-16 0.0500000000000005 2.60716032981873
v 0.0125000000000004 0.0500000000000005 2.60003614425659
v 0.0250000000000005 0.0500000000000005 2.59311461448669
v 0.0375000000000005 0.0500000000000005 2.58639574050903
v 0.0500000000000005 0.0500000000000005 2.57987999916077
v 0.0625000000000004 0.0500000000000005 2.57357001304626
v 0.0750000000000005 0.0500000000000005 2.56746649742126
v 0.0875000000000006 0.0500000000000005 2.56156706809998
v 0.100000000000001 0.0500000000000005 2.55586743354797
v 0.1125 0.0500000000000005 2.5503613948822
v 0.125000000000001 0.0500000000000005 2.54503893852234
v 0.137500000000001 0.0500000000000005 2.53989291191101
v 0.150000000000001 0.0500000000000005 2.53491473197937
v 0.162500000000001 0.0500000000000005 2.53009963035583
v 0.175000000000001 0.0500000000000005 2.52544498443604
v 0.187500000000001 0.0500000000000005 2.52095150947571
v 0.200000000000001 0.0500000000000005 2.51662230491638
v 0.212500000000001 0.0500000000000005 2.51246333122253
v 0.225000000000001 0.0500000000000005 2.50848197937012
v 0.237500000000001 0.0500000000000005 2.50468802452087
v 0.250000000000001 0.0500000000000005 2.50109148025513
v 0.262500000000001 0.0500000000000005 2.49770331382751
v 0.275000000000001 0.0500000000000005 2.49453520774841
v 0.287500000000001 0.0500000000000005 2.4915988445282
v 0.300000000000001 0.0500000000000005 2.48890686035156
v 0.312500000000001 0.0500000000000005 2.48646974563599
v 0.325000000000001 0.0500000000000005 2.48429894447327
v 0.337500000000001 0.0500000000000005 2.48240447044373
v 0.350000000000001 0.0500000000000005 2.48079466819763
v 0.362500000000001 0.0500000000000005 2.47947525978088
v 0.375000000000001 0.0500000000000005 2.47845005989075
v 0.387500000000001 0.0500000000000005 2.47771906852722
v 0.400000000000001 0.0500000000000005 2.4772801399231
v 0.412500000000001 0.0500000000000005 2.47712659835815
v 0.425000000000001 0.0500000000000005 2.47724962234497
v 0.437500000000001 0.0500000000000005 2.47763681411743
v 0.450000000000001 0.0500000000000005 2.47827386856079
v 0.462500000000001 0.0500000000000005 2.47914361953735
v 0.475000000000001 0.0500000000000005 2.48022818565369
v 0.487500000000001 0.0500000000000005 2.48150682449341
v 0.500000000000001 0.0500000000000005 2.48295760154724
v -0.5 0.0625000000000004 3.11635112762451
v -0.4875 0.0625000000000004 3.10203528404236
v -0.475 0.0625000000000004 3.0874080657959
v -0.4625 0.0625000000000004 3.07253217697144
v -0.45 0.0625000000000004 3.05748343467712
v -0.4375 0.0625000000000004 3.0423572063446
v -0.425 0.0625000000000004 3.02725028991699
v -0.4125 0.0625000000000004 3.01224613189697
v -0.4 0.0625000000000004 2.99739933013916
v -0.3875 0.0625000000000004 2.98271989822388
v -0.375 0.0625000000000004 2.96818280220032
v -0.3625 0.0625000000000004 2.95374441146851
v -0.35 0.0625000000000004 2.93935942649841
v -0.3375 0.0625000000000004 2.92499041557312
v -0.325 0.0625000000000004 2.91061758995056
v -0.3125 0.0625000000000004 2.89623308181763
v -0.3 0.0625000000000004 2.88184475898743
v -0.2875 0.0625000000000004 2.86746764183044
v -0.275 0.0625000000000004 2.85312461853027
v -0.2625 0.0625000000000004 2.83884406089783
v -0.25 0.0625000000000004 2.8246591091156
v -0.2375 0.0625000000000004 2.81060647964478
v -0.225 0.0625000000000004 2.79672861099243
v -0.2125 0.0625000000000004 2.78307151794434
v -0.2 0.0625000000000004 2.76968550682068
v -0.1875 0.0625000000000004 2.75662231445312
v -0.175 0.0625000000000004 2.7439329624176
v -0.1625 0.0625000000000004 2.73166108131409
v -0.15 0.0625000000000004 2.71983861923218
v -0.1375 0.0625000000000004 2.70848321914673
v -0.125 0.0625000000000004 2.697594165802
v -0.1125 0.0625000000000004 2.68715929985046
v -0.0999999999999996 0.0625000000000004 2.67715430259705
v -0.0874999999999996 0.0625000000000004 2.66755175590515
v -0.0749999999999996 0.0625000000000004 2.65832185745239
v -0.0624999999999996 0.0625000000000004 2.6494357585907
v -0.0499999999999996 0.0625000000000004 2.64086699485779
v -0.0374999999999996 0.0625000000000004 2.63259053230286
v -0.0249999999999996 0.0625000000000004 2.62458419799805
v -0.0124999999999996 0.0625000000000004 2.61682915687561
v 4.44089209850063e-16 0.0625000000000004 2.60931181907654
v 0.0125000000000004 0.0625000000000004 2.60202193260193
v 0.0250000000000005 0.0625000000000004 2.59495329856873
v 0.0375000000000005 0.0625000000000004 2.58810472488403
v 0.0500000000000005 0.0625000000000004 2.58147501945496
v 0.0625000000000004 0.0625000000000004 2.57506489753723
v 0.0750000000000005 0.0625000000000004 2.56887197494507
v 0.0875000000000006 0.0625000000000004 2.56289267539978
v 0.100000000000001 0.0625000000000004 2.55712103843689
v 0.1125 0.0625000000000004 2.55154752731323
v 0.125000000000001 0.0625000000000004 2.54616332054138
v 0.137500000000001 0.0625000000000004 2.54095959663391
v 0.150000000000001 0.0625000000000004 2.53592944145203
v 0.162500000000001 0.0625000000000004 2.53106617927551
v 0.175000000000001 0.0625000000000004 2.5263683795929
v 0.187500000000001 0.0625000000000004 2.52183651924133
v 0.200000000000001 0.0625000000000004 2.51747369766235
v 0.212500000000001 0.0625000000000004 2.5132851600647
v 0.225000000000001 0.0625000000000004 2.50927805900574
v 0.237500000000001 0.0625000000000004 2.5054612159729
v 0.250000000000001 0.0625000000000004 2.50184440612793
v 0.262500000000001 0.0625000000000004 2.49843764305115
v 0.275000000000001 0.0625000000000004 2.4952507019043
v 0.287500000000001 0.0625000000000004 2.49229598045349
v 0.300000000000001 0.0625000000000004 2.48958301544189
v 0.312500000000001 0.0625000000000004 2.4871232509613
v 0.325000000000001 0.0625000000000004 2.48492622375488
v 0.337500000000001 0.0625000000000004 2.4830014705658
v 0.350000000000001 0.0625000000000004 2.48135614395142
v 0.362500000000001 0.0625000000000004 2.47999620437622
v 0.375000000000001 0.0625000000000004 2.47892475128174
v 0.387500000000001 0.0625000000000004 2.47814226150513
v 0.400000000000001 0.0625000000000004 2.47764563560486
v 0.412500000000001 0.0625000000000004 2.47742819786072
v 0.425000000000001 0.0625000000000004 2.47748160362244
v 0.437500000000001 0.0625000000000004 2.47779226303101
v 0.450000000000001 0.0625000000000004 2.47834658622742
v 0.462500000000001 0.0625000000000004 2.4791271686554
v 0.475000000000001 0.0625000000000004 2.48011469841003
v 0.487500000000001 0.0625000000000004 2.48128938674927
v 0.500000000000001 0.0625000000000004 2.48262786865234
v -0.5 0.0750000000000005 3.13354849815369
v -0.4875 0.0750000000000005 3.11879920959473
v -0.475 0.0750000000000005 3.10371136665344
v -0.4625 0.0750000000000005 3.08834075927734
v -0.45 0.0750000000000005 3.07276630401611
v -0.4375 0.0750000000000005 3.05708312988281
v -0.425 0.0750000000000005 3.04140043258667
v -0.4125 0.0750000000000005 3.02581667900085
v -0.4 0.0750000000000005 3.01040387153625
v -0.3875 0.0750000000000005 2.99519038200378
v -0.375 0.0750000000000005 2.98015713691711
v -0.3625 0.0750000000000005 2.96526050567627
v -0.35 0.0750000000000005 2.95044541358948
v -0.3375 0.0750000000000005 2.93566942214966
v -0.325 0.0750000000000005 2.920902967453
v -0.3125 0.0750000000000005 2.90613627433777
v -0.3 0.0750000000000005 2.89137244224548
v -0.2875 0.0750000000000005 2.87662386894226
v -0.275 0.0750000000000005 2.86191439628601
v -0.2625 0.0750000000000005 2.84727215766907
v -0.25 0.0750000000000005 2.83272886276245
v -0.2375 0.0750000000000005 2.81832265853882
v -0.225 0.0750000000000005 2.80409598350525
v -0.2125 0.0750000000000005 2.79009413719177
v -0.2 0.0750000000000005 2.77636933326721
v -0.1875 0.0750000000000005 2.76297307014465
v -0.175 0.0750000000000005 2.7499566078186
v -0.1625 0.0750000000000005 2.7373640537262
v -0.15 0.0750000000000005 2.72522902488708
v -0.1375 0.0750000000000005 2.71356701850891
v -0.125 0.0750000000000005 2.70237851142883
v -0.1125 0.0750000000000005 2.69165086746216
v -0.0999999999999996 0.0750000000000005 2.6813600063324
v -0.0874999999999996 0.0750000000000005 2.67147994041443
v -0.0749999999999996 0.0750000000000005 2.66198205947876
v -0.0624999999999996 0.0750000000000005 2.65283942222595
v -0.0499999999999996 0.0750000000000005 2.64402747154236
v -0.0374999999999996 0.0750000000000005 2.63552379608154
v -0.0249999999999996 0.0750000000000005 2.62730669975281
v -0.0124999999999996 0.0750000000000005 2.61935973167419
v 4.44089209850063e-16 0.0750000000000005 2.61166834831238
v 0.0125000000000004 0.0750000000000005 2.60422325134277
v 0.0250000000000005 0.0750000000000005 2.59701728820801
v 0.0375000000000005 0.0750000000000005 2.59004688262939
v 0.0500000000000005 0.0750000000000005 2.58331036567688
v 0.0625000000000004 0.0750000000000005 2.5768039226532
v 0.0750000000000005 0.0750000000000005 2.57052540779114
v 0.0875000000000006 0.0750000000000005 2.56446719169617
v 0.100000000000001 0.0750000000000005 2.55862236022949
v 0.1125 0.0750000000000005 2.55298113822937
v 0.125000000000001 0.0750000000000005 2.54753303527832
v 0.137500000000001 0.0750000000000005 2.54226994514465
v 0.150000000000001 0.0750000000000005 2.5371835231781
v 0.162500000000001 0.0750000000000005 2.53226923942566
v 0.175000000000001 0.0750000000000005 2.52752566337585
v 0.187500000000001 0.0750000000000005 2.52295255661011
v 0.200000000000001 0.0750000000000005 2.51855278015137
v 0.212500000000001 0.0750000000000005 2.51433300971985
v 0.225000000000001 0.0750000000000005 2.51029777526855
v 0.237500000000001 0.0750000000000005 2.50645613670349
v 0.250000000000001 0.0750000000000005 2.50281715393066
v 0.262500000000001 0.0750000000000005 2.4993896484375
v 0.275000000000001 0.0750000000000005 2.49618244171143
v 0.287500000000001 0.0750000000000005 2.49320650100708
v 0.300000000000001 0.0750000000000005 2.49047088623047
v 0.312500000000001 0.0750000000000005 2.48798561096191
v 0.325000000000001 0.0750000000000005 2.48575949668884
v 0.337500000000001 0.0750000000000005 2.48380064964294
v 0.350000000000001 0.0750000000000005 2.48211598396301
v 0.362500000000001 0.0750000000000005 2.48071098327637
v 0.375000000000001 0.0750000000000005 2.47958898544312
v 0.387500000000001 0.0750000000000005 2.47874903678894
v 0.400000000000001 0.0750000000000005 2.47818827629089
v 0.412500000000001 0.0750000000000005 2.47790145874023
v 0.425000000000001 0.0750000000000005 2.47787809371948
v 0.437500000000001 0.0750000000000005 2.47810673713684
v 0.450000000000001 0.0750000000000005 2.47857165336609
v 0.462500000000001 0.0750000000000005 2.47925639152527
v 0.475000000000001 0.0750000000000005 2.48014140129089
v 0.487500000000001 0.0750000000000005 2.48120641708374
v 0.500000000000001 0.0750000000000005 2.48242950439453
v -0.5 0.0875000000000006 3.15091133117676
v -0.4875 0.0875000000000006 3.1357307434082
v -0.475 0.0875000000000006 3.12018513679504
v -0.4625 0.0875000000000006 3.10432744026184
v -0.45 0.0875000000000006 3.08823323249817
v -0.4375 0.0875000000000006 3.07199907302856
v -0.425 0.0875000000000006 3.05574035644531
v -0.4125 0.0875000000000006 3.03957056999207
v -0.4 0.0875000000000006 3.02358222007751
v -0.3875 0.0875000000000006 3.00781989097595
v -0.375 0.0875000000000006 2.99227857589722
v -0.3625 0.0875000000000006 2.97691249847412
v -0.35 0.0875000000000006 2.96166205406189
v -0.3375 0.0875000000000006 2.94647455215454
v -0.325 0.0875000000000006 2.93131327629089
v -0.3125 0.0875000000000006 2.91616082191467
v -0.3 0.0875000000000006 2.9010181427002
v -0.2875 0.0875000000000006 2.88589596748352
v -0.275 0.0875000000000006 2.87081718444824
v -0.2625 0.0875000000000006 2.8558087348938
v -0.25 0.0875000000000006 2.84090352058411
v -0.2375 0.0875000000000006 2.82614016532898
v -0.225 0.0875000000000006 2.8115611076355
v -0.2125 0.0875000000000006 2.79721331596375
v -0.2 0.0875000000000006 2.78314757347107
v -0.1875 0.0875000000000006 2.76941847801208
v -0.175 0.0875000000000006 2.75607633590698
v -0.1625 0.0875000000000006 2.74316620826721
v -0.15 0.0875000000000006 2.73072099685669
v -0.1375 0.0875000000000006 2.71875739097595
v -0.125 0.0875000000000006 2.70727586746216
v -0.1125 0.0875000000000006 2.6962616443634
v -0.0999999999999996 0.0875000000000006 2.68569302558899
v -0.0874999999999996 0.0875000000000006 2.67554354667664
v -0.0749999999999996 0.0875000000000006 2.6657874584198
v -0.0624999999999996 0.0875000000000006 2.65639805793762
v -0.0499999999999996 0.0875000000000006 2.6473536491394
v -0.0374999999999996 0.0875000000000006 2.63863229751587
v -0.0249999999999996 0.0875000000000006 2.630215883255
v -0.0124999999999996 0.0875000000000006 2.62208724021912
v 4.44089209850063e-16 0.0875000000000006 2.61423277854919
v 0.0125000000000004 0.0875000000000006 2.60664176940918
v 0.0250000000000005 0.0875000000000006 2.59930753707886
v 0.0375000000000005 0.0875000000000006 2.59222340583801
v 0.0500000000000005 0.0875000000000006 2.58538556098938
v 0.0625000000000004 0.0875000000000006 2.57878875732422
v 0.0750000000000005 0.0875000000000006 2.57242751121521
v 0.0875000000000006 0.0875000000000006 2.56629228591919
v 0.100000000000001 0.0875000000000006 2.56037497520447
v 0.1125 0.0875000000000006 2.55466508865356
v 0.125000000000001 0.0875000000000006 2.54915165901184
v 0.137500000000001 0.0875000000000006 2.54382681846619
v 0.150000000000001 0.0875000000000006 2.53868222236633
v 0.162500000000001 0.0875000000000006 2.53371500968933
v 0.175000000000001 0.0875000000000006 2.52892231941223
v 0.187500000000001 0.0875000000000006 2.52430534362793
v 0.200000000000001 0.0875000000000006 2.51986765861511
v 0.212500000000001 0.0875000000000006 2.51561331748962
v 0.225000000000001 0.0875000000000006 2.51154780387878
v 0.237500000000001 0.0875000000000006 2.5076801776886
v 0.250000000000001 0.0875000000000006 2.50401663780212
v 0.262500000000001 0.0875000000000006 2.50056624412537
v 0.275000000000001 0.0875000000000006 2.49733710289001
v 0.287500000000001 0.0875000000000006 2.49433779716492
v 0.300000000000001 0.0875000000000006 2.4915771484375
v 0.312500000000001 0.0875000000000006 2.48906397819519
v 0.325000000000001 0.0875000000000006 2.48680472373962
v 0.337500000000001 0.0875000000000006 2.48480892181396
v 0.350000000000001 0.0875000000000006 2.48308157920837
v 0.362500000000001 0.0875000000000006 2.48162746429443
v 0.375000000000001 0.0875000000000006 2.48044943809509
v 0.387500000000001 0.0875000000000006 2.47954726219177
v 0.400000000000001 0.0875000000000006 2.47891712188721
v 0.412500000000001 0.0875000000000006 2.47855424880981
v 0.425000000000001 0.0875000000000006 2.47844862937927
v 0.437500000000001 0.0875000000000006 2.47858810424805
v 0.450000000000001 0.0875000000000006 2.47895789146423
v 0.462500000000001 0.0875000000000006 2.47954154014587
v 0.475000000000001 0.0875000000000006 2.48031878471375
v 0.487500000000001 0.0875000000000006 2.48126983642578
v 0.500000000000001 0.0875000000000006 2.48237323760986
v -0.5 0.100000000000001 3.16842317581177
v -0.4875 0.100000000000001 3.15281510353088
v -0.475 0.100000000000001 3.13681650161743
v -0.4625 0.100000000000001 3.12047696113586
v -0.45 0.100000000000001 3.10386967658997
v -0.4375 0.100000000000001 3.08709073066711
v -0.425 0.100000000000001 3.07025933265686
v -0.4125 0.100000000000001 3.05350041389465
v -0.4 0.100000000000001 3.03692603111267
v -0.3875 0.100000000000001 3.02060294151306
v -0.375 0.100000000000001 3.00453925132751
v -0.3625 0.100000000000001 2.98869299888611
v -0.35 0.100000000000001 2.97300028800964
v -0.3375 0.100000000000001 2.95739674568176
v -0.325 0.100000000000001 2.94183707237244
v -0.3125 0.100000000000001 2.92629790306091
v -0.3 0.100000000000001 2.91077470779419
v -0.2875 0.100000000000001 2.89527678489685
v -0.275 0.100000000000001 2.87982439994812
v -0.2625 0.100000000000001 2.86444711685181
v -0.25 0.100000000000001 2.84917712211609
v -0.2375 0.100000000000001 2.83405375480652
v -0.225 0.100000000000001 2.81912016868591
v -0.2125 0.100000000000001 2.80442452430725
v -0.2 0.100000000000001 2.79001879692078
v -0.1875 0.100000000000001 2.77595686912537
v -0.175 0.100000000000001 2.76229071617126
v -0.1625 0.100000000000001 2.74906611442566
v -0.15 0.100000000000001 2.73631596565247
v -0.1375 0.100000000000001 2.72405600547791
v -0.125 0.100000000000001 2.71228671073914
v -0.1125 0.100000000000001 2.70099377632141
v -0.0999999999999996 0.100000000000001 2.69015574455261
v -0.0874999999999996 0.100000000000001 2.67974662780762
v -0.0749999999999996 0.100000000000001 2.66974067687988
v -0.0624999999999996 0.100000000000001 2.66011476516724
v -0.0499999999999996 0.100000000000001 2.6508481502533
v -0.0374999999999996 0.100000000000001 2.64192056655884
v -0.0249999999999996 0.100000000000001 2.63331460952759
v -0.0124999999999996 0.100000000000001 2.62501454353333
v 4.44089209850063e-16 0.100000000000001 2.61700677871704
v 0.0125000000000004 0.100000000000001 2.60928010940552
v 0.0250000000000005 0.100000000000001 2.60182547569275
v 0.0375000000000005 0.100000000000001 2.59463477134705
v 0.0500000000000005 0.100000000000001 2.58770227432251
v 0.0625000000000004 0.100000000000001 2.58101916313171
v 0.0750000000000005 0.100000000000001 2.57457756996155
v 0.0875000000000006 0.100000000000001 2.56836795806885
v 0.100000000000001 0.100000000000001 2.56237936019897
v 0.1125 0.100000000000001 2.55660033226013
v 0.125000000000001 0.100000000000001 2.55102133750916
v 0.137500000000001 0.100000000000001 2.54563331604004
v 0.150000000000001 0.100000000000001 2.54042983055115
v 0.162500000000001 0.100000000000001 2.53540730476379
v 0.175000000000001 0.100000000000001 2.5305643081665
v 0.187500000000001 0.100000000000001 2.52590179443359
v 0.200000000000001 0.100000000000001 2.52142333984375
v 0.212500000000001 0.100000000000001 2.51713275909424
v 0.225000000000001 0.100000000000001 2.51303625106812
v 0.237500000000001 0.100000000000001 2.50913977622986
v 0.250000000000001 0.100000000000001 2.50545048713684
v 0.262500000000001 0.100000000000001 2.50197577476501
v 0.275000000000001 0.100000000000001 2.49872255325317
v 0.287500000000001 0.100000000000001 2.49569869041443
v 0.300000000000001 0.100000000000001 2.49291014671326
v 0.312500000000001 0.100000000000001 2.49036574363708
v 0.325000000000001 0.100000000000001 2.48807191848755
v 0.337500000000001 0.100000000000001 2.48603510856628
v 0.350000000000001 0.100000000000001 2.48426055908203
v 0.362500000000001 0.100000000000001 2.48275327682495
v 0.375000000000001 0.100000000000001 2.48151469230652
v 0.387500000000001 0.100000000000001 2.48054480552673
v 0.400000000000001 0.100000000000001 2.47984004020691
v 0.412500000000001 0.100000000000001 2.47939610481262
v 0.425000000000001 0.100000000000001 2.47920227050781
v 0.437500000000001 0.100000000000001 2.47924780845642
v 0.450000000000001 0.100000000000001 2.47951722145081
v 0.462500000000001 0.100000000000001 2.47999453544617
v 0.475000000000001 0.100000000000001 2.48066020011902
v 0.487500000000001 0.100000000000001 2.48149466514587
v 0.500000000000001 0.100000000000001 2.4824755191803
v -0.5 0.1125 3.1860625743866
v -0.4875 0.1125 3.17003273963928
v -0.475 0.1125 3.15358805656433
v -0.4625 0.1125 3.13677477836609
v -0.45 0.1125 3.1196620464325
v -0.4375 0.1125 3.10234498977661
v -0.425 0.1125 3.08494448661804
v -0.4125 0.1125 3.06759667396545
v -0.4 0.1125 3.05042886734009
v -0.3875 0.1125 3.033531665802
v -0.375 0.1125 3.01693153381348
v -0.3625 0.1125 3.00059390068054
v -0.35 0.1125 2.9844491481781
v -0.3375 0.1125 2.96842503547668
v -0.325 0.1125 2.95246553421021
v -0.3125 0.1125 2.93653798103333
v -0.3 0.1125 2.9206326007843
v -0.2875 0.1125 2.90475726127625
v -0.275 0.1125 2.88893055915833
v -0.2625 0.1125 2.87318205833435
v -0.25 0.1125 2.85754489898682
v -0.2375 0.1125 2.84205937385559
v -0.225 0.1125 2.82677030563354
v -0.2125 0.1125 2.81172633171082
v -0.2 0.1125 2.7969799041748
v -0.1875 0.1125 2.78258728981018
v -0.175 0.1125 2.76860094070435
v -0.1625 0.1125 2.75506544113159
v -0.15 0.1125 2.74201464653015
v -0.1375 0.1125 2.72946381568909
v -0.125 0.1125 2.71741390228271
v -0.1125 0.1125 2.70585012435913
v -0.0999999999999996 0.1125 2.69475054740906
v -0.0874999999999996 0.1125 2.68409061431885
v -0.0749999999999996 0.1125 2.67384505271912
v -0.0624999999999996 0.1125 2.66399264335632
v -0.0499999999999996 0.1125 2.6545135974884
v -0.0374999999999996 0.1125 2.64538955688477
v -0.0249999999999996 0.1125 2.63660454750061
v -0.0124999999999996 0.1125 2.6281430721283
v 4.44089209850063e-16 0.1125 2.61999106407166
v 0.0125000000000004 0.1125 2.61213684082031
v 0.0250000000000005 0.1125 2.60457015037537
v 0.0375000000000005 0.1125 2.59727954864502
v 0.0500000000000005 0.1125 2.59025740623474
v 0.0625000000000004 0.1125 2.58349299430847
v 0.0750000000000005 0.1125 2.57697558403015
v 0.0875000000000006 0.1125 2.57069325447083
v 0.100000000000001 0.1125 2.5646345615387
v 0.1125 0.1125 2.55878806114197
v 0.125000000000001 0.1125 2.55314326286316
v 0.137500000000001 0.1125 2.54769206047058
v 0.150000000000001 0.1125 2.54242944717407
v 0.162500000000001 0.1125 2.53735113143921
v 0.175000000000001 0.1125 2.53245663642883
v 0.187500000000001 0.1125 2.52774786949158
v 0.200000000000001 0.1125 2.52322673797607
v 0.212500000000001 0.1125 2.51889967918396
v 0.225000000000001 0.1125 2.5147693157196
v 0.237500000000001 0.1125 2.51084327697754
v 0.250000000000001 0.1125 2.50712704658508
v 0.262500000000001 0.1125 2.50362634658813
v 0.275000000000001 0.1125 2.50034689903259
v 0.287500000000001 0.1125 2.49729609489441
v 0.300000000000001 0.1125 2.49447870254517
v 0.312500000000001 0.1125 2.49190092086792
v 0.325000000000001 0.1125 2.48956871032715
v 0.337500000000001 0.1125 2.48748826980591
v 0.350000000000001 0.1125 2.48566293716431
v 0.362500000000001 0.1125 2.48409819602966
v 0.375000000000001 0.1125 2.48279452323914
v 0.387500000000001 0.1125 2.48175263404846
v 0.400000000000001 0.1125 2.48096895217896
v 0.412500000000001 0.1125 2.48043823242188
v 0.425000000000001 0.1125 2.48015189170837
v 0.437500000000001 0.1125 2.4800980091095
v 0.450000000000001 0.1125 2.48026323318481
v 0.462500000000001 0.1125 2.48063015937805
v 0.475000000000001 0.1125 2.48118138313293
v 0.487500000000001 0.1125 2.48189663887024
v 0.500000000000001 0.1125 2.48275446891785
v -0.5 0.125000000000001 3.20380210876465
v -0.4875 0.125000000000001 3.18736147880554
v -0.475 0.125000000000001 3.17048001289368
v -0.4625 0.125000000000001 3.15320158004761
v -0.45 0.125000000000001 3.13559317588806
v -0.4375 0.125000000000001 3.11774706840515
v -0.425 0.125000000000001 3.0997850894928
v -0.4125 0.125000000000001 3.08184862136841
v -0.4 0.125000000000001 3.06408286094666
v -0.3875 0.125000000000001 3.0466001033783
v -0.375 0.125000000000001 3.02944898605347
v -0.3625 0.125000000000001 3.01260638237
v -0.35 0.125000000000001 2.99600124359131
v -0.3375 0.125000000000001 2.97955131530762
v -0.325 0.125000000000001 2.9631884098053
v -0.3125 0.125000000000001 2.94687151908875
v -0.3 0.125000000000001 2.93058395385742
v -0.2875 0.125000000000001 2.91432976722717
v -0.275 0.125000000000001 2.89812850952148
v -0.2625 0.125000000000001 2.88200736045837
v -0.25 0.125000000000001 2.86600184440613
v -0.2375 0.125000000000001 2.85015368461609
v -0.225 0.125000000000001 2.83450818061829
v -0.2125 0.125000000000001 2.81911635398865
v -0.2 0.125000000000001 2.80403137207031
v -0.1875 0.125000000000001 2.78931021690369
v -0.175 0.125000000000001 2.77500581741333
v -0.1625 0.125000000000001 2.76116347312927
v -0.15 0.125000000000001 2.7478175163269
v -0.1375 0.125000000000001 2.73498225212097
v -0.125 0.125000000000001 2.72265887260437
v -0.1125 0.125000000000001 2.71083188056946
v -0.0999999999999996 0.125000000000001 2.69947981834412
v -0.0874999999999996 0.125000000000001 2.68857765197754
v -0.0749999999999996 0.125000000000001 2.67810249328613
v -0.0624999999999996 0.125000000000001 2.66803359985352
v -0.0499999999999996 0.125000000000001 2.65835189819336
v -0.0374999999999996 0.125000000000001 2.64904189109802
v -0.0249999999999996 0.125000000000001 2.64008688926697
v -0.0124999999999996 0.125000000000001 2.63147282600403
v 4.44089209850063e-16 0.125000000000001 2.62318587303162
v 0.0125000000000004 0.125000000000001 2.61521220207214
v 0.0250000000000005 0.125000000000001 2.60753989219666
v 0.0375000000000005 0.125000000000001 2.60015630722046
v 0.0500000000000005 0.125000000000001 2.59304976463318
v 0.0625000000000004 0.125000000000001 2.58620810508728
v 0.0750000000000005 0.125000000000001 2.57961773872375
v 0.0875000000000006 0.125000000000001 2.57326579093933
v 0.100000000000001 0.125000000000001 2.56713938713074
v 0.1125 0.125000000000001 2.56122660636902
v 0.125000000000001 0.125000000000001 2.55551767349243
v 0.137500000000001 0.125000000000001 2.55000472068787
v 0.150000000000001 0.125000000000001 2.544682264328
v 0.162500000000001 0.125000000000001 2.53954887390137
v 0.175000000000001 0.125000000000001 2.53460311889648
v 0.187500000000001 0.125000000000001 2.52984690666199
v 0.200000000000001 0.125000000000001 2.52528405189514
v 0.212500000000001 0.125000000000001 2.52091813087463
v 0.225000000000001 0.125000000000001 2.51675486564636
v 0.237500000000001 0.125000000000001 2.51279807090759
v 0.250000000000001 0.125000000000001 2.50905346870422
v 0.262500000000001 0.125000000000001 2.50552558898926
v 0.275000000000001 0.125000000000001 2.50221943855286
v 0.287500000000001 0.125000000000001 2.49913954734802
v 0.300000000000001 0.125000000000001 2.49629068374634
v 0.312500000000001 0.125000000000001 2.49367761611938
v 0.325000000000001 0.125000000000001 2.49130487442017
v 0.337500000000001 0.125000000000001 2.48917698860168
v 0.350000000000001 0.125000000000001 2.48729872703552
v 0.362500000000001 0.125000000000001 2.48567247390747
v 0.375000000000001 0.125000000000001 2.48430013656616
v 0.387500000000001 0.125000000000001 2.4831817150116
v 0.400000000000001 0.125000000000001 2.48231482505798
v 0.412500000000001 0.125000000000001 2.481693983078
v 0.425000000000001 0.125000000000001 2.48131060600281
v 0.437500000000001 0.125000000000001 2.48115420341492
v 0.450000000000001 0.125000000000001 2.48121118545532
v 0.462500000000001 0.125000000000001 2.4814658164978
v 0.475000000000001 0.125000000000001 2.48190021514893
v 0.487500000000001 0.125000000000001 2.48249506950378
v 0.500000000000001 0.125000000000001 2.483229637146
v -0.5 0.137500000000001 3.22160696983337
v -0.4875 0.137500000000001 3.20476913452148
v -0.475 0.137500000000001 3.18746614456177
v -0.4625 0.137500000000001 3.16973805427551
v -0.45 0.137500000000001 3.15164566040039
v -0.4375 0.137500000000001 3.13328242301941
v -0.425 0.137500000000001 3.11476683616638
v -0.4125 0.137500000000001 3.09624648094177
v -0.4 0.137500000000001 3.07787919044495
v -0.3875 0.137500000000001 3.05980134010315
v -0.375 0.137500000000001 3.04208493232727
v -0.3625 0.137500000000001 3.02472352981567
v -0.35 0.137500000000001 3.0076470375061
v -0.3375 0.137500000000001 2.99076461791992
v -0.325 0.137500000000001 2.97399520874023
v -0.3125 0.137500000000001 2.95728754997253
v -0.3 0.137500000000001 2.94061827659607
v -0.2875 0.137500000000001 2.92398715019226
v -0.275 0.137500000000001 2.90741086006165
v -0.2625 0.137500000000001 2.89091753959656
v -0.25 0.137500000000001 2.87454462051392
v -0.2375 0.137500000000001 2.85833358764648
v -0.225 0.137500000000001 2.84233260154724
v -0.2125 0.137500000000001 2.82659316062927
v -0.2 0.137500000000001 2.81117177009583
v -0.1875 0.137500000000001 2.79612469673157
v -0.175 0.137500000000001 2.7815055847168
v -0.1625 0.137500000000001 2.76736187934875
v -0.15 0.137500000000001 2.75372576713562
v -0.1375 0.137500000000001 2.74061322212219
v -0.125 0.137500000000001 2.72802329063416
v -0.1125 0.137500000000001 2.7159411907196
v -0.0999999999999996 0.137500000000001 2.70434498786926
v -0.0874999999999996 0.137500000000001 2.69321036338806
v -0.0749999999999996 0.137500000000001 2.68251490592957
v -0.0624999999999996 0.137500000000001 2.67223858833313
v -0.0499999999999996 0.137500000000001 2.66236448287964
v -0.0374999999999996 0.137500000000001 2.65287709236145
v -0.0249999999999996 0.137500000000001 2.64376139640808
v -0.0124999999999996 0.137500000000001 2.6350040435791
v 4.44089209850063e-16 0.137500000000001 2.62658953666687
v 0.0125000000000004 0.137500000000001 2.6185040473938
v 0.0250000000000005 0.137500000000001 2.61073303222656
v 0.0375000000000005 0.137500000000001 2.60326170921326
v 0.0500000000000005 0.137500000000001 2.59607672691345
v 0.0625000000000004 0.137500000000001 2.58916139602661
v 0.0750000000000005 0.137500000000001 2.58250212669373
v 0.0875000000000006 0.137500000000001 2.57608342170715
v 0.100000000000001 0.137500000000001 2.56989169120789
v 0.1125 0.137500000000001 2.56391525268555
v 0.125000000000001 0.137500000000001 2.55814361572266
v 0.137500000000001 0.137500000000001 2.55257034301758
v 0.150000000000001 0.137500000000001 2.54719042778015
v 0.162500000000001 0.137500000000001 2.54200220108032
v 0.175000000000001 0.137500000000001 2.53700590133667
v 0.187500000000001 0.137500000000001 2.53220367431641
v 0.200000000000001 0.137500000000001 2.52759909629822
v 0.212500000000001 0.137500000000001 2.52319574356079
v 0.225000000000001 0.137500000000001 2.51899838447571
v 0.237500000000001 0.137500000000001 2.51501107215881
v 0.250000000000001 0.137500000000001 2.51123785972595
v 0.262500000000001 0.137500000000001 2.50768232345581
v 0.275000000000001 0.137500000000001 2.50434756278992
v 0.287500000000001 0.137500000000001 2.50123834609985
v 0.300000000000001 0.137500000000001 2.49835634231567
v 0.312500000000001 0.137500000000001 2.49570631980896
v 0.325000000000001 0.137500000000001 2.49329042434692
v 0.337500000000001 0.137500000000001 2.49111342430115
v 0.350000000000001 0.137500000000001 2.48917841911316
v 0.362500000000001 0.137500000000001 2.48748779296875
v 0.375000000000001 0.137500000000001 2.48604369163513
v 0.387500000000001 0.137500000000001 2.48484587669373
v 0.400000000000001 0.137500000000001 2.48389220237732
v 0.412500000000001 0.137500000000001 2.48317766189575
v 0.425000000000001 0.137500000000001 2.48269438743591
v 0.437500000000001 0.137500000000001 2.48243260383606
v 0.450000000000001 0.137500000000001 2.48237943649292
v 0.462500000000001 0.137500000000001 2.48251986503601
v 0.475000000000001 0.137500000000001 2.48283648490906
v 0.487500000000001 0.137500000000001 2.48331117630005
v 0.500000000000001 0.137500000000001 2.48392295837402
v -0.5 0.150000000000001 3.23943591117859
v -0.4875 0.150000000000001 3.22222065925598
v -0.475 0.150000000000001 3.20451545715332
v -0.4625 0.150000000000001 3.186354637146
v -0.45 0.150000000000001 3.16779732704163
v -0.4375 0.150000000000001 3.148930311203
v -0.425 0.150000000000001 3.12987303733826
v -0.4125 0.150000000000001 3.11077666282654
v -0.4 0.150000000000001 3.09180879592896
v -0.3875 0.150000000000001 3.07312750816345
v -0.375 0.150000000000001 3.05483269691467
v -0.3625 0.150000000000001 3.03693747520447
v -0.35 0.150000000000001 3.01937794685364
v -0.3375 0.150000000000001 3.0020546913147
v -0.325 0.150000000000001 2.98487544059753
v -0.3125 0.150000000000001 2.96777677536011
v -0.3 0.150000000000001 2.95072627067566
v -0.2875 0.150000000000001 2.93371891975403
v -0.275 0.150000000000001 2.91676950454712
v -0.2625 0.150000000000001 2.89990592002869
v -0.25 0.150000000000001 2.88316679000854
v -0.2375 0.150000000000001 2.86659526824951
v -0.225 0.150000000000001 2.85024046897888
v -0.2125 0.150000000000001 2.83415651321411
v -0.2 0.150000000000001 2.81840109825134
v -0.1875 0.150000000000001 2.80303072929382
v -0.175 0.150000000000001 2.78810238838196
v -0.1625 0.150000000000001 2.77366137504578
v -0.15 0.150000000000001 2.75974082946777
v -0.1375 0.150000000000001 2.74635696411133
v -0.125 0.150000000000001 2.73350787162781
v -0.1125 0.150000000000001 2.72117853164673
v -0.0999999999999996 0.150000000000001 2.70934677124023
v -0.0874999999999996 0.150000000000001 2.69798898696899
v -0.0749999999999996 0.150000000000001 2.68708252906799
v -0.0624999999999996 0.150000000000001 2.67660880088806
v -0.0499999999999996 0.150000000000001 2.66655135154724
v -0.0374999999999996 0.150000000000001 2.65689539909363
v -0.0249999999999996 0.150000000000001 2.64762878417969
v -0.0124999999999996 0.150000000000001 2.63873600959778
v 4.44089209850063e-16 0.150000000000001 2.63020133972168
v 0.0125000000000004 0.150000000000001 2.62201023101807
v 0.0250000000000005 0.150000000000001 2.61414694786072
v 0.0375000000000005 0.150000000000001 2.60659337043762
v 0.0500000000000005 0.150000000000001 2.5993332862854
v 0.0625000000000004 0.150000000000001 2.59234929084778
v 0.0750000000000005 0.150000000000001 2.58562397956848
v 0.0875000000000006 0.150000000000001 2.57914209365845
v 0.100000000000001 0.150000000000001 2.57288789749146
v 0.1125 0.150000000000001 2.56685042381287
v 0.125000000000001 0.150000000000001 2.5610191822052
v 0.137500000000001 0.150000000000001 2.55538821220398
v 0.150000000000001 0.150000000000001 2.54995274543762
v 0.162500000000001 0.150000000000001 2.54471230506897
v 0.175000000000001 0.150000000000001 2.53966760635376
v 0.187500000000001 0.150000000000001 2.53482103347778
v 0.200000000000001 0.150000000000001 2.53017592430115
v 0.212500000000001 0.150000000000001 2.52573585510254
v 0.225000000000001 0.150000000000001 2.5215060710907
v 0.237500000000001 0.150000000000001 2.51748824119568
v 0.250000000000001 0.150000000000001 2.51368689537048
v 0.262500000000001 0.150000000000001 2.51010370254517
v 0.275000000000001 0.150000000000001 2.50674057006836
v 0.287500000000001 0.150000000000001 2.50360059738159
v 0.300000000000001 0.150000000000001 2.5006844997406
v 0.312500000000001 0.150000000000001 2.49799537658691
v 0.325000000000001 0.150000000000001 2.49553537368774
v 0.337500000000001 0.150000000000001 2.49330687522888
v 0.350000000000001 0.150000000000001 2.49131369590759
v 0.362500000000001 0.150000000000001 2.48955678939819
v 0.375000000000001 0.150000000000001 2.48803853988647
v 0.387500000000001 0.150000000000001 2.48675894737244
v 0.400000000000001 0.150000000000001 2.48571586608887
v 0.412500000000001 0.150000000000001 2.48490500450134
v 0.425000000000001 0.150000000000001 2.48432016372681
v 0.437500000000001 0.150000000000001 2.48395180702209
v 0.450000000000001 0.150000000000001 2.48378753662109
v 0.462500000000001 0.150000000000001 2.48381280899048
v 0.475000000000001 0.150000000000001 2.48401188850403
v 0.487500000000001 0.150000000000001 2.48436641693115
v 0.500000000000001 0.150000000000001 2.48485660552979
v -0.5 0.162500000000001 3.25724577903748
v -0.4875 0.162500000000001 3.23967337608337
v -0.475 0.162500000000001 3.22158861160278
v -0.4625 0.162500000000001 3.2030189037323
v -0.45 0.162500000000001 3.18401718139648
v -0.4375 0.162500000000001 3.16466665267944
v -0.425 0.162500000000001 3.14508485794067
v -0.4125 0.162500000000001 3.12542247772217
v -0.4 0.162500000000001 3.10585904121399
v -0.3875 0.162500000000001 3.08657073974609
v -0.375 0.162500000000001 3.06768560409546
v -0.3625 0.162500000000001 3.04924201965332
v -0.35 0.162500000000001 3.03118491172791
v -0.3375 0.162500000000001 3.0134129524231
v -0.325 0.162500000000001 2.99581956863403
v -0.3125 0.162500000000001 2.97832846641541
v -0.3 0.162500000000001 2.96089768409729
v -0.2875 0.162500000000001 2.94351625442505
v -0.275 0.162500000000001 2.92619705200195
v -0.2625 0.162500000000001 2.90896677970886
v -0.25 0.162500000000001 2.89186406135559
v -0.2375 0.162500000000001 2.87493419647217
v -0.225 0.162500000000001 2.85822892189026
v -0.2125 0.162500000000001 2.84180378913879
v -0.2 0.162500000000001 2.82571768760681
v -0.1875 0.162500000000001 2.81002926826477
v -0.175 0.162500000000001 2.7947952747345
v -0.1625 0.162500000000001 2.7800624370575
v -0.15 0.162500000000001 2.76586413383484
v -0.1375 0.162500000000001 2.75221514701843
v -0.125 0.162500000000001 2.73911428451538
v -0.1125 0.162500000000001 2.72654557228088
v -0.0999999999999996 0.162500000000001 2.71448707580566
v -0.0874999999999996 0.162500000000001 2.70291495323181
v -0.0749999999999996 0.162500000000001 2.69180655479431
v -0.0624999999999996 0.162500000000001 2.68114399909973
v -0.0499999999999996 0.162500000000001 2.67091250419617
v -0.0374999999999996 0.162500000000001 2.66109776496887
v -0.0249999999999996 0.162500000000001 2.65168714523315
v -0.0124999999999996 0.162500000000001 2.64266633987427
v 4.44089209850063e-16 0.162500000000001 2.63401913642883
v 0.0125000000000004 0.162500000000001 2.62572884559631
v 0.0250000000000005 0.162500000000001 2.61777830123901
v 0.0375000000000005 0.162500000000001 2.61014723777771
v 0.0500000000000005 0.162500000000001 2.6028163433075
v 0.0625000000000004 0.162500000000001 2.59576678276062
v 0.0750000000000005 0.162500000000001 2.58897948265076
v 0.0875000000000006 0.162500000000001 2.58243727684021
v 0.100000000000001 0.162500000000001 2.57612419128418
v 0.1125 0.162500000000001 2.57002902030945
v 0.125000000000001 0.162500000000001 2.56414198875427
v 0.137500000000001 0.162500000000001 2.55845618247986
v 0.150000000000001 0.162500000000001 2.55296874046326
v 0.162500000000001 0.162500000000001 2.54767918586731
v 0.175000000000001 0.162500000000001 2.54258894920349
v 0.187500000000001 0.162500000000001 2.53770041465759
v 0.200000000000001 0.162500000000001 2.53301739692688
v 0.212500000000001 0.162500000000001 2.52854323387146
v 0.225000000000001 0.162500000000001 2.52428126335144
v 0.237500000000001 0.162500000000001 2.52023553848267
v 0.250000000000001 0.162500000000001 2.51640629768372
v 0.262500000000001 0.162500000000001 2.51279616355896
v 0.275000000000001 0.162500000000001 2.50940537452698
v 0.287500000000001 0.162500000000001 2.50623440742493
v 0.300000000000001 0.162500000000001 2.50328373908997
v 0.312500000000001 0.162500000000001 2.50055575370789
v 0.325000000000001 0.162500000000001 2.49804949760437
v 0.337500000000001 0.162500000000001 2.49576926231384
v 0.350000000000001 0.162500000000001 2.49371600151062
v 0.362500000000001 0.162500000000001 2.49189162254333
v 0.375000000000001 0.162500000000001 2.49029803276062
v 0.387500000000001 0.162500000000001 2.48893523216248
v 0.400000000000001 0.162500000000001 2.48780179023743
v 0.412500000000001 0.162500000000001 2.48689389228821
v 0.425000000000001 0.162500000000001 2.48620653152466
v 0.437500000000001 0.162500000000001 2.48572993278503
v 0.450000000000001 0.162500000000001 2.48545432090759
v 0.462500000000001 0.162500000000001 2.48536491394043
v 0.475000000000001 0.162500000000001 2.48544669151306
v 0.487500000000001 0.162500000000001 2.48568248748779
v 0.500000000000001 0.162500000000001 2.4860520362854
v -0.5 0.175000000000001 3.27498888969421
v -0.4875 0.175000000000001 3.25708246231079
v -0.475 0.175000000000001 3.23864483833313
v -0.4625 0.175000000000001 3.21969294548035
v -0.45 0.175000000000001 3.20027232170105
v -0.4375 0.175000000000001 3.18046259880066
v -0.425 0.175000000000001 3.16037631034851
v -0.4125 0.175000000000001 3.14016604423523
v -0.4 0.175000000000001 3.12001490592957
v -0.3875 0.175000000000001 3.10011959075928
v -0.375 0.175000000000001 3.08063554763794
v -0.3625 0.175000000000001 3.0616283416748
v -0.35 0.175000000000001 3.04306197166443
v -0.3375 0.175000000000001 3.02483057975769
v -0.325 0.175000000000001 3.00681734085083
v -0.3125 0.175000000000001 2.98893165588379
v -0.3 0.175000000000001 2.97112154960632
v -0.2875 0.175000000000001 2.9533703327179
v -0.275 0.175000000000001 2.93568420410156
v -0.2625 0.175000000000001 2.91809177398682
v -0.25 0.175000000000001 2.90062975883484
v -0.2375 0.175000000000001 2.88334703445435
v -0.225 0.175000000000001 2.86629557609558
v -0.2125 0.175000000000001 2.84953284263611
v -0.2 0.175000000000001 2.83312082290649
v -0.1875 0.175000000000001 2.81711888313293
v -0.175 0.175000000000001 2.80158495903015
v -0.1625 0.175000000000001 2.78656578063965
v -0.15 0.175000000000001 2.77209520339966
v -0.1375 0.175000000000001 2.75818824768066
v -0.125 0.175000000000001 2.74484276771545
v -0.1125 0.175000000000001 2.73204278945923
v -0.0999999999999996 0.175000000000001 2.71976637840271
v -0.0874999999999996 0.175000000000001 2.70798802375793
v -0.0749999999999996 0.175000000000001 2.69668650627136
v -0.0624999999999996 0.175000000000001 2.68584442138672
v -0.0499999999999996 0.175000000000001 2.67544722557068
v -0.0374999999999996 0.175000000000001 2.66548204421997
v -0.0249999999999996 0.175000000000001 2.65593576431274
v -0.0124999999999996 0.175000000000001 2.64679336547852
v 4.44089209850063e-16 0.175000000000001 2.63804030418396
v 0.0125000000000004 0.175000000000001 2.62965655326843
v 0.0250000000000005 0.175000000000001 2.62162280082703
v 0.0375000000000005 0.175000000000001 2.61391854286194
v 0.0500000000000005 0.175000000000001 2.60652160644531
v 0.0625000000000004 0.175000000000001 2.59940981864929
v 0.0750000000000005 0.175000000000001 2.59256386756897
v 0.0875000000000006 0.175000000000001 2.58596420288086
v 0.100000000000001 0.175000000000001 2.57959628105164
v 0.1125 0.175000000000001 2.57344698905945
v 0.125000000000001 0.175000000000001 2.56750726699829
v 0.137500000000001 0.175000000000001 2.56177115440369
v 0.150000000000001 0.175000000000001 2.55623531341553
v 0.162500000000001 0.175000000000001 2.55090093612671
v 0.175000000000001 0.175000000000001 2.54576849937439
v 0.187500000000001 0.175000000000001 2.54084181785583
v 0.200000000000001 0.175000000000001 2.53612446784973
v 0.212500000000001 0.175000000000001 2.53161883354187
v 0.225000000000001 0.175000000000001 2.5273289680481
v 0.237500000000001 0.175000000000001 2.5232560634613
v 0.250000000000001 0.175000000000001 2.51940178871155
v 0.262500000000001 0.175000000000001 2.51576590538025
v 0.275000000000001 0.175000000000001 2.51234745979309
v 0.287500000000001 0.175000000000001 2.50914692878723
v 0.300000000000001 0.175000000000001 2.50616240501404
v 0.312500000000001 0.175000000000001 2.50339436531067
v 0.325000000000001 0.175000000000001 2.50084352493286
v 0.337500000000001 0.175000000000001 2.49851036071777
v 0.350000000000001 0.175000000000001 2.49639701843262
v 0.362500000000001 0.175000000000001 2.49450469017029
v 0.375000000000001 0.175000000000001 2.49283504486084
v 0.387500000000001 0.175000000000001 2.49138879776001
v 0.400000000000001 0.175000000000001 2.49016451835632
v 0.412500000000001 0.175000000000001 2.48915982246399
v 0.425000000000001 0.175000000000001 2.48836970329285
v 0.437500000000001 0.175000000000001 2.48778605461121
v 0.450000000000001 0.175000000000001 2.4873993396759
v 0.462500000000001 0.175000000000001 2.48719573020935
v 0.475000000000001 0.175000000000001 2.48716139793396
v 0.487500000000001 0.175000000000001 2.4872784614563
v 0.500000000000001 0.175000000000001 2.4875283241272
v -0.5 0.187500000000001 3.29262161254883
v -0.4875 0.187500000000001 3.2744026184082
v -0.475 0.187500000000001 3.25563883781433
v -0.4625 0.187500000000001 3.2363338470459
v -0.45 0.187500000000001 3.21652483940125
v -0.4375 0.187500000000001 3.19628405570984
v -0.425 0.187500000000001 3.17571902275085
v -0.4125 0.187500000000001 3.1549813747406
v -0.4 0.187500000000001 3.13425874710083
v -0.3875 0.187500000000001 3.11376166343689
v -0.375 0.187500000000001 3.09367227554321
v -0.3625 0.187500000000001 3.07409071922302
v -0.35 0.187500000000001 3.0550000667572
v -0.3375 0.187500000000001 3.03629875183105
v -0.325 0.187500000000001 3.01785898208618
v -0.3125 0.187500000000001 2.99957728385925
v -0.3 0.187500000000001 2.98138904571533
v -0.2875 0.187500000000001 2.96326899528503
v -0.275 0.187500000000001 2.94522190093994
v -0.2625 0.187500000000001 2.92727208137512
v -0.25 0.187500000000001 2.90945744514465
v -0.2375 0.187500000000001 2.89182686805725
v -0.225 0.187500000000001 2.87443494796753
v -0.2125 0.187500000000001 2.85734105110168
v -0.2 0.187500000000001 2.84060835838318
v -0.1875 0.187500000000001 2.824298620224
v -0.175 0.187500000000001 2.80846953392029
v -0.1625 0.187500000000001 2.7931706905365
v -0.15 0.187500000000001 2.77843427658081
v -0.1375 0.187500000000001 2.76427626609802
v -0.125 0.187500000000001 2.75069355964661
v -0.1125 0.187500000000001 2.73767066001892
v -0.0999999999999996 0.187500000000001 2.72518372535706
v -0.0874999999999996 0.187500000000001 2.71320796012878
v -0.0749999999999996 0.187500000000001 2.70172238349915
v -0.0624999999999996 0.187500000000001 2.69070959091187
v -0.0499999999999996 0.187500000000001 2.68015480041504
v -0.0374999999999996 0.187500000000001 2.67004656791687
v -0.0249999999999996 0.187500000000001 2.66037178039551
v -0.0124999999999996 0.187500000000001 2.65111541748047
v 4.44089209850063e-16 0.187500000000001 2.64226126670837
v 0.0125000000000004 0.187500000000001 2.63378977775574
v 0.0250000000000005 0.187500000000001 2.6256787776947
v 0.0375000000000005 0.187500000000001 2.6179039478302
v 0.0500000000000005 0.187500000000001 2.61044359207153
v 0.0625000000000004 0.187500000000001 2.60327315330505
v 0.0750000000000005 0.187500000000001 2.59637141227722
v 0.0875000000000006 0.187500000000001 2.58971905708313
v 0.100000000000001 0.187500000000001 2.58329916000366
v 0.1125 0.187500000000001 2.57709956169128
v 0.125000000000001 0.187500000000001 2.57111144065857
v 0.137500000000001 0.187500000000001 2.56532907485962
v 0.150000000000001 0.187500000000001 2.55975008010864
v 0.162500000000001 0.187500000000001 2.5543749332428
v 0.175000000000001 0.187500000000001 2.54920554161072
v 0.187500000000001 0.187500000000001 2.54424476623535
v 0.200000000000001 0.187500000000001 2.53949689865112
v 0.212500000000001 0.187500000000001 2.53496408462524
v 0.225000000000001 0.187500000000001 2.53064918518066
v 0.237500000000001 0.187500000000001 2.5265531539917
v 0.250000000000001 0.187500000000001 2.52267622947693
v 0.262500000000001 0.187500000000001 2.51901698112488
v 0.275000000000001 0.187500000000001 2.51557350158691
v 0.287500000000001 0.187500000000001 2.51234412193298
v 0.300000000000001 0.187500000000001 2.50932669639587
v 0.312500000000001 0.187500000000001 2.50652050971985
v 0.325000000000001 0.187500000000001 2.50392460823059
v 0.337500000000001 0.187500000000001 2.50153970718384
v 0.350000000000001 0.187500000000001 2.49936652183533
v 0.362500000000001 0.187500000000001 2.49740672111511
v 0.375000000000001 0.187500000000001 2.49566197395325
v 0.387500000000001 0.187500000000001 2.49413299560547
v 0.400000000000001 0.187500000000001 2.49281883239746
v 0.412500000000001 0.187500000000001 2.49171829223633
v 0.425000000000001 0.187500000000001 2.49082636833191
v 0.437500000000001 0.187500000000001 2.49013614654541
v 0.450000000000001 0.187500000000001 2.48963904380798
v 0.462500000000001 0.187500000000001 2.48932266235352
v 0.475000000000001 0.187500000000001 2.48917198181152
v 0.487500000000001 0.187500000000001 2.48917126655579
v 0.500000000000001 0.187500000000001 2.48930048942566
v -0.5 0.200000000000001 3.31010127067566
v -0.4875 0.200000000000001 3.29159164428711
v -0.475 0.200000000000001 3.27252769470215
v -0.4625 0.200000000000001 3.25289916992188
v -0.45 0.200000000000001 3.23273277282715
v -0.4375 0.200000000000001 3.21209263801575
v -0.425 0.200000000000001 3.19107985496521
v -0.4125 0.200000000000001 3.16984057426453
v -0.4 0.200000000000001 3.14856576919556
v -0.3875 0.200000000000001 3.12747716903687
v -0.375 0.200000000000001 3.1067841053009
v -0.3625 0.200000000000001 3.08661913871765
v -0.35 0.200000000000001 3.06699204444885
v -0.3375 0.200000000000001 3.04780960083008
v -0.325 0.200000000000001 3.0289363861084
v -0.3125 0.200000000000001 3.01025557518005
v -0.3 0.200000000000001 2.99168944358826
v -0.2875 0.200000000000001 2.97320485115051
v -0.275 0.200000000000001 2.9548008441925
v -0.2625 0.200000000000001 2.93649935722351
v -0.25 0.200000000000001 2.91833877563477
v -0.2375 0.200000000000001 2.90036749839783
v -0.225 0.200000000000001 2.8826425075531
v -0.2125 0.200000000000001 2.8652241230011
v -0.2 0.200000000000001 2.84817743301392
v -0.1875 0.200000000000001 2.83156561851501
v -0.175 0.200000000000001 2.81544923782349
v -0.1625 0.200000000000001 2.79987668991089
v -0.15 0.200000000000001 2.7848813533783
v -0.1375 0.200000000000001 2.77047896385193
v -0.125 0.200000000000001 2.75666642189026
v -0.1125 0.200000000000001 2.74342751502991
v -0.0999999999999996 0.200000000000001 2.73073863983154
v -0.0874999999999996 0.200000000000001 2.7185742855072
v -0.0749999999999996 0.200000000000001 2.70691299438477
v -0.0624999999999996 0.200000000000001 2.69573760032654
v -0.0499999999999996 0.200000000000001 2.68503379821777
v -0.0374999999999996 0.200000000000001 2.67479014396667
v -0.0249999999999996 0.200000000000001 2.66499376296997
v -0.0124999999999996 0.200000000000001 2.6556293964386
v 4.44089209850063e-16 0.200000000000001 2.64668011665344
v 0.0125000000000004 0.200000000000001 2.63812470436096
v 0.0250000000000005 0.200000000000001 2.62993931770325
v 0.0375000000000005 0.200000000000001 2.62209939956665
v 0.0500000000000005 0.200000000000001 2.61457872390747
v 0.0625000000000004 0.200000000000001 2.60735201835632
v 0.0750000000000005 0.200000000000001 2.60039830207825
v 0.0875000000000006 0.200000000000001 2.59369540214539
v 0.100000000000001 0.200000000000001 2.5872278213501
v 0.1125 0.200000000000001 2.58098220825195
v 0.125000000000001 0.200000000000001 2.57495069503784
v 0.137500000000001 0.200000000000001 2.56912612915039
v 0.150000000000001 0.200000000000001 2.56350898742676
v 0.162500000000001 0.200000000000001 2.55809807777405
v 0.175000000000001 0.200000000000001 2.55289626121521
v 0.187500000000001 0.200000000000001 2.54790687561035
v 0.200000000000001 0.200000000000001 2.54313349723816
v 0.212500000000001 0.200000000000001 2.53857803344727
v 0.225000000000001 0.200000000000001 2.5342423915863
v 0.237500000000001 0.200000000000001 2.53012728691101
v 0.250000000000001 0.200000000000001 2.52623081207275
v 0.262500000000001 0.200000000000001 2.52255129814148
v 0.275000000000001 0.200000000000001 2.51908493041992
v 0.287500000000001 0.200000000000001 2.51582932472229
v 0.300000000000001 0.200000000000001 2.51278114318848
v 0.312500000000001 0.200000000000001 2.50993800163269
v 0.325000000000001 0.200000000000001 2.50729918479919
v 0.337500000000001 0.200000000000001 2.50486350059509
v 0.350000000000001 0.200000000000001 2.50263261795044
v 0.362500000000001 0.200000000000001 2.50060701370239
v 0.375000000000001 0.200000000000001 2.49878859519958
v 0.387500000000001 0.200000000000001 2.49717807769775
v 0.400000000000001 0.200000000000001 2.49577641487122
v 0.412500000000001 0.200000000000001 2.4945809841156
v 0.425000000000001 0.200000000000001 2.49358892440796
v 0.437500000000001 0.200000000000001 2.49279379844666
v 0.450000000000001 0.200000000000001 2.4921875
v 0.462500000000001 0.200000000000001 2.49175810813904
v 0.475000000000001 0.200000000000001 2.49149179458618
v 0.487500000000001 0.200000000000001 2.49137187004089
v 0.500000000000001 0.200000000000001 2.49137926101685
v -0.5 0.212500000000001 3.32739114761353
v -0.4875 0.212500000000001 3.30860686302185
v -0.475 0.212500000000001 3.28926777839661
v -0.4625 0.212500000000001 3.26934599876404
v -0.45 0.212500000000001 3.24885439872742
v -0.4375 0.212500000000001 3.22784805297852
v -0.425 0.212500000000001 3.20641827583313
v -0.4125 0.212500000000001 3.18470931053162
v -0.4 0.212500000000001 3.16290903091431
v -0.3875 0.212500000000001 3.14124655723572
v -0.375 0.212500000000001 3.11995482444763
v -0.3625 0.212500000000001 3.09920215606689
v -0.35 0.212500000000001 3.07902836799622
v -0.3375 0.212500000000001 3.05935478210449
v -0.325 0.212500000000001 3.04004144668579
v -0.3125 0.212500000000001 3.02095723152161
v -0.3 0.212500000000001 3.00201416015625
v -0.2875 0.212500000000001 2.98316764831543
v -0.275 0.212500000000001 2.96441149711609
v -0.2625 0.212500000000001 2.94576549530029
v -0.25 0.212500000000001 2.92726635932922
v -0.2375 0.212500000000001 2.90896224975586
v -0.225 0.212500000000001 2.89091181755066
v -0.2125 0.212500000000001 2.87317681312561
v -0.2 0.212500000000001 2.85582423210144
v -0.1875 0.212500000000001 2.83891892433167
v -0.175 0.212500000000001 2.82252097129822
v -0.1625 0.212500000000001 2.80668139457703
v -0.15 0.212500000000001 2.79143500328064
v -0.1375 0.212500000000001 2.77679538726807
v -0.125 0.212500000000001 2.76276063919067
v -0.1125 0.212500000000001 2.74931406974792
v -0.0999999999999996 0.212500000000001 2.73643088340759
v -0.0874999999999996 0.212500000000001 2.72408556938171
v -0.0749999999999996 0.212500000000001 2.71225690841675
v -0.0624999999999996 0.212500000000001 2.70092701911926
v -0.0499999999999996 0.212500000000001 2.69008231163025
v -0.0374999999999996 0.212500000000001 2.67971014976501
v -0.0249999999999996 0.212500000000001 2.6697986125946
v -0.0124999999999996 0.212500000000001 2.66033220291138
v 4.44089209850063e-16 0.212500000000001 2.65129256248474
v 0.0125000000000004 0.212500000000001 2.64265751838684
v 0.0250000000000005 0.212500000000001 2.63440203666687
v 0.0375000000000005 0.212500000000001 2.62649893760681
v 0.0500000000000005 0.212500000000001 2.61892127990723
v 0.0625000000000004 0.212500000000001 2.61164212226868
v 0.0750000000000005 0.212500000000001 2.60463833808899
v 0.0875000000000006 0.212500000000001 2.59788918495178
v 0.100000000000001 0.212500000000001 2.59137773513794
v 0.1125 0.212500000000001 2.58508992195129
v 0.125000000000001 0.212500000000001 2.57901811599731
v 0.137500000000001 0.212500000000001 2.57315802574158
v 0.150000000000001 0.212500000000001 2.56750679016113
v 0.162500000000001 0.212500000000001 2.56206583976746
v 0.175000000000001 0.212500000000001 2.55683755874634
v 0.187500000000001 0.212500000000001 2.55182504653931
v 0.200000000000001 0.212500000000001 2.54703116416931
v 0.212500000000001 0.212500000000001 2.54245805740356
v 0.225000000000001 0.212500000000001 2.53810691833496
v 0.237500000000001 0.212500000000001 2.53397679328918
v 0.250000000000001 0.212500000000001 2.53006553649902
v 0.262500000000001 0.212500000000001 2.52636885643005
v 0.275000000000001 0.212500000000001 2.52288317680359
v 0.287500000000001 0.212500000000001 2.51960420608521
v 0.300000000000001 0.212500000000001 2.51652789115906
v 0.312500000000001 0.212500000000001 2.51365065574646
v 0.325000000000001 0.212500000000001 2.51097083091736
v 0.337500000000001 0.212500000000001 2.50848746299744
v 0.350000000000001 0.212500000000001 2.50620055198669
v 0.362500000000001 0.212500000000001 2.50411128997803
v 0.375000000000001 0.212500000000001 2.50222182273865
v 0.387500000000001 0.212500000000001 2.50053262710571
v 0.400000000000001 0.212500000000001 2.49904441833496
v 0.412500000000001 0.212500000000001 2.49775671958923
v 0.425000000000001 0.212500000000001 2.49666595458984
v 0.437500000000001 0.212500000000001 2.49576759338379
v 0.450000000000001 0.212500000000001 2.49505305290222
v 0.462500000000001 0.212500000000001 2.49451065063477
v 0.475000000000001 0.212500000000001 2.49412798881531
v 0.487500000000001 0.212500000000001 2.49388694763184
v 0.500000000000001 0.212500000000001 2.49376916885376
v -0.5 0.225000000000001 3.34445452690125
v -0.4875 0.225000000000001 3.32541275024414
v -0.475 0.225000000000001 3.30581974983215
v -0.4625 0.225000000000001 3.28563237190247
v -0.45 0.225000000000001 3.26484799385071
v -0.4375 0.225000000000001 3.24350810050964
v -0.425 0.225000000000001 3.22169804573059
v -0.4125 0.225000000000001 3.19955110549927
v -0.4 0.225000000000001 3.17725443840027
v -0.3875 0.225000000000001 3.15504145622253
v -0.375 0.225000000000001 3.13316535949707
v -0.3625 0.225000000000001 3.11182522773743
v -0.35 0.225000000000001 3.09109926223755
v -0.3375 0.225000000000001 3.07092595100403
v -0.325 0.225000000000001 3.05116534233093
v -0.3125 0.225000000000001 3.03167510032654
v -0.3 0.225000000000001 3.01235365867615
v -0.2875 0.225000000000001 2.99314856529236
v -0.275 0.225000000000001 2.97404551506042
v -0.2625 0.225000000000001 2.95506167411804
v -0.25 0.225000000000001 2.9362313747406
v -0.2375 0.225000000000001 2.91760325431824
v -0.225 0.225000000000001 2.89923667907715
v -0.2125 0.225000000000001 2.88119435310364
v -0.2 0.225000000000001 2.86354422569275
v -0.1875 0.225000000000001 2.84635233879089
v -0.175 0.225000000000001 2.82968211174011
v -0.1625 0.225000000000001 2.81358408927917
v -0.15 0.225000000000001 2.79809260368347
v -0.1375 0.225000000000001 2.78322386741638
v -0.125 0.225000000000001 2.7689745426178
v -0.1125 0.225000000000001 2.7553277015686
v -0.0999999999999996 0.225000000000001 2.74225854873657
v -0.0874999999999996 0.225000000000001 2.729740858078
v -0.0749999999999996 0.225000000000001 2.71775245666504
v -0.0624999999999996 0.225000000000001 2.70627570152283
v -0.0499999999999996 0.225000000000001 2.69529700279236
v -0.0374999999999996 0.225000000000001 2.68480372428894
v -0.0249999999999996 0.225000000000001 2.67478346824646
v -0.0124999999999996 0.225000000000001 2.66522026062012
v 4.44089209850063e-16 0.225000000000001 2.65609550476074
v 0.0125000000000004 0.225000000000001 2.64738464355469
v 0.0250000000000005 0.225000000000001 2.63906216621399
v 0.0375000000000005 0.225000000000001 2.63109922409058
v 0.0500000000000005 0.225000000000001 2.62346720695496
v 0.0625000000000004 0.225000000000001 2.61613821983337
v 0.0750000000000005 0.225000000000001 2.60908818244934
v 0.0875000000000006 0.225000000000001 2.60229539871216
v 0.100000000000001 0.225000000000001 2.59574270248413
v 0.1125 0.225000000000001 2.58941745758057
v 0.125000000000001 0.225000000000001 2.58331084251404
v 0.137500000000001 0.225000000000001 2.57741928100586
v 0.150000000000001 0.225000000000001 2.5717396736145
v 0.162500000000001 0.225000000000001 2.56627440452576
v 0.175000000000001 0.225000000000001 2.56102466583252
v 0.187500000000001 0.225000000000001 2.55599451065063
v 0.200000000000001 0.225000000000001 2.55118632316589
v 0.212500000000001 0.225000000000001 2.54660105705261
v 0.225000000000001 0.225000000000001 2.54223990440369
v 0.237500000000001 0.225000000000001 2.53809928894043
v 0.250000000000001 0.225000000000001 2.53417730331421
v 0.262500000000001 0.225000000000001 2.53046846389771
v 0.275000000000001 0.225000000000001 2.52696681022644
v 0.287500000000001 0.225000000000001 2.52366805076599
v 0.300000000000001 0.225000000000001 2.52056670188904
v 0.312500000000001 0.225000000000001 2.51765847206116
v 0.325000000000001 0.225000000000001 2.51494097709656
v 0.337500000000001 0.225000000000001 2.51241207122803
v 0.350000000000001 0.225000000000001 2.5100724697113
v 0.362500000000001 0.225000000000001 2.50792288780212
v 0.375000000000001 0.225000000000001 2.50596475601196
v 0.387500000000001 0.225000000000001 2.50419950485229
v 0.400000000000001 0.225000000000001 2.50262808799744
v 0.412500000000001 0.225000000000001 2.50125002861023
v 0.425000000000001 0.225000000000001 2.5000627040863
v 0.437500000000001 0.225000000000001 2.49906182289124
v 0.450000000000001 0.225000000000001 2.49823927879333
v 0.462500000000001 0.225000000000001 2.49758458137512
v 0.475000000000001 0.225000000000001 2.49708294868469
v 0.487500000000001 0.225000000000001 2.49671864509583
v 0.500000000000001 0.225000000000001 2.49647164344788
v -0.5 0.237500000000001 3.36126255989075
v -0.4875 0.237500000000001 3.34197545051575
v -0.475 0.237500000000001 3.32215046882629
v -0.4625 0.237500000000001 3.30172348022461
v -0.45 0.237500000000001 3.28067398071289
v -0.4375 0.237500000000001 3.259033203125
v -0.425 0.237500000000001 3.23687553405762
v -0.4125 0.237500000000001 3.21432733535767
v -0.4 0.237500000000001 3.19156765937805
v -0.3875 0.237500000000001 3.16883325576782
v -0.375 0.237500000000001 3.14639043807983
v -0.3625 0.237500000000001 3.12447237968445
v -0.35 0.237500000000001 3.10319113731384
v -0.3375 0.237500000000001 3.08251237869263
v -0.325 0.237500000000001 3.06229948997498
v -0.3125 0.237500000000001 3.04240036010742
v -0.3 0.237500000000001 3.02270126342773
v -0.2875 0.237500000000001 3.00313901901245
v -0.275 0.237500000000001 2.98369455337524
v -0.2625 0.237500000000001 2.96437907218933
v -0.25 0.237500000000001 2.94522619247437
v -0.2375 0.237500000000001 2.92628383636475
v -0.225 0.237500000000001 2.90761017799377
v -0.2125 0.237500000000001 2.88926959037781
v -0.2 0.237500000000001 2.87133169174194
v -0.1875 0.237500000000001 2.85386323928833
v -0.175 0.237500000000001 2.83692860603333
v -0.1625 0.237500000000001 2.82058024406433
v -0.15 0.237500000000001 2.80485224723816
v -0.1375 0.237500000000001 2.78976249694824
v -0.125 0.237500000000001 2.77530646324158
v -0.1125 0.237500000000001 2.76146697998047
v -0.0999999999999996 0.237500000000001 2.74821925163269
v -0.0874999999999996 0.237500000000001 2.73553705215454
v -0.0749999999999996 0.237500000000001 2.72339701652527
v -0.0624999999999996 0.237500000000001 2.71178126335144
v -0.0499999999999996 0.237500000000001 2.70067572593689
v -0.0374999999999996 0.237500000000001 2.69006776809692
v -0.0249999999999996 0.237500000000001 2.67994499206543
v -0.0124999999999996 0.237500000000001 2.67029070854187
v 4.44089209850063e-16 0.237500000000001 2.66108417510986
v 0.0125000000000004 0.237500000000001 2.65230202674866
v 0.0250000000000005 0.237500000000001 2.64391589164734
v 0.0375000000000005 0.237500000000001 2.63589549064636
v 0.0500000000000005 0.237500000000001 2.62821125984192
v 0.0625000000000004 0.237500000000001 2.62083506584167
v 0.0750000000000005 0.237500000000001 2.61374163627625
v 0.0875000000000006 0.237500000000001 2.60690855979919
v 0.100000000000001 0.237500000000001 2.60031867027283
v 0.1125 0.237500000000001 2.59395980834961
v 0.125000000000001 0.237500000000001 2.58782291412354
v 0.137500000000001 0.237500000000001 2.58190441131592
v 0.150000000000001 0.237500000000001 2.57620215415955
v 0.162500000000001 0.237500000000001 2.57071757316589
v 0.175000000000001 0.237500000000001 2.56545305252075
v 0.187500000000001 0.237500000000001 2.56041097640991
v 0.200000000000001 0.237500000000001 2.55559372901917
v 0.212500000000001 0.237500000000001 2.55100250244141
v 0.225000000000001 0.237500000000001 2.546635389328
v 0.237500000000001 0.237500000000001 2.5424907207489
v 0.250000000000001 0.237500000000001 2.53856253623962
v 0.262500000000001 0.237500000000001 2.53484535217285
v 0.275000000000001 0.237500000000001 2.53133273124695
v 0.287500000000001 0.237500000000001 2.52801775932312
v 0.300000000000001 0.237500000000001 2.52489495277405
v 0.312500000000001 0.237500000000001 2.52195930480957
v 0.325000000000001 0.237500000000001 2.51920676231384
v 0.337500000000001 0.237500000000001 2.51663637161255
v 0.350000000000001 0.237500000000001 2.51424717903137
v 0.362500000000001 0.237500000000001 2.51203989982605
v 0.375000000000001 0.237500000000001 2.51001620292664
v 0.387500000000001 0.237500000000001 2.50817799568176
v 0.400000000000001 0.237500000000001 2.50652575492859
v 0.412500000000001 0.237500000000001 2.50505995750427
v 0.425000000000001 0.237500000000001 2.50377821922302
v 0.437500000000001 0.237500000000001 2.50267577171326
v 0.450000000000001 0.237500000000001 2.50174522399902
v 0.462500000000001 0.237500000000001 2.50097608566284
v 0.475000000000001 0.237500000000001 2.50035429000854
v 0.487500000000001 0.237500000000001 2.49986243247986
v 0.500000000000001 0.237500000000001 2.49948191642761
v -0.5 0.250000000000001 3.37778925895691
v -0.4875 0.250000000000001 3.35826802253723
v -0.475 0.250000000000001 3.33822679519653
v -0.4625 0.250000000000001 3.31758189201355
v -0.45 0.250000000000001 3.29629683494568
v -0.4375 0.250000000000001 3.27438616752625
v -0.425 0.250000000000001 3.25191473960876
v -0.4125 0.250000000000001 3.22899866104126
v -0.4 0.250000000000001 3.2058117389679
v -0.3875 0.250000000000001 3.18258762359619
v -0.375 0.250000000000001 3.15960335731506
v -0.3625 0.250000000000001 3.13711977005005
v -0.35 0.250000000000001 3.11528849601746
v -0.3375 0.250000000000001 3.09410214424133
v -0.325 0.250000000000001 3.07343459129333
v -0.3125 0.250000000000001 3.05312466621399
v -0.3 0.250000000000001 3.03304839134216
v -0.2875 0.250000000000001 3.01313209533691
v -0.275 0.250000000000001 2.99335074424744
v -0.2625 0.250000000000001 2.97371006011963
v -0.25 0.250000000000001 2.95424270629883
v -0.2375 0.250000000000001 2.93499445915222
v -0.225 0.250000000000001 2.91602468490601
v -0.2125 0.250000000000001 2.89739680290222
v -0.2 0.250000000000001 2.87918066978455
v -0.1875 0.250000000000001 2.86144590377808
v -0.175 0.250000000000001 2.84425663948059
v -0.1625 0.250000000000001 2.82766628265381
v -0.15 0.250000000000001 2.81171107292175
v -0.1375 0.250000000000001 2.79640746116638
v -0.125 0.250000000000001 2.78175282478333
v -0.1125 0.250000000000001 2.76772880554199
v -0.0999999999999996 0.250000000000001 2.75431132316589
v -0.0874999999999996 0.250000000000001 2.74147200584412
v -0.0749999999999996 0.250000000000001 2.72918820381165
v -0.0624999999999996 0.250000000000001 2.717440366745
v -0.0499999999999996 0.250000000000001 2.70621562004089
v -0.0374999999999996 0.250000000000001 2.69550013542175
v -0.0249999999999996 0.250000000000001 2.68527960777283
v -0.0124999999999996 0.250000000000001 2.67553901672363
v 4.44089209850063e-16 0.250000000000001 2.66625571250916
v 0.0125000000000004 0.250000000000001 2.65740513801575
v 0.0250000000000005 0.250000000000001 2.64895796775818
v 0.0375000000000005 0.250000000000001 2.64088320732117
v 0.0500000000000005 0.250000000000001 2.63314986228943
v 0.0625000000000004 0.250000000000001 2.62572860717773
v 0.0750000000000005 0.250000000000001 2.6185941696167
v 0.0875000000000006 0.250000000000001 2.61172413825989
v 0.100000000000001 0.250000000000001 2.6051013469696
v 0.1125 0.250000000000001 2.59871220588684
v 0.125000000000001 0.250000000000001 2.59255003929138
v 0.137500000000001 0.250000000000001 2.58660888671875
v 0.150000000000001 0.250000000000001 2.58088898658752
v 0.162500000000001 0.250000000000001 2.57539033889771
v 0.175000000000001 0.250000000000001 2.57011651992798
v 0.187500000000001 0.250000000000001 2.56506824493408
v 0.200000000000001 0.250000000000001 2.56024861335754
v 0.212500000000001 0.250000000000001 2.55565619468689
v 0.225000000000001 0.250000000000001 2.55128931999207
v 0.237500000000001 0.250000000000001 2.54714465141296
v 0.250000000000001 0.250000000000001 2.54321551322937
v 0.262500000000001 0.250000000000001 2.53949499130249
v 0.275000000000001 0.250000000000001 2.53597521781921
v 0.287500000000001 0.250000000000001 2.53264808654785
v 0.300000000000001 0.250000000000001 2.52950739860535
v 0.312500000000001 0.250000000000001 2.52654767036438
v 0.325000000000001 0.250000000000001 2.52376413345337
v 0.337500000000001 0.250000000000001 2.52115511894226
v 0.350000000000001 0.250000000000001 2.51871991157532
v 0.362500000000001 0.250000000000001 2.51645827293396
v 0.375000000000001 0.250000000000001 2.51437258720398
v 0.387500000000001 0.250000000000001 2.51246404647827
v 0.400000000000001 0.250000000000001 2.51073431968689
v 0.412500000000001 0.250000000000001 2.50918197631836
v 0.425000000000001 0.250000000000001 2.5078067779541
v 0.437500000000001 0.250000000000001 2.50660371780396
v 0.450000000000001 0.250000000000001 2.50556492805481
v 0.462500000000001 0.250000000000001 2.50468039512634
v 0.475000000000001 0.250000000000001 2.50393557548523
v 0.487500000000001 0.250000000000001 2.50331282615662
v 0.500000000000001 0.250000000000001 2.50279307365417
v -0.5 0.262500000000001 3.39401030540466
v -0.4875 0.262500000000001 3.37426376342773
v -0.475 0.262500000000001 3.35402297973633
v -0.4625 0.262500000000001 3.33318114280701
v -0.45 0.262500000000001 3.31168365478516
v -0.4375 0.262500000000001 3.28953170776367
v -0.425 0.262500000000001 3.26677751541138
v -0.4125 0.262500000000001 3.24352884292603
v -0.4 0.262500000000001 3.2199490070343
v -0.3875 0.262500000000001 3.19626975059509
v -0.375 0.262500000000001 3.17277383804321
v -0.3625 0.262500000000001 3.14974451065063
v -0.35 0.262500000000001 3.12737202644348
v -0.3375 0.262500000000001 3.10568189620972
v -0.325 0.262500000000001 3.0845582485199
v -0.3125 0.262500000000001 3.06383872032166
v -0.3 0.262500000000001 3.04338693618774
v -0.2875 0.262500000000001 3.02311992645264
v -0.275 0.262500000000001 3.00300598144531
v -0.2625 0.262500000000001 2.98304796218872
v -0.25 0.262500000000001 2.96327376365662
v -0.2375 0.262500000000001 2.94372987747192
v -0.225 0.262500000000001 2.92447328567505
v -0.2125 0.262500000000001 2.90556788444519
v -0.2 0.262500000000001 2.8870849609375
v -0.1875 0.262500000000001 2.86909437179565
v -0.175 0.262500000000001 2.85166049003601
v -0.1625 0.262500000000001 2.83483815193176
v -0.15 0.262500000000001 2.81866431236267
v -0.1375 0.262500000000001 2.80315589904785
v -0.125 0.262500000000001 2.78831076622009
v -0.1125 0.262500000000001 2.7741105556488
v -0.0999999999999996 0.262500000000001 2.76053023338318
v -0.0874999999999996 0.262500000000001 2.74754238128662
v -0.0749999999999996 0.262500000000001 2.73512196540833
v -0.0624999999999996 0.262500000000001 2.72325110435486
v -0.0499999999999996 0.262500000000001 2.71191263198853
v -0.0374999999999996 0.262500000000001 2.70109510421753
v -0.0249999999999996 0.262500000000001 2.69078373908997
v -0.0124999999999996 0.262500000000001 2.68096089363098
v 4.44089209850063e-16 0.262500000000001 2.67160487174988
v 0.0125000000000004 0.262500000000001 2.66268944740295
v 0.0250000000000005 0.262500000000001 2.65418434143066
v 0.0375000000000005 0.262500000000001 2.64605760574341
v 0.0500000000000005 0.262500000000001 2.63827753067017
v 0.0625000000000004 0.262500000000001 2.63081431388855
v 0.0750000000000005 0.262500000000001 2.62364196777344
v 0.0875000000000006 0.262500000000001 2.61673784255981
v 0.100000000000001 0.262500000000001 2.61008501052856
v 0.1125 0.262500000000001 2.60367012023926
v 0.125000000000001 0.262500000000001 2.5974862575531
v 0.137500000000001 0.262500000000001 2.59152793884277
v 0.150000000000001 0.262500000000001 2.58579516410828
v 0.162500000000001 0.262500000000001 2.58028864860535
v 0.175000000000001 0.262500000000001 2.57501006126404
v 0.187500000000001 0.262500000000001 2.56996154785156
v 0.200000000000001 0.262500000000001 2.56514382362366
v 0.212500000000001 0.262500000000001 2.56055617332458
v 0.225000000000001 0.262500000000001 2.55619502067566
v 0.237500000000001 0.262500000000001 2.5520555973053
v 0.250000000000001 0.262500000000001 2.54812979698181
v 0.262500000000001 0.262500000000001 2.54440951347351
v 0.275000000000001 0.262500000000001 2.54088664054871
v 0.287500000000001 0.262500000000001 2.53755187988281
v 0.300000000000001 0.262500000000001 2.53439736366272
v 0.312500000000001 0.262500000000001 2.53141689300537
v 0.325000000000001 0.262500000000001 2.52860569953918
v 0.337500000000001 0.262500000000001 2.52596187591553
v 0.350000000000001 0.262500000000001 2.52348351478577
v 0.362500000000001 0.262500000000001 2.52117133140564
v 0.375000000000001 0.262500000000001 2.51902627944946
v 0.387500000000001 0.262500000000001 2.51705050468445
v 0.400000000000001 0.262500000000001 2.51524424552917
v 0.412500000000001 0.262500000000001 2.51360869407654
v 0.425000000000001 0.262500000000001 2.51214098930359
v 0.437500000000001 0.262500000000001 2.51083707809448
v 0.450000000000001 0.262500000000001 2.50968980789185
v 0.462500000000001 0.262500000000001 2.50868773460388
v 0.475000000000001 0.262500000000001 2.507817029953
v 0.487500000000001 0.262500000000001 2.50706005096436
v 0.500000000000001 0.262500000000001 2.50639653205872
v -0.5 0.275000000000001 3.40990519523621
v -0.4875 0.275000000000001 3.38994216918945
v -0.475 0.275000000000001 3.36951375007629
v -0.4625 0.275000000000001 3.34849333763123
v -0.45 0.275000000000001 3.32680702209473
v -0.4375 0.275000000000001 3.30443811416626
v -0.425 0.275000000000001 3.28143000602722
v -0.4125 0.275000000000001 3.25787973403931
v -0.4 0.275000000000001 3.23394322395325
v -0.3875 0.275000000000001 3.20984435081482
v -0.375 0.275000000000001 3.18586874008179
v -0.3625 0.275000000000001 3.16231894493103
v -0.35 0.275000000000001 3.1394202709198
v -0.3375 0.275000000000001 3.11723279953003
v -0.325 0.275000000000001 3.09565806388855
v -0.3125 0.275000000000001 3.07453155517578
v -0.3 0.275000000000001 3.05370759963989
v -0.2875 0.275000000000001 3.03309440612793
v -0.275 0.275000000000001 3.0126531124115
v -0.2625 0.275000000000001 2.9923837184906
v -0.25 0.275000000000001 2.9723117351532
v -0.2375 0.275000000000001 2.95248103141785
v -0.225 0.275000000000001 2.93294787406921
v -0.2125 0.275000000000001 2.91377782821655
v -0.2 0.275000000000001 2.89503908157349
v -0.1875 0.275000000000001 2.87680244445801
v -0.175 0.275000000000001 2.85913467407227
v -0.1625 0.275000000000001 2.84209060668945
v -0.15 0.275000000000001 2.82570815086365
v -0.1375 0.275000000000001 2.81000375747681
v -0.125 0.275000000000001 2.79497694969177
v -0.1125 0.275000000000001 2.78060913085938
v -0.0999999999999996 0.275000000000001 2.76687455177307
v -0.0874999999999996 0.275000000000001 2.75374531745911
v -0.0749999999999996 0.275000000000001 2.74119639396667
v -0.0624999999999996 0.275000000000001 2.72920799255371
v -0.0499999999999996 0.275000000000001 2.71776390075684
v -0.0374999999999996 0.275000000000001 2.70685076713562
v -0.0249999999999996 0.275000000000001 2.69645309448242
v -0.0124999999999996 0.275000000000001 2.68655371665955
v 4.44089209850063e-16 0.275000000000001 2.6771285533905
v 0.0125000000000004 0.275000000000001 2.66815137863159
v 0.0250000000000005 0.275000000000001 2.65959095954895
v 0.0375000000000005 0.275000000000001 2.65141463279724
v 0.0500000000000005 0.275000000000001 2.64359045028687
v 0.0625000000000004 0.275000000000001 2.6360878944397
v 0.0750000000000005 0.275000000000001 2.62888026237488
v 0.0875000000000006 0.275000000000001 2.62194514274597
v 0.100000000000001 0.275000000000001 2.61526560783386
v 0.1125 0.275000000000001 2.60882925987244
v 0.125000000000001 0.275000000000001 2.60262751579285
v 0.137500000000001 0.275000000000001 2.59665656089783
v 0.150000000000001 0.275000000000001 2.5909161567688
v 0.162500000000001 0.275000000000001 2.58540606498718
v 0.175000000000001 0.275000000000001 2.58012843132019
v 0.187500000000001 0.275000000000001 2.5750846862793
v 0.200000000000001 0.275000000000001 2.57027459144592
v 0.212500000000001 0.275000000000001 2.56569623947144
v 0.225000000000001 0.275000000000001 2.56134533882141
v 0.237500000000001 0.275000000000001 2.55721545219421
v 0.250000000000001 0.275000000000001 2.55329775810242
v 0.262500000000001 0.275000000000001 2.54958319664001
v 0.275000000000001 0.275000000000001 2.54606032371521
v 0.287500000000001 0.275000000000001 2.54272079467773
v 0.300000000000001 0.275000000000001 2.53955626487732
v 0.312500000000001 0.275000000000001 2.53655815124512
v 0.325000000000001 0.275000000000001 2.5337233543396
v 0.337500000000001 0.275000000000001 2.53104710578918
v 0.350000000000001 0.275000000000001 2.52852892875671
v 0.362500000000001 0.275000000000001 2.52616858482361
v 0.375000000000001 0.275000000000001 2.52396750450134
v 0.387500000000001 0.275000000000001 2.52192616462708
v 0.400000000000001 0.275000000000001 2.52004671096802
v 0.412500000000001 0.275000000000001 2.51832842826843
v 0.425000000000001 0.275000000000001 2.51676988601685
v 0.437500000000001 0.275000000000001 2.51536560058594
v 0.450000000000001 0.275000000000001 2.51410865783691
v 0.462500000000001 0.275000000000001 2.51298809051514
v 0.475000000000001 0.275000000000001 2.51198935508728
v 0.487500000000001 0.275000000000001 2.51109480857849
v 0.500000000000001 0.275000000000001 2.51028394699097
v -0.5 0.287500000000001 3.42545700073242
v -0.4875 0.287500000000001 3.40528416633606
v -0.475 0.287500000000001 3.38468027114868
v -0.4625 0.287500000000001 3.36349725723267
v -0.45 0.287500000000001 3.34164047241211
v -0.4375 0.287500000000001 3.31907820701599
v -0.425 0.287500000000001 3.29584288597107
v -0.4125 0.287500000000001 3.27202153205872
v -0.4 0.287500000000001 3.24776005744934
v -0.3875 0.287500000000001 3.22327733039856
v -0.375 0.287500000000001 3.19885587692261
v -0.3625 0.287500000000001 3.17481398582458
v -0.35 0.287500000000001 3.15140891075134
v -0.3375 0.287500000000001 3.12873649597168
v -0.325 0.287500000000001 3.10671877861023
v -0.3125 0.287500000000001 3.08519148826599
v -0.3 0.287500000000001 3.06400108337402
v -0.2875 0.287500000000001 3.04304766654968
v -0.275 0.287500000000001 3.02228569984436
v -0.2625 0.287500000000001 3.00171232223511
v -0.25 0.287500000000001 2.98135042190552
v -0.2375 0.287500000000001 2.96124267578125
v -0.225 0.287500000000001 2.94144368171692
v -0.2125 0.287500000000001 2.92201781272888
v -0.2 0.287500000000001 2.90303492546082
v -0.1875 0.287500000000001 2.88456511497498
v -0.175 0.287500000000001 2.86667418479919
v -0.1625 0.287500000000001 2.84941864013672
v -0.15 0.287500000000001 2.83283662796021
v -0.1375 0.287500000000001 2.81694674491882
v -0.125 0.287500000000001 2.80174684524536
v -0.1125 0.287500000000001 2.78721976280212
v -0.0999999999999996 0.287500000000001 2.77333903312683
v -0.0874999999999996 0.287500000000001 2.76007676124573
v -0.0749999999999996 0.287500000000001 2.74740672111511
v -0.0624999999999996 0.287500000000001 2.73530840873718
v -0.0499999999999996 0.287500000000001 2.72376537322998
v -0.0374999999999996 0.287500000000001 2.71276211738586
v -0.0249999999999996 0.287500000000001 2.70228385925293
v -0.0124999999999996 0.287500000000001 2.69231176376343
v 4.44089209850063e-16 0.287500000000001 2.68282175064087
v 0.0125000000000004 0.287500000000001 2.67378616333008
v 0.0250000000000005 0.287500000000001 2.66517329216003
v 0.0375000000000005 0.287500000000001 2.65694999694824
v 0.0500000000000005 0.287500000000001 2.64908385276794
v 0.0625000000000004 0.287500000000001 2.64154434204102
v 0.0750000000000005 0.287500000000001 2.63430404663086
v 0.0875000000000006 0.287500000000001 2.62734127044678
v 0.100000000000001 0.287500000000001 2.62063884735107
v 0.1125 0.287500000000001 2.61418437957764
v 0.125000000000001 0.287500000000001 2.60796928405762
v 0.137500000000001 0.287500000000001 2.60199022293091
v 0.150000000000001 0.287500000000001 2.59624648094177
v 0.162500000000001 0.287500000000001 2.59073758125305
v 0.175000000000001 0.287500000000001 2.58546590805054
v 0.187500000000001 0.287500000000001 2.58043169975281
v 0.200000000000001 0.287500000000001 2.57563400268555
v 0.212500000000001 0.287500000000001 2.57106995582581
v 0.225000000000001 0.287500000000001 2.56673407554626
v 0.237500000000001 0.287500000000001 2.56261777877808
v 0.250000000000001 0.287500000000001 2.55871176719666
v 0.262500000000001 0.287500000000001 2.5550057888031
v 0.275000000000001 0.287500000000001 2.5514874458313
v 0.287500000000001 0.287500000000001 2.54814696311951
v 0.300000000000001 0.287500000000001 2.54497385025024
v 0.312500000000001 0.287500000000001 2.54196238517761
v 0.325000000000001 0.287500000000001 2.5391058921814
v 0.337500000000001 0.287500000000001 2.53640055656433
v 0.350000000000001 0.287500000000001 2.53384566307068
v 0.362500000000001 0.287500000000001 2.53143954277039
v 0.375000000000001 0.287500000000001 2.52918434143066
v 0.387500000000001 0.287500000000001 2.52708053588867
v 0.400000000000001 0.287500000000001 2.52512907981873
v 0.412500000000001 0.287500000000001 2.52332997322083
v 0.425000000000001 0.287500000000001 2.5216805934906
v 0.437500000000001 0.287500000000001 2.52017688751221
v 0.450000000000001 0.287500000000001 2.5188102722168
v 0.462500000000001 0.287500000000001 2.51757025718689
v 0.475000000000001 0.287500000000001 2.51644110679626
v 0.487500000000001 0.287500000000001 2.51540613174438
v 0.500000000000001 0.287500000000001 2.51444554328918
v -0.5 0.300000000000001 3.44064950942993
v -0.4875 0.300000000000001 3.4202733039856
v -0.475 0.300000000000001 3.39950370788574
v -0.4625 0.300000000000001 3.37817239761353
v -0.45 0.300000000000001 3.35616278648376
v -0.4375 0.300000000000001 3.33342814445496
v -0.425 0.300000000000001 3.30998921394348
v -0.4125 0.300000000000001 3.28592300415039
v -0.4 0.300000000000001 3.2613697052002
v -0.3875 0.300000000000001 3.2365357875824
v -0.375 0.300000000000001 3.2117030620575
v -0.3625 0.300000000000001 3.18720030784607
v -0.35 0.300000000000001 3.16331243515015
v -0.3375 0.300000000000001 3.14017081260681
v -0.325 0.300000000000001 3.11772203445435
v -0.3125 0.300000000000001 3.09580397605896
v -0.3 0.300000000000001 3.07425546646118
v -0.2875 0.300000000000001 3.05296945571899
v -0.275 0.300000000000001 3.03189539909363
v -0.2625 0.300000000000001 3.01102614402771
v -0.25 0.300000000000001 2.99038290977478
v -0.2375 0.300000000000001 2.97000765800476
v -0.225 0.300000000000001 2.94995307922363
v -0.2125 0.300000000000001 2.93028354644775
v -0.2 0.300000000000001 2.91106724739075
v -0.1875 0.300000000000001 2.89237499237061
v -0.175 0.300000000000001 2.87427306175232
v -0.1625 0.300000000000001 2.85681700706482
v -0.15 0.300000000000001 2.84004616737366
v -0.1375 0.300000000000001 2.82397961616516
v -0.125 0.300000000000001 2.80861592292786
v -0.1125 0.300000000000001 2.79393839836121
v -0.0999999999999996 0.300000000000001 2.77992010116577
v -0.0874999999999996 0.300000000000001 2.76653242111206
v -0.0749999999999996 0.300000000000001 2.75374865531921
v -0.0624999999999996 0.300000000000001 2.74154782295227
v -0.0499999999999996 0.300000000000001 2.72991180419922
v -0.0374999999999996 0.300000000000001 2.71882557868958
v -0.0249999999999996 0.300000000000001 2.70827174186707
v -0.0124999999999996 0.300000000000001 2.69823122024536
v 4.44089209850063e-16 0.300000000000001 2.68867993354797
v 0.0125000000000004 0.300000000000001 2.67958903312683
v 0.0250000000000005 0.300000000000001 2.67092704772949
v 0.0375000000000005 0.300000000000001 2.66265964508057
v 0.0500000000000005 0.300000000000001 2.6547544002533
v 0.0625000000000004 0.300000000000001 2.6471803188324
v 0.0750000000000005 0.300000000000001 2.63991093635559
v 0.0875000000000006 0.300000000000001 2.6329231262207
v 0.100000000000001 0.300000000000001 2.62620115280151
v 0.1125 0.300000000000001 2.61973166465759
v 0.125000000000001 0.300000000000001 2.61350727081299
v 0.137500000000001 0.300000000000001 2.60752415657043
v 0.150000000000001 0.300000000000001 2.60178089141846
v 0.162500000000001 0.300000000000001 2.59627842903137
v 0.175000000000001 0.300000000000001 2.59101724624634
v 0.187500000000001 0.300000000000001 2.58599710464478
v 0.200000000000001 0.300000000000001 2.58121633529663
v 0.212500000000001 0.300000000000001 2.5766704082489
v 0.225000000000001 0.300000000000001 2.57235336303711
v 0.237500000000001 0.300000000000001 2.56825494766235
v 0.250000000000001 0.300000000000001 2.56436443328857
v 0.262500000000001 0.300000000000001 2.56066989898682
v 0.275000000000001 0.300000000000001 2.55715870857239
v 0.287500000000001 0.300000000000001 2.55381989479065
v 0.300000000000001 0.300000000000001 2.55064272880554
v 0.312500000000001 0.300000000000001 2.54761958122253
v 0.325000000000001 0.300000000000001 2.54474425315857
v 0.337500000000001 0.300000000000001 2.54201197624207
v 0.350000000000001 0.300000000000001 2.53942203521729
v 0.362500000000001 0.300000000000001 2.53697299957275
v 0.375000000000001 0.300000000000001 2.53466582298279
v 0.387500000000001 0.300000000000001 2.53250098228455
v 0.400000000000001 0.300000000000001 2.53047919273376
v 0.412500000000001 0.300000000000001 2.52860045433044
v 0.425000000000001 0.300000000000001 2.52686190605164
v 0.437500000000001 0.300000000000001 2.52525877952576
v 0.450000000000001 0.300000000000001 2.52378249168396
v 0.462500000000001 0.300000000000001 2.52242159843445
v 0.475000000000001 0.300000000000001 2.52116203308105
v 0.487500000000001 0.300000000000001 2.51998615264893
v 0.500000000000001 0.300000000000001 2.51887488365173
v -0.5 0.312500000000001 3.45546889305115
v -0.4875 0.312500000000001 3.43489575386047
v -0.475 0.312500000000001 3.41397094726562
v -0.4625 0.312500000000001 3.39250302314758
v -0.45 0.312500000000001 3.37035608291626
v -0.4375 0.312500000000001 3.34746718406677
v -0.425 0.312500000000001 3.32384490966797
v -0.4125 0.312500000000001 3.299560546875
v -0.4 0.312500000000001 3.274742603302
v -0.3875 0.312500000000001 3.24958968162537
v -0.375 0.312500000000001 3.22438097000122
v -0.3625 0.312500000000001 3.19944882392883
v -0.35 0.312500000000001 3.17510414123535
v -0.3375 0.312500000000001 3.15151429176331
v -0.325 0.312500000000001 3.12864899635315
v -0.3125 0.312500000000001 3.10635304450989
v -0.3 0.312500000000001 3.08445835113525
v -0.2875 0.312500000000001 3.0628502368927
v -0.275 0.312500000000001 3.04147291183472
v -0.2625 0.312500000000001 3.02031683921814
v -0.25 0.312500000000001 2.99940228462219
v -0.2375 0.312500000000001 2.97876834869385
v -0.225 0.312500000000001 2.95846962928772
v -0.2125 0.312500000000001 2.93856692314148
v -0.2 0.312500000000001 2.9191300868988
v -0.1875 0.312500000000001 2.90022706985474
v -0.175 0.312500000000001 2.88192462921143
v -0.1625 0.312500000000001 2.8642795085907
v -0.15 0.312500000000001 2.84733080863953
v -0.1375 0.312500000000001 2.83109760284424
v -0.125 0.312500000000001 2.81558012962341
v -0.1125 0.312500000000001 2.80076122283936
v -0.0999999999999996 0.312500000000001 2.78661394119263
v -0.0874999999999996 0.312500000000001 2.77310919761658
v -0.0749999999999996 0.312500000000001 2.76021957397461
v -0.0624999999999996 0.312500000000001 2.74792289733887
v -0.0499999999999996 0.312500000000001 2.73620080947876
v -0.0374999999999996 0.312500000000001 2.72503590583801
v -0.0249999999999996 0.312500000000001 2.71441245079041
v -0.0124999999999996 0.312500000000001 2.7043080329895
v 4.44089209850063e-16 0.312500000000001 2.69469952583313
v 0.0125000000000004 0.312500000000001 2.68555665016174
v 0.0250000000000005 0.312500000000001 2.6768479347229
v 0.0375000000000005 0.312500000000001 2.66853880882263
v 0.0500000000000005 0.312500000000001 2.66059684753418
v 0.0625000000000004 0.312500000000001 2.65299129486084
v 0.0750000000000005 0.312500000000001 2.64569497108459
v 0.0875000000000006 0.312500000000001 2.63868618011475
v 0.100000000000001 0.312500000000001 2.63194727897644
v 0.1125 0.312500000000001 2.62546706199646
v 0.125000000000001 0.312500000000001 2.61923742294312
v 0.137500000000001 0.312500000000001 2.61325407028198
v 0.150000000000001 0.312500000000001 2.60751628875732
v 0.162500000000001 0.312500000000001 2.60202383995056
v 0.175000000000001 0.312500000000001 2.59677720069885
v 0.187500000000001 0.312500000000001 2.59177565574646
v 0.200000000000001 0.312500000000001 2.5870156288147
v 0.212500000000001 0.312500000000001 2.58249187469482
v 0.225000000000001 0.312500000000001 2.57819676399231
v 0.237500000000001 0.312500000000001 2.57412004470825
v 0.250000000000001 0.312500000000001 2.57024741172791
v 0.262500000000001 0.312500000000001 2.56656789779663
v 0.275000000000001 0.312500000000001 2.5630669593811
v 0.287500000000001 0.312500000000001 2.55973196029663
v 0.300000000000001 0.312500000000001 2.55655264854431
v 0.312500000000001 0.312500000000001 2.55351996421814
v 0.325000000000001 0.312500000000001 2.5506272315979
v 0.337500000000001 0.312500000000001 2.54787111282349
v 0.350000000000001 0.312500000000001 2.54524779319763
v 0.362500000000001 0.312500000000001 2.54275703430176
v 0.375000000000001 0.312500000000001 2.5403995513916
v 0.387500000000001 0.312500000000001 2.53817582130432
v 0.400000000000001 0.312500000000001 2.53608560562134
v 0.412500000000001 0.312500000000001 2.53412866592407
v 0.425000000000001 0.312500000000001 2.53230166435242
v 0.437500000000001 0.312500000000001 2.53059959411621
v 0.450000000000001 0.312500000000001 2.52901434898376
v 0.462500000000001 0.312500000000001 2.5275342464447
v 0.475000000000001 0.312500000000001 2.52614402770996
v 0.487500000000001 0.312500000000001 2.52482748031616
v 0.500000000000001 0.312500000000001 2.5235652923584
v -0.5 0.325000000000001 3.46990370750427
v -0.4875 0.325000000000001 3.44914102554321
v -0.475 0.325000000000001 3.42806792259216
v -0.4625 0.325000000000001 3.40647578239441
v -0.45 0.325000000000001 3.38420462608337
v -0.4375 0.325000000000001 3.36117720603943
v -0.425 0.325000000000001 3.33739161491394
v -0.4125 0.325000000000001 3.31290984153748
v -0.4 0.325000000000001 3.2878532409668
v -0.3875 0.325000000000001 3.26241278648376
v -0.375 0.325000000000001 3.23686003684998
v -0.3625 0.325000000000001 3.2115318775177
v -0.35 0.325000000000001 3.18675923347473
v -0.3375 0.325000000000001 3.16274261474609
v -0.325 0.325000000000001 3.13947939872742
v -0.3125 0.325000000000001 3.11682105064392
v -0.3 0.325000000000001 3.09459471702576
v -0.2875 0.325000000000001 3.07267737388611
v -0.275 0.325000000000001 3.05100893974304
v -0.2625 0.325000000000001 3.02957701683044
v -0.25 0.325000000000001 3.00840067863464
v -0.2375 0.325000000000001 2.98752021789551
v -0.225 0.325000000000001 2.96698760986328
v -0.2125 0.325000000000001 2.94686317443848
v -0.2 0.325000000000001 2.92721652984619
v -0.1875 0.325000000000001 2.90811467170715
v -0.175 0.325000000000001 2.88962435722351
v -0.1625 0.325000000000001 2.87180137634277
v -0.15 0.325000000000001 2.85468554496765
v -0.1375 0.325000000000001 2.83829665184021
v -0.125 0.325000000000001 2.82263517379761
v -0.1125 0.325000000000001 2.80768322944641
v -0.0999999999999996 0.325000000000001 2.79341554641724
v -0.0874999999999996 0.325000000000001 2.77980160713196
v -0.0749999999999996 0.325000000000001 2.76681351661682
v -0.0624999999999996 0.325000000000001 2.75442862510681
v -0.0499999999999996 0.325000000000001 2.74262690544128
v -0.0374999999999996 0.325000000000001 2.73139047622681
v -0.0249999999999996 0.325000000000001 2.72070097923279
v -0.0124999999999996 0.325000000000001 2.71053814888
v 4.44089209850063e-16 0.325000000000001 2.70087575912476
v 0.0125000000000004 0.325000000000001 2.69168448448181
v 0.0250000000000005 0.325000000000001 2.68293190002441
v 0.0375000000000005 0.325000000000001 2.67458462715149
v 0.0500000000000005 0.325000000000001 2.66660857200623
v 0.0625000000000004 0.325000000000001 2.65897417068481
v 0.0750000000000005 0.325000000000001 2.65165400505066
v 0.0875000000000006 0.325000000000001 2.64462637901306
v 0.100000000000001 0.325000000000001 2.63787508010864
v 0.1125 0.325000000000001 2.63138699531555
v 0.125000000000001 0.325000000000001 2.62515568733215
v 0.137500000000001 0.325000000000001 2.61917614936829
v 0.150000000000001 0.325000000000001 2.61344790458679
v 0.162500000000001 0.325000000000001 2.60796976089478
v 0.175000000000001 0.325000000000001 2.60274147987366
v 0.187500000000001 0.325000000000001 2.59776163101196
v 0.200000000000001 0.325000000000001 2.59302592277527
v 0.212500000000001 0.325000000000001 2.58852815628052
v 0.225000000000001 0.325000000000001 2.58425879478455
v 0.237500000000001 0.325000000000001 2.58020520210266
v 0.250000000000001 0.325000000000001 2.57635426521301
v 0.262500000000001 0.325000000000001 2.5726912021637
v 0.275000000000001 0.325000000000001 2.56920194625854
v 0.287500000000001 0.325000000000001 2.56587362289429
v 0.300000000000001 0.325000000000001 2.56269359588623
v 0.312500000000001 0.325000000000001 2.55965352058411
v 0.325000000000001 0.325000000000001 2.55674624443054
v 0.337500000000001 0.325000000000001 2.55396628379822
v 0.350000000000001 0.325000000000001 2.55131220817566
v 0.362500000000001 0.325000000000001 2.54878211021423
v 0.375000000000001 0.325000000000001 2.54637598991394
v 0.387500000000001 0.325000000000001 2.54409384727478
v 0.400000000000001 0.325000000000001 2.54193687438965
v 0.412500000000001 0.325000000000001 2.53990244865417
v 0.425000000000001 0.325000000000001 2.53798866271973
v 0.437500000000001 0.325000000000001 2.53618931770325
v 0.450000000000001 0.325000000000001 2.53449606895447
v 0.462500000000001 0.325000000000001 2.53289747238159
v 0.475000000000001 0.325000000000001 2.53137874603271
v 0.487500000000001 0.325000000000001 2.5299232006073
v 0.500000000000001 0.325000000000001 2.52851343154907
v -0.5 0.337500000000001 3.48394632339478
v -0.4875 0.337500000000001 3.46299815177917
v -0.475 0.337500000000001 3.44178628921509
v -0.4625 0.337500000000001 3.42007875442505
v -0.45 0.337500000000001 3.39769530296326
v -0.4375 0.337500000000001 3.37454390525818
v -0.425 0.337500000000001 3.35061144828796
v -0.4125 0.337500000000001 3.32595252990723
v -0.4 0.337500000000001 3.30068182945251
v -0.3875 0.337500000000001 3.2749810218811
v -0.375 0.337500000000001 3.24911570549011
v -0.3625 0.337500000000001 3.22342300415039
v -0.35 0.337500000000001 3.19825148582458
v -0.3375 0.337500000000001 3.17383337020874
v -0.325 0.337500000000001 3.15019226074219
v -0.3125 0.337500000000001 3.12719011306763
v -0.3 0.337500000000001 3.10464906692505
v -0.2875 0.337500000000001 3.08243799209595
v -0.275 0.337500000000001 3.06049156188965
v -0.2625 0.337500000000001 3.0387966632843
v -0.25 0.337500000000001 3.01737117767334
v -0.2375 0.337500000000001 2.99625515937805
v -0.225 0.337500000000001 2.97549986839294
v -0.2125 0.337500000000001 2.95516633987427
v -0.2 0.337500000000001 2.93532109260559
v -0.1875 0.337500000000001 2.91603255271912
v -0.175 0.337500000000001 2.89736580848694
v -0.1625 0.337500000000001 2.87937641143799
v -0.15 0.337500000000001 2.86210441589355
v -0.1375 0.337500000000001 2.84557127952576
v -0.125 0.337500000000001 2.82977485656738
v -0.1125 0.337500000000001 2.81469988822937
v -0.0999999999999996 0.337500000000001 2.8003203868866
v -0.0874999999999996 0.337500000000001 2.78660559654236
v -0.0749999999999996 0.337500000000001 2.77352714538574
v -0.0624999999999996 0.337500000000001 2.76106119155884
v -0.0499999999999996 0.337500000000001 2.74918603897095
v -0.0374999999999996 0.337500000000001 2.73788356781006
v -0.0249999999999996 0.337500000000001 2.72713446617126
v -0.0124999999999996 0.337500000000001 2.71691703796387
v 4.44089209850063e-16 0.337500000000001 2.70720458030701
v 0.0125000000000004 0.337500000000001 2.69796848297119
v 0.0250000000000005 0.337500000000001 2.68917560577393
v 0.0375000000000005 0.337500000000001 2.68079209327698
v 0.0500000000000005 0.337500000000001 2.67278480529785
v 0.0625000000000004 0.337500000000001 2.66512417793274
v 0.0750000000000005 0.337500000000001 2.65778350830078
v 0.0875000000000006 0.337500000000001 2.65074062347412
v 0.100000000000001 0.337500000000001 2.64397978782654
v 0.1125 0.337500000000001 2.63748812675476
v 0.125000000000001 0.337500000000001 2.63125824928284
v 0.137500000000001 0.337500000000001 2.62528657913208
v 0.150000000000001 0.337500000000001 2.6195707321167
v 0.162500000000001 0.337500000000001 2.61411070823669
v 0.175000000000001 0.337500000000001 2.60890436172485
v 0.187500000000001 0.337500000000001 2.6039502620697
v 0.200000000000001 0.337500000000001 2.5992419719696
v 0.212500000000001 0.337500000000001 2.59477353096008
v 0.225000000000001 0.337500000000001 2.59053158760071
v 0.237500000000001 0.337500000000001 2.58650469779968
v 0.250000000000001 0.337500000000001 2.58267712593079
v 0.262500000000001 0.337500000000001 2.57903337478638
v 0.275000000000001 0.337500000000001 2.57555794715881
v 0.287500000000001 0.337500000000001 2.57223677635193
v 0.300000000000001 0.337500000000001 2.56905817985535
v 0.312500000000001 0.337500000000001 2.56601190567017
v 0.325000000000001 0.337500000000001 2.56309103965759
v 0.337500000000001 0.337500000000001 2.56029009819031
v 0.350000000000001 0.337500000000001 2.5576057434082
v 0.362500000000001 0.337500000000001 2.55503702163696
v 0.375000000000001 0.337500000000001 2.55258345603943
v 0.387500000000001 0.337500000000001 2.55024552345276
v 0.400000000000001 0.337500000000001 2.54802203178406
v 0.412500000000001 0.337500000000001 2.54591274261475
v 0.425000000000001 0.337500000000001 2.5439133644104
v 0.437500000000001 0.337500000000001 2.54201889038086
v 0.450000000000001 0.337500000000001 2.54021978378296
v 0.462500000000001 0.337500000000001 2.53850531578064
v 0.475000000000001 0.337500000000001 2.53686046600342
v 0.487500000000001 0.337500000000001 2.53526997566223
v 0.500000000000001 0.337500000000001 2.53371691703796
v -0.5 0.350000000000001 3.49758696556091
v -0.4875 0.350000000000001 3.47646141052246
v -0.475 0.350000000000001 3.45511627197266
v -0.4625 0.350000000000001 3.43330240249634
v -0.45 0.350000000000001 3.41081738471985
v -0.4375 0.350000000000001 3.38755393028259
v -0.425 0.350000000000001 3.36349034309387
v -0.4125 0.350000000000001 3.33867192268372
v -0.4 0.350000000000001 3.31320810317993
v -0.3875 0.350000000000001 3.28727340698242
v -0.375 0.350000000000001 3.26112484931946
v -0.3625 0.350000000000001 3.23509860038757
v -0.35 0.350000000000001 3.2095582485199
v -0.3375 0.350000000000001 3.18476343154907
v -0.325 0.350000000000001 3.16076707839966
v -0.3125 0.350000000000001 3.13744139671326
v -0.3 0.350000000000001 3.11460375785828
v -0.2875 0.350000000000001 3.09211683273315
v -0.275 0.350000000000001 3.06990885734558
v -0.2625 0.350000000000001 3.04796576499939
v -0.25 0.350000000000001 3.02630496025085
v -0.2375 0.350000000000001 3.00496554374695
v -0.225 0.350000000000001 2.98399972915649
v -0.2125 0.350000000000001 2.9634690284729
v -0.2 0.350000000000001 2.94343757629395
v -0.1875 0.350000000000001 2.92397475242615
v -0.175 0.350000000000001 2.90514349937439
v -0.1625 0.350000000000001 2.88699984550476
v -0.15 0.350000000000001 2.86958384513855
v -0.1375 0.350000000000001 2.8529155254364
v -0.125 0.350000000000001 2.83699584007263
v -0.1125 0.350000000000001 2.82180714607239
v -0.0999999999999996 0.350000000000001 2.8073251247406
v -0.0874999999999996 0.350000000000001 2.79351782798767
v -0.0749999999999996 0.350000000000001 2.78035640716553
v -0.0624999999999996 0.350000000000001 2.76781582832336
v -0.0499999999999996 0.350000000000001 2.75587391853333
v -0.0374999999999996 0.350000000000001 2.7445113658905
v -0.0249999999999996 0.350000000000001 2.73370742797852
v -0.0124999999999996 0.350000000000001 2.72343993186951
v 4.44089209850063e-16 0.350000000000001 2.71368217468262
v 0.0125000000000004 0.350000000000001 2.70440459251404
v 0.0250000000000005 0.350000000000001 2.69557452201843
v 0.0375000000000005 0.350000000000001 2.68715786933899
v 0.0500000000000005 0.350000000000001 2.67912292480469
v 0.0625000000000004 0.350000000000001 2.67143940925598
v 0.0750000000000005 0.350000000000001 2.66408085823059
v 0.0875000000000006 0.350000000000001 2.65702629089355
v 0.100000000000001 0.350000000000001 2.65025854110718
v 0.1125 0.350000000000001 2.64376640319824
v 0.125000000000001 0.350000000000001 2.63754200935364
v 0.137500000000001 0.350000000000001 2.6315815448761
v 0.150000000000001 0.350000000000001 2.6258819103241
v 0.162500000000001 0.350000000000001 2.62044310569763
v 0.175000000000001 0.350000000000001 2.61526250839233
v 0.187500000000001 0.350000000000001 2.61033701896667
v 0.200000000000001 0.350000000000001 2.60565972328186
v 0.212500000000001 0.350000000000001 2.60122156143188
v 0.225000000000001 0.350000000000001 2.59701108932495
v 0.237500000000001 0.350000000000001 2.59301233291626
v 0.250000000000001 0.350000000000001 2.58920979499817
v 0.262500000000001 0.350000000000001 2.58558654785156
v 0.275000000000001 0.350000000000001 2.58212637901306
v 0.287500000000001 0.350000000000001 2.57881450653076
v 0.300000000000001 0.350000000000001 2.57563829421997
v 0.312500000000001 0.350000000000001 2.57258725166321
v 0.325000000000001 0.350000000000001 2.56965374946594
v 0.337500000000001 0.350000000000001 2.56683206558228
v 0.350000000000001 0.350000000000001 2.56411933898926
v 0.362500000000001 0.350000000000001 2.5615131855011
v 0.375000000000001 0.350000000000001 2.55901384353638
v 0.387500000000001 0.350000000000001 2.55662107467651
v 0.400000000000001 0.350000000000001 2.55433392524719
v 0.412500000000001 0.350000000000001 2.55215072631836
v 0.425000000000001 0.350000000000001 2.55006837844849
v 0.437500000000001 0.350000000000001 2.54808068275452
v 0.450000000000001 0.350000000000001 2.54617929458618
v 0.462500000000001 0.350000000000001 2.54435229301453
v 0.475000000000001 0.350000000000001 2.54258584976196
v 0.487500000000001 0.350000000000001 2.54086518287659
v 0.500000000000001 0.350000000000001 2.53917551040649
v -0.5 0.362500000000001 3.5108208656311
v -0.4875 0.362500000000001 3.48952293395996
v -0.475 0.362500000000001 3.46805262565613
v -0.4625 0.362500000000001 3.4461395740509
v -0.45 0.362500000000001 3.42356181144714
v -0.4375 0.362500000000001 3.40019845962524
v -0.425 0.362500000000001 3.37601518630981
v -0.4125 0.362500000000001 3.3510537147522
v -0.4 0.362500000000001 3.32541656494141
v -0.3875 0.362500000000001 3.29927062988281
v -0.375 0.362500000000001 3.27286696434021
v -0.3625 0.362500000000001 3.24653792381287
v -0.35 0.362500000000001 3.22065782546997
v -0.3375 0.362500000000001 3.19551277160645
v -0.325 0.362500000000001 3.17118382453918
v -0.3125 0.362500000000001 3.1475555896759
v -0.3 0.362500000000001 3.12444305419922
v -0.2875 0.362500000000001 3.10169863700867
v -0.275 0.362500000000001 3.07924818992615
v -0.2625 0.362500000000001 3.05707240104675
v -0.25 0.362500000000001 3.03519058227539
v -0.2375 0.362500000000001 3.01364207267761
v -0.225 0.362500000000001 2.99248003959656
v -0.2125 0.362500000000001 2.97176432609558
v -0.2 0.362500000000001 2.95156073570251
v -0.1875 0.362500000000001 2.93193507194519
v -0.175 0.362500000000001 2.91295218467712
v -0.1625 0.362500000000001 2.89466619491577
v -0.15 0.362500000000001 2.87711715698242
v -0.1375 0.362500000000001 2.86032557487488
v -0.125 0.362500000000001 2.84429144859314
v -0.1125 0.362500000000001 2.8289999961853
v -0.0999999999999996 0.362500000000001 2.81442379951477
v -0.0874999999999996 0.362500000000001 2.800532579422
v -0.0749999999999996 0.362500000000001 2.78729629516602
v -0.0624999999999996 0.362500000000001 2.77468872070312
v -0.0499999999999996 0.362500000000001 2.76268744468689
v -0.0374999999999996 0.362500000000001 2.75127029418945
v -0.0249999999999996 0.362500000000001 2.74041724205017
v -0.0124999999999996 0.362500000000001 2.73010420799255
v 4.44089209850063e-16 0.362500000000001 2.72030520439148
v 0.0125000000000004 0.362500000000001 2.71098899841309
v 0.0250000000000005 0.362500000000001 2.70212531089783
v 0.0375000000000005 0.362500000000001 2.69367909431458
v 0.0500000000000005 0.362500000000001 2.68561911582947
v 0.0625000000000004 0.362500000000001 2.67791533470154
v 0.0750000000000005 0.362500000000001 2.67054224014282
v 0.0875000000000006 0.362500000000001 2.66347885131836
v 0.100000000000001 0.362500000000001 2.65670800209045
v 0.1125 0.362500000000001 2.65021896362305
v 0.125000000000001 0.362500000000001 2.64400362968445
v 0.137500000000001 0.362500000000001 2.63805723190308
v 0.150000000000001 0.362500000000001 2.63237810134888
v 0.162500000000001 0.362500000000001 2.6269633769989
v 0.175000000000001 0.362500000000001 2.62181162834167
v 0.187500000000001 0.362500000000001 2.6169171333313
v 0.200000000000001 0.362500000000001 2.61227297782898
v 0.212500000000001 0.362500000000001 2.60786867141724
v 0.225000000000001 0.362500000000001 2.60368990898132
v 0.237500000000001 0.362500000000001 2.59972167015076
v 0.250000000000001 0.362500000000001 2.5959460735321
v 0.262500000000001 0.362500000000001 2.59234476089478
v 0.275000000000001 0.362500000000001 2.58890128135681
v 0.287500000000001 0.362500000000001 2.58559966087341
v 0.300000000000001 0.362500000000001 2.58242678642273
v 0.312500000000001 0.362500000000001 2.57937216758728
v 0.325000000000001 0.362500000000001 2.57642722129822
v 0.337500000000001 0.362500000000001 2.57358551025391
v 0.350000000000001 0.362500000000001 2.57084512710571
v 0.362500000000001 0.362500000000001 2.56820297241211
v 0.375000000000001 0.362500000000001 2.56565928459167
v 0.387500000000001 0.362500000000001 2.56321310997009
v 0.400000000000001 0.362500000000001 2.56086349487305
v 0.412500000000001 0.362500000000001 2.55860924720764
v 0.425000000000001 0.362500000000001 2.55644679069519
v 0.437500000000001 0.362500000000001 2.55436944961548
v 0.450000000000001 0.362500000000001 2.55236887931824
v 0.462500000000001 0.362500000000001 2.55043458938599
v 0.475000000000001 0.362500000000001 2.54855275154114
v 0.487500000000001 0.362500000000001 2.5467095375061
v 0.500000000000001 0.362500000000001 2.54489135742188
v -0.5 0.375000000000001 3.5236439704895
v -0.4875 0.375000000000001 3.50217986106873
v -0.475 0.375000000000001 3.48059010505676
v -0.4625 0.375000000000001 3.45858550071716
v -0.45 0.375000000000001 3.43592309951782
v -0.4375 0.375000000000001 3.41246724128723
v -0.425 0.375000000000001 3.38817667961121
v -0.4125 0.375000000000001 3.36308670043945
v -0.4 0.375000000000001 3.33729338645935
v -0.3875 0.375000000000001 3.31095862388611
v -0.375 0.375000000000001 3.28432464599609
v -0.3625 0.375000000000001 3.25772213935852
v -0.35 0.375000000000001 3.23152995109558
v -0.3375 0.375000000000001 3.20606160163879
v -0.325 0.375000000000001 3.1814239025116
v -0.3125 0.375000000000001 3.15751576423645
v -0.3 0.375000000000001 3.13414883613586
v -0.2875 0.375000000000001 3.11116862297058
v -0.275 0.375000000000001 3.08849406242371
v -0.2625 0.375000000000001 3.06610488891602
v -0.25 0.375000000000001 3.04401874542236
v -0.2375 0.375000000000001 3.02227687835693
v -0.225 0.375000000000001 3.00093245506287
v -0.2125 0.375000000000001 2.98004579544067
v -0.2 0.375000000000001 2.95968222618103
v -0.1875 0.375000000000001 2.93990707397461
v -0.175 0.375000000000001 2.92078518867493
v -0.1625 0.375000000000001 2.90236902236938
v -0.15 0.375000000000001 2.88469910621643
v -0.1375 0.375000000000001 2.86779522895813
v -0.125 0.375000000000001 2.85165858268738
v -0.1125 0.375000000000001 2.83627367019653
v -0.0999999999999996 0.375000000000001 2.821613073349
v -0.0874999999999996 0.375000000000001 2.80764627456665
v -0.0749999999999996 0.375000000000001 2.79434323310852
v -0.0624999999999996 0.375000000000001 2.78167605400085
v -0.0499999999999996 0.375000000000001 2.76962113380432
v -0.0374999999999996 0.375000000000001 2.75815629959106
v -0.0249999999999996 0.375000000000001 2.74725890159607
v -0.0124999999999996 0.375000000000001 2.73690557479858
v 4.44089209850063e-16 0.375000000000001 2.72706890106201
v 0.0125000000000004 0.375000000000001 2.71771931648254
v 0.0250000000000005 0.375000000000001 2.708824634552
v 0.0375000000000005 0.375000000000001 2.70035243034363
v 0.0500000000000005 0.375000000000001 2.69227004051208
v 0.0625000000000004 0.375000000000001 2.68455004692078
v 0.0750000000000005 0.375000000000001 2.67716574668884
v 0.0875000000000006 0.375000000000001 2.67009615898132
v 0.100000000000001 0.375000000000001 2.66332602500916
v 0.1125 0.375000000000001 2.65684294700623
v 0.125000000000001 0.375000000000001 2.65063977241516
v 0.137500000000001 0.375000000000001 2.64471125602722
v 0.150000000000001 0.375000000000001 2.63905477523804
v 0.162500000000001 0.375000000000001 2.63366770744324
v 0.175000000000001 0.375000000000001 2.62854743003845
v 0.187500000000001 0.375000000000001 2.62368655204773
v 0.200000000000001 0.375000000000001 2.61907815933228
v 0.212500000000001 0.375000000000001 2.61470890045166
v 0.225000000000001 0.375000000000001 2.6105649471283
v 0.237500000000001 0.375000000000001 2.60662817955017
v 0.250000000000001 0.375000000000001 2.60288023948669
v 0.262500000000001 0.375000000000001 2.59930205345154
v 0.275000000000001 0.375000000000001 2.59587597846985
v 0.287500000000001 0.375000000000001 2.59258580207825
v 0.300000000000001 0.375000000000001 2.58941721916199
v 0.312500000000001 0.375000000000001 2.58635902404785
v 0.325000000000001 0.375000000000001 2.58340334892273
v 0.337500000000001 0.375000000000001 2.58054351806641
v 0.350000000000001 0.375000000000001 2.57777667045593
v 0.362500000000001 0.375000000000001 2.57509994506836
v 0.375000000000001 0.375000000000001 2.57251310348511
v 0.387500000000001 0.375000000000001 2.57001519203186
v 0.400000000000001 0.375000000000001 2.56760597229004
v 0.412500000000001 0.375000000000001 2.56528353691101
v 0.425000000000001 0.375000000000001 2.56304383277893
v 0.437500000000001 0.375000000000001 2.56088137626648
v 0.450000000000001 0.375000000000001 2.55878758430481
v 0.462500000000001 0.375000000000001 2.55675196647644
v 0.475000000000001 0.375000000000001 2.55476212501526
v 0.487500000000001 0.375000000000001 2.55280494689941
v 0.500000000000001 0.375000000000001 2.55086851119995
v -0.5 0.387500000000001 3.53605508804321
v -0.4875 0.387500000000001 3.51443028450012
v -0.475 0.387500000000001 3.49272704124451
v -0.4625 0.387500000000001 3.47063517570496
v -0.45 0.387500000000001 3.44789433479309
v -0.4375 0.387500000000001 3.42435383796692
v -0.425 0.387500000000001 3.39996695518494
v -0.4125 0.387500000000001 3.374760389328
v -0.4 0.387500000000001 3.34882736206055
v -0.3875 0.387500000000001 3.32232332229614
v -0.375 0.387500000000001 3.29548263549805
v -0.3625 0.387500000000001 3.26863265037537
v -0.35 0.387500000000001 3.24215865135193
v -0.3375 0.387500000000001 3.21639180183411
v -0.325 0.387500000000001 3.19146966934204
v -0.3125 0.387500000000001 3.16730403900146
v -0.3 0.387500000000001 3.14370512962341
v -0.2875 0.387500000000001 3.1205108165741
v -0.275 0.387500000000001 3.09763288497925
v -0.2625 0.387500000000001 3.07504892349243
v -0.25 0.387500000000001 3.05277681350708
v -0.2375 0.387500000000001 3.03085851669312
v -0.225 0.387500000000001 3.00934720039368
v -0.2125 0.387500000000001 2.98830389976501
v -0.2 0.387500000000001 2.96779489517212
v -0.1875 0.387500000000001 2.94788503646851
v -0.175 0.387500000000001 2.92863631248474
v -0.1625 0.387500000000001 2.91010355949402
v -0.15 0.387500000000001 2.89232468605042
v -0.1375 0.387500000000001 2.87532043457031
v -0.125 0.387500000000001 2.85909175872803
v -0.1125 0.387500000000001 2.84362316131592
v -0.0999999999999996 0.387500000000001 2.82888770103455
v -0.0874999999999996 0.387500000000001 2.81485438346863
v -0.0749999999999996 0.387500000000001 2.80149245262146
v -0.0624999999999996 0.387500000000001 2.78877305984497
v -0.0499999999999996 0.387500000000001 2.77667188644409
v -0.0374999999999996 0.387500000000001 2.76516509056091
v -0.0249999999999996 0.387500000000001 2.75422930717468
v -0.0124999999999996 0.387500000000001 2.74384045600891
v 4.44089209850063e-16 0.387500000000001 2.73397135734558
v 0.0125000000000004 0.387500000000001 2.72459101676941
v 0.0250000000000005 0.387500000000001 2.71567010879517
v 0.0375000000000005 0.387500000000001 2.70717430114746
v 0.0500000000000005 0.387500000000001 2.69907426834106
v 0.0625000000000004 0.387500000000001 2.69133996963501
v 0.0750000000000005 0.387500000000001 2.68394732475281
v 0.0875000000000006 0.387500000000001 2.67687582969666
v 0.100000000000001 0.387500000000001 2.67010927200317
v 0.1125 0.387500000000001 2.66363573074341
v 0.125000000000001 0.387500000000001 2.65744781494141
v 0.137500000000001 0.387500000000001 2.65154004096985
v 0.150000000000001 0.387500000000001 2.64591002464294
v 0.162500000000001 0.387500000000001 2.64055323600769
v 0.175000000000001 0.387500000000001 2.63546633720398
v 0.187500000000001 0.387500000000001 2.63064193725586
v 0.200000000000001 0.387500000000001 2.62607073783875
v 0.212500000000001 0.387500000000001 2.62173891067505
v 0.225000000000001 0.387500000000001 2.61763072013855
v 0.237500000000001 0.387500000000001 2.6137261390686
v 0.250000000000001 0.387500000000001 2.6100070476532
v 0.262500000000001 0.387500000000001 2.60645294189453
v 0.275000000000001 0.387500000000001 2.60304522514343
v 0.287500000000001 0.387500000000001 2.59976673126221
v 0.300000000000001 0.387500000000001 2.59660315513611
v 0.312500000000001 0.387500000000001 2.59354329109192
v 0.325000000000001 0.387500000000001 2.59057784080505
v 0.337500000000001 0.387500000000001 2.58770036697388
v 0.350000000000001 0.387500000000001 2.58490753173828
v 0.362500000000001 0.387500000000001 2.58219766616821
v 0.375000000000001 0.387500000000001 2.5795693397522
v 0.387500000000001 0.387500000000001 2.57702231407166
v 0.400000000000001 0.387500000000001 2.57455658912659
v 0.412500000000001 0.387500000000001 2.57216906547546
v 0.425000000000001 0.387500000000001 2.56985712051392
v 0.437500000000001 0.387500000000001 2.56761479377747
v 0.450000000000001 0.387500000000001 2.565434217453
v 0.462500000000001 0.387500000000001 2.56330490112305
v 0.475000000000001 0.387500000000001 2.56121635437012
v 0.487500000000001 0.387500000000001 2.5591561794281
v 0.500000000000001 0.387500000000001 2.5571141242981
v -0.5 0.400000000000001 3.5480523109436
v -0.4875 0.400000000000001 3.5262725353241
v -0.475 0.400000000000001 3.50445985794067
v -0.4625 0.400000000000001 3.48228693008423
v -0.45 0.400000000000001 3.45947313308716
v -0.4375 0.400000000000001 3.43585515022278
v -0.425 0.400000000000001 3.41137862205505
v -0.4125 0.400000000000001 3.38606834411621
v -0.4 0.400000000000001 3.36000990867615
v -0.3875 0.400000000000001 3.3333535194397
v -0.375 0.400000000000001 3.30632948875427
v -0.3625 0.400000000000001 3.27925658226013
v -0.35 0.400000000000001 3.25252604484558
v -0.3375 0.400000000000001 3.22648859024048
v -0.325 0.400000000000001 3.2013053894043
v -0.3125 0.400000000000001 3.17690443992615
v -0.3 0.400000000000001 3.15309596061707
v -0.2875 0.400000000000001 3.12970924377441
v -0.275 0.400000000000001 3.10664987564087
v -0.2625 0.400000000000001 3.08389163017273
v -0.25 0.400000000000001 3.06145310401917
v -0.2375 0.400000000000001 3.03937578201294
v -0.225 0.400000000000001 3.01771426200867
v -0.2125 0.400000000000001 2.99653172492981
v -0.2 0.400000000000001 2.97589159011841
v -0.1875 0.400000000000001 2.95586013793945
v -0.175 0.400000000000001 2.93649983406067
v -0.1625 0.400000000000001 2.91786241531372
v -0.15 0.400000000000001 2.89998745918274
v -0.1375 0.400000000000001 2.88289451599121
v -0.125 0.400000000000001 2.86658525466919
v -0.1125 0.400000000000001 2.85104370117188
v -0.0999999999999996 0.400000000000001 2.83624339103699
v -0.0874999999999996 0.400000000000001 2.82215285301208
v -0.0749999999999996 0.400000000000001 2.80873990058899
v -0.0624999999999996 0.400000000000001 2.79597663879395
v -0.0499999999999996 0.400000000000001 2.78383612632751
v -0.0374999999999996 0.400000000000001 2.77229332923889
v -0.0249999999999996 0.400000000000001 2.76132464408875
v -0.0124999999999996 0.400000000000001 2.75090575218201
v 4.44089209850063e-16 0.400000000000001 2.74100852012634
v 0.0125000000000004 0.400000000000001 2.73160290718079
v 0.0250000000000005 0.400000000000001 2.72265863418579
v 0.0375000000000005 0.400000000000001 2.71414351463318
v 0.0500000000000005 0.400000000000001 2.70602798461914
v 0.0625000000000004 0.400000000000001 2.69828391075134
v 0.0750000000000005 0.400000000000001 2.69088625907898
v 0.0875000000000006 0.400000000000001 2.68381571769714
v 0.100000000000001 0.400000000000001 2.67705607414246
v 0.1125 0.400000000000001 2.67059564590454
v 0.125000000000001 0.400000000000001 2.66442608833313
v 0.137500000000001 0.400000000000001 2.6585419178009
v 0.150000000000001 0.400000000000001 2.65294075012207
v 0.162500000000001 0.400000000000001 2.64761710166931
v 0.175000000000001 0.400000000000001 2.64256596565247
v 0.187500000000001 0.400000000000001 2.63777995109558
v 0.200000000000001 0.400000000000001 2.63324785232544
v 0.212500000000001 0.400000000000001 2.62895464897156
v 0.225000000000001 0.400000000000001 2.6248824596405
v 0.237500000000001 0.400000000000001 2.62101221084595
v 0.250000000000001 0.400000000000001 2.61732292175293
v 0.262500000000001 0.400000000000001 2.61379361152649
v 0.275000000000001 0.400000000000001 2.61040472984314
v 0.287500000000001 0.400000000000001 2.60713839530945
v 0.300000000000001 0.400000000000001 2.60398077964783
v 0.312500000000001 0.400000000000001 2.600919008255
v 0.325000000000001 0.400000000000001 2.59794425964355
v 0.337500000000001 0.400000000000001 2.595050573349
v 0.350000000000001 0.400000000000001 2.59223341941833
v 0.362500000000001 0.400000000000001 2.58949208259583
v 0.375000000000001 0.400000000000001 2.58682441711426
v 0.387500000000001 0.400000000000001 2.58423113822937
v 0.400000000000001 0.400000000000001 2.58171153068542
v 0.412500000000001 0.400000000000001 2.57926416397095
v 0.425000000000001 0.400000000000001 2.57688522338867
v 0.437500000000001 0.400000000000001 2.57456970214844
v 0.450000000000001 0.400000000000001 2.57231068611145
v 0.462500000000001 0.400000000000001 2.57009768486023
v 0.475000000000001 0.400000000000001 2.56792092323303
v 0.487500000000001 0.400000000000001 2.56577038764954
v 0.500000000000001 0.400000000000001 2.56363725662231
v -0.5 0.412500000000001 3.55963683128357
v -0.4875 0.412500000000001 3.53770756721497
v -0.475 0.412500000000001 3.51579070091248
v -0.4625 0.412500000000001 3.49353909492493
v -0.45 0.412500000000001 3.4706552028656
v -0.4375 0.412500000000001 3.44696664810181
v -0.425 0.412500000000001 3.42240905761719
v -0.4125 0.412500000000001 3.39700317382812
v -0.4 0.412500000000001 3.37083220481873
v -0.3875 0.412500000000001 3.34404063224792
v -0.375 0.412500000000001 3.31685185432434
v -0.3625 0.412500000000001 3.28958129882812
v -0.35 0.412500000000001 3.26262068748474
v -0.3375 0.412500000000001 3.23633694648743
v -0.325 0.412500000000001 3.21091651916504
v -0.3125 0.412500000000001 3.18630337715149
v -0.3 0.412500000000001 3.16230702400208
v -0.2875 0.412500000000001 3.13875007629395
v -0.275 0.412500000000001 3.11553049087524
v -0.2625 0.412500000000001 3.09261989593506
v -0.25 0.412500000000001 3.07003450393677
v -0.2375 0.412500000000001 3.04781699180603
v -0.225 0.412500000000001 3.02602386474609
v -0.2125 0.412500000000001 3.0047173500061
v -0.2 0.412500000000001 2.98396277427673
v -0.1875 0.412500000000001 2.9638249874115
v -0.175 0.412500000000001 2.94436693191528
v -0.1625 0.412500000000001 2.92563939094543
v -0.15 0.412500000000001 2.90768098831177
v -0.1375 0.412500000000001 2.89051222801208
v -0.125 0.412500000000001 2.8741340637207
v -0.1125 0.412500000000001 2.85853004455566
v -0.0999999999999996 0.412500000000001 2.84367537498474
v -0.0874999999999996 0.412500000000001 2.82953643798828
v -0.0749999999999996 0.412500000000001 2.81608200073242
v -0.0624999999999996 0.412500000000001 2.8032820224762
v -0.0499999999999996 0.412500000000001 2.79110884666443
v -0.0374999999999996 0.412500000000001 2.77953720092773
v -0.0249999999999996 0.412500000000001 2.76854205131531
v -0.0124999999999996 0.412500000000001 2.75809836387634
v 4.44089209850063e-16 0.412500000000001 2.74817776679993
v 0.0125000000000004 0.412500000000001 2.73875117301941
v 0.0250000000000005 0.412500000000001 2.72978758811951
v 0.0375000000000005 0.412500000000001 2.72125744819641
v 0.0500000000000005 0.412500000000001 2.71313047409058
v 0.0625000000000004 0.412500000000001 2.70537948608398
v 0.0750000000000005 0.412500000000001 2.6979808807373
v 0.0875000000000006 0.412500000000001 2.69091391563416
v 0.100000000000001 0.412500000000001 2.68416428565979
v 0.1125 0.412500000000001 2.6777195930481
v 0.125000000000001 0.412500000000001 2.67157196998596
v 0.137500000000001 0.412500000000001 2.66571474075317
v 0.150000000000001 0.412500000000001 2.66014409065247
v 0.162500000000001 0.412500000000001 2.65485620498657
v 0.175000000000001 0.412500000000001 2.64984345436096
v 0.187500000000001 0.412500000000001 2.64509701728821
v 0.200000000000001 0.412500000000001 2.64060521125793
v 0.212500000000001 0.412500000000001 2.63635158538818
v 0.225000000000001 0.412500000000001 2.63231730461121
v 0.237500000000001 0.412500000000001 2.62848138809204
v 0.250000000000001 0.412500000000001 2.62482261657715
v 0.262500000000001 0.412500000000001 2.62131810188293
v 0.275000000000001 0.412500000000001 2.61794900894165
v 0.287500000000001 0.412500000000001 2.61469626426697
v 0.300000000000001 0.412500000000001 2.6115448474884
v 0.312500000000001 0.412500000000001 2.60848164558411
v 0.325000000000001 0.412500000000001 2.60549926757812
v 0.337500000000001 0.412500000000001 2.60258984565735
v 0.350000000000001 0.412500000000001 2.59975051879883
v 0.362500000000001 0.412500000000001 2.59697937965393
v 0.375000000000001 0.412500000000001 2.59427571296692
v 0.387500000000001 0.412500000000001 2.59163951873779
v 0.400000000000001 0.412500000000001 2.58907103538513
v 0.412500000000001 0.412500000000001 2.58656883239746
v 0.425000000000001 0.412500000000001 2.58412981033325
v 0.437500000000001 0.412500000000001 2.58174991607666
v 0.450000000000001 0.412500000000001 2.57942080497742
v 0.462500000000001 0.412500000000001 2.57713556289673
v 0.475000000000001 0.412500000000001 2.57488393783569
v 0.487500000000001 0.412500000000001 2.57265710830688
v 0.500000000000001 0.412500000000001 2.57044792175293
v -0.5 0.425000000000001 3.5708110332489
v -0.4875 0.425000000000001 3.54873824119568
v -0.475 0.425000000000001 3.52672052383423
v -0.4625 0.425000000000001 3.50439381599426
v -0.45 0.425000000000001 3.48144316673279
v -0.4375 0.425000000000001 3.45768523216248
v -0.425 0.425000000000001 3.43305277824402
v -0.4125 0.425000000000001 3.4075608253479
v -0.4 0.425000000000001 3.3812882900238
v -0.3875 0.425000000000001 3.35437631607056
v -0.375 0.425000000000001 3.32704162597656
v -0.3625 0.425000000000001 3.29959559440613
v -0.35 0.425000000000001 3.27242970466614
v -0.3375 0.425000000000001 3.24592518806458
v -0.325 0.425000000000001 3.22029089927673
v -0.3125 0.425000000000001 3.1954870223999
v -0.3 0.425000000000001 3.17132544517517
v -0.2875 0.425000000000001 3.14761996269226
v -0.275 0.425000000000001 3.12426257133484
v -0.2625 0.425000000000001 3.10121989250183
v -0.25 0.425000000000001 3.0785083770752
v -0.2375 0.425000000000001 3.05617117881775
v -0.225 0.425000000000001 3.03426432609558
v -0.2125 0.425000000000001 3.01285171508789
v -0.2 0.425000000000001 2.99199938774109
v -0.1875 0.425000000000001 2.97177171707153
v -0.175 0.425000000000001 2.95223021507263
v -0.1625 0.425000000000001 2.93342661857605
v -0.15 0.425000000000001 2.91539883613586
v -0.1375 0.425000000000001 2.8981671333313
v -0.125 0.425000000000001 2.88173174858093
v -0.1125 0.425000000000001 2.8660774230957
v -0.0999999999999996 0.425000000000001 2.85117793083191
v -0.0874999999999996 0.425000000000001 2.83700084686279
v -0.0749999999999996 0.425000000000001 2.8235137462616
v -0.0624999999999996 0.425000000000001 2.81068539619446
v -0.0499999999999996 0.425000000000001 2.79848742485046
v -0.0374999999999996 0.425000000000001 2.78689360618591
v -0.0249999999999996 0.425000000000001 2.77587819099426
v -0.0124999999999996 0.425000000000001 2.76541519165039
v 4.44089209850063e-16 0.425000000000001 2.75547647476196
v 0.0125000000000004 0.425000000000001 2.74603319168091
v 0.0250000000000005 0.425000000000001 2.73705554008484
v 0.0375000000000005 0.425000000000001 2.72851371765137
v 0.0500000000000005 0.425000000000001 2.720379114151
v 0.0625000000000004 0.425000000000001 2.71262526512146
v 0.0750000000000005 0.425000000000001 2.70522856712341
v 0.0875000000000006 0.425000000000001 2.69816946983337
v 0.100000000000001 0.425000000000001 2.69143295288086
v 0.1125 0.425000000000001 2.68500685691833
v 0.125000000000001 0.425000000000001 2.67888379096985
v 0.137500000000001 0.425000000000001 2.67305636405945
v 0.150000000000001 0.425000000000001 2.66751980781555
v 0.162500000000001 0.425000000000001 2.66226887702942
v 0.175000000000001 0.425000000000001 2.65729594230652
v 0.187500000000001 0.425000000000001 2.65259099006653
v 0.200000000000001 0.425000000000001 2.64814066886902
v 0.212500000000001 0.425000000000001 2.64392757415771
v 0.225000000000001 0.425000000000001 2.63993191719055
v 0.237500000000001 0.425000000000001 2.63613152503967
v 0.250000000000001 0.425000000000001 2.63250327110291
v 0.262500000000001 0.425000000000001 2.62902522087097
v 0.275000000000001 0.425000000000001 2.62567567825317
v 0.287500000000001 0.425000000000001 2.62243628501892
v 0.300000000000001 0.425000000000001 2.61929202079773
v 0.312500000000001 0.425000000000001 2.61622929573059
v 0.325000000000001 0.425000000000001 2.61323976516724
v 0.337500000000001 0.425000000000001 2.61031627655029
v 0.350000000000001 0.425000000000001 2.60745668411255
v 0.362500000000001 0.425000000000001 2.60465836524963
v 0.375000000000001 0.425000000000001 2.60192179679871
v 0.387500000000001 0.425000000000001 2.59924745559692
v 0.400000000000001 0.425000000000001 2.59663558006287
v 0.412500000000001 0.425000000000001 2.5940854549408
v 0.425000000000001 0.425000000000001 2.59159469604492
v 0.437500000000001 0.425000000000001 2.58915901184082
v 0.450000000000001 0.425000000000001 2.58677268028259
v 0.462500000000001 0.425000000000001 2.58442759513855
v 0.475000000000001 0.425000000000001 2.58211517333984
v 0.487500000000001 0.425000000000001 2.57982802391052
v 0.500000000000001 0.425000000000001 2.57756114006042
v -0.5 0.437500000000001 3.58157920837402
v -0.4875 0.437500000000001 3.55936694145203
v -0.475 0.437500000000001 3.53725218772888
v -0.4625 0.437500000000001 3.51485228538513
v -0.45 0.437500000000001 3.49183583259583
v -0.4375 0.437500000000001 3.46801257133484
v -0.425 0.437500000000001 3.44330906867981
v -0.4125 0.437500000000001 3.41773772239685
v -0.4 0.437500000000001 3.39137434959412
v -0.3875 0.437500000000001 3.36435484886169
v -0.375 0.437500000000001 3.33689188957214
v -0.3625 0.437500000000001 3.30929064750671
v -0.35 0.437500000000001 3.28194355964661
v -0.3375 0.437500000000001 3.25524306297302
v -0.325 0.437500000000001 3.22941756248474
v -0.3125 0.437500000000001 3.20444488525391
v -0.3 0.437500000000001 3.18013834953308
v -0.2875 0.437500000000001 3.15630578994751
v -0.275 0.437500000000001 3.13283181190491
v -0.2625 0.437500000000001 3.10967898368835
v -0.25 0.437500000000001 3.08686256408691
v -0.2375 0.437500000000001 3.06442523002625
v -0.225 0.437500000000001 3.04242444038391
v -0.2125 0.437500000000001 3.02092432975769
v -0.2 0.437500000000001 2.99999094009399
v -0.1875 0.437500000000001 2.97968935966492
v -0.175 0.437500000000001 2.96008062362671
v -0.1625 0.437500000000001 2.94121623039246
v -0.15 0.437500000000001 2.92313361167908
v -0.1375 0.437500000000001 2.9058518409729
v -0.125 0.437500000000001 2.8893723487854
v -0.1125 0.437500000000001 2.8736789226532
v -0.0999999999999996 0.437500000000001 2.85874605178833
v -0.0874999999999996 0.437500000000001 2.84454083442688
v -0.0749999999999996 0.437500000000001 2.83102989196777
v -0.0624999999999996 0.437500000000001 2.81818199157715
v -0.0499999999999996 0.437500000000001 2.80596709251404
v -0.0374999999999996 0.437500000000001 2.79435873031616
v -0.0249999999999996 0.437500000000001 2.78332948684692
v -0.0124999999999996 0.437500000000001 2.7728533744812
v 4.44089209850063e-16 0.437500000000001 2.76290202140808
v 0.0125000000000004 0.437500000000001 2.75344729423523
v 0.0250000000000005 0.437500000000001 2.74446034431458
v 0.0375000000000005 0.437500000000001 2.73591113090515
v 0.0500000000000005 0.437500000000001 2.72777318954468
v 0.0625000000000004 0.437500000000001 2.72002029418945
v 0.0750000000000005 0.437500000000001 2.7126293182373
v 0.0875000000000006 0.437500000000001 2.70558094978333
v 0.100000000000001 0.437500000000001 2.69886159896851
v 0.1125 0.437500000000001 2.69245719909668
v 0.125000000000001 0.437500000000001 2.68636107444763
v 0.137500000000001 0.437500000000001 2.68056559562683
v 0.150000000000001 0.437500000000001 2.67506527900696
v 0.162500000000001 0.437500000000001 2.66985368728638
v 0.175000000000001 0.437500000000001 2.66492247581482
v 0.187500000000001 0.437500000000001 2.66025996208191
v 0.200000000000001 0.437500000000001 2.65585279464722
v 0.212500000000001 0.437500000000001 2.65168118476868
v 0.225000000000001 0.437500000000001 2.64772439002991
v 0.237500000000001 0.437500000000001 2.64395904541016
v 0.250000000000001 0.437500000000001 2.64036226272583
v 0.262500000000001 0.437500000000001 2.63691020011902
v 0.275000000000001 0.437500000000001 2.63358116149902
v 0.287500000000001 0.437500000000001 2.6303563117981
v 0.300000000000001 0.437500000000001 2.6272189617157
v 0.312500000000001 0.437500000000001 2.62415766716003
v 0.325000000000001 0.437500000000001 2.62116265296936
v 0.337500000000001 0.437500000000001 2.61822772026062
v 0.350000000000001 0.437500000000001 2.61534953117371
v 0.362500000000001 0.437500000000001 2.61252784729004
v 0.375000000000001 0.437500000000001 2.60976314544678
v 0.387500000000001 0.437500000000001 2.60705614089966
v 0.400000000000001 0.437500000000001 2.60440707206726
v 0.412500000000001 0.437500000000001 2.60181784629822
v 0.425000000000001 0.437500000000001 2.59928512573242
v 0.437500000000001 0.437500000000001 2.59680604934692
v 0.450000000000001 0.437500000000001 2.5943751335144
v 0.462500000000001 0.437500000000001 2.59198451042175
v 0.475000000000001 0.437500000000001 2.58962798118591
v 0.487500000000001 0.437500000000001 2.58729815483093
v 0.500000000000001 0.437500000000001 2.58499073982239
v -0.5 0.450000000000001 3.59194350242615
v -0.4875 0.450000000000001 3.56959843635559
v -0.475 0.450000000000001 3.54738998413086
v -0.4625 0.450000000000001 3.52491569519043
v -0.45 0.450000000000001 3.50183486938477
v -0.4375 0.450000000000001 3.47794699668884
v -0.425 0.450000000000001 3.45317625999451
v -0.4125 0.450000000000001 3.42753219604492
v -0.4 0.450000000000001 3.4010865688324
v -0.3875 0.450000000000001 3.37397193908691
v -0.375 0.450000000000001 3.34639668464661
v -0.3625 0.450000000000001 3.31866002082825
v -0.35 0.450000000000001 3.29115343093872
v -0.3375 0.450000000000001 3.26427960395813
v -0.325 0.450000000000001 3.238285779953
v -0.3125 0.450000000000001 3.21316599845886
v -0.3 0.450000000000001 3.18873643875122
v -0.2875 0.450000000000001 3.16479730606079
v -0.275 0.450000000000001 3.14122796058655
v -0.2625 0.450000000000001 3.11798644065857
v -0.25 0.450000000000001 3.09508562088013
v -0.2375 0.450000000000001 3.07256817817688
v -0.225 0.450000000000001 3.05049300193787
v -0.2125 0.450000000000001 3.02892422676086
v -0.2 0.450000000000001 3.00792765617371
v -0.1875 0.450000000000001 2.98756957054138
v -0.175 0.450000000000001 2.96790981292725
v -0.1625 0.450000000000001 2.94899988174438
v -0.15 0.450000000000001 2.93087673187256
v -0.1375 0.450000000000001 2.91355919837952
v -0.125 0.450000000000001 2.89704895019531
v -0.1125 0.450000000000001 2.88132929801941
v -0.0999999999999996 0.450000000000001 2.86637401580811
v -0.0874999999999996 0.450000000000001 2.8521511554718
v -0.0749999999999996 0.450000000000001 2.83862662315369
v -0.0624999999999996 0.450000000000001 2.82576775550842
v -0.0499999999999996 0.450000000000001 2.81354451179504
v -0.0374999999999996 0.450000000000001 2.80192828178406
v -0.0249999999999996 0.450000000000001 2.79089283943176
v -0.0124999999999996 0.450000000000001 2.78041005134583
v 4.44089209850063e-16 0.450000000000001 2.77045249938965
v 0.0125000000000004 0.450000000000001 2.76099228858948
v 0.0250000000000005 0.450000000000001 2.75200033187866
v 0.0375000000000005 0.450000000000001 2.74344944953918
v 0.0500000000000005 0.450000000000001 2.73531222343445
v 0.0625000000000004 0.450000000000001 2.72756361961365
v 0.0750000000000005 0.450000000000001 2.72018218040466
v 0.0875000000000006 0.450000000000001 2.71314883232117
v 0.100000000000001 0.450000000000001 2.70644879341125
v 0.1125 0.450000000000001 2.70007014274597
v 0.125000000000001 0.450000000000001 2.69400382041931
v 0.137500000000001 0.450000000000001 2.68824315071106
v 0.150000000000001 0.450000000000001 2.68278050422668
v 0.162500000000001 0.450000000000001 2.67761039733887
v 0.175000000000001 0.450000000000001 2.67272233963013
v 0.187500000000001 0.450000000000001 2.66810393333435
v 0.200000000000001 0.450000000000001 2.66373991966248
v 0.212500000000001 0.450000000000001 2.65961003303528
v 0.225000000000001 0.450000000000001 2.65569281578064
v 0.237500000000001 0.450000000000001 2.65196371078491
v 0.250000000000001 0.450000000000001 2.64839816093445
v 0.262500000000001 0.450000000000001 2.64497232437134
v 0.275000000000001 0.450000000000001 2.6416642665863
v 0.287500000000001 0.450000000000001 2.63845419883728
v 0.300000000000001 0.450000000000001 2.63532614707947
v 0.312500000000001 0.450000000000001 2.63226723670959
v 0.325000000000001 0.450000000000001 2.62926840782166
v 0.337500000000001 0.450000000000001 2.62632417678833
v 0.350000000000001 0.450000000000001 2.62343168258667
v 0.362500000000001 0.450000000000001 2.62059092521667
v 0.375000000000001 0.450000000000001 2.61780261993408
v 0.387500000000001 0.450000000000001 2.61506962776184
v 0.400000000000001 0.450000000000001 2.61239266395569
v 0.412500000000001 0.450000000000001 2.60977387428284
v 0.425000000000001 0.450000000000001 2.6072108745575
v 0.437500000000001 0.450000000000001 2.60470175743103
v 0.450000000000001 0.450000000000001 2.60224032402039
v 0.462500000000001 0.450000000000001 2.59982109069824
v 0.475000000000001 0.450000000000001 2.59743714332581
v 0.487500000000001 0.450000000000001 2.5950825214386
v 0.500000000000001 0.450000000000001 2.59275317192078
v -0.5 0.462500000000001 3.60191011428833
v -0.4875 0.462500000000001 3.57943892478943
v -0.475 0.462500000000001 3.5571391582489
v -0.4625 0.462500000000001 3.53459024429321
v -0.45 0.462500000000001 3.51144218444824
v -0.4375 0.462500000000001 3.48749041557312
v -0.425 0.462500000000001 3.46265578269958
v -0.4125 0.462500000000001 3.43694305419922
v -0.4 0.462500000000001 3.41042327880859
v -0.3875 0.462500000000001 3.38322448730469
v -0.375 0.462500000000001 3.35555124282837
v -0.3625 0.462500000000001 3.32769703865051
v -0.35 0.462500000000001 3.30005264282227
v -0.3375 0.462500000000001 3.27302813529968
v -0.325 0.462500000000001 3.24688959121704
v -0.3125 0.462500000000001 3.22164392471313
v -0.3 0.462500000000001 3.197110414505
v -0.2875 0.462500000000001 3.17308497428894
v -0.275 0.462500000000001 3.14944052696228
v -0.2625 0.462500000000001 3.12613010406494
v -0.25 0.462500000000001 3.1031653881073
v -0.2375 0.462500000000001 3.08058857917786
v -0.225 0.462500000000001 3.05845880508423
v -0.2125 0.462500000000001 3.03684020042419
v -0.2 0.462500000000001 3.01579928398132
v -0.1875 0.462500000000001 2.99540209770203
v -0.175 0.462500000000001 2.97570824623108
v -0.1625 0.462500000000001 2.95676922798157
v -0.15 0.462500000000001 2.9386203289032
v -0.1375 0.462500000000001 2.92128205299377
v -0.125 0.462500000000001 2.90475344657898
v -0.1125 0.462500000000001 2.88902068138123
v -0.0999999999999996 0.462500000000001 2.87405562400818
v -0.0874999999999996 0.462500000000001 2.85982608795166
v -0.0749999999999996 0.462500000000001 2.84629797935486
v -0.0624999999999996 0.462500000000001 2.83343768119812
v -0.0499999999999996 0.462500000000001 2.82121467590332
v -0.0374999999999996 0.462500000000001 2.80959963798523
v -0.0249999999999996 0.462500000000001 2.79856491088867
v -0.0124999999999996 0.462500000000001 2.78808283805847
v 4.44089209850063e-16 0.462500000000001 2.77812528610229
v 0.0125000000000004 0.462500000000001 2.76866507530212
v 0.0250000000000005 0.462500000000001 2.7596743106842
v 0.0375000000000005 0.462500000000001 2.7511260509491
v 0.0500000000000005 0.462500000000001 2.74299430847168
v 0.0625000000000004 0.462500000000001 2.73525524139404
v 0.0750000000000005 0.462500000000001 2.72788763046265
v 0.0875000000000006 0.462500000000001 2.72087264060974
v 0.100000000000001 0.462500000000001 2.71419525146484
v 0.1125 0.462500000000001 2.70784497261047
v 0.125000000000001 0.462500000000001 2.70181179046631
v 0.137500000000001 0.462500000000001 2.69608759880066
v 0.150000000000001 0.462500000000001 2.69066596031189
v 0.162500000000001 0.462500000000001 2.68553829193115
v 0.175000000000001 0.462500000000001 2.6806948184967
v 0.187500000000001 0.462500000000001 2.6761212348938
v 0.200000000000001 0.462500000000001 2.67180132865906
v 0.212500000000001 0.462500000000001 2.66771388053894
v 0.225000000000001 0.462500000000001 2.66383671760559
v 0.237500000000001 0.462500000000001 2.66014409065247
v 0.250000000000001 0.462500000000001 2.6566104888916
v 0.262500000000001 0.462500000000001 2.65321135520935
v 0.275000000000001 0.462500000000001 2.64992499351501
v 0.287500000000001 0.462500000000001 2.64673042297363
v 0.300000000000001 0.462500000000001 2.64361262321472
v 0.312500000000001 0.462500000000001 2.64055800437927
v 0.325000000000001 0.462500000000001 2.63755798339844
v 0.337500000000001 0.462500000000001 2.6346070766449
v 0.350000000000001 0.462500000000001 2.63170433044434
v 0.362500000000001 0.462500000000001 2.62884974479675
v 0.375000000000001 0.462500000000001 2.62604522705078
v 0.387500000000001 0.462500000000001 2.62329411506653
v 0.400000000000001 0.462500000000001 2.6205997467041
v 0.412500000000001 0.462500000000001 2.61796283721924
v 0.425000000000001 0.462500000000001 2.61538290977478
v 0.437500000000001 0.462500000000001 2.61285829544067
v 0.450000000000001 0.462500000000001 2.61038398742676
v 0.462500000000001 0.462500000000001 2.60795283317566
v 0.475000000000001 0.462500000000001 2.60556077957153
v 0.487500000000001 0.462500000000001 2.60319948196411
v 0.500000000000001 0.462500000000001 2.60086798667908
v -0.5 0.475000000000001 3.61148381233215
v -0.4875 0.475000000000001 3.58889365196228
v -0.475 0.475000000000001 3.56650424003601
v -0.4625 0.475000000000001 3.54387974739075
v -0.45 0.475000000000001 3.520663022995
v -0.4375 0.475000000000001 3.49664688110352
v -0.425 0.475000000000001 3.47174835205078
v -0.4125 0.475000000000001 3.44597172737122
v -0.4 0.475000000000001 3.41938400268555
v -0.3875 0.475000000000001 3.39211082458496
v -0.375 0.475000000000001 3.3643524646759
v -0.3625 0.475000000000001 3.33639764785767
v -0.35 0.475000000000001 3.30863571166992
v -0.3375 0.475000000000001 3.2814826965332
v -0.325 0.475000000000001 3.25522041320801
v -0.3125 0.475000000000001 3.22986960411072
v -0.3 0.475000000000001 3.20525240898132
v -0.2875 0.475000000000001 3.18116092681885
v -0.275 0.475000000000001 3.15746068954468
v -0.2625 0.475000000000001 3.1341016292572
v -0.25 0.475000000000001 3.11109304428101
v -0.2375 0.475000000000001 3.08847689628601
v -0.225 0.475000000000001 3.0663115978241
v -0.2125 0.475000000000001 3.04466223716736
v -0.2 0.475000000000001 3.02359557151794
v -0.1875 0.475000000000001 3.00317668914795
v -0.175 0.475000000000001 2.98346638679504
v -0.1625 0.475000000000001 2.96451377868652
v -0.15 0.475000000000001 2.94635629653931
v -0.1375 0.475000000000001 2.92901134490967
v -0.125 0.475000000000001 2.9124801158905
v -0.1125 0.475000000000001 2.89674639701843
v -0.0999999999999996 0.475000000000001 2.88178372383118
v -0.0874999999999996 0.475000000000001 2.86755919456482
v -0.0749999999999996 0.475000000000001 2.85403823852539
v -0.0624999999999996 0.475000000000001 2.84118700027466
v -0.0499999999999996 0.475000000000001 2.82897353172302
v -0.0374999999999996 0.475000000000001 2.81736826896667
v -0.0249999999999996 0.475000000000001 2.80634236335754
v -0.0124999999999996 0.475000000000001 2.79586791992188
v 4.44089209850063e-16 0.475000000000001 2.78591775894165
v 0.0125000000000004 0.475000000000001 2.77646446228027
v 0.0250000000000005 0.475000000000001 2.76748061180115
v 0.0375000000000005 0.475000000000001 2.75894093513489
v 0.0500000000000005 0.475000000000001 2.75082015991211
v 0.0625000000000004 0.475000000000001 2.74309515953064
v 0.0750000000000005 0.475000000000001 2.73574495315552
v 0.0875000000000006 0.475000000000001 2.72875213623047
v 0.100000000000001 0.475000000000001 2.72210240364075
v 0.1125 0.475000000000001 2.7157838344574
v 0.125000000000001 0.475000000000001 2.70978593826294
v 0.137500000000001 0.475000000000001 2.70410132408142
v 0.150000000000001 0.475000000000001 2.69872212409973
v 0.162500000000001 0.475000000000001 2.69363927841187
v 0.175000000000001 0.475000000000001 2.68884086608887
v 0.187500000000001 0.475000000000001 2.68431353569031
v 0.200000000000001 0.475000000000001 2.68003821372986
v 0.212500000000001 0.475000000000001 2.67599391937256
v 0.225000000000001 0.475000000000001 2.67215704917908
v 0.237500000000001 0.475000000000001 2.6685004234314
v 0.250000000000001 0.475000000000001 2.66499924659729
v 0.262500000000001 0.475000000000001 2.66162800788879
v 0.275000000000001 0.475000000000001 2.65836381912231
v 0.287500000000001 0.475000000000001 2.65518641471863
v 0.300000000000001 0.475000000000001 2.65208029747009
v 0.312500000000001 0.475000000000001 2.6490318775177
v 0.325000000000001 0.475000000000001 2.64603352546692
v 0.337500000000001 0.475000000000001 2.64308094978333
v 0.350000000000001 0.475000000000001 2.64017271995544
v 0.362500000000001 0.475000000000001 2.63731074333191
v 0.375000000000001 0.475000000000001 2.63449835777283
v 0.387500000000001 0.475000000000001 2.63173985481262
v 0.400000000000001 0.475000000000001 2.6290385723114
v 0.412500000000001 0.475000000000001 2.62639784812927
v 0.425000000000001 0.475000000000001 2.62381720542908
v 0.437500000000001 0.475000000000001 2.62129378318787
v 0.450000000000001 0.475000000000001 2.61882328987122
v 0.462500000000001 0.475000000000001 2.61639976501465
v 0.475000000000001 0.475000000000001 2.61401677131653
v 0.487500000000001 0.475000000000001 2.61166882514954
v 0.500000000000001 0.475000000000001 2.60935258865356
v -0.5 0.487500000000001 3.62067079544067
v -0.4875 0.487500000000001 3.59796953201294
v -0.475 0.487500000000001 3.57549214363098
v -0.4625 0.487500000000001 3.55279088020325
v -0.45 0.487500000000001 3.52950215339661
v -0.4375 0.487500000000001 3.50541853904724
v -0.425 0.487500000000001 3.48045659065247
v -0.4125 0.487500000000001 3.45461845397949
v -0.4 0.487500000000001 3.42796778678894
v -0.3875 0.487500000000001 3.40062975883484
v -0.375 0.487500000000001 3.37279772758484
v -0.3625 0.487500000000001 3.34475874900818
v -0.35 0.487500000000001 3.31689834594727
v -0.3375 0.487500000000001 3.28963851928711
v -0.325 0.487500000000001 3.2632737159729
v -0.3125 0.487500000000001 3.23783802986145
v -0.3 0.487500000000001 3.21315574645996
v -0.2875 0.487500000000001 3.1890172958374
v -0.275 0.487500000000001 3.16528010368347
v -0.2625 0.487500000000001 3.14189147949219
v -0.25 0.487500000000001 3.11885857582092
v -0.2375 0.487500000000001 3.09622240066528
v -0.225 0.487500000000001 3.07404112815857
v -0.2125 0.487500000000001 3.05238032341003
v -0.2 0.487500000000001 3.03130602836609
v -0.1875 0.487500000000001 3.01088452339172
v -0.175 0.487500000000001 2.9911744594574
v -0.1625 0.487500000000001 2.9722261428833
v -0.15 0.487500000000001 2.95407509803772
v -0.1375 0.487500000000001 2.93673944473267
v -0.125 0.487500000000001 2.92021989822388
v -0.1125 0.487500000000001 2.90449953079224
v -0.0999999999999996 0.487500000000001 2.88955235481262
v -0.0874999999999996 0.487500000000001 2.87534475326538
v -0.0749999999999996 0.487500000000001 2.86184215545654
v -0.0624999999999996 0.487500000000001 2.84901022911072
v -0.0499999999999996 0.487500000000001 2.83681654930115
v -0.0374999999999996 0.487500000000001 2.82523012161255
v -0.0249999999999996 0.487500000000001 2.81422114372253
v -0.0124999999999996 0.487500000000001 2.80376315116882
v 4.44089209850063e-16 0.487500000000001 2.79382753372192
v 0.0125000000000004 0.487500000000001 2.78438782691956
v 0.0250000000000005 0.487500000000001 2.77541828155518
v 0.0375000000000005 0.487500000000001 2.76689314842224
v 0.0500000000000005 0.487500000000001 2.75878882408142
v 0.0625000000000004 0.487500000000001 2.75108313560486
v 0.0750000000000005 0.487500000000001 2.74375581741333
v 0.0875000000000006 0.487500000000001 2.73678994178772
v 0.100000000000001 0.487500000000001 2.7301709651947
v 0.1125 0.487500000000001 2.72388625144958
v 0.125000000000001 0.487500000000001 2.71792769432068
v 0.137500000000001 0.487500000000001 2.71228528022766
v 0.150000000000001 0.487500000000001 2.70695066452026
v 0.162500000000001 0.487500000000001 2.70191359519958
v 0.175000000000001 0.487500000000001 2.69716262817383
v 0.187500000000001 0.487500000000001 2.69268202781677
v 0.200000000000001 0.487500000000001 2.68845248222351
v 0.212500000000001 0.487500000000001 2.68445134162903
v 0.225000000000001 0.487500000000001 2.68065500259399
v 0.237500000000001 0.487500000000001 2.67703557014465
v 0.250000000000001 0.487500000000001 2.67356753349304
v 0.262500000000001 0.487500000000001 2.67022395133972
v 0.275000000000001 0.487500000000001 2.66698360443115
v 0.287500000000001 0.487500000000001 2.66382479667664
v 0.300000000000001 0.487500000000001 2.66073203086853
v 0.312500000000001 0.487500000000001 2.65769362449646
v 0.325000000000001 0.487500000000001 2.65470099449158
v 0.337500000000001 0.487500000000001 2.65175104141235
v 0.350000000000001 0.487500000000001 2.64884424209595
v 0.362500000000001 0.487500000000001 2.64598321914673
v 0.375000000000001 0.487500000000001 2.64317274093628
v 0.387500000000001 0.487500000000001 2.64041829109192
v 0.400000000000001 0.487500000000001 2.63772463798523
v 0.412500000000001 0.487500000000001 2.6350953578949
v 0.425000000000001 0.487500000000001 2.63252949714661
v 0.437500000000001 0.487500000000001 2.63002634048462
v 0.450000000000001 0.487500000000001 2.62757921218872
v 0.462500000000001 0.487500000000001 2.62518191337585
v 0.475000000000001 0.487500000000001 2.62282776832581
v 0.487500000000001 0.487500000000001 2.62050986289978
v 0.500000000000001 0.487500000000001 2.6182267665863
v -0.5 0.500000000000001 3.62947535514832
v -0.4875 0.500000000000001 3.6066734790802
v -0.475 0.500000000000001 3.5841109752655
v -0.4625 0.500000000000001 3.56132888793945
v -0.45 0.500000000000001 3.5379638671875
v -0.4375 0.500000000000001 3.5138099193573
v -0.425 0.500000000000001 3.48878407478333
v -0.4125 0.500000000000001 3.46288561820984
v -0.4 0.500000000000001 3.43617868423462
v -0.3875 0.500000000000001 3.40878176689148
v -0.375 0.500000000000001 3.38088726997375
v -0.3625 0.500000000000001 3.35277819633484
v -0.35 0.500000000000001 3.32483720779419
v -0.3375 0.500000000000001 3.29749083518982
v -0.325 0.500000000000001 3.27104496955872
v -0.3125 0.500000000000001 3.24554371833801
v -0.3 0.500000000000001 3.22081685066223
v -0.2875 0.500000000000001 3.19664812088013
v -0.275 0.500000000000001 3.17289257049561
v -0.2625 0.500000000000001 3.14949297904968
v -0.25 0.500000000000001 3.1264545917511
v -0.2375 0.500000000000001 3.10381770133972
v -0.225 0.500000000000001 3.08164000511169
v -0.2125 0.500000000000001 3.05998587608337
v -0.2 0.500000000000001 3.03892254829407
v -0.1875 0.500000000000001 3.01851534843445
v -0.175 0.500000000000001 2.99882364273071
v -0.1625 0.500000000000001 2.97989583015442
v -0.15 0.500000000000001 2.96176838874817
v -0.1375 0.500000000000001 2.9444580078125
v -0.125 0.500000000000001 2.92796468734741
v -0.1125 0.500000000000001 2.91227173805237
v -0.0999999999999996 0.500000000000001 2.89735341072083
v -0.0874999999999996 0.500000000000001 2.88317561149597
v -0.0749999999999996 0.500000000000001 2.86970329284668
v -0.0624999999999996 0.500000000000001 2.85690116882324
v -0.0499999999999996 0.500000000000001 2.84473752975464
v -0.0374999999999996 0.500000000000001 2.83317923545837
v -0.0249999999999996 0.500000000000001 2.82219767570496
v -0.0124999999999996 0.500000000000001 2.81176447868347
v 4.44089209850063e-16 0.500000000000001 2.80185198783875
v 0.0125000000000004 0.500000000000001 2.79243397712708
v 0.0250000000000005 0.500000000000001 2.78348541259766
v 0.0375000000000005 0.500000000000001 2.77498173713684
v 0.0500000000000005 0.500000000000001 2.76689982414246
v 0.0625000000000004 0.500000000000001 2.7592191696167
v 0.0750000000000005 0.500000000000001 2.75191950798035
v 0.0875000000000006 0.500000000000001 2.74498534202576
v 0.100000000000001 0.500000000000001 2.73840117454529
v 0.1125 0.500000000000001 2.7321560382843
v 0.125000000000001 0.500000000000001 2.72623920440674
v 0.137500000000001 0.500000000000001 2.72064137458801
v 0.150000000000001 0.500000000000001 2.71535348892212
v 0.162500000000001 0.500000000000001 2.710364818573
v 0.175000000000001 0.500000000000001 2.70566248893738
v 0.187500000000001 0.500000000000001 2.70122957229614
v 0.200000000000001 0.500000000000001 2.69704604148865
v 0.212500000000001 0.500000000000001 2.69308972358704
v 0.225000000000001 0.500000000000001 2.68933391571045
v 0.237500000000001 0.500000000000001 2.68575215339661
v 0.250000000000001 0.500000000000001 2.68231749534607
v 0.262500000000001 0.500000000000001 2.67900395393372
v 0.275000000000001 0.500000000000001 2.67578840255737
v 0.287500000000001 0.500000000000001 2.67265033721924
v 0.300000000000001 0.500000000000001 2.66957449913025
v 0.312500000000001 0.500000000000001 2.66654872894287
v 0.325000000000001 0.500000000000001 2.66356706619263
v 0.337500000000001 0.500000000000001 2.66062617301941
v 0.350000000000001 0.500000000000001 2.65772867202759
v 0.362500000000001 0.500000000000001 2.65487813949585
v 0.375000000000001 0.500000000000001 2.65208172798157
v 0.387500000000001 0.500000000000001 2.64934515953064
v 0.400000000000001 0.500000000000001 2.64667510986328
v 0.412500000000001 0.500000000000001 2.64407444000244
v 0.425000000000001 0.500000000000001 2.6415433883667
v 0.437500000000001 0.500000000000001 2.63907885551453
v 0.450000000000001 0.500000000000001 2.63667416572571
v 0.462500000000001 0.500000000000001 2.63432216644287
v 0.475000000000001 0.500000000000001 2.63201451301575
v 0.487500000000001 0.500000000000001 2.6297447681427
v 0.500000000000001 0.500000000000001 2.6275098323822
f 1 2 82
f 82 83 163
f 163 164 244
f 244 245 325
f 325 326 406
f 406 407 487
f 487 488 568
f 568 569 649
f 649 650 730
f 730 731 811
f 811 812 892
f 892 893 973
f 973 974 1054
f 1054 1055 1135
f 1135 1136 1216
f 1216 1217 1297
f 1297 1298 1378
f 1378 1379 1459
f 1459 1460 1540
f 1540 1541 1621
f 1621 1622 1702
f 1702 1703 1783
f 1783 1784 1864
f 1864 1865 1945
f 1945 1946 2026
f 2026 2027 2107
f 2107 2108 2188
f 2188 2189 2269
f 2269 2270 2350
f 2350 2351 2431
f 2431 2432 2512
f 2512 2513 2593
f 2593 2594 2674
f 2674 2675 2755
f 2755 2756 2836
f 2836 2837 2917
f 2917 2918 2998
f 2998 2999 3079
f 3079 3080 3160
f 3160 3161 3241
f 3241 3242 3322
f 3322 3323 3403
f 3403 3404 3484
f 3484 3485 3565
f 3565 3566 3646
f 3646 3647 3727
f 3727 3728 3808
f 3808 3809 3889
f 3889 3890 3970
f 3970 3971 4051
f 4051 4052 4132
f 4132 4133 4213
f 4213 4214 4294
f 4294 4295 4375
f 4375 4376 4456
f 4456 4457 4537
f 4537 4538 4618
f 4618 4619 4699
f 4699 4700 4780
f 4780 4781 4861
f 4861 4862 4942
f 4942 4943 5023
f 5023 5024 5104
f 5104 5105 5185
f 5185 5186 5266
f 5266 5267 5347
f 5347 5348 5428
f 5428 5429 5509
f 5509 5510 5590
f 5590 5591 5671
f 5671 5672 5752
f 5752 5753 5833
f 5833 5834 5914
f 5914 5915 5995
f 5995 5996 6076
f 6076 6077 6157
f 6157 6158 6238
f 6238 6239 6319
f 6319 6320 6400
f 6400 6401 6481
f 2 3 83
f 83 84 164
f 164 165 245
f 245 246 326
f 326 327 407
f 407 408 488
f 488 489 569
f 569 570 650
f 650 651 731
f 731 732 812
f 812 813 893
f 893 894 974
f 974 975 1055
f 1055 1056 1136
f 1136 1137 1217
f 1217 1218 1298
f 1298 1299 1379
f 1379 1380 1460
f 1460 1461 1541
f 1541 1542 1622
f 1622 1623 1703
f 1703 1704 1784
f 1784 1785 1865
f 1865 1866 1946
f 1946 1947 2027
f 2027 2028 2108
f 2108 2109 2189
f 2189 2190 2270
f 2270 2271 2351
f 2351 2352 2432
f 2432 2433 2513
f 2513 2514 2594
f 2594 2595 2675
f 2675 2676 2756
f 2756 2757 2837
f 2837 2838 2918
f 2918 2919 2999
f 2999 3000 3080
f 3080 3081 3161
f 3161 3162 3242
f 3242 3243 3323
f 3323 3324 3404
f 3404 3405 3485
f 3485 3486 3566
f 3566 3567 3647
f 3647 3648 3728
f 3728 3729 3809
f 3809 3810 3890
f 3890 3891 3971
f 3971 3972 4052
f 4052 4053 4133
f 4133 4134 4214
f 4214 4215 4295
f 4295 4296 4376
f 4376 4377 4457
f 4457 4458 4538
f 4538 4539 4619
f 4619 4620 4700
f 4700 4701 4781
f 4781 4782 4862
f 4862 4863 4943
f 4943 4944 5024
f 5024 5025 5105
f 5105 5106 5186
f 5186 5187 5267
f 5267 5268 5348
f 5348 5349 5429
f 5429 5430 5510
f 5510 5511 5591
f 5591 5592 5672
f 5672 5673 5753
f 5753 5754 5834
f 5834 5835 5915
f 5915 5916 5996
f 5996 5997 6077
f 6077 6078 6158
f 6158 6159 6239
f 6239 6240 6320
f 6320 6321 6401
f 6401 6402 6482
f 3 4 84
f 84 85 165
f 165 166 246
f 246 247 327
f 327 328 408
f 408 409 489
f 489 490 570
f 570 571 651
f 651 652 732
f 732 733 813
f 813 814 894
f 894 895 975
f 975 976 1056
f 1056 1057 1137
f 1137 1138 1218
f 1218 1219 1299
f 1299 1300 1380
f 1380 1381 1461
f 1461 1462 1542
f 1542 1543 1623
f 1623 1624 1704
f 1704 1705 1785
f 1785 1786 1866
f 1866 1867 1947
f 1947 1948 2028
f 2028 2029 2109
f 2109 2110 2190
f 2190 2191 2271
f 2271 2272 2352
f 2352 2353 2433
f 2433 2434 2514
f 2514 2515 2595
f 2595 2596 2676
f 2676 2677 2757
f 2757 2758 2838
f 2838 2839 2919
f 2919 2920 3000
f 3000 3001 3081
f 3081 3082 3162
f 3162 3163 3243
f 3243 3244 3324
f 3324 3325 3405
f 3405 3406 3486
f 3486 3487 3567
f 3567 3568 3648
f 3648 3649 3729
f 3729 3730 3810
f 3810 3811 3891
f 3891 3892 3972
f 3972 3973 4053
f 4053 4054 4134
f 4134 4135 4215
f 4215 4216 4296
f 4296 4297 4377
f 4377 4378 4458
f 4458 4459 4539
f 4539 4540 4620
f 4620 4621 4701
f 4701 4702 4782
f 4782 4783 4863
f 4863 4864 4944
f 4944 4945 5025
f 5025 5026 5106
f 5106 5107 5187
f 5187 5188 5268
f 5268 5269 5349
f 5349 5350 5430
f 5430 5431 5511
f 5511 5512 5592
f 5592 5593 5673
f 5673 5674 5754
f 5754 5755 5835
f 5835 5836 5916
f 5916 5917 5997
f 5997 5998 6078
f 6078 6079 6159
f 6159 6160 6240
f 6240 6241 6321
f 6321 6322 6402
f 6402 6403 6483
f 4 5 85
f 85 86 166
f 166 167 247
f 247 248 328
f 328 329 409
f 409 410 490
f 490 491 571
f 571 572 652
f 652 653 733
f 733 734 814
f 814 815 895
f 895 896 976
f 976 977 1057
f 1057 1058 1138
f 1138 1139 1219
f 1219 1220 1300
f 1300 1301 1381
f 1381 1382 1462
f 1462 1463 1543
f 1543 1544 1624
f 1624 1625 1705
f 1705 1706 1786
f 1786 1787 1867
f 1867 1868 1948
f 1948 1949 2029
f 2029 2030 2110
f 2110 2111 2191
f 2191 2192 2272
f 2272 2273 2353
f 2353 2354 2434
f 2434 2435 2515
f 2515 2516 2596
f 2596 2597 2677
f 2677 2678 2758
f 2758 2759 2839
f 2839 2840 2920
f 2920 2921 3001
f 3001 3002 3082
f 3082 3083 3163
f 3163 3164 3244
f 3244 3245 3325
f 3325 3326 3406
f 3406 3407 3487
f 3487 3488 3568
f 3568 3569 3649
f 3649 3650 3730
f 3730 3731 3811
f 3811 3812 3892
f 3892 3893 3973
f 3973 3974 4054
f 4054 4055 4135
f 4135 4136 4216
f 4216 4217 4297
f 4297 4298 4378
f 4378 4379 4459
f 4459 4460 4540
f 4540 4541 4621
f 4621 4622 4702
f 4702 4703 4783
f 4783 4784 4864
f 4864 4865 4945
f 4945 4946 5026
f 5026 5027 5107
f 5107 5108 5188
f 5188 5189 5269
f 5269 5270 5350
f 5350 5351 5431
f 5431 5432 5512
f 5512 5513 5593
f 5593 5594 5674
f 5674 5675 5755
f 5755 5756 5836
f 5836 5837 5917
f 5917 5918 5998
f 5998 5999 6079
f 6079 6080 6160
f 6160 6161 6241
f 6241 6242 6322
f 6322 6323 6403
f 6403 6404 6484
f 5 6 86
f 86 87 167
f 167 168 248
f 248 249 329
f 329 330 410
f 410 411 491
f 491 492 572
f 572 573 653
f 653 654 734
f 734 735 815
f 815 816 896
f 896 897 977
f 977 978 1058
f 1058 1059 1139
f 1139 1140 1220
f 1220 1221 1301
f 1301 1302 1382
f 1382 1383 1463
f 1463 1464 1544
f 1544 1545 1625
f 1625 1626 1706
f 1706 1707 1787
f 1787 1788 1868
f 1868 1869 1949
f 1949 1950 2030
f 2030 2031 2111
f 2111 2112 2192
f 2192 2193 2273
f 2273 2274 2354
f 2354 2355 2435
f 2435 2436 2516
f 2516 2517 2597
f 2597 2598 2678
f 2678 2679 2759
f 2759 2760 2840
f 2840 2841 2921
f 2921 2922 3002
f 3002 3003 3083
f 3083 3084 3164
f 3164 3165 3245
f 3245 3246 3326
f 3326 3327 3407
f 3407 3408 3488
f 3488 3489 3569
f 3569 3570 3650
f 3650 3651 3731
f 3731 3732 3812
f 3812 3813 3893
f 3893 3894 3974
f 3974 3975 4055
f 4055 4056 4136
f 4136 4137 4217
f 4217 4218 4298
f 4298 4299 4379
f 4379 4380 4460
f 4460 4461 4541
f 4541 4542 4622
f 4622 4623 4703
f 4703 4704 4784
f 4784 4785 4865
f 4865 4866 4946
f 4946 4947 5027
f 5027 5028 5108
f 5108 5109 5189
f 5189 5190 5270
f 5270 5271 5351
f 5351 5352 5432
f 5432 5433 5513
f 5513 5514 5594
f 5594 5595 5675
f 5675 5676 5756
f 5756 5757 5837
f 5837 5838 5918
f 5918 5919 5999
f 5999 6000 6080
f 6080 6081 6161
f 6161 6162 6242
f 6242 6243 6323
f 6323 6324 6404
f 6404 6405 6485
f 6 7 87
f 87 88 168
f 168 169 249
f 249 250 330
f 330 331 411
f 411 412 492
f 492 493 573
f 573 574 654
f 654 655 735
f 735 736 816
f 816 817 897
f 897 898 978
f 978 979 1059
f 1059 1060 1140
f 1140 1141 1221
f 1221 1222 1302
f 1302 1303 1383
f 1383 1384 1464
f 1464 1465 1545
f 1545 1546 1626
f 1626 1627 1707
f 1707 1708 1788
f 1788 1789 1869
f 1869 1870 1950
f 1950 1951 2031
f 2031 2032 2112
f 2112 2113 2193
f 2193 2194 2274
f 2274 2275 2355
f 2355 2356 2436
f 2436 2437 2517
f 2517 2518 2598
f 2598 2599 2679
f 2679 2680 2760
f 2760 2761 2841
f 2841 2842 2922
f 2922 2923 3003
f 3003 3004 3084
f 3084 3085 3165
f 3165 3166 3246
f 3246 3247 3327
f 3327 3328 3408
f 3408 3409 3489
f 3489 3490 3570
f 3570 3571 3651
f 3651 3652 3732
f 3732 3733 3813
f 3813 3814 3894
f 3894 3895 3975
f 3975 3976 4056
f 4056 4057 4137
f 4137 4138 4218
f 4218 4219 4299
f 4299 4300 4380
f 4380 4381 4461
f 4461 4462 4542
f 4542 4543 4623
f 4623 4624 4704
f 4704 4705 4785
f 4785 4786 4866
f 4866 4867 4947
f 4947 4948 5028
f 5028 5029 5109
f 5109 5110 5190
f 5190 5191 5271
f 5271 5272 5352
f 5352 5353 5433
f 5433 5434 5514
f 5514 5515 5595
f 5595 5596 5676
f 5676 5677 5757
f 5757 5758 5838
f 5838 5839 5919
f 5919 5920 6000
f 6000 6001 6081
f 6081 6082 6162
f 6162 6163 6243
f 6243 6244 6324
f 6324 6325 6405
f 6405 6406 6486
f 7 8 88
f 88 89 169
f 169 170 250
f 250 251 331
f 331 332 412
f 412 413 493
f 493 494 574
f 574 575 655
f 655 656 736
f 736 737 817
f 817 818 898
f 898 899 979
f 979 980 1060
f 1060 1061 1141
f 1141 1142 1222
f 1222 1223 1303
f 1303 1304 1384
f 1384 1385 1465
f 1465 1466 1546
f 1546 1547 1627
f 1627 1628 1708
f 1708 1709 1789
f 1789 1790 1870
f 1870 1871 1951
f 1951 1952 2032
f 2032 2033 2113
f 2113 2114 2194
f 2194 2195 2275
f 2275 2276 2356
f 2356 2357 2437
f 2437 2438 2518
f 2518 2519 2599
f 2599 2600 2680
f 2680 2681 2761
f 2761 2762 2842
f 2842 2843 2923
f 2923 2924 3004
f 3004 3005 3085
f 3085 3086 3166
f 3166 3167 3247
f 3247 3248 3328
f 3328 3329 3409
f 3409 3410 3490
f 3490 3491 3571
f 3571 3572 3652
f 3652 3653 3733
f 3733 3734 3814
f 3814 3815 3895
f 3895 3896 3976
f 3976 3977 4057
f 4057 4058 4138
f 4138 4139 4219
f 4219 4220 4300
f 4300 4301 4381
f 4381 4382 4462
f 4462 4463 4543
f 4543 4544 4624
f 4624 4625 4705
f 4705 4706 4786
f 4786 4787 4867
f 4867 4868 4948
f 4948 4949 5029
f 5029 5030 5110
f 5110 5111 5191
f 5191 5192 5272
f 5272 5273 5353
f 5353 5354 5434
f 5434 5435 5515
f 5515 5516 5596
f 5596 5597 5677
f 5677 5678 5758
f 5758 5759 5839
f 5839 5840 5920
f 5920 5921 6001
f 6001 6002 6082
f 6082 6083 6163
f 6163 6164 6244
f 6244 6245 6325
f 6325 6326 6406
f 6406 6407 6487
f 8 9 89
f 89 90 170
f 170 171 251
f 251 252 332
f 332 333 413
f 413 414 494
f 494 495 575
f 575 576 656
f 656 657 737
f 737 738 818
f 818 819 899
f 899 900 980
f 980 981 1061
f 1061 1062 1142
f 1142 1143 1223
f 1223 1224 1304
f 1304 1305 1385
f 1385 1386 1466
f 1466 1467 1547
f 1547 1548 1628
f 1628 1629 1709
f 1709 1710 1790
f 1790 1791 1871
f 1871 1872 1952
f 1952 1953 2033
f 2033 2034 2114
f 2114 2115 2195
f 2195 2196 2276
f 2276 2277 2357
f 2357 2358 2438
f 2438 2439 2519
f 2519 2520 2600
f 2600 2601 2681
f 2681 2682 2762
f 2762 2763 2843
f 2843 2844 2924
f 2924 2925 3005
f 3005 3006 3086
f 3086 3087 3167
f 3167 3168 3248
f 3248 3249 3329
f 3329 3330 3410
f 3410 3411 3491
f 3491 3492 3572
f 3572 3573 3653
f 3653 3654 3734
f 3734 3735 3815
f 3815 3816 3896
f 3896 3897 3977
f 3977 3978 4058
f 4058 4059 4139
f 4139 4140 4220
f 4220 4221 4301
f 4301 4302 4382
f 4382 4383 4463
f 4463 4464 4544
f 4544 4545 4625
f 4625 4626 4706
f 4706 4707 4787
f 4787 4788 4868
f 4868 4869 4949
f 4949 4950 5030
f 5030 5031 5111
f 5111 5112 5192
f 5192 5193 5273
f 5273 5274 5354
f 5354 5355 5435
f 5435 5436 5516
f 5516 5517 5597
f 5597 5598 5678
f 5678 5679 5759
f 5759 5760 5840
f 5840 5841 5921
f 5921 5922 6002
f 6002 6003 6083
f 6083 6084 6164
f 6164 6165 6245
f 6245 6246 6326
f 6326 6327 6407
f 6407 6408 6488
f 9 10 90
f 90 91 171
f 171 172 252
f 252 253 333
f 333 334 414
f 414 415 495
f 495 496 576
f 576 577 657
f 657 658 738
f 738 739 819
f 819 820 900
f 900 901 981
f 981 982 1062
f 1062 1063 1143
f 1143 1144 1224
f 1224 1225 1305
f 1305 1306 1386
f 1386 1387 1467
f 1467 1468 1548
f 1548 1549 1629
f 1629 1630 1710
f 1710 1711 1791
f 1791 1792 1872
f 1872 1873 1953
f 1953 1954 2034
f 2034 2035 2115
f 2115 2116 2196
f 2196 2197 2277
f 2277 2278 2358
f 2358 2359 2439
f 2439 2440 2520
f 2520 2521 2601
f 2601 2602 2682
f 2682 2683 2763
f 2763 2764 2844
f 2844 2845 2925
f 2925 2926 3006
f 3006 3007 3087
f 3087 3088 3168
f 3168 3169 3249
f 3249 3250 3330
f 3330 3331 3411
f 3411 3412 3492
f 3492 3493 3573
f 3573 3574 3654
f 3654 3655 3735
f 3735 3736 3816
f 3816 3817 3897
f 3897 3898 3978
f 3978 3979 4059
f 4059 4060 4140
f 4140 4141 4221
f 4221 4222 4302
f 4302 4303 4383
f 4383 4384 4464
f 4464 4465 4545
f 4545 4546 4626
f 4626 4627 4707
f 4707 4708 4788
f 4788 4789 4869
f 4869 4870 4950
f 4950 4951 5031
f 5031 5032 5112
f 5112 5113 5193
f 5193 5194 5274
f 5274 5275 5355
f 5355 5356 5436
f 5436 5437 5517
f 5517 5518 5598
f 5598 5599 5679
f 5679 5680 5760
f 5760 5761 5841
f 5841 5842 5922
f 5922 5923 6003
f 6003 6004 6084
f 6084 6085 6165
f 6165 6166 6246
f 6246 6247 6327
f 6327 6328 6408
f 6408 6409 6489
f 10 11 91
f 91 92 172
f 172 173 253
f 253 254 334
f 334 335 415
f 415 416 496
f 496 497 577
f 577 578 658
f 658 659 739
f 739 740 820
f 820 821 901
f 901 902 982
f 982 983 1063
f 1063 1064 1144
f 1144 1145 1225
f 1225 1226 1306
f 1306 1307 1387
f 1387 1388 1468
f 1468 1469 1549
f 1549 1550 1630
f 1630 1631 1711
f 1711 1712 1792
f 1792 1793 1873
f 1873 1874 1954
f 1954 1955 2035
f 2035 2036 2116
f 2116 2117 2197
f 2197 2198 2278
f 2278 2279 2359
f 2359 2360 2440
f 2440 2441 2521
f 2521 2522 2602
f 2602 2603 2683
f 2683 2684 2764
f 2764 2765 2845
f 2845 2846 2926
f 2926 2927 3007
f 3007 3008 3088
f 3088 3089 3169
f 3169 3170 3250
f 3250 3251 3331
f 3331 3332 3412
f 3412 3413 3493
f 3493 3494 3574
f 3574 3575 3655
f 3655 3656 3736
f 3736 3737 3817
f 3817 3818 3898
f 3898 3899 3979
f 3979 3980 4060
f 4060 4061 4141
f 4141 4142 4222
f 4222 4223 4303
f 4303 4304 4384
f 4384 4385 4465
f 4465 4466 4546
f 4546 4547 4627
f 4627 4628 4708
f 4708 4709 4789
f 4789 4790 4870
f 4870 4871 4951
f 4951 4952 5032
f 5032 5033 5113
f 5113 5114 5194
f 5194 5195 5275
f 5275 5276 5356
f 5356 5357 5437
f 5437 5438 5518
f 5518 5519 5599
f 5599 5600 5680
f 5680 5681 5761
f 5761 5762 5842
f 5842 5843 5923
f 5923 5924 6004
f 6004 6005 6085
f 6085 6086 6166
f 6166 6167 6247
f 6247 6248 6328
f 6328 6329 6409
f 6409 6410 6490
f 11 12 92
f 92 93 173
f 173 174 254
f 254 255 335
f 335 336 416
f 416 417 497
f 497 498 578
f 578 579 659
f 659 660 740
f 740 741 821
f 821 822 902
f 902 903 983
f 983 984 1064
f 1064 1065 1145
f 1145 1146 1226
f 1226 1227 1307
f 1307 1308 1388
f 1388 1389 1469
f 1469 1470 1550
f 1550 1551 1631
f 1631 1632 1712
f 1712 1713 1793
f 1793 1794 1874
f 1874 1875 1955
f 1955 1956 2036
f 2036 2037 2117
f 2117 2118 2198
f 2198 2199 2279
f 2279 2280 2360
f 2360 2361 2441
f 2441 2442 2522
f 2522 2523 2603
f 2603 2604 2684
f 2684 2685 2765
f 2765 2766 2846
f 2846 2847 2927
f 2927 2928 3008
f 3008 3009 3089
f 3089 3090 3170
f 3170 3171 3251
f 3251 3252 3332
f 3332 3333 3413
f 3413 3414 3494
f 3494 3495 3575
f 3575 3576 3656
f 3656 3657 3737
f 3737 3738 3818
f 3818 3819 3899
f 3899 3900 3980
f 3980 3981 4061
f 4061 4062 4142
f 4142 4143 4223
f 4223 4224 4304
f 4304 4305 4385
f 4385 4386 4466
f 4466 4467 4547
f 4547 4548 4628
f 4628 4629 4709
f 4709 4710 4790
f 4790 4791 4871
f 4871 4872 4952
f 4952 4953 5033
f 5033 5034 5114
f 5114 5115 5195
f 5195 5196 5276
f 5276 5277 5357
f 5357 5358 5438
f 5438 5439 5519
f 5519 5520 5600
f 5600 5601 5681
f 5681 5682 5762
f 5762 5763 5843
f 5843 5844 5924
f 5924 5925 6005
f 6005 6006 6086
f 6086 6087 6167
f 6167 6168 6248
f 6248 6249 6329
f 6329 6330 6410
f 6410 6411 6491
f 12 13 93
f 93 94 174
f 174 175 255
f 255 256 336
f 336 337 417
f 417 418 498
f 498 499 579
f 579 580 660
f 660 661 741
f 741 742 822
f 822 823 903
f 903 904 984
f 984 985 1065
f 1065 1066 1146
f 1146 1147 1227
f 1227 1228 1308
f 1308 1309 1389
f 1389 1390 1470
f 1470 1471 1551
f 1551 1552 1632
f 1632 1633 1713
f 1713 1714 1794
f 1794 1795 1875
f 1875 1876 1956
f 1956 1957 2037
f 2037 2038 2118
f 2118 2119 2199
f 2199 2200 2280
f 2280 2281 2361
f 2361 2362 2442
f 2442 2443 2523
f 2523 2524 2604
f 2604 2605 2685
f 2685 2686 2766
f 2766 2767 2847
f 2847 2848 2928
f 2928 2929 3009
f 3009 3010 3090
f 3090 3091 3171
f 3171 3172 3252
f 3252 3253 3333
f 3333 3334 3414
f 3414 3415 3495
f 3495 3496 3576
f 3576 3577 3657
f 3657 3658 3738
f 3738 3739 3819
f 3819 3820 3900
f 3900 3901 3981
f 3981 3982 4062
f 4062 4063 4143
f 4143 4144 4224
f 4224 4225 4305
f 4305 4306 4386
f 4386 4387 4467
f 4467 4468 4548
f 4548 4549 4629
f 4629 4630 4710
f 4710 4711 4791
f 4791 4792 4872
f 4872 4873 4953
f 4953 4954 5034
f 5034 5035 5115
f 5115 5116 5196
f 5196 5197 5277
f 5277 5278 5358
f 5358 5359 5439
f 5439 5440 5520
f 5520 5521 5601
f 5601 5602 5682
f 5682 5683 5763
f 5763 5764 5844
f 5844 5845 5925
f 5925 5926 6006
f 6006 6007 6087
f 6087 6088 6168
f 6168 6169 6249
f 6249 6250 6330
f 6330 6331 6411
f 6411 6412 6492
f 13 14 94
f 94 95 175
f 175 176 256
f 256 257 337
f 337 338 418
f 418 419 499
f 499 500 580
f 580 581 661
f 661 662 742
f 742 743 823
f 823 824 904
f 904 905 985
f 985 986 1066
f 1066 1067 1147
f 1147 1148 1228
f 1228 1229 1309
f 1309 1310 1390
f 1390 1391 1471
f 1471 1472 1552
f 1552 1553 1633
f 1633 1634 1714
f 1714 1715 1795
f 1795 1796 1876
f 1876 1877 1957
f 1957 1958 2038
f 2038 2039 2119
f 2119 2120 2200
f 2200 2201 2281
f 2281 2282 2362
f 2362 2363 2443
f 2443 2444 2524
f 2524 2525 2605
f 2605 2606 2686
f 2686 2687 2767
f 2767 2768 2848
f 2848 2849 2929
f 2929 2930 3010
f 3010 3011 3091
f 3091 3092 3172
f 3172 3173 3253
f 3253 3254 3334
f 3334 3335 3415
f 3415 3416 3496
f 3496 3497 3577
f 3577 3578 3658
f 3658 3659 3739
f 3739 3740 3820
f 3820 3821 3901
f 3901 3902 3982
f 3982 3983 4063
f 4063 4064 4144
f 4144 4145 4225
f 4225 4226 4306
f 4306 4307 4387
f 4387 4388 4468
f 4468 4469 4549
f 4549 4550 4630
f 4630 4631 4711
f 4711 4712 4792
f 4792 4793 4873
f 4873 4874 4954
f 4954 4955 5035
f 5035 5036 5116
f 5116 5117 5197
f 5197 5198 5278
f 5278 5279 5359
f 5359 5360 5440
f 5440 5441 5521
f 5521 5522 5602
f 5602 5603 5683
f 5683 5684 5764
f 5764 5765 5845
f 5845 5846 5926
f 5926 5927 6007
f 6007 6008 6088
f 6088 6089 6169
f 6169 6170 6250
f 6250 6251 6331
f 6331 6332 6412
f 6412 6413 6493
f 14 15 95
f 95 96 176
f 176 177 257
f 257 258 338
f 338 339 419
f 419 420 500
f 500 501 581
f 581 582 662
f 662 663 743
f 743 744 824
f 824 825 905
f 905 906 986
f 986 987 1067
f 1067 1068 1148
f 1148 1149 1229
f 1229 1230 1310
f 1310 1311 1391
f 1391 1392 1472
f 1472 1473 1553
f 1553 1554 1634
f 1634 1635 1715
f 1715 1716 1796
f 1796 1797 1877
f 1877 1878 1958
f 1958 1959 2039
f 2039 2040 2120
f 2120 2121 2201
f 2201 2202 2282
f 2282 2283 2363
f 2363 2364 2444
f 2444 2445 2525
f 2525 2526 2606
f 2606 2607 2687
f 2687 2688 2768
f 2768 2769 2849
f 2849 2850 2930
f 2930 2931 3011
f 3011 3012 3092
f 3092 3093 3173
f 3173 3174 3254
f 3254 3255 3335
f 3335 3336 3416
f 3416 3417 3497
f 3497 3498 3578
f 3578 3579 3659
f 3659 3660 3740
f 3740 3741 3821
f 3821 3822 3902
f 3902 3903 3983
f 3983 3984 4064
f 4064 4065 4145
f 4145 4146 4226
f 4226 4227 4307
f 4307 4308 4388
f 4388 4389 4469
f 4469 4470 4550
f 4550 4551 4631
f 4631 4632 4712
f 4712 4713 4793
f 4793 4794 4874
f 4874 4875 4955
f 4955 4956 5036
f 5036 5037 5117
f 5117 5118 5198
f 5198 5199 5279
f 5279 5280 5360
f 5360 5361 5441
f 5441 5442 5522
f 5522 5523 5603
f 5603 5604 5684
f 5684 5685 5765
f 5765 5766 5846
f 5846 5847 5927
f 5927 5928 6008
f 6008 6009 6089
f 6089 6090 6170
f 6170 6171 6251
f 6251 6252 6332
f 6332 6333 6413
f 6413 6414 6494
f 15 16 96
f 96 97 177
f 177 178 258
f 258 259 339
f 339 340 420
f 420 421 501
f 501 502 582
f 582 583 663
f 663 664 744
f 744 745 825
f 825 826 906
f 906 907 987
f 987 988 1068
f 1068 1069 1149
f 1149 1150 1230
f 1230 1231 1311
f 1311 1312 1392
f 1392 1393 1473
f 1473 1474 1554
f 1554 1555 1635
f 1635 1636 1716
f 1716 1717 1797
f 1797 1798 1878
f 1878 1879 1959
f 1959 1960 2040
f 2040 2041 2121
f 2121 2122 2202
f 2202 2203 2283
f 2283 2284 2364
f 2364 2365 2445
f 2445 2446 2526
f 2526 2527 2607
f 2607 2608 2688
f 2688 2689 2769
f 2769 2770 2850
f 2850 2851 2931
f 2931 2932 3012
f 3012 3013 3093
f 3093 3094 3174
f 3174 3175 3255
f 3255 3256 3336
f 3336 3337 3417
f 3417 3418 3498
f 3498 3499 3579
f 3579 3580 3660
f 3660 3661 3741
f 3741 3742 3822
f 3822 3823 3903
f 3903 3904 3984
f 3984 3985 4065
f 4065 4066 4146
f 4146 4147 4227
f 4227 4228 4308
f 4308 4309 4389
f 4389 4390 4470
f 4470 4471 4551
f 4551 4552 4632
f 4632 4633 4713
f 4713 4714 4794
f 4794 4795 4875
f 4875 4876 4956
f 4956 4957 5037
f 5037 5038 5118
f 5118 5119 5199
f 5199 5200 5280
f 5280 5281 5361
f 5361 5362 5442
f 5442 5443 5523
f 5523 5524 5604
f 5604 5605 5685
f 5685 5686 5766
f 5766 5767 5847
f 5847 5848 5928
f 5928 5929 6009
f 6009 6010 6090
f 6090 6091 6171
f 6171 6172 6252
f 6252 6253 6333
f 6333 6334 6414
f 6414 6415 6495
f 16 17 97
f 97 98 178
f 178 179 259
f 259 260 340
f 340 341 421
f 421 422 502
f 502 503 583
f 583 584 664
f 664 665 745
f 745 746 826
f 826 827 907
f 907 908 988
f 988 989 1069
f 1069 1070 1150
f 1150 1151 1231
f 1231 1232 1312
f 1312 1313 1393
f 1393 1394 1474
f 1474 1475 1555
f 1555 1556 1636
f 1636 1637 1717
f 1717 1718 1798
f 1798 1799 1879
f 1879 1880 1960
f 1960 1961 2041
f 2041 2042 2122
f 2122 2123 2203
f 2203 2204 2284
f 2284 2285 2365
f 2365 2366 2446
f 2446 2447 2527
f 2527 2528 2608
f 2608 2609 2689
f 2689 2690 2770
f 2770 2771 2851
f 2851 2852 2932
f 2932 2933 3013
f 3013 3014 3094
f 3094 3095 3175
f 3175 3176 3256
f 3256 3257 3337
f 3337 3338 3418
f 3418 3419 3499
f 3499 3500 3580
f 3580 3581 3661
f 3661 3662 3742
f 3742 3743 3823
f 3823 3824 3904
f 3904 3905 3985
f 3985 3986 4066
f 4066 4067 4147
f 4147 4148 4228
f 4228 4229 4309
f 4309 4310 4390
f 4390 4391 4471
f 4471 4472 4552
f 4552 4553 4633
f 4633 4634 4714
f 4714 4715 4795
f 4795 4796 4876
f 4876 4877 4957
f 4957 4958 5038
f 5038 5039 5119
f 5119 5120 5200
f 5200 5201 5281
f 5281 5282 5362
f 5362 5363 5443
f 5443 5444 5524
f 5524 5525 5605
f 5605 5606 5686
f 5686 5687 5767
f 5767 5768 5848
f 5848 5849 5929
f 5929 5930 6010
f 6010 6011 6091
f 6091 6092 6172
f 6172 6173 6253
f 6253 6254 6334
f 6334 6335 6415
f 6415 6416 6496
f 17 18 98
f 98 99 179
f 179 180 260
f 260 261 341
f 341 342 422
f 422 423 503
f 503 504 584
f 584 585 665
f 665 666 746
f 746 747 827
f 827 828 908
f 908 909 989
f 989 990 1070
f 1070 1071 1151
f 1151 1152 1232
f 1232 1233 1313
f 1313 1314 1394
f 1394 1395 1475
f 1475 1476 1556
f 1556 1557 1637
f 1637 1638 1718
f 1718 1719 1799
f 1799 1800 1880
f 1880 1881 1961
f 1961 1962 2042
f 2042 2043 2123
f 2123 2124 2204
f 2204 2205 2285
f 2285 2286 2366
f 2366 2367 2447
f 2447 2448 2528
f 2528 2529 2609
f 2609 2610 2690
f 2690 2691 2771
f 2771 2772 2852
f 2852 2853 2933
f 2933 2934 3014
f 3014 3015 3095
f 3095 3096 3176
f 3176 3177 3257
f 3257 3258 3338
f 3338 3339 3419
f 3419 3420 3500
f 3500 3501 3581
f 3581 3582 3662
f 3662 3663 3743
f 3743 3744 3824
f 3824 3825 3905
f 3905 3906 3986
f 3986 3987 4067
f 4067 4068 4148
f 4148 4149 4229
f 4229 4230 4310
f 4310 4311 4391
f 4391 4392 4472
f 4472 4473 4553
f 4553 4554 4634
f 4634 4635 4715
f 4715 4716 4796
f 4796 4797 4877
f 4877 4878 4958
f 4958 4959 5039
f 5039 5040 5120
f 5120 5121 5201
f 5201 5202 5282
f 5282 5283 5363
f 5363 5364 5444
f 5444 5445 5525
f 5525 5526 5606
f 5606 5607 5687
f 5687 5688 5768
f 5768 5769 5849
f 5849 5850 5930
f 5930 5931 6011
f 6011 6012 6092
f 6092 6093 6173
f 6173 6174 6254
f 6254 6255 6335
f 6335 6336 6416
f 6416 6417 6497
f 18 19 99
f 99 100 180
f 180 181 261
f 261 262 342
f 342 343 423
f 423 424 504
f 504 505 585
f 585 586 666
f 666 667 747
f 747 748 828
f 828 829 909
f 909 910 990
f 990 991 1071
f 1071 1072 1152
f 1152 1153 1233
f 1233 1234 1314
f 1314 1315 1395
f 1395 1396 1476
f 1476 1477 1557
f 1557 1558 1638
f 1638 1639 1719
f 1719 1720 1800
f 1800 1801 1881
f 1881 1882 1962
f 1962 1963 2043
f 2043 2044 2124
f 2124 2125 2205
f 2205 2206 2286
f 2286 2287 2367
f 2367 2368 2448
f 2448 2449 2529
f 2529 2530 2610
f 2610 2611 2691
f 2691 2692 2772
f 2772 2773 2853
f 2853 2854 2934
f 2934 2935 3015
f 3015 3016 3096
f 3096 3097 3177
f 3177 3178 3258
f 3258 3259 3339
f 3339 3340 3420
f 3420 3421 3501
f 3501 3502 3582
f 3582 3583 3663
f 3663 3664 3744
f 3744 3745 3825
f 3825 3826 3906
f 3906 3907 3987
f 3987 3988 4068
f 4068 4069 4149
f 4149 4150 4230
f 4230 4231 4311
f 4311 4312 4392
f 4392 4393 4473
f 4473 4474 4554
f 4554 4555 4635
f 4635 4636 4716
f 4716 4717 4797
f 4797 4798 4878
f 4878 4879 4959
f 4959 4960 5040
f 5040 5041 5121
f 5121 5122 5202
f 5202 5203 5283
f 5283 5284 5364
f 5364 5365 5445
f 5445 5446 5526
f 5526 5527 5607
f 5607 5608 5688
f 5688 5689 5769
f 5769 5770 5850
f 5850 5851 5931
f 5931 5932 6012
f 6012 6013 6093
f 6093 6094 6174
f 6174 6175 6255
f 6255 6256 6336
f 6336 6337 6417
f 6417 6418 6498
f 19 20 100
f 100 101 181
f 181 182 262
f 262 263 343
f 343 344 424
f 424 425 505
f 505 506 586
f 586 587 667
f 667 668 748
f 748 749 829
f 829 830 910
f 910 911 991
f 991 992 1072
f 1072 1073 1153
f 1153 1154 1234
f 1234 1235 1315
f 1315 1316 1396
f 1396 1397 1477
f 1477 1478 1558
f 1558 1559 1639
f 1639 1640 1720
f 1720 1721 1801
f 1801 1802 1882
f 1882 1883 1963
f 1963 1964 2044
f 2044 2045 2125
f 2125 2126 2206
f 2206 2207 2287
f 2287 2288 2368
f 2368 2369 2449
f 2449 2450 2530
f 2530 2531 2611
f 2611 2612 2692
f 2692 2693 2773
f 2773 2774 2854
f 2854 2855 2935
f 2935 2936 3016
f 3016 3017 3097
f 3097 3098 3178
f 3178 3179 3259
f 3259 3260 3340
f 3340 3341 3421
f 3421 3422 3502
f 3502 3503 3583
f 3583 3584 3664
f 3664 3665 3745
f 3745 3746 3826
f 3826 3827 3907
f 3907 3908 3988
f 3988 3989 4069
f 4069 4070 4150
f 4150 4151 4231
f 4231 4232 4312
f 4312 4313 4393
f 4393 4394 4474
f 4474 4475 4555
f 4555 4556 4636
f 4636 4637 4717
f 4717 4718 4798
f 4798 4799 4879
f 4879 4880 4960
f 4960 4961 5041
f 5041 5042 5122
f 5122 5123 5203
f 5203 5204 5284
f 5284 5285 5365
f 5365 5366 5446
f 5446 5447 5527
f 5527 5528 5608
f 5608 5609 5689
f 5689 5690 5770
f 5770 5771 5851
f 5851 5852 5932
f 5932 5933 6013
f 6013 6014 6094
f 6094 6095 6175
f 6175 6176 6256
f 6256 6257 6337
f 6337 6338 6418
f 6418 6419 6499
f 20 21 101
f 101 102 182
f 182 183 263
f 263 264 344
f 344 345 425
f 425 426 506
f 506 507 587
f 587 588 668
f 668 669 749
f 749 750 830
f 830 831 911
f 911 912 992
f 992 993 1073
f 1073 1074 1154
f 1154 1155 1235
f 1235 1236 1316
f 1316 1317 1397
f 1397 1398 1478
f 1478 1479 1559
f 1559 1560 1640
f 1640 1641 1721
f 1721 1722 1802
f 1802 1803 1883
f 1883 1884 1964
f 1964 1965 2045
f 2045 2046 2126
f 2126 2127 2207
f 2207 2208 2288
f 2288 2289 2369
f 2369 2370 2450
f 2450 2451 2531
f 2531 2532 2612
f 2612 2613 2693
f 2693 2694 2774
f 2774 2775 2855
f 2855 2856 2936
f 2936 2937 3017
f 3017 3018 3098
f 3098 3099 3179
f 3179 3180 3260
f 3260 3261 3341
f 3341 3342 3422
f 3422 3423 3503
f 3503 3504 3584
f 3584 3585 3665
f 3665 3666 3746
f 3746 3747 3827
f 3827 3828 3908
f 3908 3909 3989
f 3989 3990 4070
f 4070 4071 4151
f 4151 4152 4232
f 4232 4233 4313
f 4313 4314 4394
f 4394 4395 4475
f 4475 4476 4556
f 4556 4557 4637
f 4637 4638 4718
f 4718 4719 4799
f 4799 4800 4880
f 4880 4881 4961
f 4961 4962 5042
f 5042 5043 5123
f 5123 5124 5204
f 5204 5205 5285
f 5285 5286 5366
f 5366 5367 5447
f 5447 5448 5528
f 5528 5529 5609
f 5609 5610 5690
f 5690 5691 5771
f 5771 5772 5852
f 5852 5853 5933
f 5933 5934 6014
f 6014 6015 6095
f 6095 6096 6176
f 6176 6177 6257
f 6257 6258 6338
f 6338 6339 6419
f 6419 6420 6500
f 21 22 102
f 102 103 183
f 183 184 264
f 264 265 345
f 345 346 426
f 426 427 507
f 507 508 588
f 588 589 669
f 669 670 750
f 750 751 831
f 831 832 912
f 912 913 993
f 993 994 1074
f 1074 1075 1155
f 1155 1156 1236
f 1236 1237 1317
f 1317 1318 1398
f 1398 1399 1479
f 1479 1480 1560
f 1560 1561 1641
f 1641 1642 1722
f 1722 1723 1803
f 1803 1804 1884
f 1884 1885 1965
f 1965 1966 2046
f 2046 2047 2127
f 2127 2128 2208
f 2208 2209 2289
f 2289 2290 2370
f 2370 2371 2451
f 2451 2452 2532
f 2532 2533 2613
f 2613 2614 2694
f 2694 2695 2775
f 2775 2776 2856
f 2856 2857 2937
f 2937 2938 3018
f 3018 3019 3099
f 3099 3100 3180
f 3180 3181 3261
f 3261 3262 3342
f 3342 3343 3423
f 3423 3424 3504
f 3504 3505 3585
f 3585 3586 3666
f 3666 3667 3747
f 3747 3748 3828
f 3828 3829 3909
f 3909 3910 3990
f 3990 3991 4071
f 4071 4072 4152
f 4152 4153 4233
f 4233 4234 4314
f 4314 4315 4395
f 4395 4396 4476
f 4476 4477 4557
f 4557 4558 4638
f 4638 4639 4719
f 4719 4720 4800
f 4800 4801 4881
f 4881 4882 4962
f 4962 4963 5043
f 5043 5044 5124
f 5124 5125 5205
f 5205 5206 5286
f 5286 5287 5367
f 5367 5368 5448
f 5448 5449 5529
f 5529 5530 5610
f 5610 5611 5691
f 5691 5692 5772
f 5772 5773 5853
f 5853 5854 5934
f 5934 5935 6015
f 6015 6016 6096
f 6096 6097 6177
f 6177 6178 6258
f 6258 6259 6339
f 6339 6340 6420
f 6420 6421 6501
f 22 23 103
f 103 104 184
f 184 185 265
f 265 266 346
f 346 347 427
f 427 428 508
f 508 509 589
f 589 590 670
f 670 671 751
f 751 752 832
f 832 833 913
f 913 914 994
f 994 995 1075
f 1075 1076 1156
f 1156 1157 1237
f 1237 1238 1318
f 1318 1319 1399
f 1399 1400 1480
f 1480 1481 1561
f 1561 1562 1642
f 1642 1643 1723
f 1723 1724 1804
f 1804 1805 1885
f 1885 1886 1966
f 1966 1967 2047
f 2047 2048 2128
f 2128 2129 2209
f 2209 2210 2290
f 2290 2291 2371
f 2371 2372 2452
f 2452 2453 2533
f 2533 2534 2614
f 2614 2615 2695
f 2695 2696 2776
f 2776 2777 2857
f 2857 2858 2938
f 2938 2939 3019
f 3019 3020 3100
f 3100 3101 3181
f 3181 3182 3262
f 3262 3263 3343
f 3343 3344 3424
f 3424 3425 3505
f 3505 3506 3586
f 3586 3587 3667
f 3667 3668 3748
f 3748 3749 3829
f 3829 3830 3910
f 3910 3911 3991
f 3991 3992 4072
f 4072 4073 4153
f 4153 4154 4234
f 4234 4235 4315
f 4315 4316 4396
f 4396 4397 4477
f 4477 4478 4558
f 4558 4559 4639
f 4639 4640 4720
f 4720 4721 4801
f 4801 4802 4882
f 4882 4883 4963
f 4963 4964 5044
f 5044 5045 5125
f 5125 5126 5206
f 5206 5207 5287
f 5287 5288 5368
f 5368 5369 5449
f 5449 5450 5530
f 5530 5531 5611
f 5611 5612 5692
f 5692 5693 5773
f 5773 5774 5854
f 5854 5855 5935
f 5935 5936 6016
f 6016 6017 6097
f 6097 6098 6178
f 6178 6179 6259
f 6259 6260 6340
f 6340 6341 6421
f 6421 6422 6502
f 23 24 104
f 104 105 185
f 185 186 266
f 266 267 347
f 347 348 428
f 428 429 509
f 509 510 590
f 590 591 671
f 671 672 752
f 752 753 833
f 833 834 914
f 914 915 995
f 995 996 1076
f 1076 1077 1157
f 1157 1158 1238
f 1238 1239 1319
f 1319 1320 1400
f 1400 1401 1481
f 1481 1482 1562
f 1562 1563 1643
f 1643 1644 1724
f 1724 1725 1805
f 1805 1806 1886
f 1886 1887 1967
f 1967 1968 2048
f 2048 2049 2129
f 2129 2130 2210
f 2210 2211 2291
f 2291 2292 2372
f 2372 2373 2453
f 2453 2454 2534
f 2534 2535 2615
f 2615 2616 2696
f 2696 2697 2777
f 2777 2778 2858
f 2858 2859 2939
f 2939 2940 3020
f 3020 3021 3101
f 3101 3102 3182
f 3182 3183 3263
f 3263 3264 3344
f 3344 3345 3425
f 3425 3426 3506
f 3506 3507 3587
f 3587 3588 3668
f 3668 3669 3749
f 3749 3750 3830
f 3830 3831 3911
f 3911 3912 3992
f 3992 3993 4073
f 4073 4074 4154
f 4154 4155 4235
f 4235 4236 4316
f 4316 4317 4397
f 4397 4398 4478
f 4478 4479 4559
f 4559 4560 4640
f 4640 4641 4721
f 4721 4722 4802
f 4802 4803 4883
f 4883 4884 4964
f 4964 4965 5045
f 5045 5046 5126
f 5126 5127 5207
f 5207 5208 5288
f 5288 5289 5369
f 5369 5370 5450
f 5450 5451 5531
f 5531 5532 5612
f 5612 5613 5693
f 5693 5694 5774
f 5774 5775 5855
f 5855 5856 5936
f 5936 5937 6017
f 6017 6018 6098
f 6098 6099 6179
f 6179 6180 6260
f 6260 6261 6341
f 6341 6342 6422
f 6422 6423 6503
f 24 25 105
f 105 106 186
f 186 187 267
f 267 268 348
f 348 349 429
f 429 430 510
f 510 511 591
f 591 592 672
f 672 673 753
f 753 754 834
f 834 835 915
f 915 916 996
f 996 997 1077
f 1077 1078 1158
f 1158 1159 1239
f 1239 1240 1320
f 1320 1321 1401
f 1401 1402 1482
f 1482 1483 1563
f 1563 1564 1644
f 1644 1645 1725
f 1725 1726 1806
f 1806 1807 1887
f 1887 1888 1968
f 1968 1969 2049
f 2049 2050 2130
f 2130 2131 2211
f 2211 2212 2292
f 2292 2293 2373
f 2373 2374 2454
f 2454 2455 2535
f 2535 2536 2616
f 2616 2617 2697
f 2697 2698 2778
f 2778 2779 2859
f 2859 2860 2940
f 2940 2941 3021
f 3021 3022 3102
f 3102 3103 3183
f 3183 3184 3264
f 3264 3265 3345
f 3345 3346 3426
f 3426 3427 3507
f 3507 3508 3588
f 3588 3589 3669
f 3669 3670 3750
f 3750 3751 3831
f 3831 3832 3912
f 3912 3913 3993
f 3993 3994 4074
f 4074 4075 4155
f 4155 4156 4236
f 4236 4237 4317
f 4317 4318 4398
f 4398 4399 4479
f 4479 4480 4560
f 4560 4561 4641
f 4641 4642 4722
f 4722 4723 4803
f 4803 4804 4884
f 4884 4885 4965
f 4965 4966 5046
f 5046 5047 5127
f 5127 5128 5208
f 5208 5209 5289
f 5289 5290 5370
f 5370 5371 5451
f 5451 5452 5532
f 5532 5533 5613
f 5613 5614 5694
f 5694 5695 5775
f 5775 5776 5856
f 5856 5857 5937
f 5937 5938 6018
f 6018 6019 6099
f 6099 6100 6180
f 6180 6181 6261
f 6261 6262 6342
f 6342 6343 6423
f 6423 6424 6504
f 25 26 106
f 106 107 187
f 187 188 268
f 268 269 349
f 349 350 430
f 430 431 511
f 511 512 592
f 592 593 673
f 673 674 754
f 754 755 835
f 835 836 916
f 916 917 997
f 997 998 1078
f 1078 1079 1159
f 1159 1160 1240
f 1240 1241 1321
f 1321 1322 1402
f 1402 1403 1483
f 1483 1484 1564
f 1564 1565 1645
f 1645 1646 1726
f 1726 1727 1807
f 1807 1808 1888
f 1888 1889 1969
f 1969 1970 2050
f 2050 2051 2131
f 2131 2132 2212
f 2212 2213 2293
f 2293 2294 2374
f 2374 2375 2455
f 2455 2456 2536
f 2536 2537 2617
f 2617 2618 2698
f 2698 2699 2779
f 2779 2780 2860
f 2860 2861 2941
f 2941 2942 3022
f 3022 3023 3103
f 3103 3104 3184
f 3184 3185 3265
f 3265 3266 3346
f 3346 3347 3427
f 3427 3428 3508
f 3508 3509 3589
f 3589 3590 3670
f 3670 3671 3751
f 3751 3752 3832
f 3832 3833 3913
f 3913 3914 3994
f 3994 3995 4075
f 4075 4076 4156
f 4156 4157 4237
f 4237 4238 4318
f 4318 4319 4399
f 4399 4400 4480
f 4480 4481 4561
f 4561 4562 4642
f 4642 4643 4723
f 4723 4724 4804
f 4804 4805 4885
f 4885 4886 4966
f 4966 4967 5047
f 5047 5048 5128
f 5128 5129 5209
f 5209 5210 5290
f 5290 5291 5371
f 5371 5372 5452
f 5452 5453 5533
f 5533 5534 5614
f 5614 5615 5695
f 5695 5696 5776
f 5776 5777 5857
f 5857 5858 5938
f 5938 5939 6019
f 6019 6020 6100
f 6100 6101 6181
f 6181 6182 6262
f 6262 6263 6343
f 6343 6344 6424
f 6424 6425 6505
f 26 27 107
f 107 108 188
f 188 189 269
f 269 270 350
f 350 351 431
f 431 432 512
f 512 513 593
f 593 594 674
f 674 675 755
f 755 756 836
f 836 837 917
f 917 918 998
f 998 999 1079
f 1079 1080 1160
f 1160 1161 1241
f 1241 1242 1322
f 1322 1323 1403
f 1403 1404 1484
f 1484 1485 1565
f 1565 1566 1646
f 1646 1647 1727
f 1727 1728 1808
f 1808 1809 1889
f 1889 1890 1970
f 1970 1971 2051
f 2051 2052 2132
f 2132 2133 2213
f 2213 2214 2294
f 2294 2295 2375
f 2375 2376 2456
f 2456 2457 2537
f 2537 2538 2618
f 2618 2619 2699
f 2699 2700 2780
f 2780 2781 2861
f 2861 2862 2942
f 2942 2943 3023
f 3023 3024 3104
f 3104 3105 3185
f 3185 3186 3266
f 3266 3267 3347
f 3347 3348 3428
f 3428 3429 3509
f 3509 3510 3590
f 3590 3591 3671
f 3671 3672 3752
f 3752 3753 3833
f 3833 3834 3914
f 3914 3915 3995
f 3995 3996 4076
f 4076 4077 4157
f 4157 4158 4238
f 4238 4239 4319
f 4319 4320 4400
f 4400 4401 4481
f 4481 4482 4562
f 4562 4563 4643
f 4643 4644 4724
f 4724 4725 4805
f 4805 4806 4886
f 4886 4887 4967
f 4967 4968 5048
f 5048 5049 5129
f 5129 5130 5210
f 5210 5211 5291
f 5291 5292 5372
f 5372 5373 5453
f 5453 5454 5534
f 5534 5535 5615
f 5615 5616 5696
f 5696 5697 5777
f 5777 5778 5858
f 5858 5859 5939
f 5939 5940 6020
f 6020 6021 6101
f 6101 6102 6182
f 6182 6183 6263
f 6263 6264 6344
f 6344 6345 6425
f 6425 6426 6506
f 27 28 108
f 108 109 189
f 189 190 270
f 270 271 351
f 351 352 432
f 432 433 513
f 513 514 594
f 594 595 675
f 675 676 756
f 756 757 837
f 837 838 918
f 918 919 999
f 999 1000 1080
f 1080 1081 1161
f 1161 1162 1242
f 1242 1243 1323
f 1323 1324 1404
f 1404 1405 1485
f 1485 1486 1566
f 1566 1567 1647
f 1647 1648 1728
f 1728 1729 1809
f 1809 1810 1890
f 1890 1891 1971
f 1971 1972 2052
f 2052 2053 2133
f 2133 2134 2214
f 2214 2215 2295
f 2295 2296 2376
f 2376 2377 2457
f 2457 2458 2538
f 2538 2539 2619
f 2619 2620 2700
f 2700 2701 2781
f 2781 2782 2862
f 2862 2863 2943
f 2943 2944 3024
f 3024 3025 3105
f 3105 3106 3186
f 3186 3187 3267
f 3267 3268 3348
f 3348 3349 3429
f 3429 3430 3510
f 3510 3511 3591
f 3591 3592 3672
f 3672 3673 3753
f 3753 3754 3834
f 3834 3835 3915
f 3915 3916 3996
f 3996 3997 4077
f 4077 4078 4158
f 4158 4159 4239
f 4239 4240 4320
f 4320 4321 4401
f 4401 4402 4482
f 4482 4483 4563
f 4563 4564 4644
f 4644 4645 4725
f 4725 4726 4806
f 4806 4807 4887
f 4887 4888 4968
f 4968 4969 5049
f 5049 5050 5130
f 5130 5131 5211
f 5211 5212 5292
f 5292 5293 5373
f 5373 5374 5454
f 5454 5455 5535
f 5535 5536 5616
f 5616 5617 5697
f 5697 5698 5778
f 5778 5779 5859
f 5859 5860 5940
f 5940 5941 6021
f 6021 6022 6102
f 6102 6103 6183
f 6183 6184 6264
f 6264 6265 6345
f 6345 6346 6426
f 6426 6427 6507
f 28 29 109
f 109 110 190
f 190 191 271
f 271 272 352
f 352 353 433
f 433 434 514
f 514 515 595
f 595 596 676
f 676 677 757
f 757 758 838
f 838 839 919
f 919 920 1000
f 1000 1001 1081
f 1081 1082 1162
f 1162 1163 1243
f 1243 1244 1324
f 1324 1325 1405
f 1405 1406 1486
f 1486 1487 1567
f 1567 1568 1648
f 1648 1649 1729
f 1729 1730 1810
f 1810 1811 1891
f 1891 1892 1972
f 1972 1973 2053
f 2053 2054 2134
f 2134 2135 2215
f 2215 2216 2296
f 2296 2297 2377
f 2377 2378 2458
f 2458 2459 2539
f 2539 2540 2620
f 2620 2621 2701
f 2701 2702 2782
f 2782 2783 2863
f 2863 2864 2944
f 2944 2945 3025
f 3025 3026 3106
f 3106 3107 3187
f 3187 3188 3268
f 3268 3269 3349
f 3349 3350 3430
f 3430 3431 3511
f 3511 3512 3592
f 3592 3593 3673
f 3673 3674 3754
f 3754 3755 3835
f 3835 3836 3916
f 3916 3917 3997
f 3997 3998 4078
f 4078 4079 4159
f 4159 4160 4240
f 4240 4241 4321
f 4321 4322 4402
f 4402 4403 4483
f 4483 4484 4564
f 4564 4565 4645
f 4645 4646 4726
f 4726 4727 4807
f 4807 4808 4888
f 4888 4889 4969
f 4969 4970 5050
f 5050 5051 5131
f 5131 5132 5212
f 5212 5213 5293
f 5293 5294 5374
f 5374 5375 5455
f 5455 5456 5536
f 5536 5537 5617
f 5617 5618 5698
f 5698 5699 5779
f 5779 5780 5860
f 5860 5861 5941
f 5941 5942 6022
f 6022 6023 6103
f 6103 6104 6184
f 6184 6185 6265
f 6265 6266 6346
f 6346 6347 6427
f 6427 6428 6508
f 29 30 110
f 110 111 191
f 191 192 272
f 272 273 353
f 353 354 434
f 434 435 515
f 515 516 596
f 596 597 677
f 677 678 758
f 758 759 839
f 839 840 920
f 920 921 1001
f 1001 1002 1082
f 1082 1083 1163
f 1163 1164 1244
f 1244 1245 1325
f 1325 1326 1406
f 1406 1407 1487
f 1487 1488 1568
f 1568 1569 1649
f 1649 1650 1730
f 1730 1731 1811
f 1811 1812 1892
f 1892 1893 1973
f 1973 1974 2054
f 2054 2055 2135
f 2135 2136 2216
f 2216 2217 2297
f 2297 2298 2378
f 2378 2379 2459
f 2459 2460 2540
f 2540 2541 2621
f 2621 2622 2702
f 2702 2703 2783
f 2783 2784 2864
f 2864 2865 2945
f 2945 2946 3026
f 3026 3027 3107
f 3107 3108 3188
f 3188 3189 3269
f 3269 3270 3350
f 3350 3351 3431
f 3431 3432 3512
f 3512 3513 3593
f 3593 3594 3674
f 3674 3675 3755
f 3755 3756 3836
f 3836 3837 3917
f 3917 3918 3998
f 3998 3999 4079
f 4079 4080 4160
f 4160 4161 4241
f 4241 4242 4322
f 4322 4323 4403
f 4403 4404 4484
f 4484 4485 4565
f 4565 4566 4646
f 4646 4647 4727
f 4727 4728 4808
f 4808 4809 4889
f 4889 4890 4970
f 4970 4971 5051
f 5051 5052 5132
f 5132 5133 5213
f 5213 5214 5294
f 5294 5295 5375
f 5375 5376 5456
f 5456 5457 5537
f 5537 5538 5618
f 5618 5619 5699
f 5699 5700 5780
f 5780 5781 5861
f 5861 5862 5942
f 5942 5943 6023
f 6023 6024 6104
f 6104 6105 6185
f 6185 6186 6266
f 6266 6267 6347
f 6347 6348 6428
f 6428 6429 6509
f 30 31 111
f 111 112 192
f 192 193 273
f 273 274 354
f 354 355 435
f 435 436 516
f 516 517 597
f 597 598 678
f 678 679 759
f 759 760 840
f 840 841 921
f 921 922 1002
f 1002 1003 1083
f 1083 1084 1164
f 1164 1165 1245
f 1245 1246 1326
f 1326 1327 1407
f 1407 1408 1488
f 1488 1489 1569
f 1569 1570 1650
f 1650 1651 1731
f 1731 1732 1812
f 1812 1813 1893
f 1893 1894 1974
f 1974 1975 2055
f 2055 2056 2136
f 2136 2137 2217
f 2217 2218 2298
f 2298 2299 2379
f 2379 2380 2460
f 2460 2461 2541
f 2541 2542 2622
f 2622 2623 2703
f 2703 2704 2784
f 2784 2785 2865
f 2865 2866 2946
f 2946 2947 3027
f 3027 3028 3108
f 3108 3109 3189
f 3189 3190 3270
f 3270 3271 3351
f 3351 3352 3432
f 3432 3433 3513
f 3513 3514 3594
f 3594 3595 3675
f 3675 3676 3756
f 3756 3757 3837
f 3837 3838 3918
f 3918 3919 3999
f 3999 4000 4080
f 4080 4081 4161
f 4161 4162 4242
f 4242 4243 4323
f 4323 4324 4404
f 4404 4405 4485
f 4485 4486 4566
f 4566 4567 4647
f 4647 4648 4728
f 4728 4729 4809
f 4809 4810 4890
f 4890 4891 4971
f 4971 4972 5052
f 5052 5053 5133
f 5133 5134 5214
f 5214 5215 5295
f 5295 5296 5376
f 5376 5377 5457
f 5457 5458 5538
f 5538 5539 5619
f 5619 5620 5700
f 5700 5701 5781
f 5781 5782 5862
f 5862 5863 5943
f 5943 5944 6024
f 6024 6025 6105
f 6105 6106 6186
f 6186 6187 6267
f 6267 6268 6348
f 6348 6349 6429
f 6429 6430 6510
f 31 32 112
f 112 113 193
f 193 194 274
f 274 275 355
f 355 356 436
f 436 437 517
f 517 518 598
f 598 599 679
f 679 680 760
f 760 761 841
f 841 842 922
f 922 923 1003
f 1003 1004 1084
f 1084 1085 1165
f 1165 1166 1246
f 1246 1247 1327
f 1327 1328 1408
f 1408 1409 1489
f 1489 1490 1570
f 1570 1571 1651
f 1651 1652 1732
f 1732 1733 1813
f 1813 1814 1894
f 1894 1895 1975
f 1975 1976 2056
f 2056 2057 2137
f 2137 2138 2218
f 2218 2219 2299
f 2299 2300 2380
f 2380 2381 2461
f 2461 2462 2542
f 2542 2543 2623
f 2623 2624 2704
f 2704 2705 2785
f 2785 2786 2866
f 2866 2867 2947
f 2947 2948 3028
f 3028 3029 3109
f 3109 3110 3190
f 3190 3191 3271
f 3271 3272 3352
f 3352 3353 3433
f 3433 3434 3514
f 3514 3515 3595
f 3595 3596 3676
f 3676 3677 3757
f 3757 3758 3838
f 3838 3839 3919
f 3919 3920 4000
f 4000 4001 4081
f 4081 4082 4162
f 4162 4163 4243
f 4243 4244 4324
f 4324 4325 4405
f 4405 4406 4486
f 4486 4487 4567
f 4567 4568 4648
f 4648 4649 4729
f 4729 4730 4810
f 4810 4811 4891
f 4891 4892 4972
f 4972 4973 5053
f 5053 5054 5134
f 5134 5135 5215
f 5215 5216 5296
f 5296 5297 5377
f 5377 5378 5458
f 5458 5459 5539
f 5539 5540 5620
f 5620 5621 5701
f 5701 5702 5782
f 5782 5783 5863
f 5863 5864 5944
f 5944 5945 6025
f 6025 6026 6106
f 6106 6107 6187
f 6187 6188 6268
f 6268 6269 6349
f 6349 6350 6430
f 6430 6431 6511
f 32 33 113
f 113 114 194
f 194 195 275
f 275 276 356
f 356 357 437
f 437 438 518
f 518 519 599
f 599 600 680
f 680 681 761
f 761 762 842
f 842 843 923
f 923 924 1004
f 1004 1005 1085
f 1085 1086 1166
f 1166 1167 1247
f 1247 1248 1328
f 1328 1329 1409
f 1409 1410 1490
f 1490 1491 1571
f 1571 1572 1652
f 1652 1653 1733
f 1733 1734 1814
f 1814 1815 1895
f 1895 1896 1976
f 1976 1977 2057
f 2057 2058 2138
f 2138 2139 2219
f 2219 2220 2300
f 2300 2301 2381
f 2381 2382 2462
f 2462 2463 2543
f 2543 2544 2624
f 2624 2625 2705
f 2705 2706 2786
f 2786 2787 2867
f 2867 2868 2948
f 2948 2949 3029
f 3029 3030 3110
f 3110 3111 3191
f 3191 3192 3272
f 3272 3273 3353
f 3353 3354 3434
f 3434 3435 3515
f 3515 3516 3596
f 3596 3597 3677
f 3677 3678 3758
f 3758 3759 3839
f 3839 3840 3920
f 3920 3921 4001
f 4001 4002 4082
f 4082 4083 4163
f 4163 4164 4244
f 4244 4245 4325
f 4325 4326 4406
f 4406 4407 4487
f 4487 4488 4568
f 4568 4569 4649
f 4649 4650 4730
f 4730 4731 4811
f 4811 4812 4892
f 4892 4893 4973
f 4973 4974 5054
f 5054 5055 5135
f 5135 5136 5216
f 5216 5217 5297
f 5297 5298 5378
f 5378 5379 5459
f 5459 5460 5540
f 5540 5541 5621
f 5621 5622 5702
f 5702 5703 5783
f 5783 5784 5864
f 5864 5865 5945
f 5945 5946 6026
f 6026 6027 6107
f 6107 6108 6188
f 6188 6189 6269
f 6269 6270 6350
f 6350 6351 6431
f 6431 6432 6512
f 33 34 114
f 114 115 195
f 195 196 276
f 276 277 357
f 357 358 438
f 438 439 519
f 519 520 600
f 600 601 681
f 681 682 762
f 762 763 843
f 843 844 924
f 924 925 1005
f 1005 1006 1086
f 1086 1087 1167
f 1167 1168 1248
f 1248 1249 1329
f 1329 1330 1410
f 1410 1411 1491
f 1491 1492 1572
f 1572 1573 1653
f 1653 1654 1734
f 1734 1735 1815
f 1815 1816 1896
f 1896 1897 1977
f 1977 1978 2058
f 2058 2059 2139
f 2139 2140 2220
f 2220 2221 2301
f 2301 2302 2382
f 2382 2383 2463
f 2463 2464 2544
f 2544 2545 2625
f 2625 2626 2706
f 2706 2707 2787
f 2787 2788 2868
f 2868 2869 2949
f 2949 2950 3030
f 3030 3031 3111
f 3111 3112 3192
f 3192 3193 3273
f 3273 3274 3354
f 3354 3355 3435
f 3435 3436 3516
f 3516 3517 3597
f 3597 3598 3678
f 3678 3679 3759
f 3759 3760 3840
f 3840 3841 3921
f 3921 3922 4002
f 4002 4003 4083
f 4083 4084 4164
f 4164 4165 4245
f 4245 4246 4326
f 4326 4327 4407
f 4407 4408 4488
f 4488 4489 4569
f 4569 4570 4650
f 4650 4651 4731
f 4731 4732 4812
f 4812 4813 4893
f 4893 4894 4974
f 4974 4975 5055
f 5055 5056 5136
f 5136 5137 5217
f 5217 5218 5298
f 5298 5299 5379
f 5379 5380 5460
f 5460 5461 5541
f 5541 5542 5622
f 5622 5623 5703
f 5703 5704 5784
f 5784 5785 5865
f 5865 5866 5946
f 5946 5947 6027
f 6027 6028 6108
f 6108 6109 6189
f 6189 6190 6270
f 6270 6271 6351
f 6351 6352 6432
f 6432 6433 6513
f 34 35 115
f 115 116 196
f 196 197 277
f 277 278 358
f 358 359 439
f 439 440 520
f 520 521 601
f 601 602 682
f 682 683 763
f 763 764 844
f 844 845 925
f 925 926 1006
f 1006 1007 1087
f 1087 1088 1168
f 1168 1169 1249
f 1249 1250 1330
f 1330 1331 1411
f 1411 1412 1492
f 1492 1493 1573
f 1573 1574 1654
f 1654 1655 1735
f 1735 1736 1816
f 1816 1817 1897
f 1897 1898 1978
f 1978 1979 2059
f 2059 2060 2140
f 2140 2141 2221
f 2221 2222 2302
f 2302 2303 2383
f 2383 2384 2464
f 2464 2465 2545
f 2545 2546 2626
f 2626 2627 2707
f 2707 2708 2788
f 2788 2789 2869
f 2869 2870 2950
f 2950 2951 3031
f 3031 3032 3112
f 3112 3113 3193
f 3193 3194 3274
f 3274 3275 3355
f 3355 3356 3436
f 3436 3437 3517
f 3517 3518 3598
f 3598 3599 3679
f 3679 3680 3760
f 3760 3761 3841
f 3841 3842 3922
f 3922 3923 4003
f 4003 4004 4084
f 4084 4085 4165
f 4165 4166 4246
f 4246 4247 4327
f 4327 4328 4408
f 4408 4409 4489
f 4489 4490 4570
f 4570 4571 4651
f 4651 4652 4732
f 4732 4733 4813
f 4813 4814 4894
f 4894 4895 4975
f 4975 4976 5056
f 5056 5057 5137
f 5137 5138 5218
f 5218 5219 5299
f 5299 5300 5380
f 5380 5381 5461
f 5461 5462 5542
f 5542 5543 5623
f 5623 5624 5704
f 5704 5705 5785
f 5785 5786 5866
f 5866 5867 5947
f 5947 5948 6028
f 6028 6029 6109
f 6109 6110 6190
f 6190 6191 6271
f 6271 6272 6352
f 6352 6353 6433
f 6433 6434 6514
f 35 36 116
f 116 117 197
f 197 198 278
f 278 279 359
f 359 360 440
f 440 441 521
f 521 522 602
f 602 603 683
f 683 684 764
f 764 765 845
f 845 846 926
f 926 927 1007
f 1007 1008 1088
f 1088 1089 1169
f 1169 1170 1250
f 1250 1251 1331
f 1331 1332 1412
f 1412 1413 1493
f 1493 1494 1574
f 1574 1575 1655
f 1655 1656 1736
f 1736 1737 1817
f 1817 1818 1898
f 1898 1899 1979
f 1979 1980 2060
f 2060 2061 2141
f 2141 2142 2222
f 2222 2223 2303
f 2303 2304 2384
f 2384 2385 2465
f 2465 2466 2546
f 2546 2547 2627
f 2627 2628 2708
f 2708 2709 2789
f 2789 2790 2870
f 2870 2871 2951
f 2951 2952 3032
f 3032 3033 3113
f 3113 3114 3194
f 3194 3195 3275
f 3275 3276 3356
f 3356 3357 3437
f 3437 3438 3518
f 3518 3519 3599
f 3599 3600 3680
f 3680 3681 3761
f 3761 3762 3842
f 3842 3843 3923
f 3923 3924 4004
f 4004 4005 4085
f 4085 4086 4166
f 4166 4167 4247
f 4247 4248 4328
f 4328 4329 4409
f 4409 4410 4490
f 4490 4491 4571
f 4571 4572 4652
f 4652 4653 4733
f 4733 4734 4814
f 4814 4815 4895
f 4895 4896 4976
f 4976 4977 5057
f 5057 5058 5138
f 5138 5139 5219
f 5219 5220 5300
f 5300 5301 5381
f 5381 5382 5462
f 5462 5463 5543
f 5543 5544 5624
f 5624 5625 5705
f 5705 5706 5786
f 5786 5787 5867
f 5867 5868 5948
f 5948 5949 6029
f 6029 6030 6110
f 6110 6111 6191
f 6191 6192 6272
f 6272 6273 6353
f 6353 6354 6434
f 6434 6435 6515
f 36 37 117
f 117 118 198
f 198 199 279
f 279 280 360
f 360 361 441
f 441 442 522
f 522 523 603
f 603 604 684
f 684 685 765
f 765 766 846
f 846 847 927
f 927 928 1008
f 1008 1009 1089
f 1089 1090 1170
f 1170 1171 1251
f 1251 1252 1332
f 1332 1333 1413
f 1413 1414 1494
f 1494 1495 1575
f 1575 1576 1656
f 1656 1657 1737
f 1737 1738 1818
f 1818 1819 1899
f 1899 1900 1980
f 1980 1981 2061
f 2061 2062 2142
f 2142 2143 2223
f 2223 2224 2304
f 2304 2305 2385
f 2385 2386 2466
f 2466 2467 2547
f 2547 2548 2628
f 2628 2629 2709
f 2709 2710 2790
f 2790 2791 2871
f 2871 2872 2952
f 2952 2953 3033
f 3033 3034 3114
f 3114 3115 3195
f 3195 3196 3276
f 3276 3277 3357
f 3357 3358 3438
f 3438 3439 3519
f 3519 3520 3600
f 3600 3601 3681
f 3681 3682 3762
f 3762 3763 3843
f 3843 3844 3924
f 3924 3925 4005
f 4005 4006 4086
f 4086 4087 4167
f 4167 4168 4248
f 4248 4249 4329
f 4329 4330 4410
f 4410 4411 4491
f 4491 4492 4572
f 4572 4573 4653
f 4653 4654 4734
f 4734 4735 4815
f 4815 4816 4896
f 4896 4897 4977
f 4977 4978 5058
f 5058 5059 5139
f 5139 5140 5220
f 5220 5221 5301
f 5301 5302 5382
f 5382 5383 5463
f 5463 5464 5544
f 5544 5545 5625
f 5625 5626 5706
f 5706 5707 5787
f 5787 5788 5868
f 5868 5869 5949
f 5949 5950 6030
f 6030 6031 6111
f 6111 6112 6192
f 6192 6193 6273
f 6273 6274 6354
f 6354 6355 6435
f 6435 6436 6516
f 37 38 118
f 118 119 199
f 199 200 280
f 280 281 361
f 361 362 442
f 442 443 523
f 523 524 604
f 604 605 685
f 685 686 766
f 766 767 847
f 847 848 928
f 928 929 1009
f 1009 1010 1090
f 1090 1091 1171
f 1171 1172 1252
f 1252 1253 1333
f 1333 1334 1414
f 1414 1415 1495
f 1495 1496 1576
f 1576 1577 1657
f 1657 1658 1738
f 1738 1739 1819
f 1819 1820 1900
f 1900 1901 1981
f 1981 1982 2062
f 2062 2063 2143
f 2143 2144 2224
f 2224 2225 2305
f 2305 2306 2386
f 2386 2387 2467
f 2467 2468 2548
f 2548 2549 2629
f 2629 2630 2710
f 2710 2711 2791
f 2791 2792 2872
f 2872 2873 2953
f 2953 2954 3034
f 3034 3035 3115
f 3115 3116 3196
f 3196 3197 3277
f 3277 3278 3358
f 3358 3359 3439
f 3439 3440 3520
f 3520 3521 3601
f 3601 3602 3682
f 3682 3683 3763
f 3763 3764 3844
f 3844 3845 3925
f 3925 3926 4006
f 4006 4007 4087
f 4087 4088 4168
f 4168 4169 4249
f 4249 4250 4330
f 4330 4331 4411
f 4411 4412 4492
f 4492 4493 4573
f 4573 4574 4654
f 4654 4655 4735
f 4735 4736 4816
f 4816 4817 4897
f 4897 4898 4978
f 4978 4979 5059
f 5059 5060 5140
f 5140 5141 5221
f 5221 5222 5302
f 5302 5303 5383
f 5383 5384 5464
f 5464 5465 5545
f 5545 5546 5626
f 5626 5627 5707
f 5707 5708 5788
f 5788 5789 5869
f 5869 5870 5950
f 5950 5951 6031
f 6031 6032 6112
f 6112 6113 6193
f 6193 6194 6274
f 6274 6275 6355
f 6355 6356 6436
f 6436 6437 6517
f 38 39 119
f 119 120 200
f 200 201 281
f 281 282 362
f 362 363 443
f 443 444 524
f 524 525 605
f 605 606 686
f 686 687 767
f 767 768 848
f 848 849 929
f 929 930 1010
f 1010 1011 1091
f 1091 1092 1172
f 1172 1173 1253
f 1253 1254 1334
f 1334 1335 1415
f 1415 1416 1496
f 1496 1497 1577
f 1577 1578 1658
f 1658 1659 1739
f 1739 1740 1820
f 1820 1821 1901
f 1901 1902 1982
f 1982 1983 2063
f 2063 2064 2144
f 2144 2145 2225
f 2225 2226 2306
f 2306 2307 2387
f 2387 2388 2468
f 2468 2469 2549
f 2549 2550 2630
f 2630 2631 2711
f 2711 2712 2792
f 2792 2793 2873
f 2873 2874 2954
f 2954 2955 3035
f 3035 3036 3116
f 3116 3117 3197
f 3197 3198 3278
f 3278 3279 3359
f 3359 3360 3440
f 3440 3441 3521
f 3521 3522 3602
f 3602 3603 3683
f 3683 3684 3764
f 3764 3765 3845
f 3845 3846 3926
f 3926 3927 4007
f 4007 4008 4088
f 4088 4089 4169
f 4169 4170 4250
f 4250 4251 4331
f 4331 4332 4412
f 4412 4413 4493
f 4493 4494 4574
f 4574 4575 4655
f 4655 4656 4736
f 4736 4737 4817
f 4817 4818 4898
f 4898 4899 4979
f 4979 4980 5060
f 5060 5061 5141
f 5141 5142 5222
f 5222 5223 5303
f 5303 5304 5384
f 5384 5385 5465
f 5465 5466 5546
f 5546 5547 5627
f 5627 5628 5708
f 5708 5709 5789
f 5789 5790 5870
f 5870 5871 5951
f 5951 5952 6032
f 6032 6033 6113
f 6113 6114 6194
f 6194 6195 6275
f 6275 6276 6356
f 6356 6357 6437
f 6437 6438 6518
f 39 40 120
f 120 121 201
f 201 202 282
f 282 283 363
f 363 364 444
f 444 445 525
f 525 526 606
f 606 607 687
f 687 688 768
f 768 769 849
f 849 850 930
f 930 931 1011
f 1011 1012 1092
f 1092 1093 1173
f 1173 1174 1254
f 1254 1255 1335
f 1335 1336 1416
f 1416 1417 1497
f 1497 1498 1578
f 1578 1579 1659
f 1659 1660 1740
f 1740 1741 1821
f 1821 1822 1902
f 1902 1903 1983
f 1983 1984 2064
f 2064 2065 2145
f 2145 2146 2226
f 2226 2227 2307
f 2307 2308 2388
f 2388 2389 2469
f 2469 2470 2550
f 2550 2551 2631
f 2631 2632 2712
f 2712 2713 2793
f 2793 2794 2874
f 2874 2875 2955
f 2955 2956 3036
f 3036 3037 3117
f 3117 3118 3198
f 3198 3199 3279
f 3279 3280 3360
f 3360 3361 3441
f 3441 3442 3522
f 3522 3523 3603
f 3603 3604 3684
f 3684 3685 3765
f 3765 3766 3846
f 3846 3847 3927
f 3927 3928 4008
f 4008 4009 4089
f 4089 4090 4170
f 4170 4171 4251
f 4251 4252 4332
f 4332 4333 4413
f 4413 4414 4494
f 4494 4495 4575
f 4575 4576 4656
f 4656 4657 4737
f 4737 4738 4818
f 4818 4819 4899
f 4899 4900 4980
f 4980 4981 5061
f 5061 5062 5142
f 5142 5143 5223
f 5223 5224 5304
f 5304 5305 5385
f 5385 5386 5466
f 5466 5467 5547
f 5547 5548 5628
f 5628 5629 5709
f 5709 5710 5790
f 5790 5791 5871
f 5871 5872 5952
f 5952 5953 6033
f 6033 6034 6114
f 6114 6115 6195
f 6195 6196 6276
f 6276 6277 6357
f 6357 6358 6438
f 6438 6439 6519
f 40 41 121
f 121 122 202
f 202 203 283
f 283 284 364
f 364 365 445
f 445 446 526
f 526 527 607
f 607 608 688
f 688 689 769
f 769 770 850
f 850 851 931
f 931 932 1012
f 1012 1013 1093
f 1093 1094 1174
f 1174 1175 1255
f 1255 1256 1336
f 1336 1337 1417
f 1417 1418 1498
f 1498 1499 1579
f 1579 1580 1660
f 1660 1661 1741
f 1741 1742 1822
f 1822 1823 1903
f 1903 1904 1984
f 1984 1985 2065
f 2065 2066 2146
f 2146 2147 2227
f 2227 2228 2308
f 2308 2309 2389
f 2389 2390 2470
f 2470 2471 2551
f 2551 2552 2632
f 2632 2633 2713
f 2713 2714 2794
f 2794 2795 2875
f 2875 2876 2956
f 2956 2957 3037
f 3037 3038 3118
f 3118 3119 3199
f 3199 3200 3280
f 3280 3281 3361
f 3361 3362 3442
f 3442 3443 3523
f 3523 3524 3604
f 3604 3605 3685
f 3685 3686 3766
f 3766 3767 3847
f 3847 3848 3928
f 3928 3929 4009
f 4009 4010 4090
f 4090 4091 4171
f 4171 4172 4252
f 4252 4253 4333
f 4333 4334 4414
f 4414 4415 4495
f 4495 4496 4576
f 4576 4577 4657
f 4657 4658 4738
f 4738 4739 4819
f 4819 4820 4900
f 4900 4901 4981
f 4981 4982 5062
f 5062 5063 5143
f 5143 5144 5224
f 5224 5225 5305
f 5305 5306 5386
f 5386 5387 5467
f 5467 5468 5548
f 5548 5549 5629
f 5629 5630 5710
f 5710 5711 5791
f 5791 5792 5872
f 5872 5873 5953
f 5953 5954 6034
f 6034 6035 6115
f 6115 6116 6196
f 6196 6197 6277
f 6277 6278 6358
f 6358 6359 6439
f 6439 6440 6520
f 41 42 122
f 122 123 203
f 203 204 284
f 284 285 365
f 365 366 446
f 446 447 527
f 527 528 608
f 608 609 689
f 689 690 770
f 770 771 851
f 851 852 932
f 932 933 1013
f 1013 1014 1094
f 1094 1095 1175
f 1175 1176 1256
f 1256 1257 1337
f 1337 1338 1418
f 1418 1419 1499
f 1499 1500 1580
f 1580 1581 1661
f 1661 1662 1742
f 1742 1743 1823
f 1823 1824 1904
f 1904 1905 1985
f 1985 1986 2066
f 2066 2067 2147
f 2147 2148 2228
f 2228 2229 2309
f 2309 2310 2390
f 2390 2391 2471
f 2471 2472 2552
f 2552 2553 2633
f 2633 2634 2714
f 2714 2715 2795
f 2795 2796 2876
f 2876 2877 2957
f 2957 2958 3038
f 3038 3039 3119
f 3119 3120 3200
f 3200 3201 3281
f 3281 3282 3362
f 3362 3363 3443
f 3443 3444 3524
f 3524 3525 3605
f 3605 3606 3686
f 3686 3687 3767
f 3767 3768 3848
f 3848 3849 3929
f 3929 3930 4010
f 4010 4011 4091
f 4091 4092 4172
f 4172 4173 4253
f 4253 4254 4334
f 4334 4335 4415
f 4415 4416 4496
f 4496 4497 4577
f 4577 4578 4658
f 4658 4659 4739
f 4739 4740 4820
f 4820 4821 4901
f 4901 4902 4982
f 4982 4983 5063
f 5063 5064 5144
f 5144 5145 5225
f 5225 5226 5306
f 5306 5307 5387
f 5387 5388 5468
f 5468 5469 5549
f 5549 5550 5630
f 5630 5631 5711
f 5711 5712 5792
f 5792 5793 5873
f 5873 5874 5954
f 5954 5955 6035
f 6035 6036 6116
f 6116 6117 6197
f 6197 6198 6278
f 6278 6279 6359
f 6359 6360 6440
f 6440 6441 6521
f 42 43 123
f 123 124 204
f 204 205 285
f 285 286 366
f 366 367 447
f 447 448 528
f 528 529 609
f 609 610 690
f 690 691 771
f 771 772 852
f 852 853 933
f 933 934 1014
f 1014 1015 1095
f 1095 1096 1176
f 1176 1177 1257
f 1257 1258 1338
f 1338 1339 1419
f 1419 1420 1500
f 1500 1501 1581
f 1581 1582 1662
f 1662 1663 1743
f 1743 1744 1824
f 1824 1825 1905
f 1905 1906 1986
f 1986 1987 2067
f 2067 2068 2148
f 2148 2149 2229
f 2229 2230 2310
f 2310 2311 2391
f 2391 2392 2472
f 2472 2473 2553
f 2553 2554 2634
f 2634 2635 2715
f 2715 2716 2796
f 2796 2797 2877
f 2877 2878 2958
f 2958 2959 3039
f 3039 3040 3120
f 3120 3121 3201
f 3201 3202 3282
f 3282 3283 3363
f 3363 3364 3444
f 3444 3445 3525
f 3525 3526 3606
f 3606 3607 3687
f 3687 3688 3768
f 3768 3769 3849
f 3849 3850 3930
f 3930 3931 4011
f 4011 4012 4092
f 4092 4093 4173
f 4173 4174 4254
f 4254 4255 4335
f 4335 4336 4416
f 4416 4417 4497
f 4497 4498 4578
f 4578 4579 4659
f 4659 4660 4740
f 4740 4741 4821
f 4821 4822 4902
f 4902 4903 4983
f 4983 4984 5064
f 5064 5065 5145
f 5145 5146 5226
f 5226 5227 5307
f 5307 5308 5388
f 5388 5389 5469
f 5469 5470 5550
f 5550 5551 5631
f 5631 5632 5712
f 5712 5713 5793
f 5793 5794 5874
f 5874 5875 5955
f 5955 5956 6036
f 6036 6037 6117
f 6117 6118 6198
f 6198 6199 6279
f 6279 6280 6360
f 6360 6361 6441
f 6441 6442 6522
f 43 44 124
f 124 125 205
f 205 206 286
f 286 287 367
f 367 368 448
f 448 449 529
f 529 530 610
f 610 611 691
f 691 692 772
f 772 773 853
f 853 854 934
f 934 935 1015
f 1015 1016 1096
f 1096 1097 1177
f 1177 1178 1258
f 1258 1259 1339
f 1339 1340 1420
f 1420 1421 1501
f 1501 1502 1582
f 1582 1583 1663
f 1663 1664 1744
f 1744 1745 1825
f 1825 1826 1906
f 1906 1907 1987
f 1987 1988 2068
f 2068 2069 2149
f 2149 2150 2230
f 2230 2231 2311
f 2311 2312 2392
f 2392 2393 2473
f 2473 2474 2554
f 2554 2555 2635
f 2635 2636 2716
f 2716 2717 2797
f 2797 2798 2878
f 2878 2879 2959
f 2959 2960 3040
f 3040 3041 3121
f 3121 3122 3202
f 3202 3203 3283
f 3283 3284 3364
f 3364 3365 3445
f 3445 3446 3526
f 3526 3527 3607
f 3607 3608 3688
f 3688 3689 3769
f 3769 3770 3850
f 3850 3851 3931
f 3931 3932 4012
f 4012 4013 4093
f 4093 4094 4174
f 4174 4175 4255
f 4255 4256 4336
f 4336 4337 4417
f 4417 4418 4498
f 4498 4499 4579
f 4579 4580 4660
f 4660 4661 4741
f 4741 4742 4822
f 4822 4823 4903
f 4903 4904 4984
f 4984 4985 5065
f 5065 5066 5146
f 5146 5147 5227
f 5227 5228 5308
f 5308 5309 5389
f 5389 5390 5470
f 5470 5471 5551
f 5551 5552 5632
f 5632 5633 5713
f 5713 5714 5794
f 5794 5795 5875
f 5875 5876 5956
f 5956 5957 6037
f 6037 6038 6118
f 6118 6119 6199
f 6199 6200 6280
f 6280 6281 6361
f 6361 6362 6442
f 6442 6443 6523
f 44 45 125
f 125 126 206
f 206 207 287
f 287 288 368
f 368 369 449
f 449 450 530
f 530 531 611
f 611 612 692
f 692 693 773
f 773 774 854
f 854 855 935
f 935 936 1016
f 1016 1017 1097
f 1097 1098 1178
f 1178 1179 1259
f 1259 1260 1340
f 1340 1341 1421
f 1421 1422 1502
f 1502 1503 1583
f 1583 1584 1664
f 1664 1665 1745
f 1745 1746 1826
f 1826 1827 1907
f 1907 1908 1988
f 1988 1989 2069
f 2069 2070 2150
f 2150 2151 2231
f 2231 2232 2312
f 2312 2313 2393
f 2393 2394 2474
f 2474 2475 2555
f 2555 2556 2636
f 2636 2637 2717
f 2717 2718 2798
f 2798 2799 2879
f 2879 2880 2960
f 2960 2961 3041
f 3041 3042 3122
f 3122 3123 3203
f 3203 3204 3284
f 3284 3285 3365
f 3365 3366 3446
f 3446 3447 3527
f 3527 3528 3608
f 3608 3609 3689
f 3689 3690 3770
f 3770 3771 3851
f 3851 3852 3932
f 3932 3933 4013
f 4013 4014 4094
f 4094 4095 4175
f 4175 4176 4256
f 4256 4257 4337
f 4337 4338 4418
f 4418 4419 4499
f 4499 4500 4580
f 4580 4581 4661
f 4661 4662 4742
f 4742 4743 4823
f 4823 4824 4904
f 4904 4905 4985
f 4985 4986 5066
f 5066 5067 5147
f 5147 5148 5228
f 5228 5229 5309
f 5309 5310 5390
f 5390 5391 5471
f 5471 5472 5552
f 5552 5553 5633
f 5633 5634 5714
f 5714 5715 5795
f 5795 5796 5876
f 5876 5877 5957
f 5957 5958 6038
f 6038 6039 6119
f 6119 6120 6200
f 6200 6201 6281
f 6281 6282 6362
f 6362 6363 6443
f 6443 6444 6524
f 45 46 126
f 126 127 207
f 207 208 288
f 288 289 369
f 369 370 450
f 450 451 531
f 531 532 612
f 612 613 693
f 693 694 774
f 774 775 855
f 855 856 936
f 936 937 1017
f 1017 1018 1098
f 1098 1099 1179
f 1179 1180 1260
f 1260 1261 1341
f 1341 1342 1422
f 1422 1423 1503
f 1503 1504 1584
f 1584 1585 1665
f 1665 1666 1746
f 1746 1747 1827
f 1827 1828 1908
f 1908 1909 1989
f 1989 1990 2070
f 2070 2071 2151
f 2151 2152 2232
f 2232 2233 2313
f 2313 2314 2394
f 2394 2395 2475
f 2475 2476 2556
f 2556 2557 2637
f 2637 2638 2718
f 2718 2719 2799
f 2799 2800 2880
f 2880 2881 2961
f 2961 2962 3042
f 3042 3043 3123
f 3123 3124 3204
f 3204 3205 3285
f 3285 3286 3366
f 3366 3367 3447
f 3447 3448 3528
f 3528 3529 3609
f 3609 3610 3690
f 3690 3691 3771
f 3771 3772 3852
f 3852 3853 3933
f 3933 3934 4014
f 4014 4015 4095
f 4095 4096 4176
f 4176 4177 4257
f 4257 4258 4338
f 4338 4339 4419
f 4419 4420 4500
f 4500 4501 4581
f 4581 4582 4662
f 4662 4663 4743
f 4743 4744 4824
f 4824 4825 4905
f 4905 4906 4986
f 4986 4987 5067
f 5067 5068 5148
f 5148 5149 5229
f 5229 5230 5310
f 5310 5311 5391
f 5391 5392 5472
f 5472 5473 5553
f 5553 5554 5634
f 5634 5635 5715
f 5715 5716 5796
f 5796 5797 5877
f 5877 5878 5958
f 5958 5959 6039
f 6039 6040 6120
f 6120 6121 6201
f 6201 6202 6282
f 6282 6283 6363
f 6363 6364 6444
f 6444 6445 6525
f 46 47 127
f 127 128 208
f 208 209 289
f 289 290 370
f 370 371 451
f 451 452 532
f 532 533 613
f 613 614 694
f 694 695 775
f 775 776 856
f 856 857 937
f 937 938 1018
f 1018 1019 1099
f 1099 1100 1180
f 1180 1181 1261
f 1261 1262 1342
f 1342 1343 1423
f 1423 1424 1504
f 1504 1505 1585
f 1585 1586 1666
f 1666 1667 1747
f 1747 1748 1828
f 1828 1829 1909
f 1909 1910 1990
f 1990 1991 2071
f 2071 2072 2152
f 2152 2153 2233
f 2233 2234 2314
f 2314 2315 2395
f 2395 2396 2476
f 2476 2477 2557
f 2557 2558 2638
f 2638 2639 2719
f 2719 2720 2800
f 2800 2801 2881
f 2881 2882 2962
f 2962 2963 3043
f 3043 3044 3124
f 3124 3125 3205
f 3205 3206 3286
f 3286 3287 3367
f 3367 3368 3448
f 3448 3449 3529
f 3529 3530 3610
f 3610 3611 3691
f 3691 3692 3772
f 3772 3773 3853
f 3853 3854 3934
f 3934 3935 4015
f 4015 4016 4096
f 4096 4097 4177
f 4177 4178 4258
f 4258 4259 4339
f 4339 4340 4420
f 4420 4421 4501
f 4501 4502 4582
f 4582 4583 4663
f 4663 4664 4744
f 4744 4745 4825
f 4825 4826 4906
f 4906 4907 4987
f 4987 4988 5068
f 5068 5069 5149
f 5149 5150 5230
f 5230 5231 5311
f 5311 5312 5392
f 5392 5393 5473
f 5473 5474 5554
f 5554 5555 5635
f 5635 5636 5716
f 5716 5717 5797
f 5797 5798 5878
f 5878 5879 5959
f 5959 5960 6040
f 6040 6041 6121
f 6121 6122 6202
f 6202 6203 6283
f 6283 6284 6364
f 6364 6365 6445
f 6445 6446 6526
f 47 48 128
f 128 129 209
f 209 210 290
f 290 291 371
f 371 372 452
f 452 453 533
f 533 534 614
f 614 615 695
f 695 696 776
f 776 777 857
f 857 858 938
f 938 939 1019
f 1019 1020 1100
f 1100 1101 1181
f 1181 1182 1262
f 1262 1263 1343
f 1343 1344 1424
f 1424 1425 1505
f 1505 1506 1586
f 1586 1587 1667
f 1667 1668 1748
f 1748 1749 1829
f 1829 1830 1910
f 1910 1911 1991
f 1991 1992 2072
f 2072 2073 2153
f 2153 2154 2234
f 2234 2235 2315
f 2315 2316 2396
f 2396 2397 2477
f 2477 2478 2558
f 2558 2559 2639
f 2639 2640 2720
f 2720 2721 2801
f 2801 2802 2882
f 2882 2883 2963
f 2963 2964 3044
f 3044 3045 3125
f 3125 3126 3206
f 3206 3207 3287
f 3287 3288 3368
f 3368 3369 3449
f 3449 3450 3530
f 3530 3531 3611
f 3611 3612 3692
f 3692 3693 3773
f 3773 3774 3854
f 3854 3855 3935
f 3935 3936 4016
f 4016 4017 4097
f 4097 4098 4178
f 4178 4179 4259
f 4259 4260 4340
f 4340 4341 4421
f 4421 4422 4502
f 4502 4503 4583
f 4583 4584 4664
f 4664 4665 4745
f 4745 4746 4826
f 4826 4827 4907
f 4907 4908 4988
f 4988 4989 5069
f 5069 5070 5150
f 5150 5151 5231
f 5231 5232 5312
f 5312 5313 5393
f 5393 5394 5474
f 5474 5475 5555
f 5555 5556 5636
f 5636 5637 5717
f 5717 5718 5798
f 5798 5799 5879
f 5879 5880 5960
f 5960 5961 6041
f 6041 6042 6122
f 6122 6123 6203
f 6203 6204 6284
f 6284 6285 6365
f 6365 6366 6446
f 6446 6447 6527
f 48 49 129
f 129 130 210
f 210 211 291
f 291 292 372
f 372 373 453
f 453 454 534
f 534 535 615
f 615 616 696
f 696 697 777
f 777 778 858
f 858 859 939
f 939 940 1020
f 1020 1021 1101
f 1101 1102 1182
f 1182 1183 1263
f 1263 1264 1344
f 1344 1345 1425
f 1425 1426 1506
f 1506 1507 1587
f 1587 1588 1668
f 1668 1669 1749
f 1749 1750 1830
f 1830 1831 1911
f 1911 1912 1992
f 1992 1993 2073
f 2073 2074 2154
f 2154 2155 2235
f 2235 2236 2316
f 2316 2317 2397
f 2397 2398 2478
f 2478 2479 2559
f 2559 2560 2640
f 2640 2641 2721
f 2721 2722 2802
f 2802 2803 2883
f 2883 2884 2964
f 2964 2965 3045
f 3045 3046 3126
f 3126 3127 3207
f 3207 3208 3288
f 3288 3289 3369
f 3369 3370 3450
f 3450 3451 3531
f 3531 3532 3612
f 3612 3613 3693
f 3693 3694 3774
f 3774 3775 3855
f 3855 3856 3936
f 3936 3937 4017
f 4017 4018 4098
f 4098 4099 4179
f 4179 4180 4260
f 4260 4261 4341
f 4341 4342 4422
f 4422 4423 4503
f 4503 4504 4584
f 4584 4585 4665
f 4665 4666 4746
f 4746 4747 4827
f 4827 4828 4908
f 4908 4909 4989
f 4989 4990 5070
f 5070 5071 5151
f 5151 5152 5232
f 5232 5233 5313
f 5313 5314 5394
f 5394 5395 5475
f 5475 5476 5556
f 5556 5557 5637
f 5637 5638 5718
f 5718 5719 5799
f 5799 5800 5880
f 5880 5881 5961
f 5961 5962 6042
f 6042 6043 6123
f 6123 6124 6204
f 6204 6205 6285
f 6285 6286 6366
f 6366 6367 6447
f 6447 6448 6528
f 49 50 130
f 130 131 211
f 211 212 292
f 292 293 373
f 373 374 454
f 454 455 535
f 535 536 616
f 616 617 697
f 697 698 778
f 778 779 859
f 859 860 940
f 940 941 1021
f 1021 1022 1102
f 1102 1103 1183
f 1183 1184 1264
f 1264 1265 1345
f 1345 1346 1426
f 1426 1427 1507
f 1507 1508 1588
f 1588 1589 1669
f 1669 1670 1750
f 1750 1751 1831
f 1831 1832 1912
f 1912 1913 1993
f 1993 1994 2074
f 2074 2075 2155
f 2155 2156 2236
f 2236 2237 2317
f 2317 2318 2398
f 2398 2399 2479
f 2479 2480 2560
f 2560 2561 2641
f 2641 2642 2722
f 2722 2723 2803
f 2803 2804 2884
f 2884 2885 2965
f 2965 2966 3046
f 3046 3047 3127
f 3127 3128 3208
f 3208 3209 3289
f 3289 3290 3370
f 3370 3371 3451
f 3451 3452 3532
f 3532 3533 3613
f 3613 3614 3694
f 3694 3695 3775
f 3775 3776 3856
f 3856 3857 3937
f 3937 3938 4018
f 4018 4019 4099
f 4099 4100 4180
f 4180 4181 4261
f 4261 4262 4342
f 4342 4343 4423
f 4423 4424 4504
f 4504 4505 4585
f 4585 4586 4666
f 4666 4667 4747
f 4747 4748 4828
f 4828 4829 4909
f 4909 4910 4990
f 4990 4991 5071
f 5071 5072 5152
f 5152 5153 5233
f 5233 5234 5314
f 5314 5315 5395
f 5395 5396 5476
f 5476 5477 5557
f 5557 5558 5638
f 5638 5639 5719
f 5719 5720 5800
f 5800 5801 5881
f 5881 5882 5962
f 5962 5963 6043
f 6043 6044 6124
f 6124 6125 6205
f 6205 6206 6286
f 6286 6287 6367
f 6367 6368 6448
f 6448 6449 6529
f 50 51 131
f 131 132 212
f 212 213 293
f 293 294 374
f 374 375 455
f 455 456 536
f 536 537 617
f 617 618 698
f 698 699 779
f 779 780 860
f 860 861 941
f 941 942 1022
f 1022 1023 1103
f 1103 1104 1184
f 1184 1185 1265
f 1265 1266 1346
f 1346 1347 1427
f 1427 1428 1508
f 1508 1509 1589
f 1589 1590 1670
f 1670 1671 1751
f 1751 1752 1832
f 1832 1833 1913
f 1913 1914 1994
f 1994 1995 2075
f 2075 2076 2156
f 2156 2157 2237
f 2237 2238 2318
f 2318 2319 2399
f 2399 2400 2480
f 2480 2481 2561
f 2561 2562 2642
f 2642 2643 2723
f 2723 2724 2804
f 2804 2805 2885
f 2885 2886 2966
f 2966 2967 3047
f 3047 3048 3128
f 3128 3129 3209
f 3209 3210 3290
f 3290 3291 3371
f 3371 3372 3452
f 3452 3453 3533
f 3533 3534 3614
f 3614 3615 3695
f 3695 3696 3776
f 3776 3777 3857
f 3857 3858 3938
f 3938 3939 4019
f 4019 4020 4100
f 4100 4101 4181
f 4181 4182 4262
f 4262 4263 4343
f 4343 4344 4424
f 4424 4425 4505
f 4505 4506 4586
f 4586 4587 4667
f 4667 4668 4748
f 4748 4749 4829
f 4829 4830 4910
f 4910 4911 4991
f 4991 4992 5072
f 5072 5073 5153
f 5153 5154 5234
f 5234 5235 5315
f 5315 5316 5396
f 5396 5397 5477
f 5477 5478 5558
f 5558 5559 5639
f 5639 5640 5720
f 5720 5721 5801
f 5801 5802 5882
f 5882 5883 5963
f 5963 5964 6044
f 6044 6045 6125
f 6125 6126 6206
f 6206 6207 6287
f 6287 6288 6368
f 6368 6369 6449
f 6449 6450 6530
f 51 52 132
f 132 133 213
f 213 214 294
f 294 295 375
f 375 376 456
f 456 457 537
f 537 538 618
f 618 619 699
f 699 700 780
f 780 781 861
f 861 862 942
f 942 943 1023
f 1023 1024 1104
f 1104 1105 1185
f 1185 1186 1266
f 1266 1267 1347
f 1347 1348 1428
f 1428 1429 1509
f 1509 1510 1590
f 1590 1591 1671
f 1671 1672 1752
f 1752 1753 1833
f 1833 1834 1914
f 1914 1915 1995
f 1995 1996 2076
f 2076 2077 2157
f 2157 2158 2238
f 2238 2239 2319
f 2319 2320 2400
f 2400 2401 2481
f 2481 2482 2562
f 2562 2563 2643
f 2643 2644 2724
f 2724 2725 2805
f 2805 2806 2886
f 2886 2887 2967
f 2967 2968 3048
f 3048 3049 3129
f 3129 3130 3210
f 3210 3211 3291
f 3291 3292 3372
f 3372 3373 3453
f 3453 3454 3534
f 3534 3535 3615
f 3615 3616 3696
f 3696 3697 3777
f 3777 3778 3858
f 3858 3859 3939
f 3939 3940 4020
f 4020 4021 4101
f 4101 4102 4182
f 4182 4183 4263
f 4263 4264 4344
f 4344 4345 4425
f 4425 4426 4506
f 4506 4507 4587
f 4587 4588 4668
f 4668 4669 4749
f 4749 4750 4830
f 4830 4831 4911
f 4911 4912 4992
f 4992 4993 5073
f 5073 5074 5154
f 5154 5155 5235
f 5235 5236 5316
f 5316 5317 5397
f 5397 5398 5478
f 5478 5479 5559
f 5559 5560 5640
f 5640 5641 5721
f 5721 5722 5802
f 5802 5803 5883
f 5883 5884 5964
f 5964 5965 6045
f 6045 6046 6126
f 6126 6127 6207
f 6207 6208 6288
f 6288 6289 6369
f 6369 6370 6450
f 6450 6451 6531
f 52 53 133
f 133 134 214
f 214 215 295
f 295 296 376
f 376 377 457
f 457 458 538
f 538 539 619
f 619 620 700
f 700 701 781
f 781 782 862
f 862 863 943
f 943 944 1024
f 1024 1025 1105
f 1105 1106 1186
f 1186 1187 1267
f 1267 1268 1348
f 1348 1349 1429
f 1429 1430 1510
f 1510 1511 1591
f 1591 1592 1672
f 1672 1673 1753
f 1753 1754 1834
f 1834 1835 1915
f 1915 1916 1996
f 1996 1997 2077
f 2077 2078 2158
f 2158 2159 2239
f 2239 2240 2320
f 2320 2321 2401
f 2401 2402 2482
f 2482 2483 2563
f 2563 2564 2644
f 2644 2645 2725
f 2725 2726 2806
f 2806 2807 2887
f 2887 2888 2968
f 2968 2969 3049
f 3049 3050 3130
f 3130 3131 3211
f 3211 3212 3292
f 3292 3293 3373
f 3373 3374 3454
f 3454 3455 3535
f 3535 3536 3616
f 3616 3617 3697
f 3697 3698 3778
f 3778 3779 3859
f 3859 3860 3940
f 3940 3941 4021
f 4021 4022 4102
f 4102 4103 4183
f 4183 4184 4264
f 4264 4265 4345
f 4345 4346 4426
f 4426 4427 4507
f 4507 4508 4588
f 4588 4589 4669
f 4669 4670 4750
f 4750 4751 4831
f 4831 4832 4912
f 4912 4913 4993
f 4993 4994 5074
f 5074 5075 5155
f 5155 5156 5236
f 5236 5237 5317
f 5317 5318 5398
f 5398 5399 5479
f 5479 5480 5560
f 5560 5561 5641
f 5641 5642 5722
f 5722 5723 5803
f 5803 5804 5884
f 5884 5885 5965
f 5965 5966 6046
f 6046 6047 6127
f 6127 6128 6208
f 6208 6209 6289
f 6289 6290 6370
f 6370 6371 6451
f 6451 6452 6532
f 53 54 134
f 134 135 215
f 215 216 296
f 296 297 377
f 377 378 458
f 458 459 539
f 539 540 620
f 620 621 701
f 701 702 782
f 782 783 863
f 863 864 944
f 944 945 1025
f 1025 1026 1106
f 1106 1107 1187
f 1187 1188 1268
f 1268 1269 1349
f 1349 1350 1430
f 1430 1431 1511
f 1511 1512 1592
f 1592 1593 1673
f 1673 1674 1754
f 1754 1755 1835
f 1835 1836 1916
f 1916 1917 1997
f 1997 1998 2078
f 2078 2079 2159
f 2159 2160 2240
f 2240 2241 2321
f 2321 2322 2402
f 2402 2403 2483
f 2483 2484 2564
f 2564 2565 2645
f 2645 2646 2726
f 2726 2727 2807
f 2807 2808 2888
f 2888 2889 2969
f 2969 2970 3050
f 3050 3051 3131
f 3131 3132 3212
f 3212 3213 3293
f 3293 3294 3374
f 3374 3375 3455
f 3455 3456 3536
f 3536 3537 3617
f 3617 3618 3698
f 3698 3699 3779
f 3779 3780 3860
f 3860 3861 3941
f 3941 3942 4022
f 4022 4023 4103
f 4103 4104 4184
f 4184 4185 4265
f 4265 4266 4346
f 4346 4347 4427
f 4427 4428 4508
f 4508 4509 4589
f 4589 4590 4670
f 4670 4671 4751
f 4751 4752 4832
f 4832 4833 4913
f 4913 4914 4994
f 4994 4995 5075
f 5075 5076 5156
f 5156 5157 5237
f 5237 5238 5318
f 5318 5319 5399
f 5399 5400 5480
f 5480 5481 5561
f 5561 5562 5642
f 5642 5643 5723
f 5723 5724 5804
f 5804 5805 5885
f 5885 5886 5966
f 5966 5967 6047
f 6047 6048 6128
f 6128 6129 6209
f 6209 6210 6290
f 6290 6291 6371
f 6371 6372 6452
f 6452 6453 6533
f 54 55 135
f 135 136 216
f 216 217 297
f 297 298 378
f 378 379 459
f 459 460 540
f 540 541 621
f 621 622 702
f 702 703 783
f 783 784 864
f 864 865 945
f 945 946 1026
f 1026 1027 1107
f 1107 1108 1188
f 1188 1189 1269
f 1269 1270 1350
f 1350 1351 1431
f 1431 1432 1512
f 1512 1513 1593
f 1593 1594 1674
f 1674 1675 1755
f 1755 1756 1836
f 1836 1837 1917
f 1917 1918 1998
f 1998 1999 2079
f 2079 2080 2160
f 2160 2161 2241
f 2241 2242 2322
f 2322 2323 2403
f 2403 2404 2484
f 2484 2485 2565
f 2565 2566 2646
f 2646 2647 2727
f 2727 2728 2808
f 2808 2809 2889
f 2889 2890 2970
f 2970 2971 3051
f 3051 3052 3132
f 3132 3133 3213
f 3213 3214 3294
f 3294 3295 3375
f 3375 3376 3456
f 3456 3457 3537
f 3537 3538 3618
f 3618 3619 3699
f 3699 3700 3780
f 3780 3781 3861
f 3861 3862 3942
f 3942 3943 4023
f 4023 4024 4104
f 4104 4105 4185
f 4185 4186 4266
f 4266 4267 4347
f 4347 4348 4428
f 4428 4429 4509
f 4509 4510 4590
f 4590 4591 4671
f 4671 4672 4752
f 4752 4753 4833
f 4833 4834 4914
f 4914 4915 4995
f 4995 4996 5076
f 5076 5077 5157
f 5157 5158 5238
f 5238 5239 5319
f 5319 5320 5400
f 5400 5401 5481
f 5481 5482 5562
f 5562 5563 5643
f 5643 5644 5724
f 5724 5725 5805
f 5805 5806 5886
f 5886 5887 5967
f 5967 5968 6048
f 6048 6049 6129
f 6129 6130 6210
f 6210 6211 6291
f 6291 6292 6372
f 6372 6373 6453
f 6453 6454 6534
f 55 56 136
f 136 137 217
f 217 218 298
f 298 299 379
f 379 380 460
f 460 461 541
f 541 542 622
f 622 623 703
f 703 704 784
f 784 785 865
f 865 866 946
f 946 947 1027
f 1027 1028 1108
f 1108 1109 1189
f 1189 1190 1270
f 1270 1271 1351
f 1351 1352 1432
f 1432 1433 1513
f 1513 1514 1594
f 1594 1595 1675
f 1675 1676 1756
f 1756 1757 1837
f 1837 1838 1918
f 1918 1919 1999
f 1999 2000 2080
f 2080 2081 2161
f 2161 2162 2242
f 2242 2243 2323
f 2323 2324 2404
f 2404 2405 2485
f 2485 2486 2566
f 2566 2567 2647
f 2647 2648 2728
f 2728 2729 2809
f 2809 2810 2890
f 2890 2891 2971
f 2971 2972 3052
f 3052 3053 3133
f 3133 3134 3214
f 3214 3215 3295
f 3295 3296 3376
f 3376 3377 3457
f 3457 3458 3538
f 3538 3539 3619
f 3619 3620 3700
f 3700 3701 3781
f 3781 3782 3862
f 3862 3863 3943
f 3943 3944 4024
f 4024 4025 4105
f 4105 4106 4186
f 4186 4187 4267
f 4267 4268 4348
f 4348 4349 4429
f 4429 4430 4510
f 4510 4511 4591
f 4591 4592 4672
f 4672 4673 4753
f 4753 4754 4834
f 4834 4835 4915
f 4915 4916 4996
f 4996 4997 5077
f 5077 5078 5158
f 5158 5159 5239
f 5239 5240 5320
f 5320 5321 5401
f 5401 5402 5482
f 5482 5483 5563
f 5563 5564 5644
f 5644 5645 5725
f 5725 5726 5806
f 5806 5807 5887
f 5887 5888 5968
f 5968 5969 6049
f 6049 6050 6130
f 6130 6131 6211
f 6211 6212 6292
f 6292 6293 6373
f 6373 6374 6454
f 6454 6455 6535
f 56 57 137
f 137 138 218
f 218 219 299
f 299 300 380
f 380 381 461
f 461 462 542
f 542 543 623
f 623 624 704
f 704 705 785
f 785 786 866
f 866 867 947
f 947 948 1028
f 1028 1029 1109
f 1109 1110 1190
f 1190 1191 1271
f 1271 1272 1352
f 1352 1353 1433
f 1433 1434 1514
f 1514 1515 1595
f 1595 1596 1676
f 1676 1677 1757
f 1757 1758 1838
f 1838 1839 1919
f 1919 1920 2000
f 2000 2001 2081
f 2081 2082 2162
f 2162 2163 2243
f 2243 2244 2324
f 2324 2325 2405
f 2405 2406 2486
f 2486 2487 2567
f 2567 2568 2648
f 2648 2649 2729
f 2729 2730 2810
f 2810 2811 2891
f 2891 2892 2972
f 2972 2973 3053
f 3053 3054 3134
f 3134 3135 3215
f 3215 3216 3296
f 3296 3297 3377
f 3377 3378 3458
f 3458 3459 3539
f 3539 3540 3620
f 3620 3621 3701
f 3701 3702 3782
f 3782 3783 3863
f 3863 3864 3944
f 3944 3945 4025
f 4025 4026 4106
f 4106 4107 4187
f 4187 4188 4268
f 4268 4269 4349
f 4349 4350 4430
f 4430 4431 4511
f 4511 4512 4592
f 4592 4593 4673
f 4673 4674 4754
f 4754 4755 4835
f 4835 4836 4916
f 4916 4917 4997
f 4997 4998 5078
f 5078 5079 5159
f 5159 5160 5240
f 5240 5241 5321
f 5321 5322 5402
f 5402 5403 5483
f 5483 5484 5564
f 5564 5565 5645
f 5645 5646 5726
f 5726 5727 5807
f 5807 5808 5888
f 5888 5889 5969
f 5969 5970 6050
f 6050 6051 6131
f 6131 6132 6212
f 6212 6213 6293
f 6293 6294 6374
f 6374 6375 6455
f 6455 6456 6536
f 57 58 138
f 138 139 219
f 219 220 300
f 300 301 381
f 381 382 462
f 462 463 543
f 543 544 624
f 624 625 705
f 705 706 786
f 786 787 867
f 867 868 948
f 948 949 1029
f 1029 1030 1110
f 1110 1111 1191
f 1191 1192 1272
f 1272 1273 1353
f 1353 1354 1434
f 1434 1435 1515
f 1515 1516 1596
f 1596 1597 1677
f 1677 1678 1758
f 1758 1759 1839
f 1839 1840 1920
f 1920 1921 2001
f 2001 2002 2082
f 2082 2083 2163
f 2163 2164 2244
f 2244 2245 2325
f 2325 2326 2406
f 2406 2407 2487
f 2487 2488 2568
f 2568 2569 2649
f 2649 2650 2730
f 2730 2731 2811
f 2811 2812 2892
f 2892 2893 2973
f 2973 2974 3054
f 3054 3055 3135
f 3135 3136 3216
f 3216 3217 3297
f 3297 3298 3378
f 3378 3379 3459
f 3459 3460 3540
f 3540 3541 3621
f 3621 3622 3702
f 3702 3703 3783
f 3783 3784 3864
f 3864 3865 3945
f 3945 3946 4026
f 4026 4027 4107
f 4107 4108 4188
f 4188 4189 4269
f 4269 4270 4350
f 4350 4351 4431
f 4431 4432 4512
f 4512 4513 4593
f 4593 4594 4674
f 4674 4675 4755
f 4755 4756 4836
f 4836 4837 4917
f 4917 4918 4998
f 4998 4999 5079
f 5079 5080 5160
f 5160 5161 5241
f 5241 5242 5322
f 5322 5323 5403
f 5403 5404 5484
f 5484 5485 5565
f 5565 5566 5646
f 5646 5647 5727
f 5727 5728 5808
f 5808 5809 5889
f 5889 5890 5970
f 5970 5971 6051
f 6051 6052 6132
f 6132 6133 6213
f 6213 6214 6294
f 6294 6295 6375
f 6375 6376 6456
f 6456 6457 6537
f 58 59 139
f 139 140 220
f 220 221 301
f 301 302 382
f 382 383 463
f 463 464 544
f 544 545 625
f 625 626 706
f 706 707 787
f 787 788 868
f 868 869 949
f 949 950 1030
f 1030 1031 1111
f 1111 1112 1192
f 1192 1193 1273
f 1273 1274 1354
f 1354 1355 1435
f 1435 1436 1516
f 1516 1517 1597
f 1597 1598 1678
f 1678 1679 1759
f 1759 1760 1840
f 1840 1841 1921
f 1921 1922 2002
f 2002 2003 2083
f 2083 2084 2164
f 2164 2165 2245
f 2245 2246 2326
f 2326 2327 2407
f 2407 2408 2488
f 2488 2489 2569
f 2569 2570 2650
f 2650 2651 2731
f 2731 2732 2812
f 2812 2813 2893
f 2893 2894 2974
f 2974 2975 3055
f 3055 3056 3136
f 3136 3137 3217
f 3217 3218 3298
f 3298 3299 3379
f 3379 3380 3460
f 3460 3461 3541
f 3541 3542 3622
f 3622 3623 3703
f 3703 3704 3784
f 3784 3785 3865
f 3865 3866 3946
f 3946 3947 4027
f 4027 4028 4108
f 4108 4109 4189
f 4189 4190 4270
f 4270 4271 4351
f 4351 4352 4432
f 4432 4433 4513
f 4513 4514 4594
f 4594 4595 4675
f 4675 4676 4756
f 4756 4757 4837
f 4837 4838 4918
f 4918 4919 4999
f 4999 5000 5080
f 5080 5081 5161
f 5161 5162 5242
f 5242 5243 5323
f 5323 5324 5404
f 5404 5405 5485
f 5485 5486 5566
f 5566 5567 5647
f 5647 5648 5728
f 5728 5729 5809
f 5809 5810 5890
f 5890 5891 5971
f 5971 5972 6052
f 6052 6053 6133
f 6133 6134 6214
f 6214 6215 6295
f 6295 6296 6376
f 6376 6377 6457
f 6457 6458 6538
f 59 60 140
f 140 141 221
f 221 222 302
f 302 303 383
f 383 384 464
f 464 465 545
f 545 546 626
f 626 627 707
f 707 708 788
f 788 789 869
f 869 870 950
f 950 951 1031
f 1031 1032 1112
f 1112 1113 1193
f 1193 1194 1274
f 1274 1275 1355
f 1355 1356 1436
f 1436 1437 1517
f 1517 1518 1598
f 1598 1599 1679
f 1679 1680 1760
f 1760 1761 1841
f 1841 1842 1922
f 1922 1923 2003
f 2003 2004 2084
f 2084 2085 2165
f 2165 2166 2246
f 2246 2247 2327
f 2327 2328 2408
f 2408 2409 2489
f 2489 2490 2570
f 2570 2571 2651
f 2651 2652 2732
f 2732 2733 2813
f 2813 2814 2894
f 2894 2895 2975
f 2975 2976 3056
f 3056 3057 3137
f 3137 3138 3218
f 3218 3219 3299
f 3299 3300 3380
f 3380 3381 3461
f 3461 3462 3542
f 3542 3543 3623
f 3623 3624 3704
f 3704 3705 3785
f 3785 3786 3866
f 3866 3867 3947
f 3947 3948 4028
f 4028 4029 4109
f 4109 4110 4190
f 4190 4191 4271
f 4271 4272 4352
f 4352 4353 4433
f 4433 4434 4514
f 4514 4515 4595
f 4595 4596 4676
f 4676 4677 4757
f 4757 4758 4838
f 4838 4839 4919
f 4919 4920 5000
f 5000 5001 5081
f 5081 5082 5162
f 5162 5163 5243
f 5243 5244 5324
f 5324 5325 5405
f 5405 5406 5486
f 5486 5487 5567
f 5567 5568 5648
f 5648 5649 5729
f 5729 5730 5810
f 5810 5811 5891
f 5891 5892 5972
f 5972 5973 6053
f 6053 6054 6134
f 6134 6135 6215
f 6215 6216 6296
f 6296 6297 6377
f 6377 6378 6458
f 6458 6459 6539
f 60 61 141
f 141 142 222
f 222 223 303
f 303 304 384
f 384 385 465
f 465 466 546
f 546 547 627
f 627 628 708
f 708 709 789
f 789 790 870
f 870 871 951
f 951 952 1032
f 1032 1033 1113
f 1113 1114 1194
f 1194 1195 1275
f 1275 1276 1356
f 1356 1357 1437
f 1437 1438 1518
f 1518 1519 1599
f 1599 1600 1680
f 1680 1681 1761
f 1761 1762 1842
f 1842 1843 1923
f 1923 1924 2004
f 2004 2005 2085
f 2085 2086 2166
f 2166 2167 2247
f 2247 2248 2328
f 2328 2329 2409
f 2409 2410 2490
f 2490 2491 2571
f 2571 2572 2652
f 2652 2653 2733
f 2733 2734 2814
f 2814 2815 2895
f 2895 2896 2976
f 2976 2977 3057
f 3057 3058 3138
f 3138 3139 3219
f 3219 3220 3300
f 3300 3301 3381
f 3381 3382 3462
f 3462 3463 3543
f 3543 3544 3624
f 3624 3625 3705
f 3705 3706 3786
f 3786 3787 3867
f 3867 3868 3948
f 3948 3949 4029
f 4029 4030 4110
f 4110 4111 4191
f 4191 4192 4272
f 4272 4273 4353
f 4353 4354 4434
f 4434 4435 4515
f 4515 4516 4596
f 4596 4597 4677
f 4677 4678 4758
f 4758 4759 4839
f 4839 4840 4920
f 4920 4921 5001
f 5001 5002 5082
f 5082 5083 5163
f 5163 5164 5244
f 5244 5245 5325
f 5325 5326 5406
f 5406 5407 5487
f 5487 5488 5568
f 5568 5569 5649
f 5649 5650 5730
f 5730 5731 5811
f 5811 5812 5892
f 5892 5893 5973
f 5973 5974 6054
f 6054 6055 6135
f 6135 6136 6216
f 6216 6217 6297
f 6297 6298 6378
f 6378 6379 6459
f 6459 6460 6540
f 61 62 142
f 142 143 223
f 223 224 304
f 304 305 385
f 385 386 466
f 466 467 547
f 547 548 628
f 628 629 709
f 709 710 790
f 790 791 871
f 871 872 952
f 952 953 1033
f 1033 1034 1114
f 1114 1115 1195
f 1195 1196 1276
f 1276 1277 1357
f 1357 1358 1438
f 1438 1439 1519
f 1519 1520 1600
f 1600 1601 1681
f 1681 1682 1762
f 1762 1763 1843
f 1843 1844 1924
f 1924 1925 2005
f 2005 2006 2086
f 2086 2087 2167
f 2167 2168 2248
f 2248 2249 2329
f 2329 2330 2410
f 2410 2411 2491
f 2491 2492 2572
f 2572 2573 2653
f 2653 2654 2734
f 2734 2735 2815
f 2815 2816 2896
f 2896 2897 2977
f 2977 2978 3058
f 3058 3059 3139
f 3139 3140 3220
f 3220 3221 3301
f 3301 3302 3382
f 3382 3383 3463
f 3463 3464 3544
f 3544 3545 3625
f 3625 3626 3706
f 3706 3707 3787
f 3787 3788 3868
f 3868 3869 3949
f 3949 3950 4030
f 4030 4031 4111
f 4111 4112 4192
f 4192 4193 4273
f 4273 4274 4354
f 4354 4355 4435
f 4435 4436 4516
f 4516 4517 4597
f 4597 4598 4678
f 4678 4679 4759
f 4759 4760 4840
f 4840 4841 4921
f 4921 4922 5002
f 5002 5003 5083
f 5083 5084 5164
f 5164 5165 5245
f 5245 5246 5326
f 5326 5327 5407
f 5407 5408 5488
f 5488 5489 5569
f 5569 5570 5650
f 5650 5651 5731
f 5731 5732 5812
f 5812 5813 5893
f 5893 5894 5974
f 5974 5975 6055
f 6055 6056 6136
f 6136 6137 6217
f 6217 6218 6298
f 6298 6299 6379
f 6379 6380 6460
f 6460 6461 6541
f 62 63 143
f 143 144 224
f 224 225 305
f 305 306 386
f 386 387 467
f 467 468 548
f 548 549 629
f 629 630 710
f 710 711 791
f 791 792 872
f 872 873 953
f 953 954 1034
f 1034 1035 1115
f 1115 1116 1196
f 1196 1197 1277
f 1277 1278 1358
f 1358 1359 1439
f 1439 1440 1520
f 1520 1521 1601
f 1601 1602 1682
f 1682 1683 1763
f 1763 1764 1844
f 1844 1845 1925
f 1925 1926 2006
f 2006 2007 2087
f 2087 2088 2168
f 2168 2169 2249
f 2249 2250 2330
f 2330 2331 2411
f 2411 2412 2492
f 2492 2493 2573
f 2573 2574 2654
f 2654 2655 2735
f 2735 2736 2816
f 2816 2817 2897
f 2897 2898 2978
f 2978 2979 3059
f 3059 3060 3140
f 3140 3141 3221
f 3221 3222 3302
f 3302 3303 3383
f 3383 3384 3464
f 3464 3465 3545
f 3545 3546 3626
f 3626 3627 3707
f 3707 3708 3788
f 3788 3789 3869
f 3869 3870 3950
f 3950 3951 4031
f 4031 4032 4112
f 4112 4113 4193
f 4193 4194 4274
f 4274 4275 4355
f 4355 4356 4436
f 4436 4437 4517
f 4517 4518 4598
f 4598 4599 4679
f 4679 4680 4760
f 4760 4761 4841
f 4841 4842 4922
f 4922 4923 5003
f 5003 5004 5084
f 5084 5085 5165
f 5165 5166 5246
f 5246 5247 5327
f 5327 5328 5408
f 5408 5409 5489
f 5489 5490 5570
f 5570 5571 5651
f 5651 5652 5732
f 5732 5733 5813
f 5813 5814 5894
f 5894 5895 5975
f 5975 5976 6056
f 6056 6057 6137
f 6137 6138 6218
f 6218 6219 6299
f 6299 6300 6380
f 6380 6381 6461
f 6461 6462 6542
f 63 64 144
f 144 145 225
f 225 226 306
f 306 307 387
f 387 388 468
f 468 469 549
f 549 550 630
f 630 631 711
f 711 712 792
f 792 793 873
f 873 874 954
f 954 955 1035
f 1035 1036 1116
f 1116 1117 1197
f 1197 1198 1278
f 1278 1279 1359
f 1359 1360 1440
f 1440 1441 1521
f 1521 1522 1602
f 1602 1603 1683
f 1683 1684 1764
f 1764 1765 1845
f 1845 1846 1926
f 1926 1927 2007
f 2007 2008 2088
f 2088 2089 2169
f 2169 2170 2250
f 2250 2251 2331
f 2331 2332 2412
f 2412 2413 2493
f 2493 2494 2574
f 2574 2575 2655
f 2655 2656 2736
f 2736 2737 2817
f 2817 2818 2898
f 2898 2899 2979
f 2979 2980 3060
f 3060 3061 3141
f 3141 3142 3222
f 3222 3223 3303
f 3303 3304 3384
f 3384 3385 3465
f 3465 3466 3546
f 3546 3547 3627
f 3627 3628 3708
f 3708 3709 3789
f 3789 3790 3870
f 3870 3871 3951
f 3951 3952 4032
f 4032 4033 4113
f 4113 4114 4194
f 4194 4195 4275
f 4275 4276 4356
f 4356 4357 4437
f 4437 4438 4518
f 4518 4519 4599
f 4599 4600 4680
f 4680 4681 4761
f 4761 4762 4842
f 4842 4843 4923
f 4923 4924 5004
f 5004 5005 5085
f 5085 5086 5166
f 5166 5167 5247
f 5247 5248 5328
f 5328 5329 5409
f 5409 5410 5490
f 5490 5491 5571
f 5571 5572 5652
f 5652 5653 5733
f 5733 5734 5814
f 5814 5815 5895
f 5895 5896 5976
f 5976 5977 6057
f 6057 6058 6138
f 6138 6139 6219
f 6219 6220 6300
f 6300 6301 6381
f 6381 6382 6462
f 6462 6463 6543
f 64 65 145
f 145 146 226
f 226 227 307
f 307 308 388
f 388 389 469
f 469 470 550
f 550 551 631
f 631 632 712
f 712 713 793
f 793 794 874
f 874 875 955
f 955 956 1036
f 1036 1037 1117
f 1117 1118 1198
f 1198 1199 1279
f 1279 1280 1360
f 1360 1361 1441
f 1441 1442 1522
f 1522 1523 1603
f 1603 1604 1684
f 1684 1685 1765
f 1765 1766 1846
f 1846 1847 1927
f 1927 1928 2008
f 2008 2009 2089
f 2089 2090 2170
f 2170 2171 2251
f 2251 2252 2332
f 2332 2333 2413
f 2413 2414 2494
f 2494 2495 2575
f 2575 2576 2656
f 2656 2657 2737
f 2737 2738 2818
f 2818 2819 2899
f 2899 2900 2980
f 2980 2981 3061
f 3061 3062 3142
f 3142 3143 3223
f 3223 3224 3304
f 3304 3305 3385
f 3385 3386 3466
f 3466 3467 3547
f 3547 3548 3628
f 3628 3629 3709
f 3709 3710 3790
f 3790 3791 3871
f 3871 3872 3952
f 3952 3953 4033
f 4033 4034 4114
f 4114 4115 4195
f 4195 4196 4276
f 4276 4277 4357
f 4357 4358 4438
f 4438 4439 4519
f 4519 4520 4600
f 4600 4601 4681
f 4681 4682 4762
f 4762 4763 4843
f 4843 4844 4924
f 4924 4925 5005
f 5005 5006 5086
f 5086 5087 5167
f 5167 5168 5248
f 5248 5249 5329
f 5329 5330 5410
f 5410 5411 5491
f 5491 5492 5572
f 5572 5573 5653
f 5653 5654 5734
f 5734 5735 5815
f 5815 5816 5896
f 5896 5897 5977
f 5977 5978 6058
f 6058 6059 6139
f 6139 6140 6220
f 6220 6221 6301
f 6301 6302 6382
f 6382 6383 6463
f 6463 6464 6544
f 65 66 146
f 146 147 227
f 227 228 308
f 308 309 389
f 389 390 470
f 470 471 551
f 551 552 632
f 632 633 713
f 713 714 794
f 794 795 875
f 875 876 956
f 956 957 1037
f 1037 1038 1118
f 1118 1119 1199
f 1199 1200 1280
f 1280 1281 1361
f 1361 1362 1442
f 1442 1443 1523
f 1523 1524 1604
f 1604 1605 1685
f 1685 1686 1766
f 1766 1767 1847
f 1847 1848 1928
f 1928 1929 2009
f 2009 2010 2090
f 2090 2091 2171
f 2171 2172 2252
f 2252 2253 2333
f 2333 2334 2414
f 2414 2415 2495
f 2495 2496 2576
f 2576 2577 2657
f 2657 2658 2738
f 2738 2739 2819
f 2819 2820 2900
f 2900 2901 2981
f 2981 2982 3062
f 3062 3063 3143
f 3143 3144 3224
f 3224 3225 3305
f 3305 3306 3386
f 3386 3387 3467
f 3467 3468 3548
f 3548 3549 3629
f 3629 3630 3710
f 3710 3711 3791
f 3791 3792 3872
f 3872 3873 3953
f 3953 3954 4034
f 4034 4035 4115
f 4115 4116 4196
f 4196 4197 4277
f 4277 4278 4358
f 4358 4359 4439
f 4439 4440 4520
f 4520 4521 4601
f 4601 4602 4682
f 4682 4683 4763
f 4763 4764 4844
f 4844 4845 4925
f 4925 4926 5006
f 5006 5007 5087
f 5087 5088 5168
f 5168 5169 5249
f 5249 5250 5330
f 5330 5331 5411
f 5411 5412 5492
f 5492 5493 5573
f 5573 5574 5654
f 5654 5655 5735
f 5735 5736 5816
f 5816 5817 5897
f 5897 5898 5978
f 5978 5979 6059
f 6059 6060 6140
f 6140 6141 6221
f 6221 6222 6302
f 6302 6303 6383
f 6383 6384 6464
f 6464 6465 6545
f 66 67 147
f 147 148 228
f 228 229 309
f 309 310 390
f 390 391 471
f 471 472 552
f 552 553 633
f 633 634 714
f 714 715 795
f 795 796 876
f 876 877 957
f 957 958 1038
f 1038 1039 1119
f 1119 1120 1200
f 1200 1201 1281
f 1281 1282 1362
f 1362 1363 1443
f 1443 1444 1524
f 1524 1525 1605
f 1605 1606 1686
f 1686 1687 1767
f 1767 1768 1848
f 1848 1849 1929
f 1929 1930 2010
f 2010 2011 2091
f 2091 2092 2172
f 2172 2173 2253
f 2253 2254 2334
f 2334 2335 2415
f 2415 2416 2496
f 2496 2497 2577
f 2577 2578 2658
f 2658 2659 2739
f 2739 2740 2820
f 2820 2821 2901
f 2901 2902 2982
f 2982 2983 3063
f 3063 3064 3144
f 3144 3145 3225
f 3225 3226 3306
f 3306 3307 3387
f 3387 3388 3468
f 3468 3469 3549
f 3549 3550 3630
f 3630 3631 3711
f 3711 3712 3792
f 3792 3793 3873
f 3873 3874 3954
f 3954 3955 4035
f 4035 4036 4116
f 4116 4117 4197
f 4197 4198 4278
f 4278 4279 4359
f 4359 4360 4440
f 4440 4441 4521
f 4521 4522 4602
f 4602 4603 4683
f 4683 4684 4764
f 4764 4765 4845
f 4845 4846 4926
f 4926 4927 5007
f 5007 5008 5088
f 5088 5089 5169
f 5169 5170 5250
f 5250 5251 5331
f 5331 5332 5412
f 5412 5413 5493
f 5493 5494 5574
f 5574 5575 5655
f 5655 5656 5736
f 5736 5737 5817
f 5817 5818 5898
f 5898 5899 5979
f 5979 5980 6060
f 6060 6061 6141
f 6141 6142 6222
f 6222 6223 6303
f 6303 6304 6384
f 6384 6385 6465
f 6465 6466 6546
f 67 68 148
f 148 149 229
f 229 230 310
f 310 311 391
f 391 392 472
f 472 473 553
f 553 554 634
f 634 635 715
f 715 716 796
f 796 797 877
f 877 878 958
f 958 959 1039
f 1039 1040 1120
f 1120 1121 1201
f 1201 1202 1282
f 1282 1283 1363
f 1363 1364 1444
f 1444 1445 1525
f 1525 1526 1606
f 1606 1607 1687
f 1687 1688 1768
f 1768 1769 1849
f 1849 1850 1930
f 1930 1931 2011
f 2011 2012 2092
f 2092 2093 2173
f 2173 2174 2254
f 2254 2255 2335
f 2335 2336 2416
f 2416 2417 2497
f 2497 2498 2578
f 2578 2579 2659
f 2659 2660 2740
f 2740 2741 2821
f 2821 2822 2902
f 2902 2903 2983
f 2983 2984 3064
f 3064 3065 3145
f 3145 3146 3226
f 3226 3227 3307
f 3307 3308 3388
f 3388 3389 3469
f 3469 3470 3550
f 3550 3551 3631
f 3631 3632 3712
f 3712 3713 3793
f 3793 3794 3874
f 3874 3875 3955
f 3955 3956 4036
f 4036 4037 4117
f 4117 4118 4198
f 4198 4199 4279
f 4279 4280 4360
f 4360 4361 4441
f 4441 4442 4522
f 4522 4523 4603
f 4603 4604 4684
f 4684 4685 4765
f 4765 4766 4846
f 4846 4847 4927
f 4927 4928 5008
f 5008 5009 5089
f 5089 5090 5170
f 5170 5171 5251
f 5251 5252 5332
f 5332 5333 5413
f 5413 5414 5494
f 5494 5495 5575
f 5575 5576 5656
f 5656 5657 5737
f 5737 5738 5818
f 5818 5819 5899
f 5899 5900 5980
f 5980 5981 6061
f 6061 6062 6142
f 6142 6143 6223
f 6223 6224 6304
f 6304 6305 6385
f 6385 6386 6466
f 6466 6467 6547
f 68 69 149
f 149 150 230
f 230 231 311
f 311 312 392
f 392 393 473
f 473 474 554
f 554 555 635
f 635 636 716
f 716 717 797
f 797 798 878
f 878 879 959
f 959 960 1040
f 1040 1041 1121
f 1121 1122 1202
f 1202 1203 1283
f 1283 1284 1364
f 1364 1365 1445
f 1445 1446 1526
f 1526 1527 1607
f 1607 1608 1688
f 1688 1689 1769
f 1769 1770 1850
f 1850 1851 1931
f 1931 1932 2012
f 2012 2013 2093
f 2093 2094 2174
f 2174 2175 2255
f 2255 2256 2336
f 2336 2337 2417
f 2417 2418 2498
f 2498 2499 2579
f 2579 2580 2660
f 2660 2661 2741
f 2741 2742 2822
f 2822 2823 2903
f 2903 2904 2984
f 2984 2985 3065
f 3065 3066 3146
f 3146 3147 3227
f 3227 3228 3308
f 3308 3309 3389
f 3389 3390 3470
f 3470 3471 3551
f 3551 3552 3632
f 3632 3633 3713
f 3713 3714 3794
f 3794 3795 3875
f 3875 3876 3956
f 3956 3957 4037
f 4037 4038 4118
f 4118 4119 4199
f 4199 4200 4280
f 4280 4281 4361
f 4361 4362 4442
f 4442 4443 4523
f 4523 4524 4604
f 4604 4605 4685
f 4685 4686 4766
f 4766 4767 4847
f 4847 4848 4928
f 4928 4929 5009
f 5009 5010 5090
f 5090 5091 5171
f 5171 5172 5252
f 5252 5253 5333
f 5333 5334 5414
f 5414 5415 5495
f 5495 5496 5576
f 5576 5577 5657
f 5657 5658 5738
f 5738 5739 5819
f 5819 5820 5900
f 5900 5901 5981
f 5981 5982 6062
f 6062 6063 6143
f 6143 6144 6224
f 6224 6225 6305
f 6305 6306 6386
f 6386 6387 6467
f 6467 6468 6548
f 69 70 150
f 150 151 231
f 231 232 312
f 312 313 393
f 393 394 474
f 474 475 555
f 555 556 636
f 636 637 717
f 717 718 798
f 798 799 879
f 879 880 960
f 960 961 1041
f 1041 1042 1122
f 1122 1123 1203
f 1203 1204 1284
f 1284 1285 1365
f 1365 1366 1446
f 1446 1447 1527
f 1527 1528 1608
f 1608 1609 1689
f 1689 1690 1770
f 1770 1771 1851
f 1851 1852 1932
f 1932 1933 2013
f 2013 2014 2094
f 2094 2095 2175
f 2175 2176 2256
f 2256 2257 2337
f 2337 2338 2418
f 2418 2419 2499
f 2499 2500 2580
f 2580 2581 2661
f 2661 2662 2742
f 2742 2743 2823
f 2823 2824 2904
f 2904 2905 2985
f 2985 2986 3066
f 3066 3067 3147
f 3147 3148 3228
f 3228 3229 3309
f 3309 3310 3390
f 3390 3391 3471
f 3471 3472 3552
f 3552 3553 3633
f 3633 3634 3714
f 3714 3715 3795
f 3795 3796 3876
f 3876 3877 3957
f 3957 3958 4038
f 4038 4039 4119
f 4119 4120 4200
f 4200 4201 4281
f 4281 4282 4362
f 4362 4363 4443
f 4443 4444 4524
f 4524 4525 4605
f 4605 4606 4686
f 4686 4687 4767
f 4767 4768 4848
f 4848 4849 4929
f 4929 4930 5010
f 5010 5011 5091
f 5091 5092 5172
f 5172 5173 5253
f 5253 5254 5334
f 5334 5335 5415
f 5415 5416 5496
f 5496 5497 5577
f 5577 5578 5658
f 5658 5659 5739
f 5739 5740 5820
f 5820 5821 5901
f 5901 5902 5982
f 5982 5983 6063
f 6063 6064 6144
f 6144 6145 6225
f 6225 6226 6306
f 6306 6307 6387
f 6387 6388 6468
f 6468 6469 6549
f 70 71 151
f 151 152 232
f 232 233 313
f 313 314 394
f 394 395 475
f 475 476 556
f 556 557 637
f 637 638 718
f 718 719 799
f 799 800 880
f 880 881 961
f 961 962 1042
f 1042 1043 1123
f 1123 1124 1204
f 1204 1205 1285
f 1285 1286 1366
f 1366 1367 1447
f 1447 1448 1528
f 1528 1529 1609
f 1609 1610 1690
f 1690 1691 1771
f 1771 1772 1852
f 1852 1853 1933
f 1933 1934 2014
f 2014 2015 2095
f 2095 2096 2176
f 2176 2177 2257
f 2257 2258 2338
f 2338 2339 2419
f 2419 2420 2500
f 2500 2501 2581
f 2581 2582 2662
f 2662 2663 2743
f 2743 2744 2824
f 2824 2825 2905
f 2905 2906 2986
f 2986 2987 3067
f 3067 3068 3148
f 3148 3149 3229
f 3229 3230 3310
f 3310 3311 3391
f 3391 3392 3472
f 3472 3473 3553
f 3553 3554 3634
f 3634 3635 3715
f 3715 3716 3796
f 3796 3797 3877
f 3877 3878 3958
f 3958 3959 4039
f 4039 4040 4120
f 4120 4121 4201
f 4201 4202 4282
f 4282 4283 4363
f 4363 4364 4444
f 4444 4445 4525
f 4525 4526 4606
f 4606 4607 4687
f 4687 4688 4768
f 4768 4769 4849
f 4849 4850 4930
f 4930 4931 5011
f 5011 5012 5092
f 5092 5093 5173
f 5173 5174 5254
f 5254 5255 5335
f 5335 5336 5416
f 5416 5417 5497
f 5497 5498 5578
f 5578 5579 5659
f 5659 5660 5740
f 5740 5741 5821
f 5821 5822 5902
f 5902 5903 5983
f 5983 5984 6064
f 6064 6065 6145
f 6145 6146 6226
f 6226 6227 6307
f 6307 6308 6388
f 6388 6389 6469
f 6469 6470 6550
f 71 72 152
f 152 153 233
f 233 234 314
f 314 315 395
f 395 396 476
f 476 477 557
f 557 558 638
f 638 639 719
f 719 720 800
f 800 801 881
f 881 882 962
f 962 963 1043
f 1043 1044 1124
f 1124 1125 1205
f 1205 1206 1286
f 1286 1287 1367
f 1367 1368 1448
f 1448 1449 1529
f 1529 1530 1610
f 1610 1611 1691
f 1691 1692 1772
f 1772 1773 1853
f 1853 1854 1934
f 1934 1935 2015
f 2015 2016 2096
f 2096 2097 2177
f 2177 2178 2258
f 2258 2259 2339
f 2339 2340 2420
f 2420 2421 2501
f 2501 2502 2582
f 2582 2583 2663
f 2663 2664 2744
f 2744 2745 2825
f 2825 2826 2906
f 2906 2907 2987
f 2987 2988 3068
f 3068 3069 3149
f 3149 3150 3230
f 3230 3231 3311
f 3311 3312 3392
f 3392 3393 3473
f 3473 3474 3554
f 3554 3555 3635
f 3635 3636 3716
f 3716 3717 3797
f 3797 3798 3878
f 3878 3879 3959
f 3959 3960 4040
f 4040 4041 4121
f 4121 4122 4202
f 4202 4203 4283
f 4283 4284 4364
f 4364 4365 4445
f 4445 4446 4526
f 4526 4527 4607
f 4607 4608 4688
f 4688 4689 4769
f 4769 4770 4850
f 4850 4851 4931
f 4931 4932 5012
f 5012 5013 5093
f 5093 5094 5174
f 5174 5175 5255
f 5255 5256 5336
f 5336 5337 5417
f 5417 5418 5498
f 5498 5499 5579
f 5579 5580 5660
f 5660 5661 5741
f 5741 5742 5822
f 5822 5823 5903
f 5903 5904 5984
f 5984 5985 6065
f 6065 6066 6146
f 6146 6147 6227
f 6227 6228 6308
f 6308 6309 6389
f 6389 6390 6470
f 6470 6471 6551
f 72 73 153
f 153 154 234
f 234 235 315
f 315 316 396
f 396 397 477
f 477 478 558
f 558 559 639
f 639 640 720
f 720 721 801
f 801 802 882
f 882 883 963
f 963 964 1044
f 1044 1045 1125
f 1125 1126 1206
f 1206 1207 1287
f 1287 1288 1368
f 1368 1369 1449
f 1449 1450 1530
f 1530 1531 1611
f 1611 1612 1692
f 1692 1693 1773
f 1773 1774 1854
f 1854 1855 1935
f 1935 1936 2016
f 2016 2017 2097
f 2097 2098 2178
f 2178 2179 2259
f 2259 2260 2340
f 2340 2341 2421
f 2421 2422 2502
f 2502 2503 2583
f 2583 2584 2664
f 2664 2665 2745
f 2745 2746 2826
f 2826 2827 2907
f 2907 2908 2988
f 2988 2989 3069
f 3069 3070 3150
f 3150 3151 3231
f 3231 3232 3312
f 3312 3313 3393
f 3393 3394 3474
f 3474 3475 3555
f 3555 3556 3636
f 3636 3637 3717
f 3717 3718 3798
f 3798 3799 3879
f 3879 3880 3960
f 3960 3961 4041
f 4041 4042 4122
f 4122 4123 4203
f 4203 4204 4284
f 4284 4285 4365
f 4365 4366 4446
f 4446 4447 4527
f 4527 4528 4608
f 4608 4609 4689
f 4689 4690 4770
f 4770 4771 4851
f 4851 4852 4932
f 4932 4933 5013
f 5013 5014 5094
f 5094 5095 5175
f 5175 5176 5256
f 5256 5257 5337
f 5337 5338 5418
f 5418 5419 5499
f 5499 5500 5580
f 5580 5581 5661
f 5661 5662 5742
f 5742 5743 5823
f 5823 5824 5904
f 5904 5905 5985
f 5985 5986 6066
f 6066 6067 6147
f 6147 6148 6228
f 6228 6229 6309
f 6309 6310 6390
f 6390 6391 6471
f 6471 6472 6552
f 73 74 154
f 154 155 235
f 235 236 316
f 316 317 397
f 397 398 478
f 478 479 559
f 559 560 640
f 640 641 721
f 721 722 802
f 802 803 883
f 883 884 964
f 964 965 1045
f 1045 1046 1126
f 1126 1127 1207
f 1207 1208 1288
f 1288 1289 1369
f 1369 1370 1450
f 1450 1451 1531
f 1531 1532 1612
f 1612 1613 1693
f 1693 1694 1774
f 1774 1775 1855
f 1855 1856 1936
f 1936 1937 2017
f 2017 2018 2098
f 2098 2099 2179
f 2179 2180 2260
f 2260 2261 2341
f 2341 2342 2422
f 2422 2423 2503
f 2503 2504 2584
f 2584 2585 2665
f 2665 2666 2746
f 2746 2747 2827
f 2827 2828 2908
f 2908 2909 2989
f 2989 2990 3070
f 3070 3071 3151
f 3151 3152 3232
f 3232 3233 3313
f 3313 3314 3394
f 3394 3395 3475
f 3475 3476 3556
f 3556 3557 3637
f 3637 3638 3718
f 3718 3719 3799
f 3799 3800 3880
f 3880 3881 3961
f 3961 3962 4042
f 4042 4043 4123
f 4123 4124 4204
f 4204 4205 4285
f 4285 4286 4366
f 4366 4367 4447
f 4447 4448 4528
f 4528 4529 4609
f 4609 4610 4690
f 4690 4691 4771
f 4771 4772 4852
f 4852 4853 4933
f 4933 4934 5014
f 5014 5015 5095
f 5095 5096 5176
f 5176 5177 5257
f 5257 5258 5338
f 5338 5339 5419
f 5419 5420 5500
f 5500 5501 5581
f 5581 5582 5662
f 5662 5663 5743
f 5743 5744 5824
f 5824 5825 5905
f 5905 5906 5986
f 5986 5987 6067
f 6067 6068 6148
f 6148 6149 6229
f 6229 6230 6310
f 6310 6311 6391
f 6391 6392 6472
f 6472 6473 6553
f 74 75 155
f 155 156 236
f 236 237 317
f 317 318 398
f 398 399 479
f 479 480 560
f 560 561 641
f 641 642 722
f 722 723 803
f 803 804 884
f 884 885 965
f 965 966 1046
f 1046 1047 1127
f 1127 1128 1208
f 1208 1209 1289
f 1289 1290 1370
f 1370 1371 1451
f 1451 1452 1532
f 1532 1533 1613
f 1613 1614 1694
f 1694 1695 1775
f 1775 1776 1856
f 1856 1857 1937
f 1937 1938 2018
f 2018 2019 2099
f 2099 2100 2180
f 2180 2181 2261
f 2261 2262 2342
f 2342 2343 2423
f 2423 2424 2504
f 2504 2505 2585
f 2585 2586 2666
f 2666 2667 2747
f 2747 2748 2828
f 2828 2829 2909
f 2909 2910 2990
f 2990 2991 3071
f 3071 3072 3152
f 3152 3153 3233
f 3233 3234 3314
f 3314 3315 3395
f 3395 3396 3476
f 3476 3477 3557
f 3557 3558 3638
f 3638 3639 3719
f 3719 3720 3800
f 3800 3801 3881
f 3881 3882 3962
f 3962 3963 4043
f 4043 4044 4124
f 4124 4125 4205
f 4205 4206 4286
f 4286 4287 4367
f 4367 4368 4448
f 4448 4449 4529
f 4529 4530 4610
f 4610 4611 4691
f 4691 4692 4772
f 4772 4773 4853
f 4853 4854 4934
f 4934 4935 5015
f 5015 5016 5096
f 5096 5097 5177
f 5177 5178 5258
f 5258 5259 5339
f 5339 5340 5420
f 5420 5421 5501
f 5501 5502 5582
f 5582 5583 5663
f 5663 5664 5744
f 5744 5745 5825
f 5825 5826 5906
f 5906 5907 5987
f 5987 5988 6068
f 6068 6069 6149
f 6149 6150 6230
f 6230 6231 6311
f 6311 6312 6392
f 6392 6393 6473
f 6473 6474 6554
f 75 76 156
f 156 157 237
f 237 238 318
f 318 319 399
f 399 400 480
f 480 481 561
f 561 562 642
f 642 643 723
f 723 724 804
f 804 805 885
f 885 886 966
f 966 967 1047
f 1047 1048 1128
f 1128 1129 1209
f 1209 1210 1290
f 1290 1291 1371
f 1371 1372 1452
f 1452 1453 1533
f 1533 1534 1614
f 1614 1615 1695
f 1695 1696 1776
f 1776 1777 1857
f 1857 1858 1938
f 1938 1939 2019
f 2019 2020 2100
f 2100 2101 2181
f 2181 2182 2262
f 2262 2263 2343
f 2343 2344 2424
f 2424 2425 2505
f 2505 2506 2586
f 2586 2587 2667
f 2667 2668 2748
f 2748 2749 2829
f 2829 2830 2910
f 2910 2911 2991
f 2991 2992 3072
f 3072 3073 3153
f 3153 3154 3234
f 3234 3235 3315
f 3315 3316 3396
f 3396 3397 3477
f 3477 3478 3558
f 3558 3559 3639
f 3639 3640 3720
f 3720 3721 3801
f 3801 3802 3882
f 3882 3883 3963
f 3963 3964 4044
f 4044 4045 4125
f 4125 4126 4206
f 4206 4207 4287
f 4287 4288 4368
f 4368 4369 4449
f 4449 4450 4530
f 4530 4531 4611
f 4611 4612 4692
f 4692 4693 4773
f 4773 4774 4854
f 4854 4855 4935
f 4935 4936 5016
f 5016 5017 5097
f 5097 5098 5178
f 5178 5179 5259
f 5259 5260 5340
f 5340 5341 5421
f 5421 5422 5502
f 5502 5503 5583
f 5583 5584 5664
f 5664 5665 5745
f 5745 5746 5826
f 5826 5827 5907
f 5907 5908 5988
f 5988 5989 6069
f 6069 6070 6150
f 6150 6151 6231
f 6231 6232 6312
f 6312 6313 6393
f 6393 6394 6474
f 6474 6475 6555
f 76 77 157
f 157 158 238
f 238 239 319
f 319 320 400
f 400 401 481
f 481 482 562
f 562 563 643
f 643 644 724
f 724 725 805
f 805 806 886
f 886 887 967
f 967 968 1048
f 1048 1049 1129
f 1129 1130 1210
f 1210 1211 1291
f 1291 1292 1372
f 1372 1373 1453
f 1453 1454 1534
f 1534 1535 1615
f 1615 1616 1696
f 1696 1697 1777
f 1777 1778 1858
f 1858 1859 1939
f 1939 1940 2020
f 2020 2021 2101
f 2101 2102 2182
f 2182 2183 2263
f 2263 2264 2344
f 2344 2345 2425
f 2425 2426 2506
f 2506 2507 2587
f 2587 2588 2668
f 2668 2669 2749
f 2749 2750 2830
f 2830 2831 2911
f 2911 2912 2992
f 2992 2993 3073
f 3073 3074 3154
f 3154 3155 3235
f 3235 3236 3316
f 3316 3317 3397
f 3397 3398 3478
f 3478 3479 3559
f 3559 3560 3640
f 3640 3641 3721
f 3721 3722 3802
f 3802 3803 3883
f 3883 3884 3964
f 3964 3965 4045
f 4045 4046 4126
f 4126 4127 4207
f 4207 4208 4288
f 4288 4289 4369
f 4369 4370 4450
f 4450 4451 4531
f 4531 4532 4612
f 4612 4613 4693
f 4693 4694 4774
f 4774 4775 4855
f 4855 4856 4936
f 4936 4937 5017
f 5017 5018 5098
f 5098 5099 5179
f 5179 5180 5260
f 5260 5261 5341
f 5341 5342 5422
f 5422 5423 5503
f 5503 5504 5584
f 5584 5585 5665
f 5665 5666 5746
f 5746 5747 5827
f 5827 5828 5908
f 5908 5909 5989
f 5989 5990 6070
f 6070 6071 6151
f 6151 6152 6232
f 6232 6233 6313
f 6313 6314 6394
f 6394 6395 6475
f 6475 6476 6556
f 77 78 158
f 158 159 239
f 239 240 320
f 320 321 401
f 401 402 482
f 482 483 563
f 563 564 644
f 644 645 725
f 725 726 806
f 806 807 887
f 887 888 968
f 968 969 1049
f 1049 1050 1130
f 1130 1131 1211
f 1211 1212 1292
f 1292 1293 1373
f 1373 1374 1454
f 1454 1455 1535
f 1535 1536 1616
f 1616 1617 1697
f 1697 1698 1778
f 1778 1779 1859
f 1859 1860 1940
f 1940 1941 2021
f 2021 2022 2102
f 2102 2103 2183
f 2183 2184 2264
f 2264 2265 2345
f 2345 2346 2426
f 2426 2427 2507
f 2507 2508 2588
f 2588 2589 2669
f 2669 2670 2750
f 2750 2751 2831
f 2831 2832 2912
f 2912 2913 2993
f 2993 2994 3074
f 3074 3075 3155
f 3155 3156 3236
f 3236 3237 3317
f 3317 3318 3398
f 3398 3399 3479
f 3479 3480 3560
f 3560 3561 3641
f 3641 3642 3722
f 3722 3723 3803
f 3803 3804 3884
f 3884 3885 3965
f 3965 3966 4046
f 4046 4047 4127
f 4127 4128 4208
f 4208 4209 4289
f 4289 4290 4370
f 4370 4371 4451
f 4451 4452 4532
f 4532 4533 4613
f 4613 4614 4694
f 4694 4695 4775
f 4775 4776 4856
f 4856 4857 4937
f 4937 4938 5018
f 5018 5019 5099
f 5099 5100 5180
f 5180 5181 5261
f 5261 5262 5342
f 5342 5343 5423
f 5423 5424 5504
f 5504 5505 5585
f 5585 5586 5666
f 5666 5667 5747
f 5747 5748 5828
f 5828 5829 5909
f 5909 5910 5990
f 5990 5991 6071
f 6071 6072 6152
f 6152 6153 6233
f 6233 6234 6314
f 6314 6315 6395
f 6395 6396 6476
f 6476 6477 6557
f 78 79 159
f 159 160 240
f 240 241 321
f 321 322 402
f 402 403 483
f 483 484 564
f 564 565 645
f 645 646 726
f 726 727 807
f 807 808 888
f 888 889 969
f 969 970 1050
f 1050 1051 1131
f 1131 1132 1212
f 1212 1213 1293
f 1293 1294 1374
f 1374 1375 1455
f 1455 1456 1536
f 1536 1537 1617
f 1617 1618 1698
f 1698 1699 1779
f 1779 1780 1860
f 1860 1861 1941
f 1941 1942 2022
f 2022 2023 2103
f 2103 2104 2184
f 2184 2185 2265
f 2265 2266 2346
f 2346 2347 2427
f 2427 2428 2508
f 2508 2509 2589
f 2589 2590 2670
f 2670 2671 2751
f 2751 2752 2832
f 2832 2833 2913
f 2913 2914 2994
f 2994 2995 3075
f 3075 3076 3156
f 3156 3157 3237
f 3237 3238 3318
f 3318 3319 3399
f 3399 3400 3480
f 3480 3481 3561
f 3561 3562 3642
f 3642 3643 3723
f 3723 3724 3804
f 3804 3805 3885
f 3885 3886 3966
f 3966 3967 4047
f 4047 4048 4128
f 4128 4129 4209
f 4209 4210 4290
f 4290 4291 4371
f 4371 4372 4452
f 4452 4453 4533
f 4533 4534 4614
f 4614 4615 4695
f 4695 4696 4776
f 4776 4777 4857
f 4857 4858 4938
f 4938 4939 5019
f 5019 5020 5100
f 5100 5101 5181
f 5181 5182 5262
f 5262 5263 5343
f 5343 5344 5424
f 5424 5425 5505
f 5505 5506 5586
f 5586 5587 5667
f 5667 5668 5748
f 5748 5749 5829
f 5829 5830 5910
f 5910 5911 5991
f 5991 5992 6072
f 6072 6073 6153
f 6153 6154 6234
f 6234 6235 6315
f 6315 6316 6396
f 6396 6397 6477
f 6477 6478 6558
f 79 80 160
f 160 161 241
f 241 242 322
f 322 323 403
f 403 404 484
f 484 485 565
f 565 566 646
f 646 647 727
f 727 728 808
f 808 809 889
f 889 890 970
f 970 971 1051
f 1051 1052 1132
f 1132 1133 1213
f 1213 1214 1294
f 1294 1295 1375
f 1375 1376 1456
f 1456 1457 1537
f 1537 1538 1618
f 1618 1619 1699
f 1699 1700 1780
f 1780 1781 1861
f 1861 1862 1942
f 1942 1943 2023
f 2023 2024 2104
f 2104 2105 2185
f 2185 2186 2266
f 2266 2267 2347
f 2347 2348 2428
f 2428 2429 2509
f 2509 2510 2590
f 2590 2591 2671
f 2671 2672 2752
f 2752 2753 2833
f 2833 2834 2914
f 2914 2915 2995
f 2995 2996 3076
f 3076 3077 3157
f 3157 3158 3238
f 3238 3239 3319
f 3319 3320 3400
f 3400 3401 3481
f 3481 3482 3562
f 3562 3563 3643
f 3643 3644 3724
f 3724 3725 3805
f 3805 3806 3886
f 3886 3887 3967
f 3967 3968 4048
f 4048 4049 4129
f 4129 4130 4210
f 4210 4211 4291
f 4291 4292 4372
f 4372 4373 4453
f 4453 4454 4534
f 4534 4535 4615
f 4615 4616 4696
f 4696 4697 4777
f 4777 4778 4858
f 4858 4859 4939
f 4939 4940 5020
f 5020 5021 5101
f 5101 5102 5182
f 5182 5183 5263
f 5263 5264 5344
f 5344 5345 5425
f 5425 5426 5506
f 5506 5507 5587
f 5587 5588 5668
f 5668 5669 5749
f 5749 5750 5830
f 5830 5831 5911
f 5911 5912 5992
f 5992 5993 6073
f 6073 6074 6154
f 6154 6155 6235
f 6235 6236 6316
f 6316 6317 6397
f 6397 6398 6478
f 6478 6479 6559
f 80 81 161
f 161 162 242
f 242 243 323
f 323 324 404
f 404 405 485
f 485 486 566
f 566 567 647
f 647 648 728
f 728 729 809
f 809 810 890
f 890 891 971
f 971 972 1052
f 1052 1053 1133
f 1133 1134 1214
f 1214 1215 1295
f 1295 1296 1376
f 1376 1377 1457
f 1457 1458 1538
f 1538 1539 1619
f 1619 1620 1700
f 1700 1701 1781
f 1781 1782 1862
f 1862 1863 1943
f 1943 1944 2024
f 2024 2025 2105
f 2105 2106 2186
f 2186 2187 2267
f 2267 2268 2348
f 2348 2349 2429
f 2429 2430 2510
f 2510 2511 2591
f 2591 2592 2672
f 2672 2673 2753
f 2753 2754 2834
f 2834 2835 2915
f 2915 2916 2996
f 2996 2997 3077
f 3077 3078 3158
f 3158 3159 3239
f 3239 3240 3320
f 3320 3321 3401
f 3401 3402 3482
f 3482 3483 3563
f 3563 3564 3644
f 3644 3645 3725
f 3725 3726 3806
f 3806 3807 3887
f 3887 3888 3968
f 3968 3969 4049
f 4049 4050 4130
f 4130 4131 4211
f 4211 4212 4292
f 4292 4293 4373
f 4373 4374 4454
f 4454 4455 4535
f 4535 4536 4616
f 4616 4617 4697
f 4697 4698 4778
f 4778 4779 4859
f 4859 4860 4940
f 4940 4941 5021
f 5021 5022 5102
f 5102 5103 5183
f 5183 5184 5264
f 5264 5265 5345
f 5345 5346 5426
f 5426 5427 5507
f 5507 5508 5588
f 5588 5589 5669
f 5669 5670 5750
f 5750 5751 5831
f 5831 5832 5912
f 5912 5913 5993
f 5993 5994 6074
f 6074 6075 6155
f 6155 6156 6236
f 6236 6237 6317
f 6317 6318 6398
f 6398 6399 6479
f 6479 6480 6560
f 83 82 2
f 164 163 83
f 245 244 164
f 326 325 245
f 407 406 326
f 488 487 407
f 569 568 488
f 650 649 569
f 731 730 650
f 812 811 731
f 893 892 812
f 974 973 893
f 1055 1054 974
f 1136 1135 1055
f 1217 1216 1136
f 1298 1297 1217
f 1379 1378 1298
f 1460 1459 1379
f 1541 1540 1460
f 1622 1621 1541
f 1703 1702 1622
f 1784 1783 1703
f 1865 1864 1784
f 1946 1945 1865
f 2027 2026 1946
f 2108 2107 2027
f 2189 2188 2108
f 2270 2269 2189
f 2351 2350 2270
f 2432 2431 2351
f 2513 2512 2432
f 2594 2593 2513
f 2675 2674 2594
f 2756 2755 2675
f 2837 2836 2756
f 2918 2917 2837
f 2999 2998 2918
f 3080 3079 2999
f 3161 3160 3080
f 3242 3241 3161
f 3323 3322 3242
f 3404 3403 3323
f 3485 3484 3404
f 3566 3565 3485
f 3647 3646 3566
f 3728 3727 3647
f 3809 3808 3728
f 3890 3889 3809
f 3971 3970 3890
f 4052 4051 3971
f 4133 4132 4052
f 4214 4213 4133
f 4295 4294 4214
f 4376 4375 4295
f 4457 4456 4376
f 4538 4537 4457
f 4619 4618 4538
f 4700 4699 4619
f 4781 4780 4700
f 4862 4861 4781
f 4943 4942 4862
f 5024 5023 4943
f 5105 5104 5024
f 5186 5185 5105
f 5267 5266 5186
f 5348 5347 5267
f 5429 5428 5348
f 5510 5509 5429
f 5591 5590 5510
f 5672 5671 5591
f 5753 5752 5672
f 5834 5833 5753
f 5915 5914 5834
f 5996 5995 5915
f 6077 6076 5996
f 6158 6157 6077
f 6239 6238 6158
f 6320 6319 6239
f 6401 6400 6320
f 6482 6481 6401
f 84 83 3
f 165 164 84
f 246 245 165
f 327 326 246
f 408 407 327
f 489 488 408
f 570 569 489
f 651 650 570
f 732 731 651
f 813 812 732
f 894 893 813
f 975 974 894
f 1056 1055 975
f 1137 1136 1056
f 1218 1217 1137
f 1299 1298 1218
f 1380 1379 1299
f 1461 1460 1380
f 1542 1541 1461
f 1623 1622 1542
f 1704 1703 1623
f 1785 1784 1704
f 1866 1865 1785
f 1947 1946 1866
f 2028 2027 1947
f 2109 2108 2028
f 2190 2189 2109
f 2271 2270 2190
f 2352 2351 2271
f 2433 2432 2352
f 2514 2513 2433
f 2595 2594 2514
f 2676 2675 2595
f 2757 2756 2676
f 2838 2837 2757
f 2919 2918 2838
f 3000 2999 2919
f 3081 3080 3000
f 3162 3161 3081
f 3243 3242 3162
f 3324 3323 3243
f 3405 3404 3324
f 3486 3485 3405
f 3567 3566 3486
f 3648 3647 3567
f 3729 3728 3648
f 3810 3809 3729
f 3891 3890 3810
f 3972 3971 3891
f 4053 4052 3972
f 4134 4133 4053
f 4215 4214 4134
f 4296 4295 4215
f 4377 4376 4296
f 4458 4457 4377
f 4539 4538 4458
f 4620 4619 4539
f 4701 4700 4620
f 4782 4781 4701
f 4863 4862 4782
f 4944 4943 4863
f 5025 5024 4944
f 5106 5105 5025
f 5187 5186 5106
f 5268 5267 5187
f 5349 5348 5268
f 5430 5429 5349
f 5511 5510 5430
f 5592 5591 5511
f 5673 5672 5592
f 5754 5753 5673
f 5835 5834 5754
f 5916 5915 5835
f 5997 5996 5916
f 6078 6077 5997
f 6159 6158 6078
f 6240 6239 6159
f 6321 6320 6240
f 6402 6401 6321
f 6483 6482 6402
f 85 84 4
f 166 165 85
f 247 246 166
f 328 327 247
f 409 408 328
f 490 489 409
f 571 570 490
f 652 651 571
f 733 732 652
f 814 813 733
f 895 894 814
f 976 975 895
f 1057 1056 976
f 1138 1137 1057
f 1219 1218 1138
f 1300 1299 1219
f 1381 1380 1300
f 1462 1461 1381
f 1543 1542 1462
f 1624 1623 1543
f 1705 1704 1624
f 1786 1785 1705
f 1867 1866 1786
f 1948 1947 1867
f 2029 2028 1948
f 2110 2109 2029
f 2191 2190 2110
f 2272 2271 2191
f 2353 2352 2272
f 2434 2433 2353
f 2515 2514 2434
f 2596 2595 2515
f 2677 2676 2596
f 2758 2757 2677
f 2839 2838 2758
f 2920 2919 2839
f 3001 3000 2920
f 3082 3081 3001
f 3163 3162 3082
f 3244 3243 3163
f 3325 3324 3244
f 3406 3405 3325
f 3487 3486 3406
f 3568 3567 3487
f 3649 3648 3568
f 3730 3729 3649
f 3811 3810 3730
f 3892 3891 3811
f 3973 3972 3892
f 4054 4053 3973
f 4135 4134 4054
f 4216 4215 4135
f 4297 4296 4216
f 4378 4377 4297
f 4459 4458 4378
f 4540 4539 4459
f 4621 4620 4540
f 4702 4701 4621
f 4783 4782 4702
f 4864 4863 4783
f 4945 4944 4864
f 5026 5025 4945
f 5107 5106 5026
f 5188 5187 5107
f 5269 5268 5188
f 5350 5349 5269
f 5431 5430 5350
f 5512 5511 5431
f 5593 5592 5512
f 5674 5673 5593
f 5755 5754 5674
f 5836 5835 5755
f 5917 5916 5836
f 5998 5997 5917
f 6079 6078 5998
f 6160 6159 6079
f 6241 6240 6160
f 6322 6321 6241
f 6403 6402 6322
f 6484 6483 6403
f 86 85 5
f 167 166 86
f 248 247 167
f 329 328 248
f 410 409 329
f 491 490 410
f 572 571 491
f 653 652 572
f 734 733 653
f 815 814 734
f 896 895 815
f 977 976 896
f 1058 1057 977
f 1139 1138 1058
f 1220 1219 1139
f 1301 1300 1220
f 1382 1381 1301
f 1463 1462 1382
f 1544 1543 1463
f 1625 1624 1544
f 1706 1705 1625
f 1787 1786 1706
f 1868 1867 1787
f 1949 1948 1868
f 2030 2029 1949
f 2111 2110 2030
f 2192 2191 2111
f 2273 2272 2192
f 2354 2353 2273
f 2435 2434 2354
f 2516 2515 2435
f 2597 2596 2516
f 2678 2677 2597
f 2759 2758 2678
f 2840 2839 2759
f 2921 2920 2840
f 3002 3001 2921
f 3083 3082 3002
f 3164 3163 3083
f 3245 3244 3164
f 3326 3325 3245
f 3407 3406 3326
f 3488 3487 3407
f 3569 3568 3488
f 3650 3649 3569
f 3731 3730 3650
f 3812 3811 3731
f 3893 3892 3812
f 3974 3973 3893
f 4055 4054 3974
f 4136 4135 4055
f 4217 4216 4136
f 4298 4297 4217
f 4379 4378 4298
f 4460 4459 4379
f 4541 4540 4460
f 4622 4621 4541
f 4703 4702 4622
f 4784 4783 4703
f 4865 4864 4784
f 4946 4945 4865
f 5027 5026 4946
f 5108 5107 5027
f 5189 5188 5108
f 5270 5269 5189
f 5351 5350 5270
f 5432 5431 5351
f 5513 5512 5432
f 5594 5593 5513
f 5675 5674 5594
f 5756 5755 5675
f 5837 5836 5756
f 5918 5917 5837
f 5999 5998 5918
f 6080 6079 5999
f 6161 6160 6080
f 6242 6241 6161
f 6323 6322 6242
f 6404 6403 6323
f 6485 6484 6404
f 87 86 6
f 168 167 87
f 249 248 168
f 330 329 249
f 411 410 330
f 492 491 411
f 573 572 492
f 654 653 573
f 735 734 654
f 816 815 735
f 897 896 816
f 978 977 897
f 1059 1058 978
f 1140 1139 1059
f 1221 1220 1140
f 1302 1301 1221
f 1383 1382 1302
f 1464 1463 1383
f 1545 1544 1464
f 1626 1625 1545
f 1707 1706 1626
f 1788 1787 1707
f 1869 1868 1788
f 1950 1949 1869
f 2031 2030 1950
f 2112 2111 2031
f 2193 2192 2112
f 2274 2273 2193
f 2355 2354 2274
f 2436 2435 2355
f 2517 2516 2436
f 2598 2597 2517
f 2679 2678 2598
f 2760 2759 2679
f 2841 2840 2760
f 2922 2921 2841
f 3003 3002 2922
f 3084 3083 3003
f 3165 3164 3084
f 3246 3245 3165
f 3327 3326 3246
f 3408 3407 3327
f 3489 3488 3408
f 3570 3569 3489
f 3651 3650 3570
f 3732 3731 3651
f 3813 3812 3732
f 3894 3893 3813
f 3975 3974 3894
f 4056 4055 3975
f 4137 4136 4056
f 4218 4217 4137
f 4299 4298 4218
f 4380 4379 4299
f 4461 4460 4380
f 4542 4541 4461
f 4623 4622 4542
f 4704 4703 4623
f 4785 4784 4704
f 4866 4865 4785
f 4947 4946 4866
f 5028 5027 4947
f 5109 5108 5028
f 5190 5189 5109
f 5271 5270 5190
f 5352 5351 5271
f 5433 5432 5352
f 5514 5513 5433
f 5595 5594 5514
f 5676 5675 5595
f 5757 5756 5676
f 5838 5837 5757
f 5919 5918 5838
f 6000 5999 5919
f 6081 6080 6000
f 6162 6161 6081
f 6243 6242 6162
f 6324 6323 6243
f 6405 6404 6324
f 6486 6485 6405
f 88 87 7
f 169 168 88
f 250 249 169
f 331 330 250
f 412 411 331
f 493 492 412
f 574 573 493
f 655 654 574
f 736 735 655
f 817 816 736
f 898 897 817
f 979 978 898
f 1060 1059 979
f 1141 1140 1060
f 1222 1221 1141
f 1303 1302 1222
f 1384 1383 1303
f 1465 1464 1384
f 1546 1545 1465
f 1627 1626 1546
f 1708 1707 1627
f 1789 1788 1708
f 1870 1869 1789
f 1951 1950 1870
f 2032 2031 1951
f 2113 2112 2032
f 2194 2193 2113
f 2275 2274 2194
f 2356 2355 2275
f 2437 2436 2356
f 2518 2517 2437
f 2599 2598 2518
f 2680 2679 2599
f 2761 2760 2680
f 2842 2841 2761
f 2923 2922 2842
f 3004 3003 2923
f 3085 3084 3004
f 3166 3165 3085
f 3247 3246 3166
f 3328 3327 3247
f 3409 3408 3328
f 3490 3489 3409
f 3571 3570 3490
f 3652 3651 3571
f 3733 3732 3652
f 3814 3813 3733
f 3895 3894 3814
f 3976 3975 3895
f 4057 4056 3976
f 4138 4137 4057
f 4219 4218 4138
f 4300 4299 4219
f 4381 4380 4300
f 4462 4461 4381
f 4543 4542 4462
f 4624 4623 4543
f 4705 4704 4624
f 4786 4785 4705
f 4867 4866 4786
f 4948 4947 4867
f 5029 5028 4948
f 5110 5109 5029
f 5191 5190 5110
f 5272 5271 5191
f 5353 5352 5272
f 5434 5433 5353
f 5515 5514 5434
f 5596 5595 5515
f 5677 5676 5596
f 5758 5757 5677
f 5839 5838 5758
f 5920 5919 5839
f 6001 6000 5920
f 6082 6081 6001
f 6163 6162 6082
f 6244 6243 6163
f 6325 6324 6244
f 6406 6405 6325
f 6487 6486 6406
f 89 88 8
f 170 169 89
f 251 250 170
f 332 331 251
f 413 412 332
f 494 493 413
f 575 574 494
f 656 655 575
f 737 736 656
f 818 817 737
f 899 898 818
f 980 979 899
f 1061 1060 980
f 1142 1141 1061
f 1223 1222 1142
f 1304 1303 1223
f 1385 1384 1304
f 1466 1465 1385
f 1547 1546 1466
f 1628 1627 1547
f 1709 1708 1628
f 1790 1789 1709
f 1871 1870 1790
f 1952 1951 1871
f 2033 2032 1952
f 2114 2113 2033
f 2195 2194 2114
f 2276 2275 2195
f 2357 2356 2276
f 2438 2437 2357
f 2519 2518 2438
f 2600 2599 2519
f 2681 2680 2600
f 2762 2761 2681
f 2843 2842 2762
f 2924 2923 2843
f 3005 3004 2924
f 3086 3085 3005
f 3167 3166 3086
f 3248 3247 3167
f 3329 3328 3248
f 3410 3409 3329
f 3491 3490 3410
f 3572 3571 3491
f 3653 3652 3572
f 3734 3733 3653
f 3815 3814 3734
f 3896 3895 3815
f 3977 3976 3896
f 4058 4057 3977
f 4139 4138 4058
f 4220 4219 4139
f 4301 4300 4220
f 4382 4381 4301
f 4463 4462 4382
f 4544 4543 4463
f 4625 4624 4544
f 4706 4705 4625
f 4787 4786 4706
f 4868 4867 4787
f 4949 4948 4868
f 5030 5029 4949
f 5111 5110 5030
f 5192 5191 5111
f 5273 5272 5192
f 5354 5353 5273
f 5435 5434 5354
f 5516 5515 5435
f 5597 5596 5516
f 5678 5677 5597
f 5759 5758 5678
f 5840 5839 5759
f 5921 5920 5840
f 6002 6001 5921
f 6083 6082 6002
f 6164 6163 6083
f 6245 6244 6164
f 6326 6325 6245
f 6407 6406 6326
f 6488 6487 6407
f 90 89 9
f 171 170 90
f 252 251 171
f 333 332 252
f 414 413 333
f 495 494 414
f 576 575 495
f 657 656 576
f 738 737 657
f 819 818 738
f 900 899 819
f 981 980 900
f 1062 1061 981
f 1143 1142 1062
f 1224 1223 1143
f 1305 1304 1224
f 1386 1385 1305
f 1467 1466 1386
f 1548 1547 1467
f 1629 1628 1548
f 1710 1709 1629
f 1791 1790 1710
f 1872 1871 1791
f 1953 1952 1872
f 2034 2033 1953
f 2115 2114 2034
f 2196 2195 2115
f 2277 2276 2196
f 2358 2357 2277
f 2439 2438 2358
f 2520 2519 2439
f 2601 2600 2520
f 2682 2681 2601
f 2763 2762 2682
f 2844 2843 2763
f 2925 2924 2844
f 3006 3005 2925
f 3087 3086 3006
f 3168 3167 3087
f 3249 3248 3168
f 3330 3329 3249
f 3411 3410 3330
f 3492 3491 3411
f 3573 3572 3492
f 3654 3653 3573
f 3735 3734 3654
f 3816 3815 3735
f 3897 3896 3816
f 3978 3977 3897
f 4059 4058 3978
f 4140 4139 4059
f 4221 4220 4140
f 4302 4301 4221
f 4383 4382 4302
f 4464 4463 4383
f 4545 4544 4464
f 4626 4625 4545
f 4707 4706 4626
f 4788 4787 4707
f 4869 4868 4788
f 4950 4949 4869
f 5031 5030 4950
f 5112 5111 5031
f 5193 5192 5112
f 5274 5273 5193
f 5355 5354 5274
f 5436 5435 5355
f 5517 5516 5436
f 5598 5597 5517
f 5679 5678 5598
f 5760 5759 5679
f 5841 5840 5760
f 5922 5921 5841
f 6003 6002 5922
f 6084 6083 6003
f 6165 6164 6084
f 6246 6245 6165
f 6327 6326 6246
f 6408 6407 6327
f 6489 6488 6408
f 91 90 10
f 172 171 91
f 253 252 172
f 334 333 253
f 415 414 334
f 496 495 415
f 577 576 496
f 658 657 577
f 739 738 658
f 820 819 739
f 901 900 820
f 982 981 901
f 1063 1062 982
f 1144 1143 1063
f 1225 1224 1144
f 1306 1305 1225
f 1387 1386 1306
f 1468 1467 1387
f 1549 1548 1468
f 1630 1629 1549
f 1711 1710 1630
f 1792 1791 1711
f 1873 1872 1792
f 1954 1953 1873
f 2035 2034 1954
f 2116 2115 2035
f 2197 2196 2116
f 2278 2277 2197
f 2359 2358 2278
f 2440 2439 2359
f 2521 2520 2440
f 2602 2601 2521
f 2683 2682 2602
f 2764 2763 2683
f 2845 2844 2764
f 2926 2925 2845
f 3007 3006 2926
f 3088 3087 3007
f 3169 3168 3088
f 3250 3249 3169
f 3331 3330 3250
f 3412 3411 3331
f 3493 3492 3412
f 3574 3573 3493
f 3655 3654 3574
f 3736 3735 3655
f 3817 3816 3736
f 3898 3897 3817
f 3979 3978 3898
f 4060 4059 3979
f 4141 4140 4060
f 4222 4221 4141
f 4303 4302 4222
f 4384 4383 4303
f 4465 4464 4384
f 4546 4545 4465
f 4627 4626 4546
f 4708 4707 4627
f 4789 4788 4708
f 4870 4869 4789
f 4951 4950 4870
f 5032 5031 4951
f 5113 5112 5032
f 5194 5193 5113
f 5275 5274 5194
f 5356 5355 5275
f 5437 5436 5356
f 5518 5517 5437
f 5599 5598 5518
f 5680 5679 5599
f 5761 5760 5680
f 5842 5841 5761
f 5923 5922 5842
f 6004 6003 5923
f 6085 6084 6004
f 6166 6165 6085
f 6247 6246 6166
f 6328 6327 6247
f 6409 6408 6328
f 6490 6489 6409
f 92 91 11
f 173 172 92
f 254 253 173
f 335 334 254
f 416 415 335
f 497 496 416
f 578 577 497
f 659 658 578
f 740 739 659
f 821 820 740
f 902 901 821
f 983 982 902
f 1064 1063 983
f 1145 1144 1064
f 1226 1225 1145
f 1307 1306 1226
f 1388 1387 1307
f 1469 1468 1388
f 1550 1549 1469
f 1631 1630 1550
f 1712 1711 1631
f 1793 1792 1712
f 1874 1873 1793
f 1955 1954 1874
f 2036 2035 1955
f 2117 2116 2036
f 2198 2197 2117
f 2279 2278 2198
f 2360 2359 2279
f 2441 2440 2360
f 2522 2521 2441
f 2603 2602 2522
f 2684 2683 2603
f 2765 2764 2684
f 2846 2845 2765
f 2927 2926 2846
f 3008 3007 2927
f 3089 3088 3008
f 3170 3169 3089
f 3251 3250 3170
f 3332 3331 3251
f 3413 3412 3332
f 3494 3493 3413
f 3575 3574 3494
f 3656 3655 3575
f 3737 3736 3656
f 3818 3817 3737
f 3899 3898 3818
f 3980 3979 3899
f 4061 4060 3980
f 4142 4141 4061
f 4223 4222 4142
f 4304 4303 4223
f 4385 4384 4304
f 4466 4465 4385
f 4547 4546 4466
f 4628 4627 4547
f 4709 4708 4628
f 4790 4789 4709
f 4871 4870 4790
f 4952 4951 4871
f 5033 5032 4952
f 5114 5113 5033
f 5195 5194 5114
f 5276 5275 5195
f 5357 5356 5276
f 5438 5437 5357
f 5519 5518 5438
f 5600 5599 5519
f 5681 5680 5600
f 5762 5761 5681
f 5843 5842 5762
f 5924 5923 5843
f 6005 6004 5924
f 6086 6085 6005
f 6167 6166 6086
f 6248 6247 6167
f 6329 6328 6248
f 6410 6409 6329
f 6491 6490 6410
f 93 92 12
f 174 173 93
f 255 254 174
f 336 335 255
f 417 416 336
f 498 497 417
f 579 578 498
f 660 659 579
f 741 740 660
f 822 821 741
f 903 902 822
f 984 983 903
f 1065 1064 984
f 1146 1145 1065
f 1227 1226 1146
f 1308 1307 1227
f 1389 1388 1308
f 1470 1469 1389
f 1551 1550 1470
f 1632 1631 1551
f 1713 1712 1632
f 1794 1793 1713
f 1875 1874 1794
f 1956 1955 1875
f 2037 2036 1956
f 2118 2117 2037
f 2199 2198 2118
f 2280 2279 2199
f 2361 2360 2280
f 2442 2441 2361
f 2523 2522 2442
f 2604 2603 2523
f 2685 2684 2604
f 2766 2765 2685
f 2847 2846 2766
f 2928 2927 2847
f 3009 3008 2928
f 3090 3089 3009
f 3171 3170 3090
f 3252 3251 3171
f 3333 3332 3252
f 3414 3413 3333
f 3495 3494 3414
f 3576 3575 3495
f 3657 3656 3576
f 3738 3737 3657
f 3819 3818 3738
f 3900 3899 3819
f 3981 3980 3900
f 4062 4061 3981
f 4143 4142 4062
f 4224 4223 4143
f 4305 4304 4224
f 4386 4385 4305
f 4467 4466 4386
f 4548 4547 4467
f 4629 4628 4548
f 4710 4709 4629
f 4791 4790 4710
f 4872 4871 4791
f 4953 4952 4872
f 5034 5033 4953
f 5115 5114 5034
f 5196 5195 5115
f 5277 5276 5196
f 5358 5357 5277
f 5439 5438 5358
f 5520 5519 5439
f 5601 5600 5520
f 5682 5681 5601
f 5763 5762 5682
f 5844 5843 5763
f 5925 5924 5844
f 6006 6005 5925
f 6087 6086 6006
f 6168 6167 6087
f 6249 6248 6168
f 6330 6329 6249
f 6411 6410 6330
f 6492 6491 6411
f 94 93 13
f 175 174 94
f 256 255 175
f 337 336 256
f 418 417 337
f 499 498 418
f 580 579 499
f 661 660 580
f 742 741 661
f 823 822 742
f 904 903 823
f 985 984 904
f 1066 1065 985
f 1147 1146 1066
f 1228 1227 1147
f 1309 1308 1228
f 1390 1389 1309
f 1471 1470 1390
f 1552 1551 1471
f 1633 1632 1552
f 1714 1713 1633
f 1795 1794 1714
f 1876 1875 1795
f 1957 1956 1876
f 2038 2037 1957
f 2119 2118 2038
f 2200 2199 2119
f 2281 2280 2200
f 2362 2361 2281
f 2443 2442 2362
f 2524 2523 2443
f 2605 2604 2524
f 2686 2685 2605
f 2767 2766 2686
f 2848 2847 2767
f 2929 2928 2848
f 3010 3009 2929
f 3091 3090 3010
f 3172 3171 3091
f 3253 3252 3172
f 3334 3333 3253
f 3415 3414 3334
f 3496 3495 3415
f 3577 3576 3496
f 3658 3657 3577
f 3739 3738 3658
f 3820 3819 3739
f 3901 3900 3820
f 3982 3981 3901
f 4063 4062 3982
f 4144 4143 4063
f 4225 4224 4144
f 4306 4305 4225
f 4387 4386 4306
f 4468 4467 4387
f 4549 4548 4468
f 4630 4629 4549
f 4711 4710 4630
f 4792 4791 4711
f 4873 4872 4792
f 4954 4953 4873
f 5035 5034 4954
f 5116 5115 5035
f 5197 5196 5116
f 5278 5277 5197
f 5359 5358 5278
f 5440 5439 5359
f 5521 5520 5440
f 5602 5601 5521
f 5683 5682 5602
f 5764 5763 5683
f 5845 5844 5764
f 5926 5925 5845
f 6007 6006 5926
f 6088 6087 6007
f 6169 6168 6088
f 6250 6249 6169
f 6331 6330 6250
f 6412 6411 6331
f 6493 6492 6412
f 95 94 14
f 176 175 95
f 257 256 176
f 338 337 257
f 419 418 338
f 500 499 419
f 581 580 500
f 662 661 581
f 743 742 662
f 824 823 743
f 905 904 824
f 986 985 905
f 1067 1066 986
f 1148 1147 1067
f 1229 1228 1148
f 1310 1309 1229
f 1391 1390 1310
f 1472 1471 1391
f 1553 1552 1472
f 1634 1633 1553
f 1715 1714 1634
f 1796 1795 1715
f 1877 1876 1796
f 1958 1957 1877
f 2039 2038 1958
f 2120 2119 2039
f 2201 2200 2120
f 2282 2281 2201
f 2363 2362 2282
f 2444 2443 2363
f 2525 2524 2444
f 2606 2605 2525
f 2687 2686 2606
f 2768 2767 2687
f 2849 2848 2768
f 2930 2929 2849
f 3011 3010 2930
f 3092 3091 3011
f 3173 3172 3092
f 3254 3253 3173
f 3335 3334 3254
f 3416 3415 3335
f 3497 3496 3416
f 3578 3577 3497
f 3659 3658 3578
f 3740 3739 3659
f 3821 3820 3740
f 3902 3901 3821
f 3983 3982 3902
f 4064 4063 3983
f 4145 4144 4064
f 4226 4225 4145
f 4307 4306 4226
f 4388 4387 4307
f 4469 4468 4388
f 4550 4549 4469
f 4631 4630 4550
f 4712 4711 4631
f 4793 4792 4712
f 4874 4873 4793
f 4955 4954 4874
f 5036 5035 4955
f 5117 5116 5036
f 5198 5197 5117
f 5279 5278 5198
f 5360 5359 5279
f 5441 5440 5360
f 5522 5521 5441
f 5603 5602 5522
f 5684 5683 5603
f 5765 5764 5684
f 5846 5845 5765
f 5927 5926 5846
f 6008 6007 5927
f 6089 6088 6008
f 6170 6169 6089
f 6251 6250 6170
f 6332 6331 6251
f 6413 6412 6332
f 6494 6493 6413
f 96 95 15
f 177 176 96
f 258 257 177
f 339 338 258
f 420 419 339
f 501 500 420
f 582 581 501
f 663 662 582
f 744 743 663
f 825 824 744
f 906 905 825
f 987 986 906
f 1068 1067 987
f 1149 1148 1068
f 1230 1229 1149
f 1311 1310 1230
f 1392 1391 1311
f 1473 1472 1392
f 1554 1553 1473
f 1635 1634 1554
f 1716 1715 1635
f 1797 1796 1716
f 1878 1877 1797
f 1959 1958 1878
f 2040 2039 1959
f 2121 2120 2040
f 2202 2201 2121
f 2283 2282 2202
f 2364 2363 2283
f 2445 2444 2364
f 2526 2525 2445
f 2607 2606 2526
f 2688 2687 2607
f 2769 2768 2688
f 2850 2849 2769
f 2931 2930 2850
f 3012 3011 2931
f 3093 3092 3012
f 3174 3173 3093
f 3255 3254 3174
f 3336 3335 3255
f 3417 3416 3336
f 3498 3497 3417
f 3579 3578 3498
f 3660 3659 3579
f 3741 3740 3660
f 3822 3821 3741
f 3903 3902 3822
f 3984 3983 3903
f 4065 4064 3984
f 4146 4145 4065
f 4227 4226 4146
f 4308 4307 4227
f 4389 4388 4308
f 4470 4469 4389
f 4551 4550 4470
f 4632 4631 4551
f 4713 4712 4632
f 4794 4793 4713
f 4875 4874 4794
f 4956 4955 4875
f 5037 5036 4956
f 5118 5117 5037
f 5199 5198 5118
f 5280 5279 5199
f 5361 5360 5280
f 5442 5441 5361
f 5523 5522 5442
f 5604 5603 5523
f 5685 5684 5604
f 5766 5765 5685
f 5847 5846 5766
f 5928 5927 5847
f 6009 6008 5928
f 6090 6089 6009
f 6171 6170 6090
f 6252 6251 6171
f 6333 6332 6252
f 6414 6413 6333
f 6495 6494 6414
f 97 96 16
f 178 177 97
f 259 258 178
f 340 339 259
f 421 420 340
f 502 501 421
f 583 582 502
f 664 663 583
f 745 744 664
f 826 825 745
f 907 906 826
f 988 987 907
f 1069 1068 988
f 1150 1149 1069
f 1231 1230 1150
f 1312 1311 1231
f 1393 1392 1312
f 1474 1473 1393
f 1555 1554 1474
f 1636 1635 1555
f 1717 1716 1636
f 1798 1797 1717
f 1879 1878 1798
f 1960 1959 1879
f 2041 2040 1960
f 2122 2121 2041
f 2203 2202 2122
f 2284 2283 2203
f 2365 2364 2284
f 2446 2445 2365
f 2527 2526 2446
f 2608 2607 2527
f 2689 2688 2608
f 2770 2769 2689
f 2851 2850 2770
f 2932 2931 2851
f 3013 3012 2932
f 3094 3093 3013
f 3175 3174 3094
f 3256 3255 3175
f 3337 3336 3256
f 3418 3417 3337
f 3499 3498 3418
f 3580 3579 3499
f 3661 3660 3580
f 3742 3741 3661
f 3823 3822 3742
f 3904 3903 3823
f 3985 3984 3904
f 4066 4065 3985
f 4147 4146 4066
f 4228 4227 4147
f 4309 4308 4228
f 4390 4389 4309
f 4471 4470 4390
f 4552 4551 4471
f 4633 4632 4552
f 4714 4713 4633
f 4795 4794 4714
f 4876 4875 4795
f 4957 4956 4876
f 5038 5037 4957
f 5119 5118 5038
f 5200 5199 5119
f 5281 5280 5200
f 5362 5361 5281
f 5443 5442 5362
f 5524 5523 5443
f 5605 5604 5524
f 5686 5685 5605
f 5767 5766 5686
f 5848 5847 5767
f 5929 5928 5848
f 6010 6009 5929
f 6091 6090 6010
f 6172 6171 6091
f 6253 6252 6172
f 6334 6333 6253
f 6415 6414 6334
f 6496 6495 6415
f 98 97 17
f 179 178 98
f 260 259 179
f 341 340 260
f 422 421 341
f 503 502 422
f 584 583 503
f 665 664 584
f 746 745 665
f 827 826 746
f 908 907 827
f 989 988 908
f 1070 1069 989
f 1151 1150 1070
f 1232 1231 1151
f 1313 1312 1232
f 1394 1393 1313
f 1475 1474 1394
f 1556 1555 1475
f 1637 1636 1556
f 1718 1717 1637
f 1799 1798 1718
f 1880 1879 1799
f 1961 1960 1880
f 2042 2041 1961
f 2123 2122 2042
f 2204 2203 2123
f 2285 2284 2204
f 2366 2365 2285
f 2447 2446 2366
f 2528 2527 2447
f 2609 2608 2528
f 2690 2689 2609
f 2771 2770 2690
f 2852 2851 2771
f 2933 2932 2852
f 3014 3013 2933
f 3095 3094 3014
f 3176 3175 3095
f 3257 3256 3176
f 3338 3337 3257
f 3419 3418 3338
f 3500 3499 3419
f 3581 3580 3500
f 3662 3661 3581
f 3743 3742 3662
f 3824 3823 3743
f 3905 3904 3824
f 3986 3985 3905
f 4067 4066 3986
f 4148 4147 4067
f 4229 4228 4148
f 4310 4309 4229
f 4391 4390 4310
f 4472 4471 4391
f 4553 4552 4472
f 4634 4633 4553
f 4715 4714 4634
f 4796 4795 4715
f 4877 4876 4796
f 4958 4957 4877
f 5039 5038 4958
f 5120 5119 5039
f 5201 5200 5120
f 5282 5281 5201
f 5363 5362 5282
f 5444 5443 5363
f 5525 5524 5444
f 5606 5605 5525
f 5687 5686 5606
f 5768 5767 5687
f 5849 5848 5768
f 5930 5929 5849
f 6011 6010 5930
f 6092 6091 6011
f 6173 6172 6092
f 6254 6253 6173
f 6335 6334 6254
f 6416 6415 6335
f 6497 6496 6416
f 99 98 18
f 180 179 99
f 261 260 180
f 342 341 261
f 423 422 342
f 504 503 423
f 585 584 504
f 666 665 585
f 747 746 666
f 828 827 747
f 909 908 828
f 990 989 909
f 1071 1070 990
f 1152 1151 1071
f 1233 1232 1152
f 1314 1313 1233
f 1395 1394 1314
f 1476 1475 1395
f 1557 1556 1476
f 1638 1637 1557
f 1719 1718 1638
f 1800 1799 1719
f 1881 1880 1800
f 1962 1961 1881
f 2043 2042 1962
f 2124 2123 2043
f 2205 2204 2124
f 2286 2285 2205
f 2367 2366 2286
f 2448 2447 2367
f 2529 2528 2448
f 2610 2609 2529
f 2691 2690 2610
f 2772 2771 2691
f 2853 2852 2772
f 2934 2933 2853
f 3015 3014 2934
f 3096 3095 3015
f 3177 3176 3096
f 3258 3257 3177
f 3339 3338 3258
f 3420 3419 3339
f 3501 3500 3420
f 3582 3581 3501
f 3663 3662 3582
f 3744 3743 3663
f 3825 3824 3744
f 3906 3905 3825
f 3987 3986 3906
f 4068 4067 3987
f 4149 4148 4068
f 4230 4229 4149
f 4311 4310 4230
f 4392 4391 4311
f 4473 4472 4392
f 4554 4553 4473
f 4635 4634 4554
f 4716 4715 4635
f 4797 4796 4716
f 4878 4877 4797
f 4959 4958 4878
f 5040 5039 4959
f 5121 5120 5040
f 5202 5201 5121
f 5283 5282 5202
f 5364 5363 5283
f 5445 5444 5364
f 5526 5525 5445
f 5607 5606 5526
f 5688 5687 5607
f 5769 5768 5688
f 5850 5849 5769
f 5931 5930 5850
f 6012 6011 5931
f 6093 6092 6012
f 6174 6173 6093
f 6255 6254 6174
f 6336 6335 6255
f 6417 6416 6336
f 6498 6497 6417
f 100 99 19
f 181 180 100
f 262 261 181
f 343 342 262
f 424 423 343
f 505 504 424
f 586 585 505
f 667 666 586
f 748 747 667
f 829 828 748
f 910 909 829
f 991 990 910
f 1072 1071 991
f 1153 1152 1072
f 1234 1233 1153
f 1315 1314 1234
f 1396 1395 1315
f 1477 1476 1396
f 1558 1557 1477
f 1639 1638 1558
f 1720 1719 1639
f 1801 1800 1720
f 1882 1881 1801
f 1963 1962 1882
f 2044 2043 1963
f 2125 2124 2044
f 2206 2205 2125
f 2287 2286 2206
f 2368 2367 2287
f 2449 2448 2368
f 2530 2529 2449
f 2611 2610 2530
f 2692 2691 2611
f 2773 2772 2692
f 2854 2853 2773
f 2935 2934 2854
f 3016 3015 2935
f 3097 3096 3016
f 3178 3177 3097
f 3259 3258 3178
f 3340 3339 3259
f 3421 3420 3340
f 3502 3501 3421
f 3583 3582 3502
f 3664 3663 3583
f 3745 3744 3664
f 3826 3825 3745
f 3907 3906 3826
f 3988 3987 3907
f 4069 4068 3988
f 4150 4149 4069
f 4231 4230 4150
f 4312 4311 4231
f 4393 4392 4312
f 4474 4473 4393
f 4555 4554 4474
f 4636 4635 4555
f 4717 4716 4636
f 4798 4797 4717
f 4879 4878 4798
f 4960 4959 4879
f 5041 5040 4960
f 5122 5121 5041
f 5203 5202 5122
f 5284 5283 5203
f 5365 5364 5284
f 5446 5445 5365
f 5527 5526 5446
f 5608 5607 5527
f 5689 5688 5608
f 5770 5769 5689
f 5851 5850 5770
f 5932 5931 5851
f 6013 6012 5932
f 6094 6093 6013
f 6175 6174 6094
f 6256 6255 6175
f 6337 6336 6256
f 6418 6417 6337
f 6499 6498 6418
f 101 100 20
f 182 181 101
f 263 262 182
f 344 343 263
f 425 424 344
f 506 505 425
f 587 586 506
f 668 667 587
f 749 748 668
f 830 829 749
f 911 910 830
f 992 991 911
f 1073 1072 992
f 1154 1153 1073
f 1235 1234 1154
f 1316 1315 1235
f 1397 1396 1316
f 1478 1477 1397
f 1559 1558 1478
f 1640 1639 1559
f 1721 1720 1640
f 1802 1801 1721
f 1883 1882 1802
f 1964 1963 1883
f 2045 2044 1964
f 2126 2125 2045
f 2207 2206 2126
f 2288 2287 2207
f 2369 2368 2288
f 2450 2449 2369
f 2531 2530 2450
f 2612 2611 2531
f 2693 2692 2612
f 2774 2773 2693
f 2855 2854 2774
f 2936 2935 2855
f 3017 3016 2936
f 3098 3097 3017
f 3179 3178 3098
f 3260 3259 3179
f 3341 3340 3260
f 3422 3421 3341
f 3503 3502 3422
f 3584 3583 3503
f 3665 3664 3584
f 3746 3745 3665
f 3827 3826 3746
f 3908 3907 3827
f 3989 3988 3908
f 4070 4069 3989
f 4151 4150 4070
f 4232 4231 4151
f 4313 4312 4232
f 4394 4393 4313
f 4475 4474 4394
f 4556 4555 4475
f 4637 4636 4556
f 4718 4717 4637
f 4799 4798 4718
f 4880 4879 4799
f 4961 4960 4880
f 5042 5041 4961
f 5123 5122 5042
f 5204 5203 5123
f 5285 5284 5204
f 5366 5365 5285
f 5447 5446 5366
f 5528 5527 5447
f 5609 5608 5528
f 5690 5689 5609
f 5771 5770 5690
f 5852 5851 5771
f 5933 5932 5852
f 6014 6013 5933
f 6095 6094 6014
f 6176 6175 6095
f 6257 6256 6176
f 6338 6337 6257
f 6419 6418 6338
f 6500 6499 6419
f 102 101 21
f 183 182 102
f 264 263 183
f 345 344 264
f 426 425 345
f 507 506 426
f 588 587 507
f 669 668 588
f 750 749 669
f 831 830 750
f 912 911 831
f 993 992 912
f 1074 1073 993
f 1155 1154 1074
f 1236 1235 1155
f 1317 1316 1236
f 1398 1397 1317
f 1479 1478 1398
f 1560 1559 1479
f 1641 1640 1560
f 1722 1721 1641
f 1803 1802 1722
f 1884 1883 1803
f 1965 1964 1884
f 2046 2045 1965
f 2127 2126 2046
f 2208 2207 2127
f 2289 2288 2208
f 2370 2369 2289
f 2451 2450 2370
f 2532 2531 2451
f 2613 2612 2532
f 2694 2693 2613
f 2775 2774 2694
f 2856 2855 2775
f 2937 2936 2856
f 3018 3017 2937
f 3099 3098 3018
f 3180 3179 3099
f 3261 3260 3180
f 3342 3341 3261
f 3423 3422 3342
f 3504 3503 3423
f 3585 3584 3504
f 3666 3665 3585
f 3747 3746 3666
f 3828 3827 3747
f 3909 3908 3828
f 3990 3989 3909
f 4071 4070 3990
f 4152 4151 4071
f 4233 4232 4152
f 4314 4313 4233
f 4395 4394 4314
f 4476 4475 4395
f 4557 4556 4476
f 4638 4637 4557
f 4719 4718 4638
f 4800 4799 4719
f 4881 4880 4800
f 4962 4961 4881
f 5043 5042 4962
f 5124 5123 5043
f 5205 5204 5124
f 5286 5285 5205
f 5367 5366 5286
f 5448 5447 5367
f 5529 5528 5448
f 5610 5609 5529
f 5691 5690 5610
f 5772 5771 5691
f 5853 5852 5772
f 5934 5933 5853
f 6015 6014 5934
f 6096 6095 6015
f 6177 6176 6096
f 6258 6257 6177
f 6339 6338 6258
f 6420 6419 6339
f 6501 6500 6420
f 103 102 22
f 184 183 103
f 265 264 184
f 346 345 265
f 427 426 346
f 508 507 427
f 589 588 508
f 670 669 589
f 751 750 670
f 832 831 751
f 913 912 832
f 994 993 913
f 1075 1074 994
f 1156 1155 1075
f 1237 1236 1156
f 1318 1317 1237
f 1399 1398 1318
f 1480 1479 1399
f 1561 1560 1480
f 1642 1641 1561
f 1723 1722 1642
f 1804 1803 1723
f 1885 1884 1804
f 1966 1965 1885
f 2047 2046 1966
f 2128 2127 2047
f 2209 2208 2128
f 2290 2289 2209
f 2371 2370 2290
f 2452 2451 2371
f 2533 2532 2452
f 2614 2613 2533
f 2695 2694 2614
f 2776 2775 2695
f 2857 2856 2776
f 2938 2937 2857
f 3019 3018 2938
f 3100 3099 3019
f 3181 3180 3100
f 3262 3261 3181
f 3343 3342 3262
f 3424 3423 3343
f 3505 3504 3424
f 3586 3585 3505
f 3667 3666 3586
f 3748 3747 3667
f 3829 3828 3748
f 3910 3909 3829
f 3991 3990 3910
f 4072 4071 3991
f 4153 4152 4072
f 4234 4233 4153
f 4315 4314 4234
f 4396 4395 4315
f 4477 4476 4396
f 4558 4557 4477
f 4639 4638 4558
f 4720 4719 4639
f 4801 4800 4720
f 4882 4881 4801
f 4963 4962 4882
f 5044 5043 4963
f 5125 5124 5044
f 5206 5205 5125
f 5287 5286 5206
f 5368 5367 5287
f 5449 5448 5368
f 5530 5529 5449
f 5611 5610 5530
f 5692 5691 5611
f 5773 5772 5692
f 5854 5853 5773
f 5935 5934 5854
f 6016 6015 5935
f 6097 6096 6016
f 6178 6177 6097
f 6259 6258 6178
f 6340 6339 6259
f 6421 6420 6340
f 6502 6501 6421
f 104 103 23
f 185 184 104
f 266 265 185
f 347 346 266
f 428 427 347
f 509 508 428
f 590 589 509
f 671 670 590
f 752 751 671
f 833 832 752
f 914 913 833
f 995 994 914
f 1076 1075 995
f 1157 1156 1076
f 1238 1237 1157
f 1319 1318 1238
f 1400 1399 1319
f 1481 1480 1400
f 1562 1561 1481
f 1643 1642 1562
f 1724 1723 1643
f 1805 1804 1724
f 1886 1885 1805
f 1967 1966 1886
f 2048 2047 1967
f 2129 2128 2048
f 2210 2209 2129
f 2291 2290 2210
f 2372 2371 2291
f 2453 2452 2372
f 2534 2533 2453
f 2615 2614 2534
f 2696 2695 2615
f 2777 2776 2696
f 2858 2857 2777
f 2939 2938 2858
f 3020 3019 2939
f 3101 3100 3020
f 3182 3181 3101
f 3263 3262 3182
f 3344 3343 3263
f 3425 3424 3344
f 3506 3505 3425
f 3587 3586 3506
f 3668 3667 3587
f 3749 3748 3668
f 3830 3829 3749
f 3911 3910 3830
f 3992 3991 3911
f 4073 4072 3992
f 4154 4153 4073
f 4235 4234 4154
f 4316 4315 4235
f 4397 4396 4316
f 4478 4477 4397
f 4559 4558 4478
f 4640 4639 4559
f 4721 4720 4640
f 4802 4801 4721
f 4883 4882 4802
f 4964 4963 4883
f 5045 5044 4964
f 5126 5125 5045
f 5207 5206 5126
f 5288 5287 5207
f 5369 5368 5288
f 5450 5449 5369
f 5531 5530 5450
f 5612 5611 5531
f 5693 5692 5612
f 5774 5773 5693
f 5855 5854 5774
f 5936 5935 5855
f 6017 6016 5936
f 6098 6097 6017
f 6179 6178 6098
f 6260 6259 6179
f 6341 6340 6260
f 6422 6421 6341
f 6503 6502 6422
f 105 104 24
f 186 185 105
f 267 266 186
f 348 347 267
f 429 428 348
f 510 509 429
f 591 590 510
f 672 671 591
f 753 752 672
f 834 833 753
f 915 914 834
f 996 995 915
f 1077 1076 996
f 1158 1157 1077
f 1239 1238 1158
f 1320 1319 1239
f 1401 1400 1320
f 1482 1481 1401
f 1563 1562 1482
f 1644 1643 1563
f 1725 1724 1644
f 1806 1805 1725
f 1887 1886 1806
f 1968 1967 1887
f 2049 2048 1968
f 2130 2129 2049
f 2211 2210 2130
f 2292 2291 2211
f 2373 2372 2292
f 2454 2453 2373
f 2535 2534 2454
f 2616 2615 2535
f 2697 2696 2616
f 2778 2777 2697
f 2859 2858 2778
f 2940 2939 2859
f 3021 3020 2940
f 3102 3101 3021
f 3183 3182 3102
f 3264 3263 3183
f 3345 3344 3264
f 3426 3425 3345
f 3507 3506 3426
f 3588 3587 3507
f 3669 3668 3588
f 3750 3749 3669
f 3831 3830 3750
f 3912 3911 3831
f 3993 3992 3912
f 4074 4073 3993
f 4155 4154 4074
f 4236 4235 4155
f 4317 4316 4236
f 4398 4397 4317
f 4479 4478 4398
f 4560 4559 4479
f 4641 4640 4560
f 4722 4721 4641
f 4803 4802 4722
f 4884 4883 4803
f 4965 4964 4884
f 5046 5045 4965
f 5127 5126 5046
f 5208 5207 5127
f 5289 5288 5208
f 5370 5369 5289
f 5451 5450 5370
f 5532 5531 5451
f 5613 5612 5532
f 5694 5693 5613
f 5775 5774 5694
f 5856 5855 5775
f 5937 5936 5856
f 6018 6017 5937
f 6099 6098 6018
f 6180 6179 6099
f 6261 6260 6180
f 6342 6341 6261
f 6423 6422 6342
f 6504 6503 6423
f 106 105 25
f 187 186 106
f 268 267 187
f 349 348 268
f 430 429 349
f 511 510 430
f 592 591 511
f 673 672 592
f 754 753 673
f 835 834 754
f 916 915 835
f 997 996 916
f 1078 1077 997
f 1159 1158 1078
f 1240 1239 1159
f 1321 1320 1240
f 1402 1401 1321
f 1483 1482 1402
f 1564 1563 1483
f 1645 1644 1564
f 1726 1725 1645
f 1807 1806 1726
f 1888 1887 1807
f 1969 1968 1888
f 2050 2049 1969
f 2131 2130 2050
f 2212 2211 2131
f 2293 2292 2212
f 2374 2373 2293
f 2455 2454 2374
f 2536 2535 2455
f 2617 2616 2536
f 2698 2697 2617
f 2779 2778 2698
f 2860 2859 2779
f 2941 2940 2860
f 3022 3021 2941
f 3103 3102 3022
f 3184 3183 3103
f 3265 3264 3184
f 3346 3345 3265
f 3427 3426 3346
f 3508 3507 3427
f 3589 3588 3508
f 3670 3669 3589
f 3751 3750 3670
f 3832 3831 3751
f 3913 3912 3832
f 3994 3993 3913
f 4075 4074 3994
f 4156 4155 4075
f 4237 4236 4156
f 4318 4317 4237
f 4399 4398 4318
f 4480 4479 4399
f 4561 4560 4480
f 4642 4641 4561
f 4723 4722 4642
f 4804 4803 4723
f 4885 4884 4804
f 4966 4965 4885
f 5047 5046 4966
f 5128 5127 5047
f 5209 5208 5128
f 5290 5289 5209
f 5371 5370 5290
f 5452 5451 5371
f 5533 5532 5452
f 5614 5613 5533
f 5695 5694 5614
f 5776 5775 5695
f 5857 5856 5776
f 5938 5937 5857
f 6019 6018 5938
f 6100 6099 6019
f 6181 6180 6100
f 6262 6261 6181
f 6343 6342 6262
f 6424 6423 6343
f 6505 6504 6424
f 107 106 26
f 188 187 107
f 269 268 188
f 350 349 269
f 431 430 350
f 512 511 431
f 593 592 512
f 674 673 593
f 755 754 674
f 836 835 755
f 917 916 836
f 998 997 917
f 1079 1078 998
f 1160 1159 1079
f 1241 1240 1160
f 1322 1321 1241
f 1403 1402 1322
f 1484 1483 1403
f 1565 1564 1484
f 1646 1645 1565
f 1727 1726 1646
f 1808 1807 1727
f 1889 1888 1808
f 1970 1969 1889
f 2051 2050 1970
f 2132 2131 2051
f 2213 2212 2132
f 2294 2293 2213
f 2375 2374 2294
f 2456 2455 2375
f 2537 2536 2456
f 2618 2617 2537
f 2699 2698 2618
f 2780 2779 2699
f 2861 2860 2780
f 2942 2941 2861
f 3023 3022 2942
f 3104 3103 3023
f 3185 3184 3104
f 3266 3265 3185
f 3347 3346 3266
f 3428 3427 3347
f 3509 3508 3428
f 3590 3589 3509
f 3671 3670 3590
f 3752 3751 3671
f 3833 3832 3752
f 3914 3913 3833
f 3995 3994 3914
f 4076 4075 3995
f 4157 4156 4076
f 4238 4237 4157
f 4319 4318 4238
f 4400 4399 4319
f 4481 4480 4400
f 4562 4561 4481
f 4643 4642 4562
f 4724 4723 4643
f 4805 4804 4724
f 4886 4885 4805
f 4967 4966 4886
f 5048 5047 4967
f 5129 5128 5048
f 5210 5209 5129
f 5291 5290 5210
f 5372 5371 5291
f 5453 5452 5372
f 5534 5533 5453
f 5615 5614 5534
f 5696 5695 5615
f 5777 5776 5696
f 5858 5857 5777
f 5939 5938 5858
f 6020 6019 5939
f 6101 6100 6020
f 6182 6181 6101
f 6263 6262 6182
f 6344 6343 6263
f 6425 6424 6344
f 6506 6505 6425
f 108 107 27
f 189 188 108
f 270 269 189
f 351 350 270
f 432 431 351
f 513 512 432
f 594 593 513
f 675 674 594
f 756 755 675
f 837 836 756
f 918 917 837
f 999 998 918
f 1080 1079 999
f 1161 1160 1080
f 1242 1241 1161
f 1323 1322 1242
f 1404 1403 1323
f 1485 1484 1404
f 1566 1565 1485
f 1647 1646 1566
f 1728 1727 1647
f 1809 1808 1728
f 1890 1889 1809
f 1971 1970 1890
f 2052 2051 1971
f 2133 2132 2052
f 2214 2213 2133
f 2295 2294 2214
f 2376 2375 2295
f 2457 2456 2376
f 2538 2537 2457
f 2619 2618 2538
f 2700 2699 2619
f 2781 2780 2700
f 2862 2861 2781
f 2943 2942 2862
f 3024 3023 2943
f 3105 3104 3024
f 3186 3185 3105
f 3267 3266 3186
f 3348 3347 3267
f 3429 3428 3348
f 3510 3509 3429
f 3591 3590 3510
f 3672 3671 3591
f 3753 3752 3672
f 3834 3833 3753
f 3915 3914 3834
f 3996 3995 3915
f 4077 4076 3996
f 4158 4157 4077
f 4239 4238 4158
f 4320 4319 4239
f 4401 4400 4320
f 4482 4481 4401
f 4563 4562 4482
f 4644 4643 4563
f 4725 4724 4644
f 4806 4805 4725
f 4887 4886 4806
f 4968 4967 4887
f 5049 5048 4968
f 5130 5129 5049
f 5211 5210 5130
f 5292 5291 5211
f 5373 5372 5292
f 5454 5453 5373
f 5535 5534 5454
f 5616 5615 5535
f 5697 5696 5616
f 5778 5777 5697
f 5859 5858 5778
f 5940 5939 5859
f 6021 6020 5940
f 6102 6101 6021
f 6183 6182 6102
f 6264 6263 6183
f 6345 6344 6264
f 6426 6425 6345
f 6507 6506 6426
f 109 108 28
f 190 189 109
f 271 270 190
f 352 351 271
f 433 432 352
f 514 513 433
f 595 594 514
f 676 675 595
f 757 756 676
f 838 837 757
f 919 918 838
f 1000 999 919
f 1081 1080 1000
f 1162 1161 1081
f 1243 1242 1162
f 1324 1323 1243
f 1405 1404 1324
f 1486 1485 1405
f 1567 1566 1486
f 1648 1647 1567
f 1729 1728 1648
f 1810 1809 1729
f 1891 1890 1810
f 1972 1971 1891
f 2053 2052 1972
f 2134 2133 2053
f 2215 2214 2134
f 2296 2295 2215
f 2377 2376 2296
f 2458 2457 2377
f 2539 2538 2458
f 2620 2619 2539
f 2701 2700 2620
f 2782 2781 2701
f 2863 2862 2782
f 2944 2943 2863
f 3025 3024 2944
f 3106 3105 3025
f 3187 3186 3106
f 3268 3267 3187
f 3349 3348 3268
f 3430 3429 3349
f 3511 3510 3430
f 3592 3591 3511
f 3673 3672 3592
f 3754 3753 3673
f 3835 3834 3754
f 3916 3915 3835
f 3997 3996 3916
f 4078 4077 3997
f 4159 4158 4078
f 4240 4239 4159
f 4321 4320 4240
f 4402 4401 4321
f 4483 4482 4402
f 4564 4563 4483
f 4645 4644 4564
f 4726 4725 4645
f 4807 4806 4726
f 4888 4887 4807
f 4969 4968 4888
f 5050 5049 4969
f 5131 5130 5050
f 5212 5211 5131
f 5293 5292 5212
f 5374 5373 5293
f 5455 5454 5374
f 5536 5535 5455
f 5617 5616 5536
f 5698 5697 5617
f 5779 5778 5698
f 5860 5859 5779
f 5941 5940 5860
f 6022 6021 5941
f 6103 6102 6022
f 6184 6183 6103
f 6265 6264 6184
f 6346 6345 6265
f 6427 6426 6346
f 6508 6507 6427
f 110 109 29
f 191 190 110
f 272 271 191
f 353 352 272
f 434 433 353
f 515 514 434
f 596 595 515
f 677 676 596
f 758 757 677
f 839 838 758
f 920 919 839
f 1001 1000 920
f 1082 1081 1001
f 1163 1162 1082
f 1244 1243 1163
f 1325 1324 1244
f 1406 1405 1325
f 1487 1486 1406
f 1568 1567 1487
f 1649 1648 1568
f 1730 1729 1649
f 1811 1810 1730
f 1892 1891 1811
f 1973 1972 1892
f 2054 2053 1973
f 2135 2134 2054
f 2216 2215 2135
f 2297 2296 2216
f 2378 2377 2297
f 2459 2458 2378
f 2540 2539 2459
f 2621 2620 2540
f 2702 2701 2621
f 2783 2782 2702
f 2864 2863 2783
f 2945 2944 2864
f 3026 3025 2945
f 3107 3106 3026
f 3188 3187 3107
f 3269 3268 3188
f 3350 3349 3269
f 3431 3430 3350
f 3512 3511 3431
f 3593 3592 3512
f 3674 3673 3593
f 3755 3754 3674
f 3836 3835 3755
f 3917 3916 3836
f 3998 3997 3917
f 4079 4078 3998
f 4160 4159 4079
f 4241 4240 4160
f 4322 4321 4241
f 4403 4402 4322
f 4484 4483 4403
f 4565 4564 4484
f 4646 4645 4565
f 4727 4726 4646
f 4808 4807 4727
f 4889 4888 4808
f 4970 4969 4889
f 5051 5050 4970
f 5132 5131 5051
f 5213 5212 5132
f 5294 5293 5213
f 5375 5374 5294
f 5456 5455 5375
f 5537 5536 5456
f 5618 5617 5537
f 5699 5698 5618
f 5780 5779 5699
f 5861 5860 5780
f 5942 5941 5861
f 6023 6022 5942
f 6104 6103 6023
f 6185 6184 6104
f 6266 6265 6185
f 6347 6346 6266
f 6428 6427 6347
f 6509 6508 6428
f 111 110 30
f 192 191 111
f 273 272 192
f 354 353 273
f 435 434 354
f 516 515 435
f 597 596 516
f 678 677 597
f 759 758 678
f 840 839 759
f 921 920 840
f 1002 1001 921
f 1083 1082 1002
f 1164 1163 1083
f 1245 1244 1164
f 1326 1325 1245
f 1407 1406 1326
f 1488 1487 1407
f 1569 1568 1488
f 1650 1649 1569
f 1731 1730 1650
f 1812 1811 1731
f 1893 1892 1812
f 1974 1973 1893
f 2055 2054 1974
f 2136 2135 2055
f 2217 2216 2136
f 2298 2297 2217
f 2379 2378 2298
f 2460 2459 2379
f 2541 2540 2460
f 2622 2621 2541
f 2703 2702 2622
f 2784 2783 2703
f 2865 2864 2784
f 2946 2945 2865
f 3027 3026 2946
f 3108 3107 3027
f 3189 3188 3108
f 3270 3269 3189
f 3351 3350 3270
f 3432 3431 3351
f 3513 3512 3432
f 3594 3593 3513
f 3675 3674 3594
f 3756 3755 3675
f 3837 3836 3756
f 3918 3917 3837
f 3999 3998 3918
f 4080 4079 3999
f 4161 4160 4080
f 4242 4241 4161
f 4323 4322 4242
f 4404 4403 4323
f 4485 4484 4404
f 4566 4565 4485
f 4647 4646 4566
f 4728 4727 4647
f 4809 4808 4728
f 4890 4889 4809
f 4971 4970 4890
f 5052 5051 4971
f 5133 5132 5052
f 5214 5213 5133
f 5295 5294 5214
f 5376 5375 5295
f 5457 5456 5376
f 5538 5537 5457
f 5619 5618 5538
f 5700 5699 5619
f 5781 5780 5700
f 5862 5861 5781
f 5943 5942 5862
f 6024 6023 5943
f 6105 6104 6024
f 6186 6185 6105
f 6267 6266 6186
f 6348 6347 6267
f 6429 6428 6348
f 6510 6509 6429
f 112 111 31
f 193 192 112
f 274 273 193
f 355 354 274
f 436 435 355
f 517 516 436
f 598 597 517
f 679 678 598
f 760 759 679
f 841 840 760
f 922 921 841
f 1003 1002 922
f 1084 1083 1003
f 1165 1164 1084
f 1246 1245 1165
f 1327 1326 1246
f 1408 1407 1327
f 1489 1488 1408
f 1570 1569 1489
f 1651 1650 1570
f 1732 1731 1651
f 1813 1812 1732
f 1894 1893 1813
f 1975 1974 1894
f 2056 2055 1975
f 2137 2136 2056
f 2218 2217 2137
f 2299 2298 2218
f 2380 2379 2299
f 2461 2460 2380
f 2542 2541 2461
f 2623 2622 2542
f 2704 2703 2623
f 2785 2784 2704
f 2866 2865 2785
f 2947 2946 2866
f 3028 3027 2947
f 3109 3108 3028
f 3190 3189 3109
f 3271 3270 3190
f 3352 3351 3271
f 3433 3432 3352
f 3514 3513 3433
f 3595 3594 3514
f 3676 3675 3595
f 3757 3756 3676
f 3838 3837 3757
f 3919 3918 3838
f 4000 3999 3919
f 4081 4080 4000
f 4162 4161 4081
f 4243 4242 4162
f 4324 4323 4243
f 4405 4404 4324
f 4486 4485 4405
f 4567 4566 4486
f 4648 4647 4567
f 4729 4728 4648
f 4810 4809 4729
f 4891 4890 4810
f 4972 4971 4891
f 5053 5052 4972
f 5134 5133 5053
f 5215 5214 5134
f 5296 5295 5215
f 5377 5376 5296
f 5458 5457 5377
f 5539 5538 5458
f 5620 5619 5539
f 5701 5700 5620
f 5782 5781 5701
f 5863 5862 5782
f 5944 5943 5863
f 6025 6024 5944
f 6106 6105 6025
f 6187 6186 6106
f 6268 6267 6187
f 6349 6348 6268
f 6430 6429 6349
f 6511 6510 6430
f 113 112 32
f 194 193 113
f 275 274 194
f 356 355 275
f 437 436 356
f 518 517 437
f 599 598 518
f 680 679 599
f 761 760 680
f 842 841 761
f 923 922 842
f 1004 1003 923
f 1085 1084 1004
f 1166 1165 1085
f 1247 1246 1166
f 1328 1327 1247
f 1409 1408 1328
f 1490 1489 1409
f 1571 1570 1490
f 1652 1651 1571
f 1733 1732 1652
f 1814 1813 1733
f 1895 1894 1814
f 1976 1975 1895
f 2057 2056 1976
f 2138 2137 2057
f 2219 2218 2138
f 2300 2299 2219
f 2381 2380 2300
f 2462 2461 2381
f 2543 2542 2462
f 2624 2623 2543
f 2705 2704 2624
f 2786 2785 2705
f 2867 2866 2786
f 2948 2947 2867
f 3029 3028 2948
f 3110 3109 3029
f 3191 3190 3110
f 3272 3271 3191
f 3353 3352 3272
f 3434 3433 3353
f 3515 3514 3434
f 3596 3595 3515
f 3677 3676 3596
f 3758 3757 3677
f 3839 3838 3758
f 3920 3919 3839
f 4001 4000 3920
f 4082 4081 4001
f 4163 4162 4082
f 4244 4243 4163
f 4325 4324 4244
f 4406 4405 4325
f 4487 4486 4406
f 4568 4567 4487
f 4649 4648 4568
f 4730 4729 4649
f 4811 4810 4730
f 4892 4891 4811
f 4973 4972 4892
f 5054 5053 4973
f 5135 5134 5054
f 5216 5215 5135
f 5297 5296 5216
f 5378 5377 5297
f 5459 5458 5378
f 5540 5539 5459
f 5621 5620 5540
f 5702 5701 5621
f 5783 5782 5702
f 5864 5863 5783
f 5945 5944 5864
f 6026 6025 5945
f 6107 6106 6026
f 6188 6187 6107
f 6269 6268 6188
f 6350 6349 6269
f 6431 6430 6350
f 6512 6511 6431
f 114 113 33
f 195 194 114
f 276 275 195
f 357 356 276
f 438 437 357
f 519 518 438
f 600 599 519
f 681 680 600
f 762 761 681
f 843 842 762
f 924 923 843
f 1005 1004 924
f 1086 1085 1005
f 1167 1166 1086
f 1248 1247 1167
f 1329 1328 1248
f 1410 1409 1329
f 1491 1490 1410
f 1572 1571 1491
f 1653 1652 1572
f 1734 1733 1653
f 1815 1814 1734
f 1896 1895 1815
f 1977 1976 1896
f 2058 2057 1977
f 2139 2138 2058
f 2220 2219 2139
f 2301 2300 2220
f 2382 2381 2301
f 2463 2462 2382
f 2544 2543 2463
f 2625 2624 2544
f 2706 2705 2625
f 2787 2786 2706
f 2868 2867 2787
f 2949 2948 2868
f 3030 3029 2949
f 3111 3110 3030
f 3192 3191 3111
f 3273 3272 3192
f 3354 3353 3273
f 3435 3434 3354
f 3516 3515 3435
f 3597 3596 3516
f 3678 3677 3597
f 3759 3758 3678
f 3840 3839 3759
f 3921 3920 3840
f 4002 4001 3921
f 4083 4082 4002
f 4164 4163 4083
f 4245 4244 4164
f 4326 4325 4245
f 4407 4406 4326
f 4488 4487 4407
f 4569 4568 4488
f 4650 4649 4569
f 4731 4730 4650
f 4812 4811 4731
f 4893 4892 4812
f 4974 4973 4893
f 5055 5054 4974
f 5136 5135 5055
f 5217 5216 5136
f 5298 5297 5217
f 5379 5378 5298
f 5460 5459 5379
f 5541 5540 5460
f 5622 5621 5541
f 5703 5702 5622
f 5784 5783 5703
f 5865 5864 5784
f 5946 5945 5865
f 6027 6026 5946
f 6108 6107 6027
f 6189 6188 6108
f 6270 6269 6189
f 6351 6350 6270
f 6432 6431 6351
f 6513 6512 6432
f 115 114 34
f 196 195 115
f 277 276 196
f 358 357 277
f 439 438 358
f 520 519 439
f 601 600 520
f 682 681 601
f 763 762 682
f 844 843 763
f 925 924 844
f 1006 1005 925
f 1087 1086 1006
f 1168 1167 1087
f 1249 1248 1168
f 1330 1329 1249
f 1411 1410 1330
f 1492 1491 1411
f 1573 1572 1492
f 1654 1653 1573
f 1735 1734 1654
f 1816 1815 1735
f 1897 1896 1816
f 1978 1977 1897
f 2059 2058 1978
f 2140 2139 2059
f 2221 2220 2140
f 2302 2301 2221
f 2383 2382 2302
f 2464 2463 2383
f 2545 2544 2464
f 2626 2625 2545
f 2707 2706 2626
f 2788 2787 2707
f 2869 2868 2788
f 2950 2949 2869
f 3031 3030 2950
f 3112 3111 3031
f 3193 3192 3112
f 3274 3273 3193
f 3355 3354 3274
f 3436 3435 3355
f 3517 3516 3436
f 3598 3597 3517
f 3679 3678 3598
f 3760 3759 3679
f 3841 3840 3760
f 3922 3921 3841
f 4003 4002 3922
f 4084 4083 4003
f 4165 4164 4084
f 4246 4245 4165
f 4327 4326 4246
f 4408 4407 4327
f 4489 4488 4408
f 4570 4569 4489
f 4651 4650 4570
f 4732 4731 4651
f 4813 4812 4732
f 4894 4893 4813
f 4975 4974 4894
f 5056 5055 4975
f 5137 5136 5056
f 5218 5217 5137
f 5299 5298 5218
f 5380 5379 5299
f 5461 5460 5380
f 5542 5541 5461
f 5623 5622 5542
f 5704 5703 5623
f 5785 5784 5704
f 5866 5865 5785
f 5947 5946 5866
f 6028 6027 5947
f 6109 6108 6028
f 6190 6189 6109
f 6271 6270 6190
f 6352 6351 6271
f 6433 6432 6352
f 6514 6513 6433
f 116 115 35
f 197 196 116
f 278 277 197
f 359 358 278
f 440 439 359
f 521 520 440
f 602 601 521
f 683 682 602
f 764 763 683
f 845 844 764
f 926 925 845
f 1007 1006 926
f 1088 1087 1007
f 1169 1168 1088
f 1250 1249 1169
f 1331 1330 1250
f 1412 1411 1331
f 1493 1492 1412
f 1574 1573 1493
f 1655 1654 1574
f 1736 1735 1655
f 1817 1816 1736
f 1898 1897 1817
f 1979 1978 1898
f 2060 2059 1979
f 2141 2140 2060
f 2222 2221 2141
f 2303 2302 2222
f 2384 2383 2303
f 2465 2464 2384
f 2546 2545 2465
f 2627 2626 2546
f 2708 2707 2627
f 2789 2788 2708
f 2870 2869 2789
f 2951 2950 2870
f 3032 3031 2951
f 3113 3112 3032
f 3194 3193 3113
f 3275 3274 3194
f 3356 3355 3275
f 3437 3436 3356
f 3518 3517 3437
f 3599 3598 3518
f 3680 3679 3599
f 3761 3760 3680
f 3842 3841 3761
f 3923 3922 3842
f 4004 4003 3923
f 4085 4084 4004
f 4166 4165 4085
f 4247 4246 4166
f 4328 4327 4247
f 4409 4408 4328
f 4490 4489 4409
f 4571 4570 4490
f 4652 4651 4571
f 4733 4732 4652
f 4814 4813 4733
f 4895 4894 4814
f 4976 4975 4895
f 5057 5056 4976
f 5138 5137 5057
f 5219 5218 5138
f 5300 5299 5219
f 5381 5380 5300
f 5462 5461 5381
f 5543 5542 5462
f 5624 5623 5543
f 5705 5704 5624
f 5786 5785 5705
f 5867 5866 5786
f 5948 5947 5867
f 6029 6028 5948
f 6110 6109 6029
f 6191 6190 6110
f 6272 6271 6191
f 6353 6352 6272
f 6434 6433 6353
f 6515 6514 6434
f 117 116 36
f 198 197 117
f 279 278 198
f 360 359 279
f 441 440 360
f 522 521 441
f 603 602 522
f 684 683 603
f 765 764 684
f 846 845 765
f 927 926 846
f 1008 1007 927
f 1089 1088 1008
f 1170 1169 1089
f 1251 1250 1170
f 1332 1331 1251
f 1413 1412 1332
f 1494 1493 1413
f 1575 1574 1494
f 1656 1655 1575
f 1737 1736 1656
f 1818 1817 1737
f 1899 1898 1818
f 1980 1979 1899
f 2061 2060 1980
f 2142 2141 2061
f 2223 2222 2142
f 2304 2303 2223
f 2385 2384 2304
f 2466 2465 2385
f 2547 2546 2466
f 2628 2627 2547
f 2709 2708 2628
f 2790 2789 2709
f 2871 2870 2790
f 2952 2951 2871
f 3033 3032 2952
f 3114 3113 3033
f 3195 3194 3114
f 3276 3275 3195
f 3357 3356 3276
f 3438 3437 3357
f 3519 3518 3438
f 3600 3599 3519
f 3681 3680 3600
f 3762 3761 3681
f 3843 3842 3762
f 3924 3923 3843
f 4005 4004 3924
f 4086 4085 4005
f 4167 4166 4086
f 4248 4247 4167
f 4329 4328 4248
f 4410 4409 4329
f 4491 4490 4410
f 4572 4571 4491
f 4653 4652 4572
f 4734 4733 4653
f 4815 4814 4734
f 4896 4895 4815
f 4977 4976 4896
f 5058 5057 4977
f 5139 5138 5058
f 5220 5219 5139
f 5301 5300 5220
f 5382 5381 5301
f 5463 5462 5382
f 5544 5543 5463
f 5625 5624 5544
f 5706 5705 5625
f 5787 5786 5706
f 5868 5867 5787
f 5949 5948 5868
f 6030 6029 5949
f 6111 6110 6030
f 6192 6191 6111
f 6273 6272 6192
f 6354 6353 6273
f 6435 6434 6354
f 6516 6515 6435
f 118 117 37
f 199 198 118
f 280 279 199
f 361 360 280
f 442 441 361
f 523 522 442
f 604 603 523
f 685 684 604
f 766 765 685
f 847 846 766
f 928 927 847
f 1009 1008 928
f 1090 1089 1009
f 1171 1170 1090
f 1252 1251 1171
f 1333 1332 1252
f 1414 1413 1333
f 1495 1494 1414
f 1576 1575 1495
f 1657 1656 1576
f 1738 1737 1657
f 1819 1818 1738
f 1900 1899 1819
f 1981 1980 1900
f 2062 2061 1981
f 2143 2142 2062
f 2224 2223 2143
f 2305 2304 2224
f 2386 2385 2305
f 2467 2466 2386
f 2548 2547 2467
f 2629 2628 2548
f 2710 2709 2629
f 2791 2790 2710
f 2872 2871 2791
f 2953 2952 2872
f 3034 3033 2953
f 3115 3114 3034
f 3196 3195 3115
f 3277 3276 3196
f 3358 3357 3277
f 3439 3438 3358
f 3520 3519 3439
f 3601 3600 3520
f 3682 3681 3601
f 3763 3762 3682
f 3844 3843 3763
f 3925 3924 3844
f 4006 4005 3925
f 4087 4086 4006
f 4168 4167 4087
f 4249 4248 4168
f 4330 4329 4249
f 4411 4410 4330
f 4492 4491 4411
f 4573 4572 4492
f 4654 4653 4573
f 4735 4734 4654
f 4816 4815 4735
f 4897 4896 4816
f 4978 4977 4897
f 5059 5058 4978
f 5140 5139 5059
f 5221 5220 5140
f 5302 5301 5221
f 5383 5382 5302
f 5464 5463 5383
f 5545 5544 5464
f 5626 5625 5545
f 5707 5706 5626
f 5788 5787 5707
f 5869 5868 5788
f 5950 5949 5869
f 6031 6030 5950
f 6112 6111 6031
f 6193 6192 6112
f 6274 6273 6193
f 6355 6354 6274
f 6436 6435 6355
f 6517 6516 6436
f 119 118 38
f 200 199 119
f 281 280 200
f 362 361 281
f 443 442 362
f 524 523 443
f 605 604 524
f 686 685 605
f 767 766 686
f 848 847 767
f 929 928 848
f 1010 1009 929
f 1091 1090 1010
f 1172 1171 1091
f 1253 1252 1172
f 1334 1333 1253
f 1415 1414 1334
f 1496 1495 1415
f 1577 1576 1496
f 1658 1657 1577
f 1739 1738 1658
f 1820 1819 1739
f 1901 1900 1820
f 1982 1981 1901
f 2063 2062 1982
f 2144 2143 2063
f 2225 2224 2144
f 2306 2305 2225
f 2387 2386 2306
f 2468 2467 2387
f 2549 2548 2468
f 2630 2629 2549
f 2711 2710 2630
f 2792 2791 2711
f 2873 2872 2792
f 2954 2953 2873
f 3035 3034 2954
f 3116 3115 3035
f 3197 3196 3116
f 3278 3277 3197
f 3359 3358 3278
f 3440 3439 3359
f 3521 3520 3440
f 3602 3601 3521
f 3683 3682 3602
f 3764 3763 3683
f 3845 3844 3764
f 3926 3925 3845
f 4007 4006 3926
f 4088 4087 4007
f 4169 4168 4088
f 4250 4249 4169
f 4331 4330 4250
f 4412 4411 4331
f 4493 4492 4412
f 4574 4573 4493
f 4655 4654 4574
f 4736 4735 4655
f 4817 4816 4736
f 4898 4897 4817
f 4979 4978 4898
f 5060 5059 4979
f 5141 5140 5060
f 5222 5221 5141
f 5303 5302 5222
f 5384 5383 5303
f 5465 5464 5384
f 5546 5545 5465
f 5627 5626 5546
f 5708 5707 5627
f 5789 5788 5708
f 5870 5869 5789
f 5951 5950 5870
f 6032 6031 5951
f 6113 6112 6032
f 6194 6193 6113
f 6275 6274 6194
f 6356 6355 6275
f 6437 6436 6356
f 6518 6517 6437
f 120 119 39
f 201 200 120
f 282 281 201
f 363 362 282
f 444 443 363
f 525 524 444
f 606 605 525
f 687 686 606
f 768 767 687
f 849 848 768
f 930 929 849
f 1011 1010 930
f 1092 1091 1011
f 1173 1172 1092
f 1254 1253 1173
f 1335 1334 1254
f 1416 1415 1335
f 1497 1496 1416
f 1578 1577 1497
f 1659 1658 1578
f 1740 1739 1659
f 1821 1820 1740
f 1902 1901 1821
f 1983 1982 1902
f 2064 2063 1983
f 2145 2144 2064
f 2226 2225 2145
f 2307 2306 2226
f 2388 2387 2307
f 2469 2468 2388
f 2550 2549 2469
f 2631 2630 2550
f 2712 2711 2631
f 2793 2792 2712
f 2874 2873 2793
f 2955 2954 2874
f 3036 3035 2955
f 3117 3116 3036
f 3198 3197 3117
f 3279 3278 3198
f 3360 3359 3279
f 3441 3440 3360
f 3522 3521 3441
f 3603 3602 3522
f 3684 3683 3603
f 3765 3764 3684
f 3846 3845 3765
f 3927 3926 3846
f 4008 4007 3927
f 4089 4088 4008
f 4170 4169 4089
f 4251 4250 4170
f 4332 4331 4251
f 4413 4412 4332
f 4494 4493 4413
f 4575 4574 4494
f 4656 4655 4575
f 4737 4736 4656
f 4818 4817 4737
f 4899 4898 4818
f 4980 4979 4899
f 5061 5060 4980
f 5142 5141 5061
f 5223 5222 5142
f 5304 5303 5223
f 5385 5384 5304
f 5466 5465 5385
f 5547 5546 5466
f 5628 5627 5547
f 5709 5708 5628
f 5790 5789 5709
f 5871 5870 5790
f 5952 5951 5871
f 6033 6032 5952
f 6114 6113 6033
f 6195 6194 6114
f 6276 6275 6195
f 6357 6356 6276
f 6438 6437 6357
f 6519 6518 6438
f 121 120 40
f 202 201 121
f 283 282 202
f 364 363 283
f 445 444 364
f 526 525 445
f 607 606 526
f 688 687 607
f 769 768 688
f 850 849 769
f 931 930 850
f 1012 1011 931
f 1093 1092 1012
f 1174 1173 1093
f 1255 1254 1174
f 1336 1335 1255
f 1417 1416 1336
f 1498 1497 1417
f 1579 1578 1498
f 1660 1659 1579
f 1741 1740 1660
f 1822 1821 1741
f 1903 1902 1822
f 1984 1983 1903
f 2065 2064 1984
f 2146 2145 2065
f 2227 2226 2146
f 2308 2307 2227
f 2389 2388 2308
f 2470 2469 2389
f 2551 2550 2470
f 2632 2631 2551
f 2713 2712 2632
f 2794 2793 2713
f 2875 2874 2794
f 2956 2955 2875
f 3037 3036 2956
f 3118 3117 3037
f 3199 3198 3118
f 3280 3279 3199
f 3361 3360 3280
f 3442 3441 3361
f 3523 3522 3442
f 3604 3603 3523
f 3685 3684 3604
f 3766 3765 3685
f 3847 3846 3766
f 3928 3927 3847
f 4009 4008 3928
f 4090 4089 4009
f 4171 4170 4090
f 4252 4251 4171
f 4333 4332 4252
f 4414 4413 4333
f 4495 4494 4414
f 4576 4575 4495
f 4657 4656 4576
f 4738 4737 4657
f 4819 4818 4738
f 4900 4899 4819
f 4981 4980 4900
f 5062 5061 4981
f 5143 5142 5062
f 5224 5223 5143
f 5305 5304 5224
f 5386 5385 5305
f 5467 5466 5386
f 5548 5547 5467
f 5629 5628 5548
f 5710 5709 5629
f 5791 5790 5710
f 5872 5871 5791
f 5953 5952 5872
f 6034 6033 5953
f 6115 6114 6034
f 6196 6195 6115
f 6277 6276 6196
f 6358 6357 6277
f 6439 6438 6358
f 6520 6519 6439
f 122 121 41
f 203 202 122
f 284 283 203
f 365 364 284
f 446 445 365
f 527 526 446
f 608 607 527
f 689 688 608
f 770 769 689
f 851 850 770
f 932 931 851
f 1013 1012 932
f 1094 1093 1013
f 1175 1174 1094
f 1256 1255 1175
f 1337 1336 1256
f 1418 1417 1337
f 1499 1498 1418
f 1580 1579 1499
f 1661 1660 1580
f 1742 1741 1661
f 1823 1822 1742
f 1904 1903 1823
f 1985 1984 1904
f 2066 2065 1985
f 2147 2146 2066
f 2228 2227 2147
f 2309 2308 2228
f 2390 2389 2309
f 2471 2470 2390
f 2552 2551 2471
f 2633 2632 2552
f 2714 2713 2633
f 2795 2794 2714
f 2876 2875 2795
f 2957 2956 2876
f 3038 3037 2957
f 3119 3118 3038
f 3200 3199 3119
f 3281 3280 3200
f 3362 3361 3281
f 3443 3442 3362
f 3524 3523 3443
f 3605 3604 3524
f 3686 3685 3605
f 3767 3766 3686
f 3848 3847 3767
f 3929 3928 3848
f 4010 4009 3929
f 4091 4090 4010
f 4172 4171 4091
f 4253 4252 4172
f 4334 4333 4253
f 4415 4414 4334
f 4496 4495 4415
f 4577 4576 4496
f 4658 4657 4577
f 4739 4738 4658
f 4820 4819 4739
f 4901 4900 4820
f 4982 4981 4901
f 5063 5062 4982
f 5144 5143 5063
f 5225 5224 5144
f 5306 5305 5225
f 5387 5386 5306
f 5468 5467 5387
f 5549 5548 5468
f 5630 5629 5549
f 5711 5710 5630
f 5792 5791 5711
f 5873 5872 5792
f 5954 5953 5873
f 6035 6034 5954
f 6116 6115 6035
f 6197 6196 6116
f 6278 6277 6197
f 6359 6358 6278
f 6440 6439 6359
f 6521 6520 6440
f 123 122 42
f 204 203 123
f 285 284 204
f 366 365 285
f 447 446 366
f 528 527 447
f 609 608 528
f 690 689 609
f 771 770 690
f 852 851 771
f 933 932 852
f 1014 1013 933
f 1095 1094 1014
f 1176 1175 1095
f 1257 1256 1176
f 1338 1337 1257
f 1419 1418 1338
f 1500 1499 1419
f 1581 1580 1500
f 1662 1661 1581
f 1743 1742 1662
f 1824 1823 1743
f 1905 1904 1824
f 1986 1985 1905
f 2067 2066 1986
f 2148 2147 2067
f 2229 2228 2148
f 2310 2309 2229
f 2391 2390 2310
f 2472 2471 2391
f 2553 2552 2472
f 2634 2633 2553
f 2715 2714 2634
f 2796 2795 2715
f 2877 2876 2796
f 2958 2957 2877
f 3039 3038 2958
f 3120 3119 3039
f 3201 3200 3120
f 3282 3281 3201
f 3363 3362 3282
f 3444 3443 3363
f 3525 3524 3444
f 3606 3605 3525
f 3687 3686 3606
f 3768 3767 3687
f 3849 3848 3768
f 3930 3929 3849
f 4011 4010 3930
f 4092 4091 4011
f 4173 4172 4092
f 4254 4253 4173
f 4335 4334 4254
f 4416 4415 4335
f 4497 4496 4416
f 4578 4577 4497
f 4659 4658 4578
f 4740 4739 4659
f 4821 4820 4740
f 4902 4901 4821
f 4983 4982 4902
f 5064 5063 4983
f 5145 5144 5064
f 5226 5225 5145
f 5307 5306 5226
f 5388 5387 5307
f 5469 5468 5388
f 5550 5549 5469
f 5631 5630 5550
f 5712 5711 5631
f 5793 5792 5712
f 5874 5873 5793
f 5955 5954 5874
f 6036 6035 5955
f 6117 6116 6036
f 6198 6197 6117
f 6279 6278 6198
f 6360 6359 6279
f 6441 6440 6360
f 6522 6521 6441
f 124 123 43
f 205 204 124
f 286 285 205
f 367 366 286
f 448 447 367
f 529 528 448
f 610 609 529
f 691 690 610
f 772 771 691
f 853 852 772
f 934 933 853
f 1015 1014 934
f 1096 1095 1015
f 1177 1176 1096
f 1258 1257 1177
f 1339 1338 1258
f 1420 1419 1339
f 1501 1500 1420
f 1582 1581 1501
f 1663 1662 1582
f 1744 1743 1663
f 1825 1824 1744
f 1906 1905 1825
f 1987 1986 1906
f 2068 2067 1987
f 2149 2148 2068
f 2230 2229 2149
f 2311 2310 2230
f 2392 2391 2311
f 2473 2472 2392
f 2554 2553 2473
f 2635 2634 2554
f 2716 2715 2635
f 2797 2796 2716
f 2878 2877 2797
f 2959 2958 2878
f 3040 3039 2959
f 3121 3120 3040
f 3202 3201 3121
f 3283 3282 3202
f 3364 3363 3283
f 3445 3444 3364
f 3526 3525 3445
f 3607 3606 3526
f 3688 3687 3607
f 3769 3768 3688
f 3850 3849 3769
f 3931 3930 3850
f 4012 4011 3931
f 4093 4092 4012
f 4174 4173 4093
f 4255 4254 4174
f 4336 4335 4255
f 4417 4416 4336
f 4498 4497 4417
f 4579 4578 4498
f 4660 4659 4579
f 4741 4740 4660
f 4822 4821 4741
f 4903 4902 4822
f 4984 4983 4903
f 5065 5064 4984
f 5146 5145 5065
f 5227 5226 5146
f 5308 5307 5227
f 5389 5388 5308
f 5470 5469 5389
f 5551 5550 5470
f 5632 5631 5551
f 5713 5712 5632
f 5794 5793 5713
f 5875 5874 5794
f 5956 5955 5875
f 6037 6036 5956
f 6118 6117 6037
f 6199 6198 6118
f 6280 6279 6199
f 6361 6360 6280
f 6442 6441 6361
f 6523 6522 6442
f 125 124 44
f 206 205 125
f 287 286 206
f 368 367 287
f 449 448 368
f 530 529 449
f 611 610 530
f 692 691 611
f 773 772 692
f 854 853 773
f 935 934 854
f 1016 1015 935
f 1097 1096 1016
f 1178 1177 1097
f 1259 1258 1178
f 1340 1339 1259
f 1421 1420 1340
f 1502 1501 1421
f 1583 1582 1502
f 1664 1663 1583
f 1745 1744 1664
f 1826 1825 1745
f 1907 1906 1826
f 1988 1987 1907
f 2069 2068 1988
f 2150 2149 2069
f 2231 2230 2150
f 2312 2311 2231
f 2393 2392 2312
f 2474 2473 2393
f 2555 2554 2474
f 2636 2635 2555
f 2717 2716 2636
f 2798 2797 2717
f 2879 2878 2798
f 2960 2959 2879
f 3041 3040 2960
f 3122 3121 3041
f 3203 3202 3122
f 3284 3283 3203
f 3365 3364 3284
f 3446 3445 3365
f 3527 3526 3446
f 3608 3607 3527
f 3689 3688 3608
f 3770 3769 3689
f 3851 3850 3770
f 3932 3931 3851
f 4013 4012 3932
f 4094 4093 4013
f 4175 4174 4094
f 4256 4255 4175
f 4337 4336 4256
f 4418 4417 4337
f 4499 4498 4418
f 4580 4579 4499
f 4661 4660 4580
f 4742 4741 4661
f 4823 4822 4742
f 4904 4903 4823
f 4985 4984 4904
f 5066 5065 4985
f 5147 5146 5066
f 5228 5227 5147
f 5309 5308 5228
f 5390 5389 5309
f 5471 5470 5390
f 5552 5551 5471
f 5633 5632 5552
f 5714 5713 5633
f 5795 5794 5714
f 5876 5875 5795
f 5957 5956 5876
f 6038 6037 5957
f 6119 6118 6038
f 6200 6199 6119
f 6281 6280 6200
f 6362 6361 6281
f 6443 6442 6362
f 6524 6523 6443
f 126 125 45
f 207 206 126
f 288 287 207
f 369 368 288
f 450 449 369
f 531 530 450
f 612 611 531
f 693 692 612
f 774 773 693
f 855 854 774
f 936 935 855
f 1017 1016 936
f 1098 1097 1017
f 1179 1178 1098
f 1260 1259 1179
f 1341 1340 1260
f 1422 1421 1341
f 1503 1502 1422
f 1584 1583 1503
f 1665 1664 1584
f 1746 1745 1665
f 1827 1826 1746
f 1908 1907 1827
f 1989 1988 1908
f 2070 2069 1989
f 2151 2150 2070
f 2232 2231 2151
f 2313 2312 2232
f 2394 2393 2313
f 2475 2474 2394
f 2556 2555 2475
f 2637 2636 2556
f 2718 2717 2637
f 2799 2798 2718
f 2880 2879 2799
f 2961 2960 2880
f 3042 3041 2961
f 3123 3122 3042
f 3204 3203 3123
f 3285 3284 3204
f 3366 3365 3285
f 3447 3446 3366
f 3528 3527 3447
f 3609 3608 3528
f 3690 3689 3609
f 3771 3770 3690
f 3852 3851 3771
f 3933 3932 3852
f 4014 4013 3933
f 4095 4094 4014
f 4176 4175 4095
f 4257 4256 4176
f 4338 4337 4257
f 4419 4418 4338
f 4500 4499 4419
f 4581 4580 4500
f 4662 4661 4581
f 4743 4742 4662
f 4824 4823 4743
f 4905 4904 4824
f 4986 4985 4905
f 5067 5066 4986
f 5148 5147 5067
f 5229 5228 5148
f 5310 5309 5229
f 5391 5390 5310
f 5472 5471 5391
f 5553 5552 5472
f 5634 5633 5553
f 5715 5714 5634
f 5796 5795 5715
f 5877 5876 5796
f 5958 5957 5877
f 6039 6038 5958
f 6120 6119 6039
f 6201 6200 6120
f 6282 6281 6201
f 6363 6362 6282
f 6444 6443 6363
f 6525 6524 6444
f 127 126 46
f 208 207 127
f 289 288 208
f 370 369 289
f 451 450 370
f 532 531 451
f 613 612 532
f 694 693 613
f 775 774 694
f 856 855 775
f 937 936 856
f 1018 1017 937
f 1099 1098 1018
f 1180 1179 1099
f 1261 1260 1180
f 1342 1341 1261
f 1423 1422 1342
f 1504 1503 1423
f 1585 1584 1504
f 1666 1665 1585
f 1747 1746 1666
f 1828 1827 1747
f 1909 1908 1828
f 1990 1989 1909
f 2071 2070 1990
f 2152 2151 2071
f 2233 2232 2152
f 2314 2313 2233
f 2395 2394 2314
f 2476 2475 2395
f 2557 2556 2476
f 2638 2637 2557
f 2719 2718 2638
f 2800 2799 2719
f 2881 2880 2800
f 2962 2961 2881
f 3043 3042 2962
f 3124 3123 3043
f 3205 3204 3124
f 3286 3285 3205
f 3367 3366 3286
f 3448 3447 3367
f 3529 3528 3448
f 3610 3609 3529
f 3691 3690 3610
f 3772 3771 3691
f 3853 3852 3772
f 3934 3933 3853
f 4015 4014 3934
f 4096 4095 4015
f 4177 4176 4096
f 4258 4257 4177
f 4339 4338 4258
f 4420 4419 4339
f 4501 4500 4420
f 4582 4581 4501
f 4663 4662 4582
f 4744 4743 4663
f 4825 4824 4744
f 4906 4905 4825
f 4987 4986 4906
f 5068 5067 4987
f 5149 5148 5068
f 5230 5229 5149
f 5311 5310 5230
f 5392 5391 5311
f 5473 5472 5392
f 5554 5553 5473
f 5635 5634 5554
f 5716 5715 5635
f 5797 5796 5716
f 5878 5877 5797
f 5959 5958 5878
f 6040 6039 5959
f 6121 6120 6040
f 6202 6201 6121
f 6283 6282 6202
f 6364 6363 6283
f 6445 6444 6364
f 6526 6525 6445
f 128 127 47
f 209 208 128
f 290 289 209
f 371 370 290
f 452 451 371
f 533 532 452
f 614 613 533
f 695 694 614
f 776 775 695
f 857 856 776
f 938 937 857
f 1019 1018 938
f 1100 1099 1019
f 1181 1180 1100
f 1262 1261 1181
f 1343 1342 1262
f 1424 1423 1343
f 1505 1504 1424
f 1586 1585 1505
f 1667 1666 1586
f 1748 1747 1667
f 1829 1828 1748
f 1910 1909 1829
f 1991 1990 1910
f 2072 2071 1991
f 2153 2152 2072
f 2234 2233 2153
f 2315 2314 2234
f 2396 2395 2315
f 2477 2476 2396
f 2558 2557 2477
f 2639 2638 2558
f 2720 2719 2639
f 2801 2800 2720
f 2882 2881 2801
f 2963 2962 2882
f 3044 3043 2963
f 3125 3124 3044
f 3206 3205 3125
f 3287 3286 3206
f 3368 3367 3287
f 3449 3448 3368
f 3530 3529 3449
f 3611 3610 3530
f 3692 3691 3611
f 3773 3772 3692
f 3854 3853 3773
f 3935 3934 3854
f 4016 4015 3935
f 4097 4096 4016
f 4178 4177 4097
f 4259 4258 4178
f 4340 4339 4259
f 4421 4420 4340
f 4502 4501 4421
f 4583 4582 4502
f 4664 4663 4583
f 4745 4744 4664
f 4826 4825 4745
f 4907 4906 4826
f 4988 4987 4907
f 5069 5068 4988
f 5150 5149 5069
f 5231 5230 5150
f 5312 5311 5231
f 5393 5392 5312
f 5474 5473 5393
f 5555 5554 5474
f 5636 5635 5555
f 5717 5716 5636
f 5798 5797 5717
f 5879 5878 5798
f 5960 5959 5879
f 6041 6040 5960
f 6122 6121 6041
f 6203 6202 6122
f 6284 6283 6203
f 6365 6364 6284
f 6446 6445 6365
f 6527 6526 6446
f 129 128 48
f 210 209 129
f 291 290 210
f 372 371 291
f 453 452 372
f 534 533 453
f 615 614 534
f 696 695 615
f 777 776 696
f 858 857 777
f 939 938 858
f 1020 1019 939
f 1101 1100 1020
f 1182 1181 1101
f 1263 1262 1182
f 1344 1343 1263
f 1425 1424 1344
f 1506 1505 1425
f 1587 1586 1506
f 1668 1667 1587
f 1749 1748 1668
f 1830 1829 1749
f 1911 1910 1830
f 1992 1991 1911
f 2073 2072 1992
f 2154 2153 2073
f 2235 2234 2154
f 2316 2315 2235
f 2397 2396 2316
f 2478 2477 2397
f 2559 2558 2478
f 2640 2639 2559
f 2721 2720 2640
f 2802 2801 2721
f 2883 2882 2802
f 2964 2963 2883
f 3045 3044 2964
f 3126 3125 3045
f 3207 3206 3126
f 3288 3287 3207
f 3369 3368 3288
f 3450 3449 3369
f 3531 3530 3450
f 3612 3611 3531
f 3693 3692 3612
f 3774 3773 3693
f 3855 3854 3774
f 3936 3935 3855
f 4017 4016 3936
f 4098 4097 4017
f 4179 4178 4098
f 4260 4259 4179
f 4341 4340 4260
f 4422 4421 4341
f 4503 4502 4422
f 4584 4583 4503
f 4665 4664 4584
f 4746 4745 4665
f 4827 4826 4746
f 4908 4907 4827
f 4989 4988 4908
f 5070 5069 4989
f 5151 5150 5070
f 5232 5231 5151
f 5313 5312 5232
f 5394 5393 5313
f 5475 5474 5394
f 5556 5555 5475
f 5637 5636 5556
f 5718 5717 5637
f 5799 5798 5718
f 5880 5879 5799
f 5961 5960 5880
f 6042 6041 5961
f 6123 6122 6042
f 6204 6203 6123
f 6285 6284 6204
f 6366 6365 6285
f 6447 6446 6366
f 6528 6527 6447
f 130 129 49
f 211 210 130
f 292 291 211
f 373 372 292
f 454 453 373
f 535 534 454
f 616 615 535
f 697 696 616
f 778 777 697
f 859 858 778
f 940 939 859
f 1021 1020 940
f 1102 1101 1021
f 1183 1182 1102
f 1264 1263 1183
f 1345 1344 1264
f 1426 1425 1345
f 1507 1506 1426
f 1588 1587 1507
f 1669 1668 1588
f 1750 1749 1669
f 1831 1830 1750
f 1912 1911 1831
f 1993 1992 1912
f 2074 2073 1993
f 2155 2154 2074
f 2236 2235 2155
f 2317 2316 2236
f 2398 2397 2317
f 2479 2478 2398
f 2560 2559 2479
f 2641 2640 2560
f 2722 2721 2641
f 2803 2802 2722
f 2884 2883 2803
f 2965 2964 2884
f 3046 3045 2965
f 3127 3126 3046
f 3208 3207 3127
f 3289 3288 3208
f 3370 3369 3289
f 3451 3450 3370
f 3532 3531 3451
f 3613 3612 3532
f 3694 3693 3613
f 3775 3774 3694
f 3856 3855 3775
f 3937 3936 3856
f 4018 4017 3937
f 4099 4098 4018
f 4180 4179 4099
f 4261 4260 4180
f 4342 4341 4261
f 4423 4422 4342
f 4504 4503 4423
f 4585 4584 4504
f 4666 4665 4585
f 4747 4746 4666
f 4828 4827 4747
f 4909 4908 4828
f 4990 4989 4909
f 5071 5070 4990
f 5152 5151 5071
f 5233 5232 5152
f 5314 5313 5233
f 5395 5394 5314
f 5476 5475 5395
f 5557 5556 5476
f 5638 5637 5557
f 5719 5718 5638
f 5800 5799 5719
f 5881 5880 5800
f 5962 5961 5881
f 6043 6042 5962
f 6124 6123 6043
f 6205 6204 6124
f 6286 6285 6205
f 6367 6366 6286
f 6448 6447 6367
f 6529 6528 6448
f 131 130 50
f 212 211 131
f 293 292 212
f 374 373 293
f 455 454 374
f 536 535 455
f 617 616 536
f 698 697 617
f 779 778 698
f 860 859 779
f 941 940 860
f 1022 1021 941
f 1103 1102 1022
f 1184 1183 1103
f 1265 1264 1184
f 1346 1345 1265
f 1427 1426 1346
f 1508 1507 1427
f 1589 1588 1508
f 1670 1669 1589
f 1751 1750 1670
f 1832 1831 1751
f 1913 1912 1832
f 1994 1993 1913
f 2075 2074 1994
f 2156 2155 2075
f 2237 2236 2156
f 2318 2317 2237
f 2399 2398 2318
f 2480 2479 2399
f 2561 2560 2480
f 2642 2641 2561
f 2723 2722 2642
f 2804 2803 2723
f 2885 2884 2804
f 2966 2965 2885
f 3047 3046 2966
f 3128 3127 3047
f 3209 3208 3128
f 3290 3289 3209
f 3371 3370 3290
f 3452 3451 3371
f 3533 3532 3452
f 3614 3613 3533
f 3695 3694 3614
f 3776 3775 3695
f 3857 3856 3776
f 3938 3937 3857
f 4019 4018 3938
f 4100 4099 4019
f 4181 4180 4100
f 4262 4261 4181
f 4343 4342 4262
f 4424 4423 4343
f 4505 4504 4424
f 4586 4585 4505
f 4667 4666 4586
f 4748 4747 4667
f 4829 4828 4748
f 4910 4909 4829
f 4991 4990 4910
f 5072 5071 4991
f 5153 5152 5072
f 5234 5233 5153
f 5315 5314 5234
f 5396 5395 5315
f 5477 5476 5396
f 5558 5557 5477
f 5639 5638 5558
f 5720 5719 5639
f 5801 5800 5720
f 5882 5881 5801
f 5963 5962 5882
f 6044 6043 5963
f 6125 6124 6044
f 6206 6205 6125
f 6287 6286 6206
f 6368 6367 6287
f 6449 6448 6368
f 6530 6529 6449
f 132 131 51
f 213 212 132
f 294 293 213
f 375 374 294
f 456 455 375
f 537 536 456
f 618 617 537
f 699 698 618
f 780 779 699
f 861 860 780
f 942 941 861
f 1023 1022 942
f 1104 1103 1023
f 1185 1184 1104
f 1266 1265 1185
f 1347 1346 1266
f 1428 1427 1347
f 1509 1508 1428
f 1590 1589 1509
f 1671 1670 1590
f 1752 1751 1671
f 1833 1832 1752
f 1914 1913 1833
f 1995 1994 1914
f 2076 2075 1995
f 2157 2156 2076
f 2238 2237 2157
f 2319 2318 2238
f 2400 2399 2319
f 2481 2480 2400
f 2562 2561 2481
f 2643 2642 2562
f 2724 2723 2643
f 2805 2804 2724
f 2886 2885 2805
f 2967 2966 2886
f 3048 3047 2967
f 3129 3128 3048
f 3210 3209 3129
f 3291 3290 3210
f 3372 3371 3291
f 3453 3452 3372
f 3534 3533 3453
f 3615 3614 3534
f 3696 3695 3615
f 3777 3776 3696
f 3858 3857 3777
f 3939 3938 3858
f 4020 4019 3939
f 4101 4100 4020
f 4182 4181 4101
f 4263 4262 4182
f 4344 4343 4263
f 4425 4424 4344
f 4506 4505 4425
f 4587 4586 4506
f 4668 4667 4587
f 4749 4748 4668
f 4830 4829 4749
f 4911 4910 4830
f 4992 4991 4911
f 5073 5072 4992
f 5154 5153 5073
f 5235 5234 5154
f 5316 5315 5235
f 5397 5396 5316
f 5478 5477 5397
f 5559 5558 5478
f 5640 5639 5559
f 5721 5720 5640
f 5802 5801 5721
f 5883 5882 5802
f 5964 5963 5883
f 6045 6044 5964
f 6126 6125 6045
f 6207 6206 6126
f 6288 6287 6207
f 6369 6368 6288
f 6450 6449 6369
f 6531 6530 6450
f 133 132 52
f 214 213 133
f 295 294 214
f 376 375 295
f 457 456 376
f 538 537 457
f 619 618 538
f 700 699 619
f 781 780 700
f 862 861 781
f 943 942 862
f 1024 1023 943
f 1105 1104 1024
f 1186 1185 1105
f 1267 1266 1186
f 1348 1347 1267
f 1429 1428 1348
f 1510 1509 1429
f 1591 1590 1510
f 1672 1671 1591
f 1753 1752 1672
f 1834 1833 1753
f 1915 1914 1834
f 1996 1995 1915
f 2077 2076 1996
f 2158 2157 2077
f 2239 2238 2158
f 2320 2319 2239
f 2401 2400 2320
f 2482 2481 2401
f 2563 2562 2482
f 2644 2643 2563
f 2725 2724 2644
f 2806 2805 2725
f 2887 2886 2806
f 2968 2967 2887
f 3049 3048 2968
f 3130 3129 3049
f 3211 3210 3130
f 3292 3291 3211
f 3373 3372 3292
f 3454 3453 3373
f 3535 3534 3454
f 3616 3615 3535
f 3697 3696 3616
f 3778 3777 3697
f 3859 3858 3778
f 3940 3939 3859
f 4021 4020 3940
f 4102 4101 4021
f 4183 4182 4102
f 4264 4263 4183
f 4345 4344 4264
f 4426 4425 4345
f 4507 4506 4426
f 4588 4587 4507
f 4669 4668 4588
f 4750 4749 4669
f 4831 4830 4750
f 4912 4911 4831
f 4993 4992 4912
f 5074 5073 4993
f 5155 5154 5074
f 5236 5235 5155
f 5317 5316 5236
f 5398 5397 5317
f 5479 5478 5398
f 5560 5559 5479
f 5641 5640 5560
f 5722 5721 5641
f 5803 5802 5722
f 5884 5883 5803
f 5965 5964 5884
f 6046 6045 5965
f 6127 6126 6046
f 6208 6207 6127
f 6289 6288 6208
f 6370 6369 6289
f 6451 6450 6370
f 6532 6531 6451
f 134 133 53
f 215 214 134
f 296 295 215
f 377 376 296
f 458 457 377
f 539 538 458
f 620 619 539
f 701 700 620
f 782 781 701
f 863 862 782
f 944 943 863
f 1025 1024 944
f 1106 1105 1025
f 1187 1186 1106
f 1268 1267 1187
f 1349 1348 1268
f 1430 1429 1349
f 1511 1510 1430
f 1592 1591 1511
f 1673 1672 1592
f 1754 1753 1673
f 1835 1834 1754
f 1916 1915 1835
f 1997 1996 1916
f 2078 2077 1997
f 2159 2158 2078
f 2240 2239 2159
f 2321 2320 2240
f 2402 2401 2321
f 2483 2482 2402
f 2564 2563 2483
f 2645 2644 2564
f 2726 2725 2645
f 2807 2806 2726
f 2888 2887 2807
f 2969 2968 2888
f 3050 3049 2969
f 3131 3130 3050
f 3212 3211 3131
f 3293 3292 3212
f 3374 3373 3293
f 3455 3454 3374
f 3536 3535 3455
f 3617 3616 3536
f 3698 3697 3617
f 3779 3778 3698
f 3860 3859 3779
f 3941 3940 3860
f 4022 4021 3941
f 4103 4102 4022
f 4184 4183 4103
f 4265 4264 4184
f 4346 4345 4265
f 4427 4426 4346
f 4508 4507 4427
f 4589 4588 4508
f 4670 4669 4589
f 4751 4750 4670
f 4832 4831 4751
f 4913 4912 4832
f 4994 4993 4913
f 5075 5074 4994
f 5156 5155 5075
f 5237 5236 5156
f 5318 5317 5237
f 5399 5398 5318
f 5480 5479 5399
f 5561 5560 5480
f 5642 5641 5561
f 5723 5722 5642
f 5804 5803 5723
f 5885 5884 5804
f 5966 5965 5885
f 6047 6046 5966
f 6128 6127 6047
f 6209 6208 6128
f 6290 6289 6209
f 6371 6370 6290
f 6452 6451 6371
f 6533 6532 6452
f 135 134 54
f 216 215 135
f 297 296 216
f 378 377 297
f 459 458 378
f 540 539 459
f 621 620 540
f 702 701 621
f 783 782 702
f 864 863 783
f 945 944 864
f 1026 1025 945
f 1107 1106 1026
f 1188 1187 1107
f 1269 1268 1188
f 1350 1349 1269
f 1431 1430 1350
f 1512 1511 1431
f 1593 1592 1512
f 1674 1673 1593
f 1755 1754 1674
f 1836 1835 1755
f 1917 1916 1836
f 1998 1997 1917
f 2079 2078 1998
f 2160 2159 2079
f 2241 2240 2160
f 2322 2321 2241
f 2403 2402 2322
f 2484 2483 2403
f 2565 2564 2484
f 2646 2645 2565
f 2727 2726 2646
f 2808 2807 2727
f 2889 2888 2808
f 2970 2969 2889
f 3051 3050 2970
f 3132 3131 3051
f 3213 3212 3132
f 3294 3293 3213
f 3375 3374 3294
f 3456 3455 3375
f 3537 3536 3456
f 3618 3617 3537
f 3699 3698 3618
f 3780 3779 3699
f 3861 3860 3780
f 3942 3941 3861
f 4023 4022 3942
f 4104 4103 4023
f 4185 4184 4104
f 4266 4265 4185
f 4347 4346 4266
f 4428 4427 4347
f 4509 4508 4428
f 4590 4589 4509
f 4671 4670 4590
f 4752 4751 4671
f 4833 4832 4752
f 4914 4913 4833
f 4995 4994 4914
f 5076 5075 4995
f 5157 5156 5076
f 5238 5237 5157
f 5319 5318 5238
f 5400 5399 5319
f 5481 5480 5400
f 5562 5561 5481
f 5643 5642 5562
f 5724 5723 5643
f 5805 5804 5724
f 5886 5885 5805
f 5967 5966 5886
f 6048 6047 5967
f 6129 6128 6048
f 6210 6209 6129
f 6291 6290 6210
f 6372 6371 6291
f 6453 6452 6372
f 6534 6533 6453
f 136 135 55
f 217 216 136
f 298 297 217
f 379 378 298
f 460 459 379
f 541 540 460
f 622 621 541
f 703 702 622
f 784 783 703
f 865 864 784
f 946 945 865
f 1027 1026 946
f 1108 1107 1027
f 1189 1188 1108
f 1270 1269 1189
f 1351 1350 1270
f 1432 1431 1351
f 1513 1512 1432
f 1594 1593 1513
f 1675 1674 1594
f 1756 1755 1675
f 1837 1836 1756
f 1918 1917 1837
f 1999 1998 1918
f 2080 2079 1999
f 2161 2160 2080
f 2242 2241 2161
f 2323 2322 2242
f 2404 2403 2323
f 2485 2484 2404
f 2566 2565 2485
f 2647 2646 2566
f 2728 2727 2647
f 2809 2808 2728
f 2890 2889 2809
f 2971 2970 2890
f 3052 3051 2971
f 3133 3132 3052
f 3214 3213 3133
f 3295 3294 3214
f 3376 3375 3295
f 3457 3456 3376
f 3538 3537 3457
f 3619 3618 3538
f 3700 3699 3619
f 3781 3780 3700
f 3862 3861 3781
f 3943 3942 3862
f 4024 4023 3943
f 4105 4104 4024
f 4186 4185 4105
f 4267 4266 4186
f 4348 4347 4267
f 4429 4428 4348
f 4510 4509 4429
f 4591 4590 4510
f 4672 4671 4591
f 4753 4752 4672
f 4834 4833 4753
f 4915 4914 4834
f 4996 4995 4915
f 5077 5076 4996
f 5158 5157 5077
f 5239 5238 5158
f 5320 5319 5239
f 5401 5400 5320
f 5482 5481 5401
f 5563 5562 5482
f 5644 5643 5563
f 5725 5724 5644
f 5806 5805 5725
f 5887 5886 5806
f 5968 5967 5887
f 6049 6048 5968
f 6130 6129 6049
f 6211 6210 6130
f 6292 6291 6211
f 6373 6372 6292
f 6454 6453 6373
f 6535 6534 6454
f 137 136 56
f 218 217 137
f 299 298 218
f 380 379 299
f 461 460 380
f 542 541 461
f 623 622 542
f 704 703 623
f 785 784 704
f 866 865 785
f 947 946 866
f 1028 1027 947
f 1109 1108 1028
f 1190 1189 1109
f 1271 1270 1190
f 1352 1351 1271
f 1433 1432 1352
f 1514 1513 1433
f 1595 1594 1514
f 1676 1675 1595
f 1757 1756 1676
f 1838 1837 1757
f 1919 1918 1838
f 2000 1999 1919
f 2081 2080 2000
f 2162 2161 2081
f 2243 2242 2162
f 2324 2323 2243
f 2405 2404 2324
f 2486 2485 2405
f 2567 2566 2486
f 2648 2647 2567
f 2729 2728 2648
f 2810 2809 2729
f 2891 2890 2810
f 2972 2971 2891
f 3053 3052 2972
f 3134 3133 3053
f 3215 3214 3134
f 3296 3295 3215
f 3377 3376 3296
f 3458 3457 3377
f 3539 3538 3458
f 3620 3619 3539
f 3701 3700 3620
f 3782 3781 3701
f 3863 3862 3782
f 3944 3943 3863
f 4025 4024 3944
f 4106 4105 4025
f 4187 4186 4106
f 4268 4267 4187
f 4349 4348 4268
f 4430 4429 4349
f 4511 4510 4430
f 4592 4591 4511
f 4673 4672 4592
f 4754 4753 4673
f 4835 4834 4754
f 4916 4915 4835
f 4997 4996 4916
f 5078 5077 4997
f 5159 5158 5078
f 5240 5239 5159
f 5321 5320 5240
f 5402 5401 5321
f 5483 5482 5402
f 5564 5563 5483
f 5645 5644 5564
f 5726 5725 5645
f 5807 5806 5726
f 5888 5887 5807
f 5969 5968 5888
f 6050 6049 5969
f 6131 6130 6050
f 6212 6211 6131
f 6293 6292 6212
f 6374 6373 6293
f 6455 6454 6374
f 6536 6535 6455
f 138 137 57
f 219 218 138
f 300 299 219
f 381 380 300
f 462 461 381
f 543 542 462
f 624 623 543
f 705 704 624
f 786 785 705
f 867 866 786
f 948 947 867
f 1029 1028 948
f 1110 1109 1029
f 1191 1190 1110
f 1272 1271 1191
f 1353 1352 1272
f 1434 1433 1353
f 1515 1514 1434
f 1596 1595 1515
f 1677 1676 1596
f 1758 1757 1677
f 1839 1838 1758
f 1920 1919 1839
f 2001 2000 1920
f 2082 2081 2001
f 2163 2162 2082
f 2244 2243 2163
f 2325 2324 2244
f 2406 2405 2325
f 2487 2486 2406
f 2568 2567 2487
f 2649 2648 2568
f 2730 2729 2649
f 2811 2810 2730
f 2892 2891 2811
f 2973 2972 2892
f 3054 3053 2973
f 3135 3134 3054
f 3216 3215 3135
f 3297 3296 3216
f 3378 3377 3297
f 3459 3458 3378
f 3540 3539 3459
f 3621 3620 3540
f 3702 3701 3621
f 3783 3782 3702
f 3864 3863 3783
f 3945 3944 3864
f 4026 4025 3945
f 4107 4106 4026
f 4188 4187 4107
f 4269 4268 4188
f 4350 4349 4269
f 4431 4430 4350
f 4512 4511 4431
f 4593 4592 4512
f 4674 4673 4593
f 4755 4754 4674
f 4836 4835 4755
f 4917 4916 4836
f 4998 4997 4917
f 5079 5078 4998
f 5160 5159 5079
f 5241 5240 5160
f 5322 5321 5241
f 5403 5402 5322
f 5484 5483 5403
f 5565 5564 5484
f 5646 5645 5565
f 5727 5726 5646
f 5808 5807 5727
f 5889 5888 5808
f 5970 5969 5889
f 6051 6050 5970
f 6132 6131 6051
f 6213 6212 6132
f 6294 6293 6213
f 6375 6374 6294
f 6456 6455 6375
f 6537 6536 6456
f 139 138 58
f 220 219 139
f 301 300 220
f 382 381 301
f 463 462 382
f 544 543 463
f 625 624 544
f 706 705 625
f 787 786 706
f 868 867 787
f 949 948 868
f 1030 1029 949
f 1111 1110 1030
f 1192 1191 1111
f 1273 1272 1192
f 1354 1353 1273
f 1435 1434 1354
f 1516 1515 1435
f 1597 1596 1516
f 1678 1677 1597
f 1759 1758 1678
f 1840 1839 1759
f 1921 1920 1840
f 2002 2001 1921
f 2083 2082 2002
f 2164 2163 2083
f 2245 2244 2164
f 2326 2325 2245
f 2407 2406 2326
f 2488 2487 2407
f 2569 2568 2488
f 2650 2649 2569
f 2731 2730 2650
f 2812 2811 2731
f 2893 2892 2812
f 2974 2973 2893
f 3055 3054 2974
f 3136 3135 3055
f 3217 3216 3136
f 3298 3297 3217
f 3379 3378 3298
f 3460 3459 3379
f 3541 3540 3460
f 3622 3621 3541
f 3703 3702 3622
f 3784 3783 3703
f 3865 3864 3784
f 3946 3945 3865
f 4027 4026 3946
f 4108 4107 4027
f 4189 4188 4108
f 4270 4269 4189
f 4351 4350 4270
f 4432 4431 4351
f 4513 4512 4432
f 4594 4593 4513
f 4675 4674 4594
f 4756 4755 4675
f 4837 4836 4756
f 4918 4917 4837
f 4999 4998 4918
f 5080 5079 4999
f 5161 5160 5080
f 5242 5241 5161
f 5323 5322 5242
f 5404 5403 5323
f 5485 5484 5404
f 5566 5565 5485
f 5647 5646 5566
f 5728 5727 5647
f 5809 5808 5728
f 5890 5889 5809
f 5971 5970 5890
f 6052 6051 5971
f 6133 6132 6052
f 6214 6213 6133
f 6295 6294 6214
f 6376 6375 6295
f 6457 6456 6376
f 6538 6537 6457
f 140 139 59
f 221 220 140
f 302 301 221
f 383 382 302
f 464 463 383
f 545 544 464
f 626 625 545
f 707 706 626
f 788 787 707
f 869 868 788
f 950 949 869
f 1031 1030 950
f 1112 1111 1031
f 1193 1192 1112
f 1274 1273 1193
f 1355 1354 1274
f 1436 1435 1355
f 1517 1516 1436
f 1598 1597 1517
f 1679 1678 1598
f 1760 1759 1679
f 1841 1840 1760
f 1922 1921 1841
f 2003 2002 1922
f 2084 2083 2003
f 2165 2164 2084
f 2246 2245 2165
f 2327 2326 2246
f 2408 2407 2327
f 2489 2488 2408
f 2570 2569 2489
f 2651 2650 2570
f 2732 2731 2651
f 2813 2812 2732
f 2894 2893 2813
f 2975 2974 2894
f 3056 3055 2975
f 3137 3136 3056
f 3218 3217 3137
f 3299 3298 3218
f 3380 3379 3299
f 3461 3460 3380
f 3542 3541 3461
f 3623 3622 3542
f 3704 3703 3623
f 3785 3784 3704
f 3866 3865 3785
f 3947 3946 3866
f 4028 4027 3947
f 4109 4108 4028
f 4190 4189 4109
f 4271 4270 4190
f 4352 4351 4271
f 4433 4432 4352
f 4514 4513 4433
f 4595 4594 4514
f 4676 4675 4595
f 4757 4756 4676
f 4838 4837 4757
f 4919 4918 4838
f 5000 4999 4919
f 5081 5080 5000
f 5162 5161 5081
f 5243 5242 5162
f 5324 5323 5243
f 5405 5404 5324
f 5486 5485 5405
f 5567 5566 5486
f 5648 5647 5567
f 5729 5728 5648
f 5810 5809 5729
f 5891 5890 5810
f 5972 5971 5891
f 6053 6052 5972
f 6134 6133 6053
f 6215 6214 6134
f 6296 6295 6215
f 6377 6376 6296
f 6458 6457 6377
f 6539 6538 6458
f 141 140 60
f 222 221 141
f 303 302 222
f 384 383 303
f 465 464 384
f 546 545 465
f 627 626 546
f 708 707 627
f 789 788 708
f 870 869 789
f 951 950 870
f 1032 1031 951
f 1113 1112 1032
f 1194 1193 1113
f 1275 1274 1194
f 1356 1355 1275
f 1437 1436 1356
f 1518 1517 1437
f 1599 1598 1518
f 1680 1679 1599
f 1761 1760 1680
f 1842 1841 1761
f 1923 1922 1842
f 2004 2003 1923
f 2085 2084 2004
f 2166 2165 2085
f 2247 2246 2166
f 2328 2327 2247
f 2409 2408 2328
f 2490 2489 2409
f 2571 2570 2490
f 2652 2651 2571
f 2733 2732 2652
f 2814 2813 2733
f 2895 2894 2814
f 2976 2975 2895
f 3057 3056 2976
f 3138 3137 3057
f 3219 3218 3138
f 3300 3299 3219
f 3381 3380 3300
f 3462 3461 3381
f 3543 3542 3462
f 3624 3623 3543
f 3705 3704 3624
f 3786 3785 3705
f 3867 3866 3786
f 3948 3947 3867
f 4029 4028 3948
f 4110 4109 4029
f 4191 4190 4110
f 4272 4271 4191
f 4353 4352 4272
f 4434 4433 4353
f 4515 4514 4434
f 4596 4595 4515
f 4677 4676 4596
f 4758 4757 4677
f 4839 4838 4758
f 4920 4919 4839
f 5001 5000 4920
f 5082 5081 5001
f 5163 5162 5082
f 5244 5243 5163
f 5325 5324 5244
f 5406 5405 5325
f 5487 5486 5406
f 5568 5567 5487
f 5649 5648 5568
f 5730 5729 5649
f 5811 5810 5730
f 5892 5891 5811
f 5973 5972 5892
f 6054 6053 5973
f 6135 6134 6054
f 6216 6215 6135
f 6297 6296 6216
f 6378 6377 6297
f 6459 6458 6378
f 6540 6539 6459
f 142 141 61
f 223 222 142
f 304 303 223
f 385 384 304
f 466 465 385
f 547 546 466
f 628 627 547
f 709 708 628
f 790 789 709
f 871 870 790
f 952 951 871
f 1033 1032 952
f 1114 1113 1033
f 1195 1194 1114
f 1276 1275 1195
f 1357 1356 1276
f 1438 1437 1357
f 1519 1518 1438
f 1600 1599 1519
f 1681 1680 1600
f 1762 1761 1681
f 1843 1842 1762
f 1924 1923 1843
f 2005 2004 1924
f 2086 2085 2005
f 2167 2166 2086
f 2248 2247 2167
f 2329 2328 2248
f 2410 2409 2329
f 2491 2490 2410
f 2572 2571 2491
f 2653 2652 2572
f 2734 2733 2653
f 2815 2814 2734
f 2896 2895 2815
f 2977 2976 2896
f 3058 3057 2977
f 3139 3138 3058
f 3220 3219 3139
f 3301 3300 3220
f 3382 3381 3301
f 3463 3462 3382
f 3544 3543 3463
f 3625 3624 3544
f 3706 3705 3625
f 3787 3786 3706
f 3868 3867 3787
f 3949 3948 3868
f 4030 4029 3949
f 4111 4110 4030
f 4192 4191 4111
f 4273 4272 4192
f 4354 4353 4273
f 4435 4434 4354
f 4516 4515 4435
f 4597 4596 4516
f 4678 4677 4597
f 4759 4758 4678
f 4840 4839 4759
f 4921 4920 4840
f 5002 5001 4921
f 5083 5082 5002
f 5164 5163 5083
f 5245 5244 5164
f 5326 5325 5245
f 5407 5406 5326
f 5488 5487 5407
f 5569 5568 5488
f 5650 5649 5569
f 5731 5730 5650
f 5812 5811 5731
f 5893 5892 5812
f 5974 5973 5893
f 6055 6054 5974
f 6136 6135 6055
f 6217 6216 6136
f 6298 6297 6217
f 6379 6378 6298
f 6460 6459 6379
f 6541 6540 6460
f 143 142 62
f 224 223 143
f 305 304 224
f 386 385 305
f 467 466 386
f 548 547 467
f 629 628 548
f 710 709 629
f 791 790 710
f 872 871 791
f 953 952 872
f 1034 1033 953
f 1115 1114 1034
f 1196 1195 1115
f 1277 1276 1196
f 1358 1357 1277
f 1439 1438 1358
f 1520 1519 1439
f 1601 1600 1520
f 1682 1681 1601
f 1763 1762 1682
f 1844 1843 1763
f 1925 1924 1844
f 2006 2005 1925
f 2087 2086 2006
f 2168 2167 2087
f 2249 2248 2168
f 2330 2329 2249
f 2411 2410 2330
f 2492 2491 2411
f 2573 2572 2492
f 2654 2653 2573
f 2735 2734 2654
f 2816 2815 2735
f 2897 2896 2816
f 2978 2977 2897
f 3059 3058 2978
f 3140 3139 3059
f 3221 3220 3140
f 3302 3301 3221
f 3383 3382 3302
f 3464 3463 3383
f 3545 3544 3464
f 3626 3625 3545
f 3707 3706 3626
f 3788 3787 3707
f 3869 3868 3788
f 3950 3949 3869
f 4031 4030 3950
f 4112 4111 4031
f 4193 4192 4112
f 4274 4273 4193
f 4355 4354 4274
f 4436 4435 4355
f 4517 4516 4436
f 4598 4597 4517
f 4679 4678 4598
f 4760 4759 4679
f 4841 4840 4760
f 4922 4921 4841
f 5003 5002 4922
f 5084 5083 5003
f 5165 5164 5084
f 5246 5245 5165
f 5327 5326 5246
f 5408 5407 5327
f 5489 5488 5408
f 5570 5569 5489
f 5651 5650 5570
f 5732 5731 5651
f 5813 5812 5732
f 5894 5893 5813
f 5975 5974 5894
f 6056 6055 5975
f 6137 6136 6056
f 6218 6217 6137
f 6299 6298 6218
f 6380 6379 6299
f 6461 6460 6380
f 6542 6541 6461
f 144 143 63
f 225 224 144
f 306 305 225
f 387 386 306
f 468 467 387
f 549 548 468
f 630 629 549
f 711 710 630
f 792 791 711
f 873 872 792
f 954 953 873
f 1035 1034 954
f 1116 1115 1035
f 1197 1196 1116
f 1278 1277 1197
f 1359 1358 1278
f 1440 1439 1359
f 1521 1520 1440
f 1602 1601 1521
f 1683 1682 1602
f 1764 1763 1683
f 1845 1844 1764
f 1926 1925 1845
f 2007 2006 1926
f 2088 2087 2007
f 2169 2168 2088
f 2250 2249 2169
f 2331 2330 2250
f 2412 2411 2331
f 2493 2492 2412
f 2574 2573 2493
f 2655 2654 2574
f 2736 2735 2655
f 2817 2816 2736
f 2898 2897 2817
f 2979 2978 2898
f 3060 3059 2979
f 3141 3140 3060
f 3222 3221 3141
f 3303 3302 3222
f 3384 3383 3303
f 3465 3464 3384
f 3546 3545 3465
f 3627 3626 3546
f 3708 3707 3627
f 3789 3788 3708
f 3870 3869 3789
f 3951 3950 3870
f 4032 4031 3951
f 4113 4112 4032
f 4194 4193 4113
f 4275 4274 4194
f 4356 4355 4275
f 4437 4436 4356
f 4518 4517 4437
f 4599 4598 4518
f 4680 4679 4599
f 4761 4760 4680
f 4842 4841 4761
f 4923 4922 4842
f 5004 5003 4923
f 5085 5084 5004
f 5166 5165 5085
f 5247 5246 5166
f 5328 5327 5247
f 5409 5408 5328
f 5490 5489 5409
f 5571 5570 5490
f 5652 5651 5571
f 5733 5732 5652
f 5814 5813 5733
f 5895 5894 5814
f 5976 5975 5895
f 6057 6056 5976
f 6138 6137 6057
f 6219 6218 6138
f 6300 6299 6219
f 6381 6380 6300
f 6462 6461 6381
f 6543 6542 6462
f 145 144 64
f 226 225 145
f 307 306 226
f 388 387 307
f 469 468 388
f 550 549 469
f 631 630 550
f 712 711 631
f 793 792 712
f 874 873 793
f 955 954 874
f 1036 1035 955
f 1117 1116 1036
f 1198 1197 1117
f 1279 1278 1198
f 1360 1359 1279
f 1441 1440 1360
f 1522 1521 1441
f 1603 1602 1522
f 1684 1683 1603
f 1765 1764 1684
f 1846 1845 1765
f 1927 1926 1846
f 2008 2007 1927
f 2089 2088 2008
f 2170 2169 2089
f 2251 2250 2170
f 2332 2331 2251
f 2413 2412 2332
f 2494 2493 2413
f 2575 2574 2494
f 2656 2655 2575
f 2737 2736 2656
f 2818 2817 2737
f 2899 2898 2818
f 2980 2979 2899
f 3061 3060 2980
f 3142 3141 3061
f 3223 3222 3142
f 3304 3303 3223
f 3385 3384 3304
f 3466 3465 3385
f 3547 3546 3466
f 3628 3627 3547
f 3709 3708 3628
f 3790 3789 3709
f 3871 3870 3790
f 3952 3951 3871
f 4033 4032 3952
f 4114 4113 4033
f 4195 4194 4114
f 4276 4275 4195
f 4357 4356 4276
f 4438 4437 4357
f 4519 4518 4438
f 4600 4599 4519
f 4681 4680 4600
f 4762 4761 4681
f 4843 4842 4762
f 4924 4923 4843
f 5005 5004 4924
f 5086 5085 5005
f 5167 5166 5086
f 5248 5247 5167
f 5329 5328 5248
f 5410 5409 5329
f 5491 5490 5410
f 5572 5571 5491
f 5653 5652 5572
f 5734 5733 5653
f 5815 5814 5734
f 5896 5895 5815
f 5977 5976 5896
f 6058 6057 5977
f 6139 6138 6058
f 6220 6219 6139
f 6301 6300 6220
f 6382 6381 6301
f 6463 6462 6382
f 6544 6543 6463
f 146 145 65
f 227 226 146
f 308 307 227
f 389 388 308
f 470 469 389
f 551 550 470
f 632 631 551
f 713 712 632
f 794 793 713
f 875 874 794
f 956 955 875
f 1037 1036 956
f 1118 1117 1037
f 1199 1198 1118
f 1280 1279 1199
f 1361 1360 1280
f 1442 1441 1361
f 1523 1522 1442
f 1604 1603 1523
f 1685 1684 1604
f 1766 1765 1685
f 1847 1846 1766
f 1928 1927 1847
f 2009 2008 1928
f 2090 2089 2009
f 2171 2170 2090
f 2252 2251 2171
f 2333 2332 2252
f 2414 2413 2333
f 2495 2494 2414
f 2576 2575 2495
f 2657 2656 2576
f 2738 2737 2657
f 2819 2818 2738
f 2900 2899 2819
f 2981 2980 2900
f 3062 3061 2981
f 3143 3142 3062
f 3224 3223 3143
f 3305 3304 3224
f 3386 3385 3305
f 3467 3466 3386
f 3548 3547 3467
f 3629 3628 3548
f 3710 3709 3629
f 3791 3790 3710
f 3872 3871 3791
f 3953 3952 3872
f 4034 4033 3953
f 4115 4114 4034
f 4196 4195 4115
f 4277 4276 4196
f 4358 4357 4277
f 4439 4438 4358
f 4520 4519 4439
f 4601 4600 4520
f 4682 4681 4601
f 4763 4762 4682
f 4844 4843 4763
f 4925 4924 4844
f 5006 5005 4925
f 5087 5086 5006
f 5168 5167 5087
f 5249 5248 5168
f 5330 5329 5249
f 5411 5410 5330
f 5492 5491 5411
f 5573 5572 5492
f 5654 5653 5573
f 5735 5734 5654
f 5816 5815 5735
f 5897 5896 5816
f 5978 5977 5897
f 6059 6058 5978
f 6140 6139 6059
f 6221 6220 6140
f 6302 6301 6221
f 6383 6382 6302
f 6464 6463 6383
f 6545 6544 6464
f 147 146 66
f 228 227 147
f 309 308 228
f 390 389 309
f 471 470 390
f 552 551 471
f 633 632 552
f 714 713 633
f 795 794 714
f 876 875 795
f 957 956 876
f 1038 1037 957
f 1119 1118 1038
f 1200 1199 1119
f 1281 1280 1200
f 1362 1361 1281
f 1443 1442 1362
f 1524 1523 1443
f 1605 1604 1524
f 1686 1685 1605
f 1767 1766 1686
f 1848 1847 1767
f 1929 1928 1848
f 2010 2009 1929
f 2091 2090 2010
f 2172 2171 2091
f 2253 2252 2172
f 2334 2333 2253
f 2415 2414 2334
f 2496 2495 2415
f 2577 2576 2496
f 2658 2657 2577
f 2739 2738 2658
f 2820 2819 2739
f 2901 2900 2820
f 2982 2981 2901
f 3063 3062 2982
f 3144 3143 3063
f 3225 3224 3144
f 3306 3305 3225
f 3387 3386 3306
f 3468 3467 3387
f 3549 3548 3468
f 3630 3629 3549
f 3711 3710 3630
f 3792 3791 3711
f 3873 3872 3792
f 3954 3953 3873
f 4035 4034 3954
f 4116 4115 4035
f 4197 4196 4116
f 4278 4277 4197
f 4359 4358 4278
f 4440 4439 4359
f 4521 4520 4440
f 4602 4601 4521
f 4683 4682 4602
f 4764 4763 4683
f 4845 4844 4764
f 4926 4925 4845
f 5007 5006 4926
f 5088 5087 5007
f 5169 5168 5088
f 5250 5249 5169
f 5331 5330 5250
f 5412 5411 5331
f 5493 5492 5412
f 5574 5573 5493
f 5655 5654 5574
f 5736 5735 5655
f 5817 5816 5736
f 5898 5897 5817
f 5979 5978 5898
f 6060 6059 5979
f 6141 6140 6060
f 6222 6221 6141
f 6303 6302 6222
f 6384 6383 6303
f 6465 6464 6384
f 6546 6545 6465
f 148 147 67
f 229 228 148
f 310 309 229
f 391 390 310
f 472 471 391
f 553 552 472
f 634 633 553
f 715 714 634
f 796 795 715
f 877 876 796
f 958 957 877
f 1039 1038 958
f 1120 1119 1039
f 1201 1200 1120
f 1282 1281 1201
f 1363 1362 1282
f 1444 1443 1363
f 1525 1524 1444
f 1606 1605 1525
f 1687 1686 1606
f 1768 1767 1687
f 1849 1848 1768
f 1930 1929 1849
f 2011 2010 1930
f 2092 2091 2011
f 2173 2172 2092
f 2254 2253 2173
f 2335 2334 2254
f 2416 2415 2335
f 2497 2496 2416
f 2578 2577 2497
f 2659 2658 2578
f 2740 2739 2659
f 2821 2820 2740
f 2902 2901 2821
f 2983 2982 2902
f 3064 3063 2983
f 3145 3144 3064
f 3226 3225 3145
f 3307 3306 3226
f 3388 3387 3307
f 3469 3468 3388
f 3550 3549 3469
f 3631 3630 3550
f 3712 3711 3631
f 3793 3792 3712
f 3874 3873 3793
f 3955 3954 3874
f 4036 4035 3955
f 4117 4116 4036
f 4198 4197 4117
f 4279 4278 4198
f 4360 4359 4279
f 4441 4440 4360
f 4522 4521 4441
f 4603 4602 4522
f 4684 4683 4603
f 4765 4764 4684
f 4846 4845 4765
f 4927 4926 4846
f 5008 5007 4927
f 5089 5088 5008
f 5170 5169 5089
f 5251 5250 5170
f 5332 5331 5251
f 5413 5412 5332
f 5494 5493 5413
f 5575 5574 5494
f 5656 5655 5575
f 5737 5736 5656
f 5818 5817 5737
f 5899 5898 5818
f 5980 5979 5899
f 6061 6060 5980
f 6142 6141 6061
f 6223 6222 6142
f 6304 6303 6223
f 6385 6384 6304
f 6466 6465 6385
f 6547 6546 6466
f 149 148 68
f 230 229 149
f 311 310 230
f 392 391 311
f 473 472 392
f 554 553 473
f 635 634 554
f 716 715 635
f 797 796 716
f 878 877 797
f 959 958 878
f 1040 1039 959
f 1121 1120 1040
f 1202 1201 1121
f 1283 1282 1202
f 1364 1363 1283
f 1445 1444 1364
f 1526 1525 1445
f 1607 1606 1526
f 1688 1687 1607
f 1769 1768 1688
f 1850 1849 1769
f 1931 1930 1850
f 2012 2011 1931
f 2093 2092 2012
f 2174 2173 2093
f 2255 2254 2174
f 2336 2335 2255
f 2417 2416 2336
f 2498 2497 2417
f 2579 2578 2498
f 2660 2659 2579
f 2741 2740 2660
f 2822 2821 2741
f 2903 2902 2822
f 2984 2983 2903
f 3065 3064 2984
f 3146 3145 3065
f 3227 3226 3146
f 3308 3307 3227
f 3389 3388 3308
f 3470 3469 3389
f 3551 3550 3470
f 3632 3631 3551
f 3713 3712 3632
f 3794 3793 3713
f 3875 3874 3794
f 3956 3955 3875
f 4037 4036 3956
f 4118 4117 4037
f 4199 4198 4118
f 4280 4279 4199
f 4361 4360 4280
f 4442 4441 4361
f 4523 4522 4442
f 4604 4603 4523
f 4685 4684 4604
f 4766 4765 4685
f 4847 4846 4766
f 4928 4927 4847
f 5009 5008 4928
f 5090 5089 5009
f 5171 5170 5090
f 5252 5251 5171
f 5333 5332 5252
f 5414 5413 5333
f 5495 5494 5414
f 5576 5575 5495
f 5657 5656 5576
f 5738 5737 5657
f 5819 5818 5738
f 5900 5899 5819
f 5981 5980 5900
f 6062 6061 5981
f 6143 6142 6062
f 6224 6223 6143
f 6305 6304 6224
f 6386 6385 6305
f 6467 6466 6386
f 6548 6547 6467
f 150 149 69
f 231 230 150
f 312 311 231
f 393 392 312
f 474 473 393
f 555 554 474
f 636 635 555
f 717 716 636
f 798 797 717
f 879 878 798
f 960 959 879
f 1041 1040 960
f 1122 1121 1041
f 1203 1202 1122
f 1284 1283 1203
f 1365 1364 1284
f 1446 1445 1365
f 1527 1526 1446
f 1608 1607 1527
f 1689 1688 1608
f 1770 1769 1689
f 1851 1850 1770
f 1932 1931 1851
f 2013 2012 1932
f 2094 2093 2013
f 2175 2174 2094
f 2256 2255 2175
f 2337 2336 2256
f 2418 2417 2337
f 2499 2498 2418
f 2580 2579 2499
f 2661 2660 2580
f 2742 2741 2661
f 2823 2822 2742
f 2904 2903 2823
f 2985 2984 2904
f 3066 3065 2985
f 3147 3146 3066
f 3228 3227 3147
f 3309 3308 3228
f 3390 3389 3309
f 3471 3470 3390
f 3552 3551 3471
f 3633 3632 3552
f 3714 3713 3633
f 3795 3794 3714
f 3876 3875 3795
f 3957 3956 3876
f 4038 4037 3957
f 4119 4118 4038
f 4200 4199 4119
f 4281 4280 4200
f 4362 4361 4281
f 4443 4442 4362
f 4524 4523 4443
f 4605 4604 4524
f 4686 4685 4605
f 4767 4766 4686
f 4848 4847 4767
f 4929 4928 4848
f 5010 5009 4929
f 5091 5090 5010
f 5172 5171 5091
f 5253 5252 5172
f 5334 5333 5253
f 5415 5414 5334
f 5496 5495 5415
f 5577 5576 5496
f 5658 5657 5577
f 5739 5738 5658
f 5820 5819 5739
f 5901 5900 5820
f 5982 5981 5901
f 6063 6062 5982
f 6144 6143 6063
f 6225 6224 6144
f 6306 6305 6225
f 6387 6386 6306
f 6468 6467 6387
f 6549 6548 6468
f 151 150 70
f 232 231 151
f 313 312 232
f 394 393 313
f 475 474 394
f 556 555 475
f 637 636 556
f 718 717 637
f 799 798 718
f 880 879 799
f 961 960 880
f 1042 1041 961
f 1123 1122 1042
f 1204 1203 1123
f 1285 1284 1204
f 1366 1365 1285
f 1447 1446 1366
f 1528 1527 1447
f 1609 1608 1528
f 1690 1689 1609
f 1771 1770 1690
f 1852 1851 1771
f 1933 1932 1852
f 2014 2013 1933
f 2095 2094 2014
f 2176 2175 2095
f 2257 2256 2176
f 2338 2337 2257
f 2419 2418 2338
f 2500 2499 2419
f 2581 2580 2500
f 2662 2661 2581
f 2743 2742 2662
f 2824 2823 2743
f 2905 2904 2824
f 2986 2985 2905
f 3067 3066 2986
f 3148 3147 3067
f 3229 3228 3148
f 3310 3309 3229
f 3391 3390 3310
f 3472 3471 3391
f 3553 3552 3472
f 3634 3633 3553
f 3715 3714 3634
f 3796 3795 3715
f 3877 3876 3796
f 3958 3957 3877
f 4039 4038 3958
f 4120 4119 4039
f 4201 4200 4120
f 4282 4281 4201
f 4363 4362 4282
f 4444 4443 4363
f 4525 4524 4444
f 4606 4605 4525
f 4687 4686 4606
f 4768 4767 4687
f 4849 4848 4768
f 4930 4929 4849
f 5011 5010 4930
f 5092 5091 5011
f 5173 5172 5092
f 5254 5253 5173
f 5335 5334 5254
f 5416 5415 5335
f 5497 5496 5416
f 5578 5577 5497
f 5659 5658 5578
f 5740 5739 5659
f 5821 5820 5740
f 5902 5901 5821
f 5983 5982 5902
f 6064 6063 5983
f 6145 6144 6064
f 6226 6225 6145
f 6307 6306 6226
f 6388 6387 6307
f 6469 6468 6388
f 6550 6549 6469
f 152 151 71
f 233 232 152
f 314 313 233
f 395 394 314
f 476 475 395
f 557 556 476
f 638 637 557
f 719 718 638
f 800 799 719
f 881 880 800
f 962 961 881
f 1043 1042 962
f 1124 1123 1043
f 1205 1204 1124
f 1286 1285 1205
f 1367 1366 1286
f 1448 1447 1367
f 1529 1528 1448
f 1610 1609 1529
f 1691 1690 1610
f 1772 1771 1691
f 1853 1852 1772
f 1934 1933 1853
f 2015 2014 1934
f 2096 2095 2015
f 2177 2176 2096
f 2258 2257 2177
f 2339 2338 2258
f 2420 2419 2339
f 2501 2500 2420
f 2582 2581 2501
f 2663 2662 2582
f 2744 2743 2663
f 2825 2824 2744
f 2906 2905 2825
f 2987 2986 2906
f 3068 3067 2987
f 3149 3148 3068
f 3230 3229 3149
f 3311 3310 3230
f 3392 3391 3311
f 3473 3472 3392
f 3554 3553 3473
f 3635 3634 3554
f 3716 3715 3635
f 3797 3796 3716
f 3878 3877 3797
f 3959 3958 3878
f 4040 4039 3959
f 4121 4120 4040
f 4202 4201 4121
f 4283 4282 4202
f 4364 4363 4283
f 4445 4444 4364
f 4526 4525 4445
f 4607 4606 4526
f 4688 4687 4607
f 4769 4768 4688
f 4850 4849 4769
f 4931 4930 4850
f 5012 5011 4931
f 5093 5092 5012
f 5174 5173 5093
f 5255 5254 5174
f 5336 5335 5255
f 5417 5416 5336
f 5498 5497 5417
f 5579 5578 5498
f 5660 5659 5579
f 5741 5740 5660
f 5822 5821 5741
f 5903 5902 5822
f 5984 5983 5903
f 6065 6064 5984
f 6146 6145 6065
f 6227 6226 6146
f 6308 6307 6227
f 6389 6388 6308
f 6470 6469 6389
f 6551 6550 6470
f 153 152 72
f 234 233 153
f 315 314 234
f 396 395 315
f 477 476 396
f 558 557 477
f 639 638 558
f 720 719 639
f 801 800 720
f 882 881 801
f 963 962 882
f 1044 1043 963
f 1125 1124 1044
f 1206 1205 1125
f 1287 1286 1206
f 1368 1367 1287
f 1449 1448 1368
f 1530 1529 1449
f 1611 1610 1530
f 1692 1691 1611
f 1773 1772 1692
f 1854 1853 1773
f 1935 1934 1854
f 2016 2015 1935
f 2097 2096 2016
f 2178 2177 2097
f 2259 2258 2178
f 2340 2339 2259
f 2421 2420 2340
f 2502 2501 2421
f 2583 2582 2502
f 2664 2663 2583
f 2745 2744 2664
f 2826 2825 2745
f 2907 2906 2826
f 2988 2987 2907
f 3069 3068 2988
f 3150 3149 3069
f 3231 3230 3150
f 3312 3311 3231
f 3393 3392 3312
f 3474 3473 3393
f 3555 3554 3474
f 3636 3635 3555
f 3717 3716 3636
f 3798 3797 3717
f 3879 3878 3798
f 3960 3959 3879
f 4041 4040 3960
f 4122 4121 4041
f 4203 4202 4122
f 4284 4283 4203
f 4365 4364 4284
f 4446 4445 4365
f 4527 4526 4446
f 4608 4607 4527
f 4689 4688 4608
f 4770 4769 4689
f 4851 4850 4770
f 4932 4931 4851
f 5013 5012 4932
f 5094 5093 5013
f 5175 5174 5094
f 5256 5255 5175
f 5337 5336 5256
f 5418 5417 5337
f 5499 5498 5418
f 5580 5579 5499
f 5661 5660 5580
f 5742 5741 5661
f 5823 5822 5742
f 5904 5903 5823
f 5985 5984 5904
f 6066 6065 5985
f 6147 6146 6066
f 6228 6227 6147
f 6309 6308 6228
f 6390 6389 6309
f 6471 6470 6390
f 6552 6551 6471
f 154 153 73
f 235 234 154
f 316 315 235
f 397 396 316
f 478 477 397
f 559 558 478
f 640 639 559
f 721 720 640
f 802 801 721
f 883 882 802
f 964 963 883
f 1045 1044 964
f 1126 1125 1045
f 1207 1206 1126
f 1288 1287 1207
f 1369 1368 1288
f 1450 1449 1369
f 1531 1530 1450
f 1612 1611 1531
f 1693 1692 1612
f 1774 1773 1693
f 1855 1854 1774
f 1936 1935 1855
f 2017 2016 1936
f 2098 2097 2017
f 2179 2178 2098
f 2260 2259 2179
f 2341 2340 2260
f 2422 2421 2341
f 2503 2502 2422
f 2584 2583 2503
f 2665 2664 2584
f 2746 2745 2665
f 2827 2826 2746
f 2908 2907 2827
f 2989 2988 2908
f 3070 3069 2989
f 3151 3150 3070
f 3232 3231 3151
f 3313 3312 3232
f 3394 3393 3313
f 3475 3474 3394
f 3556 3555 3475
f 3637 3636 3556
f 3718 3717 3637
f 3799 3798 3718
f 3880 3879 3799
f 3961 3960 3880
f 4042 4041 3961
f 4123 4122 4042
f 4204 4203 4123
f 4285 4284 4204
f 4366 4365 4285
f 4447 4446 4366
f 4528 4527 4447
f 4609 4608 4528
f 4690 4689 4609
f 4771 4770 4690
f 4852 4851 4771
f 4933 4932 4852
f 5014 5013 4933
f 5095 5094 5014
f 5176 5175 5095
f 5257 5256 5176
f 5338 5337 5257
f 5419 5418 5338
f 5500 5499 5419
f 5581 5580 5500
f 5662 5661 5581
f 5743 5742 5662
f 5824 5823 5743
f 5905 5904 5824
f 5986 5985 5905
f 6067 6066 5986
f 6148 6147 6067
f 6229 6228 6148
f 6310 6309 6229
f 6391 6390 6310
f 6472 6471 6391
f 6553 6552 6472
f 155 154 74
f 236 235 155
f 317 316 236
f 398 397 317
f 479 478 398
f 560 559 479
f 641 640 560
f 722 721 641
f 803 802 722
f 884 883 803
f 965 964 884
f 1046 1045 965
f 1127 1126 1046
f 1208 1207 1127
f 1289 1288 1208
f 1370 1369 1289
f 1451 1450 1370
f 1532 1531 1451
f 1613 1612 1532
f 1694 1693 1613
f 1775 1774 1694
f 1856 1855 1775
f 1937 1936 1856
f 2018 2017 1937
f 2099 2098 2018
f 2180 2179 2099
f 2261 2260 2180
f 2342 2341 2261
f 2423 2422 2342
f 2504 2503 2423
f 2585 2584 2504
f 2666 2665 2585
f 2747 2746 2666
f 2828 2827 2747
f 2909 2908 2828
f 2990 2989 2909
f 3071 3070 2990
f 3152 3151 3071
f 3233 3232 3152
f 3314 3313 3233
f 3395 3394 3314
f 3476 3475 3395
f 3557 3556 3476
f 3638 3637 3557
f 3719 3718 3638
f 3800 3799 3719
f 3881 3880 3800
f 3962 3961 3881
f 4043 4042 3962
f 4124 4123 4043
f 4205 4204 4124
f 4286 4285 4205
f 4367 4366 4286
f 4448 4447 4367
f 4529 4528 4448
f 4610 4609 4529
f 4691 4690 4610
f 4772 4771 4691
f 4853 4852 4772
f 4934 4933 4853
f 5015 5014 4934
f 5096 5095 5015
f 5177 5176 5096
f 5258 5257 5177
f 5339 5338 5258
f 5420 5419 5339
f 5501 5500 5420
f 5582 5581 5501
f 5663 5662 5582
f 5744 5743 5663
f 5825 5824 5744
f 5906 5905 5825
f 5987 5986 5906
f 6068 6067 5987
f 6149 6148 6068
f 6230 6229 6149
f 6311 6310 6230
f 6392 6391 6311
f 6473 6472 6392
f 6554 6553 6473
f 156 155 75
f 237 236 156
f 318 317 237
f 399 398 318
f 480 479 399
f 561 560 480
f 642 641 561
f 723 722 642
f 804 803 723
f 885 884 804
f 966 965 885
f 1047 1046 966
f 1128 1127 1047
f 1209 1208 1128
f 1290 1289 1209
f 1371 1370 1290
f 1452 1451 1371
f 1533 1532 1452
f 1614 1613 1533
f 1695 1694 1614
f 1776 1775 1695
f 1857 1856 1776
f 1938 1937 1857
f 2019 2018 1938
f 2100 2099 2019
f 2181 2180 2100
f 2262 2261 2181
f 2343 2342 2262
f 2424 2423 2343
f 2505 2504 2424
f 2586 2585 2505
f 2667 2666 2586
f 2748 2747 2667
f 2829 2828 2748
f 2910 2909 2829
f 2991 2990 2910
f 3072 3071 2991
f 3153 3152 3072
f 3234 3233 3153
f 3315 3314 3234
f 3396 3395 3315
f 3477 3476 3396
f 3558 3557 3477
f 3639 3638 3558
f 3720 3719 3639
f 3801 3800 3720
f 3882 3881 3801
f 3963 3962 3882
f 4044 4043 3963
f 4125 4124 4044
f 4206 4205 4125
f 4287 4286 4206
f 4368 4367 4287
f 4449 4448 4368
f 4530 4529 4449
f 4611 4610 4530
f 4692 4691 4611
f 4773 4772 4692
f 4854 4853 4773
f 4935 4934 4854
f 5016 5015 4935
f 5097 5096 5016
f 5178 5177 5097
f 5259 5258 5178
f 5340 5339 5259
f 5421 5420 5340
f 5502 5501 5421
f 5583 5582 5502
f 5664 5663 5583
f 5745 5744 5664
f 5826 5825 5745
f 5907 5906 5826
f 5988 5987 5907
f 6069 6068 5988
f 6150 6149 6069
f 6231 6230 6150
f 6312 6311 6231
f 6393 6392 6312
f 6474 6473 6393
f 6555 6554 6474
f 157 156 76
f 238 237 157
f 319 318 238
f 400 399 319
f 481 480 400
f 562 561 481
f 643 642 562
f 724 723 643
f 805 804 724
f 886 885 805
f 967 966 886
f 1048 1047 967
f 1129 1128 1048
f 1210 1209 1129
f 1291 1290 1210
f 1372 1371 1291
f 1453 1452 1372
f 1534 1533 1453
f 1615 1614 1534
f 1696 1695 1615
f 1777 1776 1696
f 1858 1857 1777
f 1939 1938 1858
f 2020 2019 1939
f 2101 2100 2020
f 2182 2181 2101
f 2263 2262 2182
f 2344 2343 2263
f 2425 2424 2344
f 2506 2505 2425
f 2587 2586 2506
f 2668 2667 2587
f 2749 2748 2668
f 2830 2829 2749
f 2911 2910 2830
f 2992 2991 2911
f 3073 3072 2992
f 3154 3153 3073
f 3235 3234 3154
f 3316 3315 3235
f 3397 3396 3316
f 3478 3477 3397
f 3559 3558 3478
f 3640 3639 3559
f 3721 3720 3640
f 3802 3801 3721
f 3883 3882 3802
f 3964 3963 3883
f 4045 4044 3964
f 4126 4125 4045
f 4207 4206 4126
f 4288 4287 4207
f 4369 4368 4288
f 4450 4449 4369
f 4531 4530 4450
f 4612 4611 4531
f 4693 4692 4612
f 4774 4773 4693
f 4855 4854 4774
f 4936 4935 4855
f 5017 5016 4936
f 5098 5097 5017
f 5179 5178 5098
f 5260 5259 5179
f 5341 5340 5260
f 5422 5421 5341
f 5503 5502 5422
f 5584 5583 5503
f 5665 5664 5584
f 5746 5745 5665
f 5827 5826 5746
f 5908 5907 5827
f 5989 5988 5908
f 6070 6069 5989
f 6151 6150 6070
f 6232 6231 6151
f 6313 6312 6232
f 6394 6393 6313
f 6475 6474 6394
f 6556 6555 6475
f 158 157 77
f 239 238 158
f 320 319 239
f 401 400 320
f 482 481 401
f 563 562 482
f 644 643 563
f 725 724 644
f 806 805 725
f 887 886 806
f 968 967 887
f 1049 1048 968
f 1130 1129 1049
f 1211 1210 1130
f 1292 1291 1211
f 1373 1372 1292
f 1454 1453 1373
f 1535 1534 1454
f 1616 1615 1535
f 1697 1696 1616
f 1778 1777 1697
f 1859 1858 1778
f 1940 1939 1859
f 2021 2020 1940
f 2102 2101 2021
f 2183 2182 2102
f 2264 2263 2183
f 2345 2344 2264
f 2426 2425 2345
f 2507 2506 2426
f 2588 2587 2507
f 2669 2668 2588
f 2750 2749 2669
f 2831 2830 2750
f 2912 2911 2831
f 2993 2992 2912
f 3074 3073 2993
f 3155 3154 3074
f 3236 3235 3155
f 3317 3316 3236
f 3398 3397 3317
f 3479 3478 3398
f 3560 3559 3479
f 3641 3640 3560
f 3722 3721 3641
f 3803 3802 3722
f 3884 3883 3803
f 3965 3964 3884
f 4046 4045 3965
f 4127 4126 4046
f 4208 4207 4127
f 4289 4288 4208
f 4370 4369 4289
f 4451 4450 4370
f 4532 4531 4451
f 4613 4612 4532
f 4694 4693 4613
f 4775 4774 4694
f 4856 4855 4775
f 4937 4936 4856
f 5018 5017 4937
f 5099 5098 5018
f 5180 5179 5099
f 5261 5260 5180
f 5342 5341 5261
f 5423 5422 5342
f 5504 5503 5423
f 5585 5584 5504
f 5666 5665 5585
f 5747 5746 5666
f 5828 5827 5747
f 5909 5908 5828
f 5990 5989 5909
f 6071 6070 5990
f 6152 6151 6071
f 6233 6232 6152
f 6314 6313 6233
f 6395 6394 6314
f 6476 6475 6395
f 6557 6556 6476
f 159 158 78
f 240 239 159
f 321 320 240
f 402 401 321
f 483 482 402
f 564 563 483
f 645 644 564
f 726 725 645
f 807 806 726
f 888 887 807
f 969 968 888
f 1050 1049 969
f 1131 1130 1050
f 1212 1211 1131
f 1293 1292 1212
f 1374 1373 1293
f 1455 1454 1374
f 1536 1535 1455
f 1617 1616 1536
f 1698 1697 1617
f 1779 1778 1698
f 1860 1859 1779
f 1941 1940 1860
f 2022 2021 1941
f 2103 2102 2022
f 2184 2183 2103
f 2265 2264 2184
f 2346 2345 2265
f 2427 2426 2346
f 2508 2507 2427
f 2589 2588 2508
f 2670 2669 2589
f 2751 2750 2670
f 2832 2831 2751
f 2913 2912 2832
f 2994 2993 2913
f 3075 3074 2994
f 3156 3155 3075
f 3237 3236 3156
f 3318 3317 3237
f 3399 3398 3318
f 3480 3479 3399
f 3561 3560 3480
f 3642 3641 3561
f 3723 3722 3642
f 3804 3803 3723
f 3885 3884 3804
f 3966 3965 3885
f 4047 4046 3966
f 4128 4127 4047
f 4209 4208 4128
f 4290 4289 4209
f 4371 4370 4290
f 4452 4451 4371
f 4533 4532 4452
f 4614 4613 4533
f 4695 4694 4614
f 4776 4775 4695
f 4857 4856 4776
f 4938 4937 4857
f 5019 5018 4938
f 5100 5099 5019
f 5181 5180 5100
f 5262 5261 5181
f 5343 5342 5262
f 5424 5423 5343
f 5505 5504 5424
f 5586 5585 5505
f 5667 5666 5586
f 5748 5747 5667
f 5829 5828 5748
f 5910 5909 5829
f 5991 5990 5910
f 6072 6071 5991
f 6153 6152 6072
f 6234 6233 6153
f 6315 6314 6234
f 6396 6395 6315
f 6477 6476 6396
f 6558 6557 6477
f 160 159 79
f 241 240 160
f 322 321 241
f 403 402 322
f 484 483 403
f 565 564 484
f 646 645 565
f 727 726 646
f 808 807 727
f 889 888 808
f 970 969 889
f 1051 1050 970
f 1132 1131 1051
f 1213 1212 1132
f 1294 1293 1213
f 1375 1374 1294
f 1456 1455 1375
f 1537 1536 1456
f 1618 1617 1537
f 1699 1698 1618
f 1780 1779 1699
f 1861 1860 1780
f 1942 1941 1861
f 2023 2022 1942
f 2104 2103 2023
f 2185 2184 2104
f 2266 2265 2185
f 2347 2346 2266
f 2428 2427 2347
f 2509 2508 2428
f 2590 2589 2509
f 2671 2670 2590
f 2752 2751 2671
f 2833 2832 2752
f 2914 2913 2833
f 2995 2994 2914
f 3076 3075 2995
f 3157 3156 3076
f 3238 3237 3157
f 3319 3318 3238
f 3400 3399 3319
f 3481 3480 3400
f 3562 3561 3481
f 3643 3642 3562
f 3724 3723 3643
f 3805 3804 3724
f 3886 3885 3805
f 3967 3966 3886
f 4048 4047 3967
f 4129 4128 4048
f 4210 4209 4129
f 4291 4290 4210
f 4372 4371 4291
f 4453 4452 4372
f 4534 4533 4453
f 4615 4614 4534
f 4696 4695 4615
f 4777 4776 4696
f 4858 4857 4777
f 4939 4938 4858
f 5020 5019 4939
f 5101 5100 5020
f 5182 5181 5101
f 5263 5262 5182
f 5344 5343 5263
f 5425 5424 5344
f 5506 5505 5425
f 5587 5586 5506
f 5668 5667 5587
f 5749 5748 5668
f 5830 5829 5749
f 5911 5910 5830
f 5992 5991 5911
f 6073 6072 5992
f 6154 6153 6073
f 6235 6234 6154
f 6316 6315 6235
f 6397 6396 6316
f 6478 6477 6397
f 6559 6558 6478
f 161 160 80
f 242 241 161
f 323 322 242
f 404 403 323
f 485 484 404
f 566 565 485
f 647 646 566
f 728 727 647
f 809 808 728
f 890 889 809
f 971 970 890
f 1052 1051 971
f 1133 1132 1052
f 1214 1213 1133
f 1295 1294 1214
f 1376 1375 1295
f 1457 1456 1376
f 1538 1537 1457
f 1619 1618 1538
f 1700 1699 1619
f 1781 1780 1700
f 1862 1861 1781
f 1943 1942 1862
f 2024 2023 1943
f 2105 2104 2024
f 2186 2185 2105
f 2267 2266 2186
f 2348 2347 2267
f 2429 2428 2348
f 2510 2509 2429
f 2591 2590 2510
f 2672 2671 2591
f 2753 2752 2672
f 2834 2833 2753
f 2915 2914 2834
f 2996 2995 2915
f 3077 3076 2996
f 3158 3157 3077
f 3239 3238 3158
f 3320 3319 3239
f 3401 3400 3320
f 3482 3481 3401
f 3563 3562 3482
f 3644 3643 3563
f 3725 3724 3644
f 3806 3805 3725
f 3887 3886 3806
f 3968 3967 3887
f 4049 4048 3968
f 4130 4129 4049
f 4211 4210 4130
f 4292 4291 4211
f 4373 4372 4292
f 4454 4453 4373
f 4535 4534 4454
f 4616 4615 4535
f 4697 4696 4616
f 4778 4777 4697
f 4859 4858 4778
f 4940 4939 4859
f 5021 5020 4940
f 5102 5101 5021
f 5183 5182 5102
f 5264 5263 5183
f 5345 5344 5264
f 5426 5425 5345
f 5507 5506 5426
f 5588 5587 5507
f 5669 5668 5588
f 5750 5749 5669
f 5831 5830 5750
f 5912 5911 5831
f 5993 5992 5912
f 6074 6073 5993
f 6155 6154 6074
f 6236 6235 6155
f 6317 6316 6236
f 6398 6397 6317
f 6479 6478 6398
f 6560 6559 6479
f 162 161 81
f 243 242 162
f 324 323 243
f 405 404 324
f 486 485 405
f 567 566 486
f 648 647 567
f 729 728 648
f 810 809 729
f 891 890 810
f 972 971 891
f 1053 1052 972
f 1134 1133 1053
f 1215 1214 1134
f 1296 1295 1215
f 1377 1376 1296
f 1458 1457 1377
f 1539 1538 1458
f 1620 1619 1539
f 1701 1700 1620
f 1782 1781 1701
f 1863 1862 1782
f 1944 1943 1863
f 2025 2024 1944
f 2106 2105 2025
f 2187 2186 2106
f 2268 2267 2187
f 2349 2348 2268
f 2430 2429 2349
f 2511 2510 2430
f 2592 2591 2511
f 2673 2672 2592
f 2754 2753 2673
f 2835 2834 2754
f 2916 2915 2835
f 2997 2996 2916
f 3078 3077 2997
f 3159 3158 3078
f 3240 3239 3159
f 3321 3320 3240
f 3402 3401 3321
f 3483 3482 3402
f 3564 3563 3483
f 3645 3644 3564
f 3726 3725 3645
f 3807 3806 3726
f 3888 3887 3807
f 3969 3968 3888
f 4050 4049 3969
f 4131 4130 4050
f 4212 4211 4131
f 4293 4292 4212
f 4374 4373 4293
f 4455 4454 4374
f 4536 4535 4455
f 4617 4616 4536
f 4698 4697 4617
f 4779 4778 4698
f 4860 4859 4779
f 4941 4940 4860
f 5022 5021 4941
f 5103 5102 5022
f 5184 5183 5103
f 5265 5264 5184
f 5346 5345 5265
f 5427 5426 5346
f 5508 5507 5427
f 5589 5588 5508
f 5670 5669 5589
f 5751 5750 5670
f 5832 5831 5751
f 5913 5912 5832
f 5994 5993 5913
f 6075 6074 5994
f 6156 6155 6075
f 6237 6236 6156
f 6318 6317 6237
f 6399 6398 6318
f 6480 6479 6399
f 6561 6560 6480
